seqnames	start	end	width	strand	CLR	lfc	pval	fdr	ENSEMBL	geneName
chr15	84228005	84257523	29519	+	0.463	-3.87240819664852	7.72181602995829e-30	1.5374135715647e-26	ENSG00000140600	SH3GL3
chr13	42742576	42764661	22086	+	0.579	-3.91350654766224	5.00405164462859e-24	4.98153341222777e-21	ENSG00000102780	DGKH
chr2	120885264	120932576	47313	+	0.545	-4.16298827354137	1.18407979496153e-23	7.85834290589465e-21	ENSG00000115109	EPB41L5
chr8	105053554	105161076	107523	+	0.802	-5.17811147696512	1.22553259318878e-21	6.10008848259716e-19	ENSG00000176406	RIMS2
chr9	77611363	77632364	21002	-	0.509	-3.56836141486481	3.40559734802988e-21	1.3561088639855e-18	ENSG00000156017	CARNMT1
chr15	72338065	72338975	911	-	0.244	-2.99419625775597	4.11157304054789e-20	1.36435698728847e-17	ENSG00000066933	MYO9A
chr6	69703660	69785930	82271	+	0.134	-3.20851559014215	2.09377300175145e-19	5.95528863783876e-17	ENSG00000135298	ADGRB3
chr20	30954187	30956926	2740	+	0.138	2.9801713911883	6.29431310452906e-19	1.56649717388967e-16	ENSG00000171456	ASXL1
chr1	227381487	227441856	60370	-	0.17	-3.61247367634418	9.61087452917481e-19	2.12613902084301e-16	ENSG00000143776	CDC42BPA
chr4	73984405	73991029	6625	-	0.459	-2.59126973753813	3.64861378436316e-18	6.6727224767749e-16	ENSG00000132466	ANKRD17
chr20	50273477	50307358	33882	-	0.09	-3.61870814183466	3.68658700374304e-18	6.6727224767749e-16	ENSG00000054793	ATP9A
chr10	117185760	117309046	123287	+	0.09	-3.40115384817345	6.57424945503973e-18	1.09077755541534e-15	ENSG00000107518	ATRNL1
chr7	122047594	122114571	66978	-	0.112	-5.11883184736165	1.00806448460052e-17	1.54388952987664e-15	ENSG00000081803	CADPS2
chr10	123596233	123683844	87612	-	0.151	-4.0596160711174	4.64937241043221e-17	6.61207176369323e-15	ENSG00000107669	ATE1
chr6	55360217	55406938	46722	-	0.514	-3.18062152640618	5.48883358558905e-17	7.28551177927187e-15	ENSG00000146151	HMGCLL1
chr2	2837025	2839371	2347	-	0.875	-4.86321142324412	1.85596097057785e-16	2.30951143276281e-14	n/a	
chr7	8257935	8275570	17636	-	0.185	-4.02038642841631	2.24102261876023e-16	2.62463296114801e-14	ENSG00000003147	ICA1
chr5	82832826	82838087	5262	+	0.634	3.87226990309874	2.92005042315852e-16	3.22990021806034e-14	ENSG00000038427	VCAN
chr13	79915258	79918929	3672	-	0.107	-3.45618924588395	3.81246883783224e-16	3.99506602953894e-14	ENSG00000139746	RBM26
chr14	61278705	61346553	67849	+	0.215	-2.5440676898431	4.41228450423944e-16	4.21680676669789e-14	ENSG00000020426	MNAT1
chr15	25511578	25524031	12454	+	0.345	-2.81928119563627	4.44766158215247e-16	4.21680676669789e-14	ENSG00000224078	
chr3	120871324	120959354	88031	+	0.161	-2.93392174224025	4.91800463231715e-16	4.45079419224702e-14	ENSG00000145087	STXBP5L
chr7	122194604	122261771	67168	-	0.04	-4.81943616031768	7.91784273584519e-16	6.85409777698598e-14	ENSG00000081803	CADPS2
chr7	121985628	122056218	70591	-	0.107	-5.49572628372464	9.0130250088434e-16	7.47705533025301e-14	ENSG00000081803	CADPS2
chr6	73005640	73043538	37899	+	0.95	-4.01669522833313	2.42043449294881e-15	1.89739110700117e-13	ENSG00000079841	RIMS1
chr6	136990421	137019820	29400	-	0.148	-2.9568002466674	2.4777583516841e-15	1.89739110700117e-13	ENSG00000197442	MAP3K5
chr5	94114815	94248681	133867	-	0.286	-2.91030178936691	3.52053062823383e-15	2.59606536326428e-13	ENSG00000175471	MCTP1
chr8	68163534	68172161	8628	-	0.263	-4.67269408716367	8.39322666948026e-15	5.96818367819114e-13	ENSG00000066777	ARFGEF1
chr8	101276262	101300495	24234	-	0.321	-4.48969718091913	8.73641741440564e-15	5.99800243864884e-13	ENSG00000034677	RNF19A
chr19	47919909	47920607	699	-	0.738	-3.86463502135284	1.11575230761888e-14	7.4048761482306e-13	ENSG00000105419	MEIS3
chr6	76344423	76380436	36014	+	0.191	-2.74760933031413	1.85184523157668e-14	1.18936253421586e-12	ENSG00000112701	SENP6
chr8	105053557	105161076	107520	+	0.222	-5.41004954149513	2.76517204394997e-14	1.67958461099855e-12	ENSG00000176406	RIMS2
chr10	61844360	61848116	3757	-	0.098	-3.35662810265422	2.78384189668268e-14	1.67958461099855e-12	ENSG00000151150	ANK3
chr2	228881122	228884872	3751	-	0.685	-4.62609881106081	3.02806851150851e-14	1.77320129600396e-12	ENSG00000153820	SPHKAP
chr18	54444013	54483375	39363	+	0.153	-2.92976767924005	3.74206275772554e-14	2.12869912875187e-12	ENSG00000091157	WDR7
chr2	7154585	7170346	15762	+	0.135	-3.83300672959351	7.22380487989884e-14	3.99516542107739e-12	ENSG00000151692	RNF144A
chr18	74561482	74583781	22300	+	0.328	-2.72236285805059	7.61759488798642e-14	4.09908957350837e-12	ENSG00000130856	ZNF236
chr5	94204038	94248681	44644	-	0.233	-3.4298788591609	8.90118187839483e-14	4.66375082102213e-12	ENSG00000175471	MCTP1
chr10	14938845	14939516	672	+	0.4	-3.88516997746512	9.27824909277805e-14	4.73666511377464e-12	ENSG00000152455	SUV39H2
chr2	107446522	107460490	13969	-	0.657	-3.29885697954121	1.02910384776632e-13	5.12236440225686e-12	ENSG00000144057	ST6GAL2
chr18	21776089	21819346	43258	-	0.176	-2.81876059653523	1.34441846725007e-13	6.44544742314311e-12	ENSG00000141447	OSBPL1A
chr6	146240484	146254314	13831	-	0.413	-2.3786726960516	1.35966243983933e-13	6.44544742314311e-12	ENSG00000146414	SHPRH
chr1	54059781	54065951	6171	-	0.706	-3.74863686325535	2.00494709572924e-13	9.28337131999282e-12	ENSG00000174332	GLIS1
chr6	56846509	56857353	10845	+	0.252	-2.56079978525875	2.72054315722485e-13	1.23104577864425e-11	ENSG00000151917	BEND6
chr15	62299507	62306191	6685	-	0.681	-2.19777475358815	3.61059131378814e-13	1.59748606794493e-11	ENSG00000129003	VPS13C
chr3	183368084	183371877	3794	+	0.223	-4.35423448459275	3.89230825058031e-13	1.68469254932726e-11	ENSG00000114796	KLHL24
chr5	127474289	127488497	14209	+	0.323	-3.23549390791037	4.47970772115923e-13	1.89768044102724e-11	ENSG00000064651	SLC12A2
chr10	90661413	90682193	20781	+	0.389	-2.41182601562517	5.24718324780759e-13	2.17648788466352e-11	ENSG00000138134	STAMBPL1
chr18	54444013	54547396	103384	+	0.092	-3.11374958712387	5.83410747237996e-13	2.35707076720048e-11	ENSG00000091157	WDR7
chr15	89656956	89698765	41810	+	0.187	-2.91032156471573	5.91931383023727e-13	2.35707076720048e-11	ENSG00000140526	ABHD2
chr8	62588699	62596747	8049	-	0.162	-2.98948703228071	6.22800193967486e-13	2.40336117891761e-11	ENSG00000198363	ASPH
chr20	34446224	34451322	5099	+	0.07	-4.82078394841305	6.27698549993549e-13	2.40336117891761e-11	ENSG00000025293	PHF20
chr16	81388010	81411307	23298	+	0.557	-3.64504220271251	6.51064062620619e-13	2.44578971448614e-11	ENSG00000261609	GAN
chr12	28458582	28544344	85763	+	0.3	-2.51871067257776	7.25548042459518e-13	2.64949255766352e-11	ENSG00000123106	CCDC91
chr15	51827860	51839605	11746	-	0.188	-3.01579258560509	7.3190402145401e-13	2.64949255766352e-11	ENSG00000104093	DMXL2
chrX	57862954	57877126	14173	-	0.706	-3.7814676449396	8.1859742828197e-13	2.91040621376679e-11	n/a	
chr14	89192885	89221015	28131	-	0.558	-3.38013660601965	9.0655165172961e-13	3.14151449265598e-11	ENSG00000165521	EML5
chr15	25284858	25287662	2805	+	0.865	-4.10350946316981	9.2568296965107e-13	3.14151449265598e-11	ENSG00000224078	
chr5	135489281	135489852	572	+	0.208	-3.24956565040234	9.30935987276256e-13	3.14151449265598e-11	ENSG00000113658	SMAD5
chr2	66510471	66512607	2137	+	1	-3.50852048134921	1.03547470718369e-12	3.43605023667121e-11	n/a	
chr3	192381864	192391059	9196	-	0.667	-2.96235336660457	1.08423088913452e-12	3.53885852502759e-11	ENSG00000114279	FGF12
chr16	7629779	7657340	27562	+	0.211	-2.77793851312584	1.20934338972663e-12	3.88355272410599e-11	ENSG00000078328	RBFOX1
chr14	61262935	61346553	83619	+	0.346	-2.66765868888484	1.23042079232433e-12	3.88852031352021e-11	ENSG00000020426	MNAT1
chr7	122255235	122269382	14148	-	0.058	-3.93606737271082	1.288954695189e-12	4.00985749706454e-11	ENSG00000081803	CADPS2
chr4	123111155	123122281	11127	+	0.058	-3.05540990817257	1.30922873165901e-12	4.010268314974e-11	ENSG00000138688	KIAA1109
chr21	38126481	38139586	13106	-	0.571	-2.76534698060784	1.43042510854841e-12	4.31511574412104e-11	ENSG00000159267	HLCS
chr6	147322577	147440613	118037	-	0.667	-3.00328920720337	1.46040078841563e-12	4.33978801453063e-11	ENSG00000233452	STXBP5-AS1
chr6	24578338	24583930	5593	-	0.111	-3.33864491450593	1.5561616731233e-12	4.55634983998309e-11	ENSG00000137261	KIAA0319
chr21	38480692	38501363	20672	+	0.4	-4.73929627557591	1.76049101940955e-12	5.07990959368755e-11	ENSG00000182670	TTC3
chr10	15863655	15889942	26288	-	0.366	-2.17816023283495	1.97053934260561e-12	5.6047769016111e-11	ENSG00000148481	MINDY3
chr3	71733723	71759635	25913	-	0.243	-2.82289891206693	2.17720290484297e-12	6.10536758245402e-11	ENSG00000163412	EIF4E3
chr14	89123720	89131833	8114	-	0.296	-4.66149543136286	2.33281801505764e-12	6.45088981663856e-11	ENSG00000165521	EML5
chr2	107446522	107450602	4081	-	0.16	-3.76218679826308	2.40420734327401e-12	6.48521320259027e-11	ENSG00000144057	ST6GAL2
chr18	76953183	77037196	84014	+	0.195	-2.78155898644801	2.41037557504611e-12	6.48521320259027e-11	ENSG00000166377	ATP9B
chr14	62436850	62463260	26411	+	0.311	-2.71927127754232	2.59378469506459e-12	6.88563377049814e-11	ENSG00000139973	SYT16
chr1	70518709	70573509	54801	+	0.294	-2.53705575225716	2.67972836021313e-12	7.02018311208466e-11	ENSG00000033122	LRRC7
chr2	61597456	61622368	24913	-	0.133	-3.11950361015912	2.86289534328962e-12	7.40262938764888e-11	ENSG00000115464	USP34
chr10	120445495	120489922	44428	-	0.37	-2.56068961599453	2.99497345903567e-12	7.64486173966668e-11	ENSG00000151893	CACUL1
chr3	183368084	183369064	981	+	0.112	-2.93908792436339	3.29594591643786e-12	8.30661812611111e-11	ENSG00000114796	KLHL24
chr7	137237115	137294355	57241	-	0.093	-2.72522217094718	3.52653729610149e-12	8.77666969567258e-11	ENSG00000157680	DGKI
chr1	229599290	229601266	1977	-	0.162	-3.02180420757457	3.99413623203689e-12	9.81768547899438e-11	ENSG00000069248	NUP133
chr10	76602358	76603236	879	+	0.367	-2.65725490825641	4.15524839339916e-12	1.00891457942168e-10	ENSG00000156650	KAT6B
chr6	138655107	138656325	1219	+	0.186	-3.84541230418725	4.26665720044974e-12	1.02348367302355e-10	ENSG00000112379	ARFGEF3
chr12	1372200	1553916	181717	+	0.111	-3.88043164290749	4.40971536379098e-12	1.04520753444141e-10	ENSG00000082805	ERC1
chr2	135624112	135626611	2500	-	0.792	-2.67227256224455	4.64517533263715e-12	1.0880640102683e-10	ENSG00000224043	
chr15	61194521	61195883	1363	-	0.917	-4.7332498690807	5.28120409377509e-12	1.2095801764747e-10	ENSG00000069667	RORA
chr5	136969726	136975666	5941	-	0.316	-2.96275883307248	5.28545833015063e-12	1.2095801764747e-10	ENSG00000146021	KLHL3
chr15	41854746	41857339	2594	+	0.415	-2.69859192171825	5.40065645555157e-12	1.22189852306854e-10	ENSG00000092445	TYRO3
chr10	66643455	66696529	53075	+	0.706	-4.07060165710953	5.5219605866137e-12	1.23530601437617e-10	n/a	
chr10	123629521	123683844	54324	-	0.238	-3.00389272840418	5.637652236671e-12	1.24717395591244e-10	ENSG00000107669	ATE1
chr3	183368084	183382827	14744	+	0.052	-2.99498437789276	6.64065783002437e-12	1.45291755379984e-10	ENSG00000114796	KLHL24
chr12	1372200	1481143	108944	+	0.14	-3.87952925932346	8.1514052923726e-12	1.76407042794716e-10	ENSG00000082805	ERC1
chr1	27056142	27059283	3142	+	0.316	2.63866164254967	8.42370591684703e-12	1.80339768606908e-10	ENSG00000117713	ARID1A
chr13	35615070	35624532	9463	+	0.119	-3.53182865200471	9.84196323896014e-12	2.08461157540102e-10	ENSG00000172915	NBEA
chr1	118413069	118463047	49979	-	0.421	-2.60248616533926	9.984236497686e-12	2.0924857754624e-10	ENSG00000196505	GDAP2
chr9	88574708	88611492	36785	+	0.333	-2.51395662500407	1.16857766253724e-11	2.42358138136629e-10	ENSG00000135040	NAA35
chr1	213251038	213341316	90279	+	0.075	-2.59824451141797	1.32957622343292e-11	2.72905800088138e-10	ENSG00000136643	RPS6KC1
chr3	3197903	3215945	18043	-	0.313	-2.94656433104519	1.59658196279466e-11	3.2436680489022e-10	ENSG00000113851	CRBN
chr3	182923664	182925611	1948	-	0.391	-2.81433969084878	1.64198283147558e-11	3.30220991663422e-10	ENSG00000053524	MCF2L2
chr10	116879949	117027921	147973	+	0.081	-3.01791602797965	1.76170640060726e-11	3.50294522406216e-10	ENSG00000107518	ATRNL1
chr6	24539164	24539908	745	-	0.96	-5.03911307596616	1.77698376509431e-11	3.50294522406216e-10	n/a	
chr7	137206612	137308300	101689	-	0.182	-3.08993840222583	2.27313999186635e-11	4.43708012137833e-10	ENSG00000157680	DGKI
chr3	121097563	121100379	2817	+	0.382	-2.90387956437289	2.43981708599766e-11	4.71619011477801e-10	ENSG00000145087	STXBP5L
chr10	74468041	74475660	7620	+	0.845	-3.66334092556247	2.5478002586227e-11	4.87756761049788e-10	ENSG00000156026	MCU
chr5	72370569	72373320	2752	+	0.345	2.05580393569012	2.68133505447172e-11	5.06566697546266e-10	ENSG00000157107	FCHO2
chr7	14517786	14712652	194867	-	0.118	-2.66187441918887	2.69693972576114e-11	5.06566697546266e-10	ENSG00000136267	DGKB
chr3	142496474	142503882	7409	+	0.212	-3.06090771212314	3.25050365948832e-11	6.04836708975818e-10	ENSG00000144935	TRPC1
chr7	8043538	8110761	67224	+	0.613	-3.16468630034071	3.62683829400386e-11	6.63206606578793e-10	ENSG00000106415	GLCCI1
chr6	131919427	131929211	9785	-	0.533	-2.99509050871732	3.63081467187787e-11	6.63206606578793e-10	ENSG00000112282	MED23
chr12	79679567	79693331	13765	+	0.033	-2.78453942954595	4.23535708152669e-11	7.66599631756332e-10	ENSG00000067715	SYT1
chr6	126314903	126334247	19345	+	0.414	-2.93253343316701	4.28111220772167e-11	7.67900396898544e-10	ENSG00000066651	TRMT11
chr13	111857636	111885640	28005	+	0.091	-2.93703651558779	4.6226278264137e-11	8.21754643070507e-10	ENSG00000102606	ARHGEF7
chr2	32602656	32641231	38576	+	0.2	-3.61593486604971	5.86916008404169e-11	1.03411484312628e-09	ENSG00000115760	BIRC6
chr7	103801520	103844682	43163	-	0.343	-3.283395129399	6.25024491812766e-11	1.09159979228001e-09	ENSG00000164815	ORC5
chr15	54586093	54630687	44595	+	0.187	-3.58478410075626	7.81333750935988e-11	1.35272652009874e-09	ENSG00000137766	UNC13C
chr1	243727022	243859018	131997	-	0.017	-3.1654942505615	7.96283639951189e-11	1.36672476477829e-09	ENSG00000117020	AKT3
chr1	70518709	70555502	36794	+	0.211	-2.52866770194877	8.26834384935547e-11	1.40703184650143e-09	ENSG00000033122	LRRC7
chrX	133607389	133632466	25078	+	0.133	-3.22901706048458	8.35575119153822e-11	1.40985598494514e-09	ENSG00000165704	HPRT1
chr11	115080294	115111140	30847	-	0.72	7.87275463944184	8.89652341469254e-11	1.48848555618931e-09	ENSG00000182985	CADM1
chr7	122076414	122114571	38158	-	0.074	-3.6568258489121	9.16415901048048e-11	1.50795224506676e-09	ENSG00000081803	CADPS2
chr2	180815239	180815653	415	-	0.392	-2.64136719836781	9.1643506606267e-11	1.50795224506676e-09	ENSG00000163510	CWC22
chr7	122019422	122056218	36797	-	0.067	-3.62838846115998	9.46482091629741e-11	1.54462774134001e-09	ENSG00000081803	CADPS2
chr6	99912480	99958106	45627	-	0.322	-4.99467504120437	1.02808316598942e-10	1.6641573849471e-09	ENSG00000123552	USP45
chr6	69758077	69785930	27854	+	0.068	-2.72782440351039	1.08840025586457e-10	1.74758460437609e-09	ENSG00000135298	ADGRB3
chr13	35615070	35633000	17931	+	0.143	-3.10177425455462	1.14982440730011e-10	1.8273879289608e-09	ENSG00000172915	NBEA
chr6	89554076	89601634	47559	-	0.25	-3.66269066049404	1.15645845830769e-10	1.8273879289608e-09	ENSG00000111880	RNGTT
chr13	21006241	21063635	57395	-	0.154	-2.76208571385417	1.1736346527731e-10	1.83992645170964e-09	ENSG00000165475	CRYL1
chr6	82923944	82924546	603	-	0.485	-2.05997960980055	1.20982118645577e-10	1.88183904861987e-09	ENSG00000005700	IBTK
chr14	66082696	66096324	13629	+	0.184	-2.26825907968882	1.25970481926671e-10	1.94424208927133e-09	ENSG00000033170	FUT8
chr3	145838899	145842016	3118	-	0.242	2.7819306395498	1.32115469322353e-10	2.02339922631388e-09	ENSG00000152952	PLOD2
chrX	134679348	134683730	4383	+	0.8	-3.32042341667568	1.38004846115463e-10	2.09746296653349e-09	ENSG00000165359	INTS6L
chr9	14639894	14674383	34490	-	0.169	-2.64065474787597	1.60604772249737e-10	2.42245531476686e-09	ENSG00000175893	ZDHHC21
chr20	50290692	50307358	16667	-	0.076	-2.29482924726634	1.67104239709747e-10	2.50153790422636e-09	ENSG00000054793	ATP9A
chr9	129154345	129184227	29883	+	0.136	-2.38983639114119	1.76063246300045e-10	2.61598450286111e-09	ENSG00000196814	MVB12B
chr1	8525985	8617582	91598	-	0.216	-3.3225262553327	1.87518515827104e-10	2.76555085193899e-09	ENSG00000142599	RERE
chr7	14712554	14775819	63266	-	0.155	-2.57084373615201	2.15241054730752e-10	3.15106573506564e-09	ENSG00000136267	DGKB
chr2	120885264	120932580	47317	+	0.867	-3.88635880047431	2.42553089564532e-10	3.52498687097068e-09	ENSG00000115109	EPB41L5
chr4	62775278	62813994	38717	+	0.184	-2.4008461913804	2.5267522316596e-10	3.64548093712627e-09	ENSG00000150471	ADGRL3
chr9	20923659	20933102	9444	+	0.262	-2.64116862335203	2.59350556311443e-10	3.71487019867686e-09	ENSG00000188352	FOCAD
chr2	203419975	203421254	1280	+	0.048	-2.18070043980093	2.74988827401352e-10	3.91073396682922e-09	ENSG00000204217	BMPR2
chr9	21476898	21477291	394	-	0.878	-3.25279101435741	2.97447107468156e-10	4.20012192176666e-09	ENSG00000171889	MIR31HG
chr7	152480272	152522207	41936	+	0.214	-2.37547005969021	3.26618999942769e-10	4.57956640060601e-09	ENSG00000133627	ACTR3B
chr6	89554076	89614674	60599	-	0.217	-3.89746063887933	3.49872351760666e-10	4.87129966682158e-09	ENSG00000111880	RNGTT
chr20	9538255	9547031	8777	-	0.414	-2.79910871505757	3.67394908446323e-10	5.0797448799766e-09	ENSG00000101349	PAK5
chr1	16891302	16893846	2545	-	0.687	8.33341606336043	3.75418935073682e-10	5.15489034297725e-09	ENSG00000219481	NBPF1
chr1	230798887	230810870	11984	+	0.597	-2.03227036786497	3.91001971219786e-10	5.33208852533283e-09	ENSG00000135775	COG2
chr2	50692580	50758568	65989	-	0.043	-2.59655433574914	4.00629384570771e-10	5.42621159646534e-09	ENSG00000179915	NRXN1
chr2	172305191	172333460	28270	+	0.579	-2.3404862867543	4.23818256547812e-10	5.7015010053155e-09	ENSG00000115827	DCAF17
chr7	140494108	140508795	14688	-	0.323	-2.38392976688516	4.39698393120944e-10	5.87543289062952e-09	ENSG00000157764	BRAF
chr4	73956384	73958017	1634	-	0.106	2.10004475775594	5.19430005436514e-10	6.89456760549399e-09	ENSG00000132466	ANKRD17
chr8	42211943	42229180	17238	+	0.429	-3.98720426184899	5.57063065871269e-10	7.34511631887216e-09	ENSG00000070501	POLB
chr6	13579683	13601181	21499	+	0.231	-2.88093953452509	5.68702707447125e-10	7.40821294949515e-09	ENSG00000124523	SIRT5
chr3	196802708	196846401	43694	-	0.127	-2.5012926232742	5.69290096068688e-10	7.40821294949515e-09	ENSG00000075711	DLG1
chr17	42161923	42165064	3142	-	0.129	-2.44552201279334	5.75861366505554e-10	7.44506480982181e-09	ENSG00000108840	HDAC5
chr3	179576850	179597911	21062	-	0.052	-2.51112208591863	5.89184792053901e-10	7.56817368373752e-09	ENSG00000114757	PEX5L
chr13	48651289	48664554	13266	-	0.115	-2.78947596326777	5.94512972291562e-10	7.58766235790064e-09	ENSG00000136146	MED4
chr6	69703660	69728391	24732	+	0.047	-2.6049488883546	6.259460536457e-10	7.93795282043688e-09	ENSG00000135298	ADGRB3
chr3	27424644	27465643	41000	-	0.118	-2.19935371965897	6.38639246460591e-10	8.04766290951289e-09	ENSG00000033867	SLC4A7
chr2	71590283	71607695	17413	+	0.222	-2.80217234130652	6.51327829626893e-10	8.15593527539084e-09	ENSG00000075292	ZNF638
chr19	47767860	47768203	344	+	0.593	-3.52047343181787	6.69310661873673e-10	8.32873454869052e-09	ENSG00000105321	CCDC9
chr21	32537279	32575328	38050	-	0.173	-2.88968035649162	7.00754234499947e-10	8.66584894962357e-09	ENSG00000156299	TIAM1
chr9	77631184	77632364	1181	-	0.542	-2.55692643795712	7.20373506688314e-10	8.8534793322002e-09	ENSG00000156017	CARNMT1
chr6	149833291	149862722	29432	-	0.314	-2.4137308515883	7.31071954680913e-10	8.92984209674662e-09	ENSG00000131013	PPIL4
chr6	71185113	71212494	27382	+	0.386	-2.44305289652926	7.57168046617607e-10	9.19220476107107e-09	ENSG00000082269	FAM135A
chr6	34100755	34101636	882	-	0.168	-3.98586163962561	8.28117910121236e-10	9.99262278212958e-09	ENSG00000124493	GRM4
chr12	112757029	112757546	518	-	0.222	-3.63760111235451	9.30159992306238e-10	1.11563165342272e-08	ENSG00000173064	HECTD4
chr9	86276692	86284242	7551	-	0.083	-2.19070313828087	9.40230217282937e-10	1.12095710335948e-08	ENSG00000135018	UBQLN1
chr14	50175877	50210523	34647	+	0.593	-2.42249029872995	9.53476189698951e-10	1.12375039176849e-08	ENSG00000197776	KLHDC1
chr6	73001637	73043538	41902	+	0.367	-3.49410829336255	9.55886962303685e-10	1.12375039176849e-08	ENSG00000079841	RIMS1
chr8	17123416	17143936	20521	+	0.59	-2.20007578977886	9.59505608240297e-10	1.12375039176849e-08	ENSG00000155975	VPS37A
chr6	55378846	55406938	28093	-	0.229	-2.91717198534408	9.98805967729298e-10	1.16293724078891e-08	ENSG00000146151	HMGCLL1
chr13	40268771	40301685	32915	+	0.4	-2.51238838693584	1.03755402554687e-09	1.20102910747896e-08	ENSG00000133103	COG6
chr11	108638664	108722936	84273	+	0.889	-2.30578003485902	1.06041644159924e-09	1.2161442863197e-08	ENSG00000178105	DDX10
chr13	35615070	35644989	29920	+	0.338	-2.70262859637167	1.06282825625127e-09	1.2161442863197e-08	ENSG00000172915	NBEA
chr19	30476130	30509866	33737	+	0.684	-3.81989984909515	1.07433587448383e-09	1.21838096670776e-08	n/a	
chr12	130884224	130907106	22883	-	0.4	-2.90556016255581	1.08164708987372e-09	1.21838096670776e-08	ENSG00000060709	RIMBP2
chr14	93934017	93954101	20085	+	0.394	-2.49698917409156	1.08314129134743e-09	1.21838096670776e-08	ENSG00000133958	UNC79
chr6	90461150	90472249	11100	-	0.328	-3.10924386167134	1.13970039278201e-09	1.27479970900505e-08	ENSG00000112159	MDN1
chr1	99418626	99422297	3672	-	0.571	-2.49924113632538	1.18845056498067e-09	1.32190227646732e-08	ENSG00000117598	PLPPR5
chr18	76953183	77067234	114052	+	0.254	-2.21193878022599	1.41289353968091e-09	1.56281724305817e-08	ENSG00000166377	ATP9B
chr6	73016961	73043538	26578	+	0.431	-3.34950738999567	1.49552848293796e-09	1.64508133123175e-08	ENSG00000079841	RIMS1
chr6	146719905	146720835	931	+	0.233	-3.61238829943917	1.51049869929081e-09	1.65241918147693e-08	ENSG00000152822	GRM1
chr2	162804076	162821683	17608	+	0.14	-2.58102097817528	1.6314360133166e-09	1.77496672268489e-08	ENSG00000144290	SLC4A10
chr8	41518948	41521260	2313	-	0.407	-3.56999757534146	1.73292577448218e-09	1.87513870488806e-08	ENSG00000029534	ANK1
chr17	61228631	61278318	49688	+	0.274	-2.38219362585576	1.81980866187003e-09	1.95850759231525e-08	ENSG00000170921	TANC2
chr7	137148235	137294355	146121	-	0.4	-3.1167943009606	1.96116025517753e-09	2.09928498282713e-08	ENSG00000157680	DGKI
chr14	93760204	93761283	1080	-	0.636	-2.41116649813216	2.17878195040569e-09	2.31976195896136e-08	ENSG00000011114	BTBD7
chr7	156516806	156619438	102633	-	0.141	-2.23884009465653	2.23280683725198e-09	2.36463745370675e-08	ENSG00000105983	LMBR1
chr9	125719290	125782738	63449	+	0.2	-2.35950200388117	2.25227064714117e-09	2.37263008384025e-08	ENSG00000011454	RABGAP1
chr5	176618885	176639196	20312	+	0.321	-2.57762119573707	2.65426403507554e-09	2.78138931254495e-08	ENSG00000165671	NSD1
chr3	183368084	183390272	22189	+	0.357	-3.07951553116196	2.77405628889194e-09	2.8842890807469e-08	ENSG00000114796	KLHL24
chr8	10065343	10177499	112157	+	0.233	-2.15866558367329	2.78143397038375e-09	2.8842890807469e-08	ENSG00000175806	MSRA
chr20	35457457	35467844	10388	-	0.353	-4.81294413184415	2.90068208320476e-09	2.99236167236305e-08	ENSG00000149639	SOGA1
chr15	54304845	54308083	3239	+	0.585	-4.09834413502294	2.9333501507773e-09	3.01046399494722e-08	ENSG00000137766	UNC13C
chr1	211192206	211264032	71827	-	0.37	-2.64828082809222	3.23223318446316e-09	3.30019295911085e-08	ENSG00000143473	KCNH1
chr6	62362160	62417308	55149	-	0.333	-2.36099611719676	3.35174881550512e-09	3.40476116921974e-08	n/a	
chr13	26112126	26163837	51712	+	0.192	-2.9151142407629	3.55554750359121e-09	3.59225004889206e-08	ENSG00000132932	ATP8A2
chr2	221618333	221675652	57320	+	0.471	-2.53521513386015	3.57240336353907e-09	3.59225004889206e-08	n/a	
chr12	1399018	1481143	82126	+	0.393	-3.0173764545265	3.63117878221569e-09	3.63300349517157e-08	ENSG00000082805	ERC1
chr5	156721792	156731374	9583	+	0.138	-2.53658904378397	3.82226687281199e-09	3.80506667188434e-08	ENSG00000055163	CYFIP2
chr18	59739906	59763183	23278	-	0.24	-2.38910742076144	3.84744474671961e-09	3.81107586602923e-08	ENSG00000197563	PIGN
chr3	194154501	194175121	20621	-	0.338	-3.65528668542839	3.965862784406e-09	3.90892713057047e-08	ENSG00000133657	ATP13A3
chr12	22637631	22659753	22123	-	0.419	-2.9633316992014	4.07012464339651e-09	3.99193013054308e-08	ENSG00000111731	C2CD5
chr18	8076453	8143777	67325	+	0.222	-2.82257884745842	4.21248788621382e-09	4.111305579143e-08	ENSG00000173482	PTPRM
chr5	132227856	132232932	5077	-	0.122	-2.54423828275614	4.50071428580383e-09	4.37118153318801e-08	ENSG00000072364	AFF4
chr7	77214860	77230123	15264	+	0.286	2.53299728717105	4.52632256293376e-09	4.37471272951511e-08	ENSG00000127947	PTPN12
chr10	103552596	103570071	17476	-	0.185	-2.31350968563825	4.82478139115653e-09	4.64064722212206e-08	ENSG00000198408	OGA
chr13	101997652	102051516	53865	-	0.108	-2.85679216444936	4.85169215933387e-09	4.64409571597776e-08	ENSG00000102452	NALCN
chr10	43650345	43654379	4035	+	0.698	-2.13616845859389	5.12198824864286e-09	4.87936775265451e-08	ENSG00000169826	CSGALNACT2
chr21	40578034	40601362	23329	-	0.426	-2.44208283168804	5.21952219715097e-09	4.94860414025123e-08	ENSG00000185658	BRWD1
chr5	153413351	153414527	1177	-	0.4	2.0908023278744	5.42927709796978e-09	5.12307616211272e-08	ENSG00000055147	FAM114A2
chr10	116975455	117027921	52467	+	0.033	-2.44617008548934	5.60678337406308e-09	5.26561589516962e-08	ENSG00000107518	ATRNL1
chr10	71243447	71258152	14706	+	0.316	-4.94090830572799	5.67834142653635e-09	5.30778299541497e-08	ENSG00000099282	TSPAN15
chr9	20819795	20874806	55012	+	0.148	-2.24403427582029	5.74818182369872e-09	5.34795794905802e-08	ENSG00000188352	FOCAD
chr14	88883055	88904247	21193	+	0.459	-2.11291650555311	5.80410919328573e-09	5.37487507154972e-08	ENSG00000042317	SPATA7
chr13	42335264	42407667	72404	-	0.208	-2.37563765663741	5.92848498937571e-09	5.46463593233659e-08	ENSG00000102763	VWA8
chr22	22153301	22162135	8835	-	0.073	-1.97942128785136	5.98378878106624e-09	5.49019514428704e-08	ENSG00000100030	MAPK1
chr5	14741936	14758707	16772	-	0.212	-2.64302602094394	6.11375171511124e-09	5.58370626825068e-08	ENSG00000154122	ANKH
chr14	71511850	71524441	12592	+	0.237	-2.56773833332777	6.85954475486194e-09	6.22879463911072e-08	ENSG00000100731	PCNX1
chr8	51415338	51503477	88140	+	0.279	-2.78977197473057	6.88264601006709e-09	6.22879463911072e-08	ENSG00000147481	SNTG1
chr21	38480692	38519903	39212	+	0.341	-2.68035375039291	7.9356268773121e-09	7.14924575236579e-08	ENSG00000182670	TTC3
chr8	41832222	41839472	7251	-	0.267	-1.82288163461994	7.97491620070936e-09	7.15227844847403e-08	ENSG00000083168	KAT6A
chr7	97820040	97823884	3845	+	0.309	-2.10557879738464	8.24344873363856e-09	7.35995803976429e-08	ENSG00000164715	LMTK2
chr3	142455221	142503882	48662	+	0.472	-4.61559617367111	8.42539237343369e-09	7.48881973906539e-08	ENSG00000144935	TRPC1
chr5	142258939	142311690	52752	+	0.082	-2.44560487183409	9.33077858405991e-09	8.25670229371701e-08	ENSG00000145819	ARHGAP26
chr9	87635121	87637632	2512	+	0.064	-2.39966812322768	9.59014647607821e-09	8.44866443976624e-08	ENSG00000148053	NTRK2
chr6	111708968	111795679	86712	-	0.421	-2.88340705423269	1.07682115522402e-08	9.44471770947584e-08	ENSG00000009413	REV3L
chr11	8158925	8161740	2816	-	0.364	-2.00628209038673	1.16765229757277e-08	1.01964724757341e-07	ENSG00000166405	RIC3
chr4	166960491	166999182	38692	+	0.522	-5.23654507305445	1.18549102891864e-08	1.0307042089856e-07	ENSG00000038295	TLL1
chr7	91924203	91991587	67385	+	0.264	-2.07429612048835	1.19618691183079e-08	1.03548180063265e-07	ENSG00000001629	ANKIB1
chr15	91795049	91811835	16787	+	0.097	-3.18588808625869	1.24462233913866e-08	1.07126437698434e-07	ENSG00000185518	SV2B
chr10	126628943	126631876	2934	+	0.226	-3.65904625848379	1.24828395509978e-08	1.07126437698434e-07	n/a	
chr7	140476712	140494267	17556	-	0.182	-2.25062400085416	1.32477803702933e-08	1.13203136125554e-07	ENSG00000157764	BRAF
chr14	80158516	80164280	5765	+	0.107	-4.54756666238109	1.33795857275157e-08	1.13549528368467e-07	ENSG00000021645	NRXN3
chr6	102067968	102134228	66261	+	0.16	-2.88973289281251	1.34023802946206e-08	1.13549528368467e-07	ENSG00000164418	GRIK2
chr5	142416761	142526946	110186	+	0.151	-2.23391322361349	1.39379017806098e-08	1.17586281547433e-07	ENSG00000145819	ARHGAP26
chr6	69653722	69728391	74670	+	0.047	-2.93347858438644	1.44696815738023e-08	1.21557535921689e-07	ENSG00000135298	ADGRB3
chr20	33834643	33842557	7915	+	0.323	-3.90563844378301	1.49738832032686e-08	1.25264712007176e-07	ENSG00000125966	MMP24
chr11	95825056	95826681	1626	-	0.471	2.86240508629177	1.54528114655742e-08	1.28730324803172e-07	ENSG00000184384	MAML2
chr1	8601273	8674745	73473	-	0.331	-1.67035281734375	1.682065847459e-08	1.39142479040854e-07	ENSG00000142599	RERE
chr8	124089351	124121860	32510	+	0.604	-2.62977313927751	1.68565827658779e-08	1.39142479040854e-07	ENSG00000156787	TBC1D31
chr9	111954558	111962614	8057	-	0.304	-2.78325421338914	1.69123455187779e-08	1.39142479040854e-07	ENSG00000095203	EPB41L4B
chr2	55040369	55155888	115520	+	0.48	-2.28676886274799	1.70845833834931e-08	1.39981092660637e-07	ENSG00000214595	EML6
chr3	183361268	183382827	21560	+	0.111	-2.46174023355582	1.72307775760101e-08	1.40253208533555e-07	ENSG00000114796	KLHL24
chr16	31230416	31230840	425	+	0.864	-5.6245244635103	1.72586821148774e-08	1.40253208533555e-07	ENSG00000177238	TRIM72
chr1	155408118	155408859	742	-	0.569	-1.3717151206692	1.74464092410703e-08	1.4120244227224e-07	ENSG00000116539	ASH1L
chr6	109962721	109993370	30650	-	0.333	-2.73624367591459	1.75340094625191e-08	1.41336894088565e-07	ENSG00000155085	AK9
chr3	65415195	65416556	1362	-	0.423	-2.16039327665344	1.76118055229286e-08	1.41391551597382e-07	ENSG00000151276	MAGI1
chr10	116879949	116931050	51102	+	0.272	-2.73510289399174	1.92342139381971e-08	1.53796465666468e-07	ENSG00000107518	ATRNL1
chr2	152698417	152717334	18918	-	0.262	-2.78438479386023	1.93850618553533e-08	1.54382632616033e-07	ENSG00000283228	
chr1	243776973	243859018	82046	-	0.149	-2.22683808560397	2.06375748749826e-08	1.63702834964503e-07	ENSG00000117020	AKT3
chr16	70247564	70256383	8820	-	0.706	-3.58271647651855	2.07987494827679e-08	1.643266278579e-07	n/a	
chr5	172535627	172550205	14579	+	0.127	-2.12109784228196	2.15228009441837e-08	1.69375085691185e-07	ENSG00000164463	CREBRF
chr5	125939262	125939875	614	+	0.25	-2.04589413513407	2.17082565737295e-08	1.70161963930297e-07	ENSG00000164902	PHAX
chr15	33180373	33194241	13869	-	0.294	-2.80375235219366	2.332913385091e-08	1.82150217635929e-07	ENSG00000248905	FMN1
chr5	78692646	78752841	60196	-	0.469	-2.52769602917622	2.36661868129949e-08	1.84060070096378e-07	ENSG00000152413	HOMER1
chr11	107916997	107925682	8686	+	0.397	-2.50514730649246	2.42586364525399e-08	1.87933638821038e-07	ENSG00000166266	CUL5
chr4	94006146	94159641	153496	+	0.394	-4.60785378334979	2.61475956882764e-08	2.0178241478821e-07	ENSG00000152208	GRID2
chr16	47531310	47630442	99133	+	0.225	-1.85162924941513	2.65060176322463e-08	2.03758614308117e-07	ENSG00000102893	PHKB
chr15	66021410	66048810	27401	-	0.268	-2.7476861603804	2.71499205337394e-08	2.07905737625674e-07	ENSG00000174485	DENND4A
chr15	66044717	66053776	9060	-	0.143	-1.71453038207657	2.80954887389115e-08	2.14322291491084e-07	ENSG00000174485	DENND4A
chr8	51306772	51363289	56518	+	0.103	-2.53346979998994	2.98324742044718e-08	2.26580465424251e-07	ENSG00000147481	SNTG1
chr4	16587545	16760883	173339	-	0.04	-3.42487114455093	2.99300162765334e-08	2.26580465424251e-07	ENSG00000169744	LDB2
chr1	84644860	84663507	18648	+	0.035	-2.56245260341673	3.01735272886161e-08	2.27558684968313e-07	ENSG00000142875	PRKACB
chr2	170387097	170401345	14249	-	0.28	-2.25024150015187	3.16011056543147e-08	2.37425665500908e-07	ENSG00000138399	FASTKD1
chr15	33149216	33194241	45026	-	0.629	-3.13739581593727	3.24118076309764e-08	2.4260116162885e-07	ENSG00000248905	FMN1
chr15	50923614	50955243	31630	-	0.36	-1.88836160342847	3.3235086696117e-08	2.47831676449322e-07	ENSG00000092439	TRPM7
chr12	101316004	101381448	65445	+	0.455	-2.32866997288268	3.42450016649537e-08	2.54409695204936e-07	ENSG00000151572	ANO4
chr1	89236035	89237562	1528	+	0.23	-2.75093165516747	3.45244834647229e-08	2.5553251516083e-07	ENSG00000065243	PKN2
chr5	179393806	179407200	13395	-	0.139	-3.22849231411013	3.55379046358193e-08	2.62059141221912e-07	ENSG00000113269	RNF130
chr4	39739040	39776553	37514	+	0.472	-2.67775347481625	3.90796733237748e-08	2.87113024308619e-07	ENSG00000078140	UBE2K
chr7	99952766	99953427	662	+	0.242	3.11830728559816	4.07542448352686e-08	2.97780541156355e-07	ENSG00000121716	PILRB
chr18	31673429	31692661	19233	-	0.292	-2.61062316588507	4.08307823885912e-08	2.97780541156355e-07	ENSG00000101746	NOL4
chr1	167301707	167307495	5789	+	0.476	-3.12049055717412	4.36987078669924e-08	3.17533311544459e-07	ENSG00000143190	POU2F1
chr6	28239632	28240564	933	+	0.136	-2.4409619901005	4.40144921750681e-08	3.18664923347493e-07	ENSG00000197062	ZSCAN26
chr7	29220906	29226163	5258	-	0.769	-5.38302849901242	4.55499723168339e-08	3.28586937981218e-07	ENSG00000106066	CPVL
chr5	65349234	65350779	1546	+	0.106	3.35817215006742	4.69807523316463e-08	3.37684757733963e-07	ENSG00000112851	ERBIN
chr11	17899755	18031686	131932	-	0.276	-3.36242281738459	4.85312718122805e-08	3.47574684094427e-07	ENSG00000129158	SERGEF
chr8	15508206	15531345	23140	+	0.168	-2.36227441383245	4.96634432137002e-08	3.54408299062642e-07	ENSG00000104723	TUSC3
chr4	154191487	154197282	5796	+	0.12	-2.5740207545923	5.05134766248479e-08	3.591868998574e-07	ENSG00000109654	TRIM2
chrX	13684436	13698717	14282	+	0.897	-2.13798902793235	5.17542039168327e-08	3.66699715296846e-07	ENSG00000176896	TCEANC
chr1	101379219	101440458	61240	+	0.652	-3.12527057797444	5.42787673380873e-08	3.83223495638766e-07	ENSG00000162695	SLC30A7
chr6	147527107	147655358	128252	+	0.232	-2.56615631706914	5.53266360437044e-08	3.89241457113129e-07	ENSG00000164506	STXBP5
chr4	91229395	91234198	4804	+	0.5	-2.62902773746191	5.90165457963318e-08	4.12553745330629e-07	ENSG00000184305	CCSER1
chr10	133747962	133761295	13334	+	0.407	-3.73280197437839	5.90546546555647e-08	4.12553745330629e-07	ENSG00000175470.14	
chr2	120885264	120903865	18602	+	0.057	-2.95347891643296	6.02820392054493e-08	4.19655734468704e-07	ENSG00000115109	EPB41L5
chr14	45587231	45599993	12763	-	0.647	-2.55475146772948	6.13814472208731e-08	4.25820423054907e-07	ENSG00000100442	FKBP3
chr5	110679722	110730480	50759	+	0.159	-3.01962021159985	6.26168653301232e-08	4.32882565528734e-07	ENSG00000152495	CAMK4
chr4	183522077	183575046	52970	+	0.429	-2.50987773816949	7.25639935551541e-08	4.99913187433605e-07	ENSG00000218336	TENM3
chr1	8525985	8674745	148761	-	0.441	-2.59906956338784	7.33997876714207e-08	5.03927507771719e-07	ENSG00000142599	RERE
chr11	82935897	82959129	23233	+	0.316	-2.33686880943321	7.37411979613446e-08	5.04531701515591e-07	ENSG00000137494	ANKRD42
chr16	21979949	21987564	7616	+	0.051	-2.7304153441875	7.54048545435935e-08	5.12626549766098e-07	ENSG00000140740	UQCRC2
chr20	47752370	47782822	30453	-	0.143	-2.32277587367493	7.5439266238808e-08	5.12626549766098e-07	ENSG00000124214	STAU1
chr13	100953714	101020828	67115	+	0.206	-2.60728359479575	7.77055438485809e-08	5.26230400688859e-07	ENSG00000175198	PCCA
chr8	51351103	51415440	64338	+	0.19	-2.21104422841476	7.90935497994818e-08	5.33814432714469e-07	ENSG00000147481	SNTG1
chr9	87325552	87367000	41449	+	0.018	-2.52934908545647	8.45188754832338e-08	5.68503652321347e-07	ENSG00000148053	NTRK2
chr12	2613602	2622150	8549	+	0.383	-2.542860621463	8.60398769637117e-08	5.76785841867845e-07	ENSG00000151067	CACNA1C
chr3	171965323	171969331	4009	+	0.902	1.58872914437603	8.71419321457957e-08	5.80683927030985e-07	ENSG00000075420	FNDC3B
chr8	41518948	41519459	512	-	0.575	-4.40147496409922	8.72046680975713e-08	5.80683927030985e-07	ENSG00000029534	ANK1
chr6	72960033	72961071	1039	+	0.196	-3.83174088863197	8.95027296993265e-08	5.93999782771197e-07	ENSG00000079841	RIMS1
chr12	95650926	95690034	39109	+	0.138	-2.27726178751322	9.30359772687998e-08	6.1539744432618e-07	ENSG00000028203	VEZT
chr7	33976901	34014396	37496	+	0.538	-2.16595929129122	9.34446875148475e-08	6.16054214708812e-07	ENSG00000164619	BMPER
chr9	4286038	4286523	486	-	0.364	3.62414830988292	9.737480860345e-08	6.39845689536201e-07	ENSG00000107249	GLIS3
chr9	124736288	124752049	15762	-	0.364	-1.89724060638827	1.00461388999013e-07	6.57956004924456e-07	ENSG00000175764	TTLL11
chr2	120684174	120702816	18643	+	0.222	-2.14206733679811	1.07366612502294e-07	7.00875165547759e-07	ENSG00000088179	PTPN4
chr3	183361268	183390272	29005	+	0.738	-2.90974111881982	1.09647927674198e-07	7.13428183004341e-07	ENSG00000114796	KLHL24
chr15	88472422	88483984	11563	-	0.488	-2.62634937101723	1.15824410446908e-07	7.51160915960239e-07	ENSG00000140538	NTRK3
chr12	100166700	100175875	9176	-	0.519	-2.48524266534206	1.16557682344114e-07	7.53462160867307e-07	ENSG00000185046	ANKS1B
chr5	58476421	58511794	35374	-	0.167	-2.26057812638314	1.19050867335506e-07	7.67088274643987e-07	ENSG00000113448	PDE4D
chr13	78293667	78327493	33827	+	0.457	-1.84634559756104	1.23015724592132e-07	7.90078411815921e-07	ENSG00000139737	SLAIN1
chr12	1372200	1399178	26979	+	0.351	-2.95973509188558	1.27384462241384e-07	8.15506316149825e-07	ENSG00000082805	ERC1
chr7	102743498	102769239	25742	-	0.328	-2.49847214494222	1.33560370616813e-07	8.52303518904087e-07	ENSG00000161048	NAPEPLD
chr11	115085328	115111140	25813	-	0.378	-3.80482307802784	1.36110889001173e-07	8.65804408949953e-07	ENSG00000182985	CADM1
chr3	57832924	57850443	17520	+	0.147	-2.80358542061742	1.37732110648054e-07	8.73326854459475e-07	ENSG00000163681	SLMAP
chr8	113933856	113988377	54522	-	0.308	-2.45448213205241	1.38434391054025e-07	8.74993246312902e-07	ENSG00000164796	CSMD3
chr10	22171211	22209892	38682	-	0.467	-2.54642260294999	1.4569053422398e-07	9.17942574809949e-07	ENSG00000136770	DNAJC1
chr4	160107794	160164943	57150	+	0.174	-2.51143531398714	1.47338901558048e-07	9.25399851741557e-07	ENSG00000109756	RAPGEF2
chr6	158703295	158735300	32006	+	0.831	-1.98942636179271	1.47998528841723e-07	9.26619719886386e-07	ENSG00000130338	TULP4
chr4	247349	248626	1278	+	0.571	-2.62779463332318	1.5512188667825e-07	9.68174534095285e-07	ENSG00000198155	ZNF876P
chr21	38792601	38794168	1568	+	0.098	3.14153327652502	1.60461567374164e-07	9.98371814506126e-07	ENSG00000157540	DYRK1A
chr16	81385188	81411307	26120	+	0.565	-2.08840909887375	1.63733992782492e-07	1.01555881504655e-06	ENSG00000261609	GAN
chr11	128963516	129034322	70807	-	0.136	-2.52310493442409	1.64683384806167e-07	1.01827521474869e-06	ENSG00000134909	ARHGAP32
chrX	147743429	147744289	861	+	0.759	-2.75378687758887	1.67275974911745e-07	1.03110361005971e-06	ENSG00000155966	AFF2
chr5	142434004	142526946	92943	+	0.094	-2.24631243109128	1.7269573557994e-07	1.06122595536932e-06	ENSG00000145819	ARHGAP26
chr10	94291505	94297307	5803	-	0.279	-2.1073573895237	1.83953285043567e-07	1.12692612468229e-06	ENSG00000119912	IDE
chr6	24475349	24480187	4839	-	0.737	-2.35791986062301	1.90796017166164e-07	1.16526033796881e-06	ENSG00000112293	GPLD1
chr1	12061458	12062160	703	+	0.258	-2.81446578181551	1.97238442660798e-07	1.20092275026804e-06	ENSG00000116688	MFN2
chr7	8257935	8275635	17701	-	0.697	-3.21896307913689	1.99701082458501e-07	1.21220992431364e-06	ENSG00000003147	ICA1
chr12	1399018	1553916	154899	+	0.455	-2.79681213966603	2.04962137841424e-07	1.24036357581238e-06	ENSG00000082805	ERC1
chr8	136554897	136594316	39420	+	0.095	-1.98750722313918	2.06373443098485e-07	1.24511977336086e-06	ENSG00000131773	KHDRBS3
chr7	122019422	122033636	14215	-	0.062	-3.21094526477258	2.07363658860738e-07	1.24731433471821e-06	ENSG00000081803	CADPS2
chr15	102241289	102255166	13878	-	0.198	-2.68983881528738	2.36998984483068e-07	1.42128005453551e-06	ENSG00000185418	TARS3
chr8	141810558	141900868	90311	-	0.067	-2.67918612435984	2.43392244807136e-07	1.45523711534837e-06	ENSG00000169398	PTK2
chr2	239090706	239093928	3223	-	0.624	-1.41542615610324	2.50305936929607e-07	1.49209317493068e-06	ENSG00000132323	ILKAP
chr10	123549684	123683844	134161	-	0.339	-2.66120787719396	2.56951918327875e-07	1.52713811758448e-06	ENSG00000107669	ATE1
chr4	16587545	16597498	9954	-	0.214	-2.33727367800262	2.61413033879619e-07	1.54444889047398e-06	ENSG00000169744	LDB2
chr6	147395941	147440613	44673	-	0.6	-2.83348565015265	2.61416010090271e-07	1.54444889047398e-06	ENSG00000233452	STXBP5-AS1
chr2	233612325	233626146	13822	+	0.447	-2.12650153487665	2.74149363945724e-07	1.61488575034301e-06	ENSG00000204120	GIGYF2
chr6	111708968	111795682	86715	-	0.62	-2.9642409300279	2.80629532256712e-07	1.64818111717733e-06	ENSG00000009413	REV3L
chr8	142264088	142264728	641	-	0.9	-2.91879610855585	2.86009163640914e-07	1.67483601414429e-06	ENSG00000022567	SLC45A4
chr10	116879949	116925405	45457	+	0.072	-2.15463465661636	2.87748596863211e-07	1.68008051716907e-06	ENSG00000107518	ATRNL1
chr12	1399018	1519619	120602	+	0.345	-3.24004963671816	2.96707760621248e-07	1.72732500408451e-06	ENSG00000082805	ERC1
chr13	30801549	30857928	56380	-	0.295	-2.14669177648281	3.15878212839166e-07	1.83356711884192e-06	ENSG00000102781	KATNAL1
chr10	76729418	76748870	19453	+	0.316	-2.292202933475	3.1817435523592e-07	1.8382256040277e-06	ENSG00000156650	KAT6B
chr5	78734833	78752841	18009	-	0.646	-2.25010205530924	3.18527289497517e-07	1.8382256040277e-06	ENSG00000152413	HOMER1
chr5	142264863	142311690	46828	+	0.188	-1.86456620680215	3.21025394718998e-07	1.84728774822406e-06	ENSG00000145819	ARHGAP26
chr6	56915572	56920595	5024	+	0.261	-3.53564284675899	3.22489548937937e-07	1.85036510644217e-06	n/a	
chr2	50847160	50850753	3594	-	0.054	-2.18254671529599	3.27614001484598e-07	1.87436631309148e-06	ENSG00000179915	NRXN1
chr3	27420740	27465643	44904	-	0.849	-3.03220212525588	3.32963024897593e-07	1.89951112484558e-06	ENSG00000033867	SLC4A7
chr8	105105699	105161076	55378	+	0.122	-1.94371642334812	3.38075131513568e-07	1.92316453383861e-06	ENSG00000176406	RIMS2
chr12	72955945	72969322	13378	+	0.247	-2.43906029609801	3.51358828217095e-07	1.9930354045021e-06	ENSG00000072657	TRHDE
chr11	85701293	85742653	41361	-	0.391	-2.94218337026051	3.59327425320808e-07	2.03244574947082e-06	ENSG00000073921	PICALM
chr6	36126425	36126718	294	-	0.615	-2.6282924039032	3.73527208262894e-07	2.10677810666125e-06	ENSG00000246982	
chr6	57058640	57075243	16604	-	0.627	-1.80232595731514	3.83973397244112e-07	2.15957919184471e-06	ENSG00000112210	RAB23
chr14	61275043	61346553	71511	+	0.082	-1.79205644672948	3.97594873896727e-07	2.22989125050249e-06	ENSG00000020426	MNAT1
chr15	83819967	83826793	6827	-	0.235	-2.63316198639157	4.00225004036628e-07	2.2383370310026e-06	ENSG00000166503	HDGFL3
chr18	9583115	9595100	11986	-	0.566	-1.63039649993377	4.06319712142047e-07	2.26605755427119e-06	ENSG00000154845	PPP4R1
chr4	77917578	77952123	34546	+	0.17	-2.40864268636497	4.10010226733976e-07	2.28025240622164e-06	ENSG00000138758	SEPTIN11
chr2	61749746	61753656	3911	-	0.097	1.77093946568983	4.1749943001609e-07	2.31543555755441e-06	ENSG00000082898	XPO1
chr10	116873772	117001514	127743	+	0.041	-2.42799747871901	4.4975695142922e-07	2.4874058063766e-06	ENSG00000107518	ATRNL1
chr11	13435077	13466728	31652	-	0.49	-2.54025415492021	4.6695589962748e-07	2.57537173451056e-06	ENSG00000148925	BTBD10
chr15	69548133	69553668	5536	+	0.387	-2.84774921652058	4.71317222998482e-07	2.59224472649165e-06	ENSG00000138604	GLCE
chr3	71739161	71759635	20475	-	0.095	-2.29467795639912	5.10586724356669e-07	2.80049082147143e-06	ENSG00000163412	EIF4E3
chr4	42505467	42546003	40537	-	0.124	-2.03557166849092	5.40353178789489e-07	2.95561312903811e-06	ENSG00000124406	ATP8A1
chr17	57808782	57851305	42524	+	0.36	-2.30038435856068	5.48612927431617e-07	2.99257079045575e-06	ENSG00000062716	VMP1
chr5	19838868	19839351	484	-	0.056	-2.71048632095183	5.61141856683274e-07	3.05255037337814e-06	ENSG00000145526	CDH18
chr4	166976228	166999182	22955	+	0.312	-3.51930624177644	5.77150629971656e-07	3.13108148303424e-06	ENSG00000038295	TLL1
chr2	61512010	61522425	10416	-	0.179	-2.56312082993608	6.01004757202918e-07	3.24458875858782e-06	ENSG00000115464	USP34
chr2	1926064	1927035	972	-	0.113	-2.30717752156222	6.01332622761881e-07	3.24458875858782e-06	ENSG00000186487	MYT1L
chr13	102029051	102051516	22466	-	0.267	-2.66816886978101	6.03979809271375e-07	3.25006432502516e-06	ENSG00000102452	NALCN
chr5	112102023	112137080	35058	+	0.073	-2.10462406650433	6.24946233821362e-07	3.35382197180143e-06	ENSG00000134982	APC
chr10	15875629	15885271	9643	-	0.107	-2.11700668759541	6.30138409567886e-07	3.37259562755285e-06	ENSG00000148481	MINDY3
chr3	17051166	17056403	5238	+	0.41	-2.70386269366585	6.37976353225225e-07	3.40539120448103e-06	ENSG00000154822	PLCL2
chr2	191765290	191789319	24030	+	0.162	-2.06792290079088	6.46332559150762e-07	3.44077038842024e-06	ENSG00000115419	GLS
chr2	58449077	58459247	10171	-	0.372	2.30489193247977	6.65315322810972e-07	3.53238082057772e-06	ENSG00000115392	FANCL
chr3	183056588	183107567	50980	-	0.383	-2.19976113678555	6.93101928679264e-07	3.67012218085217e-06	ENSG00000053524	MCF2L2
chr10	18816517	18825125	8609	+	0.32	-2.37609828138119	7.42262185014017e-07	3.9200106375674e-06	ENSG00000165995	CACNB2
chr15	28986256	29000043	13788	+	0.722	-2.72248763386929	7.81118044253581e-07	4.1143016563727e-06	ENSG00000248334	
chr2	160194078	160252345	58268	-	0.2	-2.84191932441641	7.85928513129918e-07	4.12871680644239e-06	ENSG00000123636	BAZ2B
chr19	40368303	40384167	15865	-	0.222	6.14858154138309	7.99484409022338e-07	4.18887752200914e-06	ENSG00000275395	FCGBP
chr18	19345733	19399607	53875	+	0.364	-2.11371969291634	8.14695243125897e-07	4.25737067995712e-06	ENSG00000101752	MIB1
chr6	16586011	16754322	168312	-	0.276	-2.218427813596	8.26320437542432e-07	4.30681673075126e-06	ENSG00000124788	ATXN1
chr12	40422103	40486735	64633	-	0.333	-2.10081023662109	8.44222162718604e-07	4.38863270488966e-06	ENSG00000151229	SLC2A13
chr8	99718695	99719539	845	-	0.3	2.84688457760858	8.60882633386335e-07	4.46358677883383e-06	ENSG00000104375	STK3
chr16	23113640	23119504	5865	-	0.216	-2.25784060429784	8.73241843626327e-07	4.51590781989615e-06	ENSG00000103404	USP31
chr15	63988323	64008672	20350	-	0.572	-1.72125705577848	8.76466300711195e-07	4.52084042672536e-06	ENSG00000103657	HERC1
chr4	87685746	87689129	3384	+	0.111	1.77168524921276	8.84940904469617e-07	4.55275798656074e-06	ENSG00000163629	PTPN13
chr5	160757890	160763776	5887	-	0.298	-2.93856090331984	9.24551444019036e-07	4.74428331196366e-06	ENSG00000145864	GABRB2
chr15	33445249	33447246	1998	-	0.773	-2.92578351707294	9.41298792681645e-07	4.81780436048626e-06	ENSG00000248905	FMN1
chr10	116879949	116975638	95690	+	0.164	-2.42475099840649	1.02667233822029e-06	5.24129391127334e-06	ENSG00000107518	ATRNL1
chr15	52876942	52885933	8992	-	0.103	-2.68192225996662	1.03592092785286e-06	5.27498354822263e-06	ENSG00000047346	FAM214A
chr22	32874968	32875262	295	+	0.532	-1.40611980687549	1.09121009146349e-06	5.54234513291787e-06	ENSG00000100225	FBXO7
chr11	63472323	63488504	16182	+	0.22	-3.0704868632876	1.12391610053113e-06	5.69393627520985e-06	ENSG00000133318	RTN3
chr18	74561482	74593468	31987	+	0.583	-2.26234165856712	1.15251504752778e-06	5.82400370463914e-06	ENSG00000130856	ZNF236
chr18	8076453	8088849	12397	+	0.121	-2.45446376339415	1.15873933399696e-06	5.84063294680491e-06	ENSG00000173482	PTPRM
chr11	130130751	130131824	1074	-	0.806	-1.75036325183363	1.18769376576939e-06	5.97146032234057e-06	ENSG00000196323	ZBTB44
chr2	32602656	32620661	18006	+	0.331	-1.97265535503218	1.21911474045571e-06	6.11399861019476e-06	ENSG00000115760	BIRC6
chr1	33413823	33415375	1553	-	0.148	2.3480468525201	1.24440772326574e-06	6.22516526889974e-06	ENSG00000116514	RNF19B
chr3	18456603	18462483	5881	-	0.047	-2.1191808795029	1.24953325798669e-06	6.23513964073056e-06	ENSG00000182568	SATB1
chr4	107092252	107133992	41741	-	0.083	-2.07958309811047	1.29141998233419e-06	6.42804296206845e-06	ENSG00000145348	TBCK
chr14	66188493	66200099	11607	+	0.237	-2.42586349637195	1.34736053162663e-06	6.68976263957264e-06	ENSG00000033170	FUT8
chr6	73016961	73023375	6415	+	0.012	-2.73655791965708	1.39568761096559e-06	6.91247271998129e-06	ENSG00000079841	RIMS1
chr6	32487147	32548633	61487	-	0.442	5.29563564868939	1.45432834943305e-06	7.18503162213697e-06	n/a	
chr1	213302870	213349835	46966	+	0.283	-2.28580288204709	1.46446031623373e-06	7.21717942975585e-06	ENSG00000136643	RPS6KC1
chr15	33149216	33202736	53521	-	0.214	-2.29909984556937	1.52831026851126e-06	7.51017220621899e-06	ENSG00000248905	FMN1
chr11	82984690	82991303	6614	-	0.459	-2.10149392287651	1.53145651216721e-06	7.51017220621899e-06	ENSG00000137500	CCDC90B
chr8	38677040	38678153	1114	+	0.054	-1.74940273256722	1.63339787590444e-06	7.99040582537037e-06	ENSG00000147526	TACC1
chr10	70246901	70266475	19575	-	0.656	-2.78703815844073	1.67189204220417e-06	8.15866925497181e-06	ENSG00000122912	SLC25A16
chr1	117944808	117963271	18464	+	0.823	-1.47313798860002	1.69971741142746e-06	8.26002976907072e-06	ENSG00000198162	MAN1A2
chr9	37126309	37127260	952	+	0.72	-2.47647936479854	1.70096042457006e-06	8.26002976907072e-06	ENSG00000147905	ZCCHC7
chr8	141799573	141900868	101296	-	0.178	-1.63159612776975	1.72574885194624e-06	8.36001451149628e-06	ENSG00000169398	PTK2
chr12	130184355	130185243	889	-	0.45	-2.59744248268039	1.74061889890691e-06	8.41158307699916e-06	ENSG00000151952	TMEM132D
chr6	69703660	69772928	69269	+	0.03	-2.12293319904704	1.82775876705091e-06	8.81130194963283e-06	ENSG00000135298	ADGRB3
chr15	76566753	76588078	21326	-	0.172	-1.67355817667904	1.88574046178678e-06	9.06886294545283e-06	ENSG00000140374	ETFA
chr21	32554738	32575328	20591	-	0.178	-3.24517904999329	1.89821341110265e-06	9.10685036507322e-06	ENSG00000156299	TIAM1
chr4	119026173	119064839	38667	+	0.457	-2.43900470784282	1.90964680935853e-06	9.13967980152124e-06	ENSG00000164100	NDST3
chr6	152949400	152949689	290	-	0.307	-2.60065114030707	1.93841800001748e-06	9.25513246531126e-06	ENSG00000131018	SYNE1
chr1	9991949	9994918	2970	-	0.292	1.79827461879845	1.97011041200738e-06	9.38394696245622e-06	ENSG00000162441	LZIC
chr10	15863655	15885271	21617	-	0.171	-1.90308890545376	1.99588938894984e-06	9.48404719188337e-06	ENSG00000148481	MINDY3
chr7	153555506	153562137	6632	+	0.75	-4.33395679853153	2.11131115874684e-06	1.00068560423082e-05	n/a	
chr9	130106514	130107756	1243	+	0.36	-2.70659040277989	2.11596503958401e-06	1.00068560423082e-05	ENSG00000136895	GARNL3
chr6	32489682	32549615	59934	-	0.2	7.00429593636877	2.16984708629822e-06	1.0237359120426e-05	n/a	
chr14	47389215	47504507	115293	-	0.2	-2.4378208531803	2.21506723113071e-06	1.04260020264332e-05	ENSG00000139915	MDGA2
chr5	133534777	133541822	7046	-	0.021	-2.87469051446825	2.23060560036772e-06	1.04743767696513e-05	ENSG00000113575	PPP2CA
chr2	208841375	208842310	936	-	0.709	-1.95985937867803	2.24600060324744e-06	1.05218522378016e-05	ENSG00000178385	PLEKHM3
chr2	170411634	170419860	8227	-	0.55	-2.54661685659379	2.29910735829058e-06	1.07453585689121e-05	ENSG00000138399	FASTKD1
chr18	33722244	33739978	17735	+	0.184	-2.23107615622137	2.32658584974894e-06	1.084831950082e-05	ENSG00000134759	ELP2
chr5	94224584	94248681	24098	-	0.204	-2.5118461619491	2.38338643580816e-06	1.10872018544253e-05	ENSG00000175471	MCTP1
chr2	168869144	168986268	117125	-	0.219	-1.96600893727694	2.38982881554809e-06	1.10912568106206e-05	ENSG00000198648	STK39
chr6	76344423	76373234	28812	+	0.142	-1.84784759930207	2.40384696606581e-06	1.11303704870629e-05	ENSG00000112701	SENP6
chr15	41036245	41037457	1213	-	0.209	-2.236474688946	2.4270635572113e-06	1.12117947619668e-05	ENSG00000137824	RMDN3
chr5	40764616	40777688	13073	-	0.143	-2.08964381097483	2.43991599819145e-06	1.12450758157388e-05	ENSG00000132356	PRKAA1
chr13	48827944	48835457	7514	+	0.03	-2.07429819795742	2.53864037632349e-06	1.16730554024482e-05	ENSG00000136156	ITM2B
chr5	109103236	109139978	36743	+	0.079	-1.92426023976063	2.54889658574941e-06	1.16932099129656e-05	ENSG00000112893	MAN2A1
chr5	135483521	135489852	6332	+	0.66	-2.69998666256282	2.60241545591282e-06	1.19112854545343e-05	ENSG00000113658	SMAD5
chr17	30498062	30510291	12230	+	0.262	-2.51712641232856	2.68553139409699e-06	1.2263516067998e-05	ENSG00000126858	RHOT1
chr1	172356273	172357949	1677	+	0.071	-2.25802224484036	2.77256331359866e-06	1.25896464417276e-05	ENSG00000197959	DNM3
chr2	50692580	50733755	41176	-	0.07	-1.95433254890849	2.77523179620193e-06	1.25896464417276e-05	ENSG00000179915	NRXN1
chr2	202625604	202626541	938	-	0.242	-2.76712022498324	2.77591902959238e-06	1.25896464417276e-05	ENSG00000003393	ALS2
chr4	108866126	108868693	2568	+	0.581	-1.69030143394627	2.79934837647671e-06	1.26670514035571e-05	ENSG00000155016	CYP2U1
chr5	96208989	96209375	387	-	0.64	-2.09668949697436	2.87684377674567e-06	1.298819945465e-05	ENSG00000247121	
chr5	21491430	21497305	5876	+	0.55	4.47198290324584	2.90844803764068e-06	1.31011765677434e-05	ENSG00000183666	GUSBP1
chr18	20555116	20581692	26577	+	0.375	-2.66317053191867	2.92374532087529e-06	1.31403542525117e-05	ENSG00000101773	RBBP8
chr9	123593609	123595734	2126	-	0.3	-1.93873800681364	2.93912777551756e-06	1.31797373897646e-05	ENSG00000095261	PSMD5
chr1	55589120	55600086	10967	-	0.381	-2.92207111574271	2.97587700378049e-06	1.32871451326707e-05	ENSG00000162402	USP24
chr10	116975455	117093929	118475	+	0.013	-2.71696392803575	2.97642728737877e-06	1.32871451326707e-05	ENSG00000107518	ATRNL1
chr2	160193973	160252345	58373	-	0.617	-2.48230437187897	3.0014153437651e-06	1.3368720244824e-05	ENSG00000123636	BAZ2B
chr20	50255882	50307358	51477	-	0.082	-2.57484154470291	3.02496433141579e-06	1.3443535678234e-05	ENSG00000054793	ATP9A
chr2	32639837	32641231	1395	+	0.16	-2.26535867975121	3.12195017139533e-06	1.38436587778354e-05	ENSG00000115760	BIRC6
chr4	73950966	73958017	7052	-	0.217	1.26953769636747	3.13287112386493e-06	1.38612142391446e-05	ENSG00000132466	ANKRD17
chr5	63496635	63513223	16589	+	0.4	-2.21597403944817	3.32606431787853e-06	1.46833571106345e-05	ENSG00000164197	RNF180
chr6	54013854	54054712	40859	+	0.24	-2.54817202067268	3.35872682534322e-06	1.47947458169433e-05	ENSG00000146147	MLIP
chr11	58317259	58318705	1447	-	0.83	-2.60222384531534	3.40506581936747e-06	1.49657528617232e-05	ENSG00000110031	LPXN
chr1	8568686	8617582	48897	-	0.212	-2.09434379458039	3.47352227561306e-06	1.5233001873889e-05	ENSG00000142599	RERE
chr5	87577859	87588700	10842	+	0.267	-2.23053658200028	3.49156517129249e-06	1.52784752880073e-05	ENSG00000247828	TMEM161B-AS1
chr1	107866904	107867544	641	+	0.435	-1.91366007003985	3.6399461719326e-06	1.58928351498197e-05	ENSG00000162631	NTNG1
chr20	2944918	2955887	10970	+	0.086	-1.92770707520519	3.72118309645992e-06	1.6211981499019e-05	ENSG00000132670	PTPRA
chr6	170846322	170858201	11880	-	0.402	-2.25344844444403	3.78244594024803e-06	1.64429036398119e-05	ENSG00000008018	PSMB1
chr13	76195899	76335174	139276	+	0.261	-1.85240492669993	3.94646061605563e-06	1.71185252430649e-05	ENSG00000261553	
chr3	32582529	32587457	4929	-	0.343	-1.96896673233615	4.01072186487922e-06	1.73548751288706e-05	ENSG00000144635	DYNC1LI1
chr6	87925621	87928449	2829	+	0.459	1.37075985908929	4.01838143365613e-06	1.73548751288706e-05	ENSG00000188994	ZNF292
chr21	32537279	32567621	30343	-	0.097	-2.83645353025518	4.18179057827163e-06	1.80215260635039e-05	ENSG00000156299	TIAM1
chr4	103644028	103647840	3813	-	0.373	-2.00659462185855	4.19409867716538e-06	1.80355301646572e-05	ENSG00000109323	MANBA
chrX	128166327	128256170	89844	-	0.71	-1.82197743131369	4.22198923626141e-06	1.81163374340441e-05	n/a	
chr17	49048068	49064598	16531	-	0.036	-1.91652637750164	4.36749786714324e-06	1.87004048461983e-05	ENSG00000008294	SPAG9
chr1	85121515	85136991	15477	-	0.176	-2.45334709622783	4.59151983768373e-06	1.96174163022067e-05	ENSG00000117155	SSX2IP
chr18	46783380	46906128	122749	-	0.167	-1.79574541495428	4.96434580170976e-06	2.11649089747412e-05	ENSG00000141627	DYM
chr7	74119496	74131270	11775	+	0.024	2.37409781849369	5.01733777457934e-06	2.13451271563835e-05	ENSG00000263001	GTF2I
chr5	107684100	107703654	19555	-	0.434	-1.62285311327133	5.14121388530295e-06	2.18254943403799e-05	ENSG00000145743	FBXL17
chr1	211256122	211280719	24598	-	0.25	-2.35121324554487	5.40491989688836e-06	2.28961606695845e-05	ENSG00000143473	KCNH1
chr9	20715321	20770237	54917	+	0.303	-2.06175728336532	5.45448908268022e-06	2.30570865469561e-05	ENSG00000188352	FOCAD
chr10	116879949	117001514	121566	+	0.179	-2.8685635678681	5.54199965136748e-06	2.33703679427707e-05	ENSG00000107518	ATRNL1
chr3	62431440	62467544	36105	-	0.083	-1.94758194097034	5.55207636209469e-06	2.33703679427707e-05	ENSG00000163618	CADPS
chr15	68434284	68457142	22859	+	0.261	-1.53855607371379	5.67601066633532e-06	2.38141950826839e-05	ENSG00000033800	PIAS1
chr1	211952260	211966532	14273	-	0.658	-1.91137216725721	5.68143780224754e-06	2.38141950826839e-05	ENSG00000123684	LPGAT1
chr11	128932175	128936763	4589	-	0.203	-1.66601176811558	5.70757609786028e-06	2.38389460125268e-05	ENSG00000134909	ARHGAP32
chr9	114289548	114296633	7086	+	0.245	-1.93906760425575	5.71128942640647e-06	2.38389460125268e-05	ENSG00000173258	ZNF483
chr9	35546427	35548532	2106	+	0.209	-2.05673800154585	5.83518235901548e-06	2.43051214995812e-05	ENSG00000198853	RUSC2
chr10	116247717	116251637	3921	-	0.089	-2.75198086328842	6.20710589729012e-06	2.58003086461474e-05	ENSG00000099204	ABLIM1
chr7	139415731	139416814	1084	-	0.071	1.7237449385829	6.37952370302683e-06	2.64617326931801e-05	ENSG00000064393	HIPK2
chr1	95609447	95639445	29999	+	0.314	-2.2723865095246	6.45176902467955e-06	2.67057632601601e-05	ENSG00000152078	TLCD4
chr18	22901972	22907412	5441	-	0.219	-3.55921620622591	6.50821514764763e-06	2.68835194169428e-05	ENSG00000198795	ZNF521
chr10	64148155	64159552	11398	+	0.08	-1.97958332354784	6.69627895638495e-06	2.76030877891562e-05	ENSG00000138311	ZNF365
chr6	152650865	152653025	2161	-	0.364	-2.76025006486268	6.7189960125381e-06	2.76127699997117e-05	ENSG00000131018	SYNE1
chr13	110827687	110829071	1385	-	0.053	7.0678702324392	6.72636536909099e-06	2.76127699997117e-05	ENSG00000187498	COL4A1
chr10	69726440	69773943	47504	-	0.14	-2.00357501802251	6.93498314442114e-06	2.84105996718981e-05	ENSG00000148634	HERC4
chr3	56658507	56707753	49247	-	0.206	-2.27804314915967	7.50342116342923e-06	3.06762043868328e-05	ENSG00000163946	TASOR
chr1	21295967	21308901	12935	-	0.137	-2.11214435015641	7.57992240916218e-06	3.09254621242662e-05	ENSG00000075151	EIF4G3
chr18	18571137	18600200	29064	-	0.486	-2.62083197417268	7.6252648405636e-06	3.099550225974e-05	ENSG00000067900	ROCK1
chr4	1219148	1235307	16160	-	0.101	-2.30349813387978	7.62822506643525e-06	3.099550225974e-05	ENSG00000159692	CTBP1
chr19	5604594	5604947	354	-	0.113	2.12133437174626	7.70374404361727e-06	3.1238603647336e-05	ENSG00000130254	SAFB2
chr6	151669846	151674887	5042	+	0.4	-2.61089005180719	7.83934382959835e-06	3.17238487088015e-05	ENSG00000131016	AKAP12
chr17	26449629	26499644	50016	+	0.252	-2.20743309493365	7.97163066548076e-06	3.21937457504507e-05	ENSG00000087095	NLK
chr15	49528048	49531564	3517	+	0.2	2.29380082623596	8.03679182976118e-06	3.23911994596245e-05	ENSG00000156958	GALK2
chr6	42582809	42600642	17834	+	0.234	-2.15423254167834	8.05471033197266e-06	3.23978348908234e-05	ENSG00000024048	UBR2
chr7	104707174	104731761	24588	+	0.327	-2.43056039031704	8.18159070065806e-06	3.28418288004238e-05	ENSG00000005483	KMT2E
chr17	19921300	20013875	92576	+	0.465	-3.05175304497425	8.21511396221482e-06	3.29100440619109e-05	ENSG00000128487	SPECC1
chr1	247318868	247323115	4248	-	0.706	2.11204120181191	8.2503064843135e-06	3.29846590567634e-05	ENSG00000196418	ZNF124
chr19	23316882	23318845	1964	+	0.444	3.59422989381417	8.28484700711357e-06	3.3056373529385e-05	ENSG00000183850	ZNF730
chr7	94047043	94049596	2554	-	0.021	6.901416832095	8.33566787135646e-06	3.31904283094553e-05	ENSG00000164692	COL1A2
chr12	124904503	124915333	10831	-	0.318	-2.21104414610031	8.35546608944992e-06	3.31904283094553e-05	ENSG00000196498	NCOR2
chr2	106761646	106782539	20894	-	0.54	-1.33576980722364	8.36845555567381e-06	3.31904283094553e-05	ENSG00000115652	UXS1
chr13	20632715	20641530	8816	+	0.072	-1.94326113101018	8.88245894762908e-06	3.51589975441938e-05	ENSG00000121741	ZMYM2
chr2	221618333	221720593	102261	+	0.333	-2.15955251455284	8.95769186348498e-06	3.53864375003941e-05	n/a	
chr18	8718422	8720494	2073	+	0.671	-2.30086673275553	9.12053892848623e-06	3.59584019932992e-05	ENSG00000168502	MTCL1
chr9	88190230	88211364	21135	-	0.205	-2.19712294199436	9.23941952632294e-06	3.63551072666185e-05	ENSG00000135049	AGTPBP1
chr13	26343184	26349097	5914	+	0.311	-1.81520190142811	9.40897277599772e-06	3.69492402307918e-05	ENSG00000132932	ATP8A2
chr4	56319221	56322467	3247	-	0.308	-2.02079902034237	9.62384453586143e-06	3.77186505332679e-05	ENSG00000134852	CLOCK
chr3	71733723	71777774	44052	-	0.204	-2.43202071076521	9.78759213797112e-06	3.82305197246853e-05	ENSG00000163412	EIF4E3
chr5	137093556	137094709	1154	-	0.8	-1.95153825058559	9.79285035639855e-06	3.82305197246853e-05	n/a	
chr6	71442081	71508440	66360	+	0.173	-2.2861900011313	9.84046366726709e-06	3.83412194941855e-05	ENSG00000112305	SMAP1
chr2	50699436	50847321	147886	-	0.049	-1.86136988950188	9.97499478165012e-06	3.87894816606746e-05	ENSG00000179915	NRXN1
chr1	84644860	84650865	6006	+	0.018	-2.10284802751519	1.00162561197924e-05	3.88740076696038e-05	ENSG00000142875	PRKACB
chr12	72956633	72969322	12690	+	0.167	-2.18288835266356	1.03047468929107e-05	3.99158581007496e-05	ENSG00000072657	TRHDE
chr7	16415717	16445962	30246	-	0.596	-2.20484477452997	1.04092753212586e-05	4.02424605138365e-05	ENSG00000214960	CRPPA
chr2	163360953	163374668	13716	-	0.391	-2.00285031974301	1.0786135618178e-05	4.16185969298303e-05	ENSG00000184611	KCNH7
chr16	18851020	18853776	2757	-	0.043	-2.12006927746818	1.08664717747444e-05	4.17830154941025e-05	ENSG00000157106.12	
chr14	93934017	93963632	29616	+	0.312	-2.19761463745059	1.08707192495957e-05	4.17830154941025e-05	ENSG00000133958	UNC79
chr11	18010144	18029623	19480	-	0.125	-1.84555776944158	1.09155733929172e-05	4.18745792394956e-05	ENSG00000129158	SERGEF
chr1	95609447	95616975	7529	+	0.514	-1.69610641891224	1.10716671764881e-05	4.23174771678666e-05	ENSG00000152078	TLCD4
chr1	78183552	78191447	7896	-	0.095	-2.13733669058974	1.1082009830375e-05	4.23174771678666e-05	ENSG00000077254	USP33
chr7	14613837	14712652	98816	-	0.388	-2.254642203257	1.10947880872056e-05	4.23174771678666e-05	ENSG00000136267	DGKB
chr10	28872328	28884970	12643	+	0.176	-2.33138233661271	1.11369282103774e-05	4.23969867435208e-05	ENSG00000095787	WAC
chr1	243809195	244006584	197390	-	0.006	-2.03299208432045	1.11712265252927e-05	4.24463969691943e-05	ENSG00000117020	AKT3
chrX	120224253	120298011	73759	+	0.429	-2.24763277008132	1.12775923410403e-05	4.27689263828787e-05	n/a	
chr18	76856476	76914555	58080	+	0.333	-1.78242942182941	1.14057926896901e-05	4.31537291178364e-05	ENSG00000166377	ATP9B
chr9	86292642	86301070	8429	-	0.084	-1.62296697255546	1.14224084606227e-05	4.31537291178364e-05	ENSG00000135018	UBQLN1
chr6	99887645	99913012	25368	-	0.493	-2.19183054395261	1.16910081629047e-05	4.40472910881994e-05	ENSG00000123552	USP45
chr20	58426623	58436553	9931	+	0.808	-2.57496571875783	1.17031727702951e-05	4.40472910881994e-05	n/a	
chr9	79996892	80022523	25632	+	0.432	-1.71126850747563	1.21210329473281e-05	4.55339181096798e-05	ENSG00000197969	VPS13A
chr21	17135210	17138460	3251	+	0.129	2.08054699039436	1.22538410580583e-05	4.59461347393484e-05	ENSG00000155313	USP25
chr2	230638813	230653656	14844	-	0.101	-2.12948563457033	1.26889045543499e-05	4.74879867814109e-05	ENSG00000153827	TRIP12
chr7	91924203	91957214	33012	+	0.533	-1.29543891692658	1.29410413131188e-05	4.82893243884083e-05	ENSG00000001629	ANKIB1
chr2	72945232	72968598	23367	-	0.258	-2.3681539549888	1.29515315034706e-05	4.82893243884083e-05	ENSG00000144036	EXOC6B
chr2	58275962	58316858	40897	+	0.553	-2.23607873663861	1.30198308830452e-05	4.84532397909216e-05	ENSG00000028116	VRK2
chr12	31595709	31600703	4995	-	0.211	-1.87201832214997	1.31601605109427e-05	4.88841036889683e-05	ENSG00000170456	DENND5B
chr12	22646157	22659753	13597	-	0.144	-1.79047886541219	1.33817353276514e-05	4.96145903861341e-05	ENSG00000111731	C2CD5
chr22	46096162	46136418	40257	+	0.272	-2.48482252284778	1.3461680070625e-05	4.98182249453797e-05	ENSG00000130638	ATXN10
chr5	147928231	147929825	1595	-	0.5	-2.26934745663006	1.3652712800037e-05	5.04314493225857e-05	ENSG00000164270	HTR4
chr10	45953233	45959775	6543	-	0.278	-2.43825091852986	1.39696363535832e-05	5.15065666296003e-05	ENSG00000165406	MARCHF8
chr10	97141442	97170534	29093	-	0.059	2.53306789070689	1.44458825199202e-05	5.31640519356029e-05	ENSG00000095637	SORBS1
chr3	55922417	56026278	103862	-	0.138	-2.46317326480113	1.52192053335022e-05	5.59067118431789e-05	ENSG00000187672	ERC2
chr5	102432245	102433485	1241	-	0.353	-1.69593567748996	1.53838181705815e-05	5.64073332921323e-05	ENSG00000145723	GIN1
chr11	103173822	103194718	20897	+	0.414	-1.59905376239183	1.5745951593729e-05	5.76290250424896e-05	ENSG00000187240	DYNC2H1
chr9	20923659	20933131	9473	+	0.4	-1.7580233767314	1.64714884025417e-05	6.01738227696522e-05	ENSG00000188352	FOCAD
chr7	77755011	77814987	59977	-	0.356	-1.65716304439732	1.70464595884085e-05	6.21602583159732e-05	ENSG00000187391	MAGI2
chr6	155095123	155116273	21151	+	0.521	-1.51846660955104	1.72494604460258e-05	6.27855132505255e-05	ENSG00000213079	SCAF8
chr7	73114708	73115261	554	-	0.289	-2.02773222232595	1.76262207758655e-05	6.40214111329869e-05	ENSG00000106089	STX1A
chr5	56526673	56527148	476	+	0.087	-2.26524977674606	1.76533172837819e-05	6.40214111329869e-05	ENSG00000062194	GPBP1
chr4	183522077	183550042	27966	+	0.156	-1.91286089590448	1.7808721271119e-05	6.44675710014507e-05	ENSG00000218336	TENM3
chr3	18419662	18462483	42822	-	0.4	-2.42271501870898	1.79213645298532e-05	6.47575985098688e-05	ENSG00000182568	SATB1
chr1	220771673	220792097	20425	+	0.125	-1.95845851866167	1.8454272917697e-05	6.65624227882877e-05	ENSG00000116141	MARK1
chrX	134679348	134686071	6724	+	0.542	-2.02354795582542	1.87605822165648e-05	6.75448810003265e-05	ENSG00000165359	INTS6L
chr4	151124947	151161027	36081	+	0.04	-2.74894629617935	1.92379200817014e-05	6.91384456365838e-05	ENSG00000170390	DCLK2
chr9	86274695	86301070	26376	-	0.386	-1.63806099447533	1.93162768714733e-05	6.92949680200062e-05	n/a	
chr7	104702611	104722244	19634	+	0.233	-1.87852276993058	1.99299005027781e-05	7.13676832752361e-05	ENSG00000005483	KMT2E
chr15	43120126	43170882	50757	-	0.156	-1.79470498055271	2.06555987544788e-05	7.38335675406955e-05	ENSG00000128881	TTBK2
chr8	29959414	29962002	2589	+	0.07	2.56880365899079	2.08457443509937e-05	7.43797078903737e-05	ENSG00000104660	LEPROTL1
chr18	8714137	8720494	6358	+	0.434	-2.21767115984099	2.11457174482722e-05	7.53150687647761e-05	ENSG00000168502	MTCL1
chr4	177070958	177073118	2161	+	0.22	-2.08427430226825	2.1512386733736e-05	7.64842178336934e-05	ENSG00000150627	WDR17
chr6	17507400	17514185	6786	+	0.065	-2.23564319237474	2.15552217757771e-05	7.64999047336405e-05	ENSG00000112186	CAP2
chr10	72604230	72619256	15027	+	0.553	-1.77494857937962	2.29773808237971e-05	8.1402073345516e-05	ENSG00000166224	SGPL1
chr2	32602656	32631625	28970	+	0.151	-1.7251563625284	2.41018751955198e-05	8.52341625475664e-05	ENSG00000115760	BIRC6
chr3	43591212	43607219	16008	-	0.333	-1.59388666963741	2.4194404861298e-05	8.54096809908589e-05	ENSG00000160746	ANO10
chr10	84711225	84745103	33879	+	0.294	-2.10429989940851	2.42856491975484e-05	8.54882993186336e-05	ENSG00000185737	NRG3
chr19	30462100	30503438	41339	+	0.114	-2.51044982569483	2.43025501829968e-05	8.54882993186336e-05	ENSG00000105176	URI1
chr7	8043538	8099878	56341	+	0.659	-2.36856225599042	2.45064145500911e-05	8.60533886582563e-05	ENSG00000106415	GLCCI1
chr21	30693542	30702014	8473	+	0.74	-1.10321554234949	2.52323809619514e-05	8.84466029845867e-05	ENSG00000156273	BACH1
chr20	34300941	34313077	12137	-	0.478	-1.51277763068688	2.54092842776667e-05	8.89101669540148e-05	ENSG00000131051	RBM39
chr14	57051719	57103316	51598	+	0.476	-1.87950786166593	2.54873040002659e-05	8.90267057272446e-05	ENSG00000070269	TMEM260
chr8	18656805	18662408	5604	-	0.468	1.27191373039481	2.58869331032832e-05	9.0264244848751e-05	ENSG00000156011	PSD3
chr7	91924203	91948826	24624	+	0.331	-1.90420202033681	2.62845827407177e-05	9.13603368247569e-05	ENSG00000001629	ANKIB1
chr1	21295967	21307720	11754	-	0.065	2.26721718105387	2.6293055248913e-05	9.13603368247569e-05	ENSG00000075151	EIF4G3
chr15	52338027	52342334	4308	+	0.138	-1.89696511964517	2.6685526238535e-05	9.2562513485929e-05	ENSG00000069956	MAPK6
chr3	196807922	196846401	38480	-	0.124	-1.77515952831647	2.68017005697016e-05	9.28038014509147e-05	ENSG00000075711	DLG1
chr12	44136260	44142412	6153	-	0.258	-1.99081678487177	2.68507118778339e-05	9.281209609161e-05	ENSG00000129317	PUS7L
chr11	118451961	118455359	3399	+	0.184	-1.9957542473631	2.71537162847561e-05	9.36967922408137e-05	ENSG00000095139	ARCN1
chr6	73001637	73023375	21739	+	0.005	-2.98308030661449	2.76624706810062e-05	9.52871611174451e-05	ENSG00000079841	RIMS1
chr10	16794538	16824083	29546	-	0.327	-1.74631741672138	2.77204730285433e-05	9.53220411050599e-05	ENSG00000148484	RSU1
chr10	103427643	103436193	8551	-	0.658	-1.21812208856129	2.79540219382902e-05	9.59594097916133e-05	ENSG00000107829	FBXW4
chr11	46515158	46534363	19206	-	0.323	-2.21169203231249	2.84974594713494e-05	9.76565263467414e-05	ENSG00000110497	AMBRA1
chr14	66028055	66028484	430	+	0.669	-2.15763202185422	2.8802669790075e-05	9.85328445911328e-05	ENSG00000033170	FUT8
chr14	93760204	93762503	2300	-	0.75	-1.90585834762452	2.93362126446164e-05	0.000100185933748596	ENSG00000011114	BTBD7
chrX	17121841	17157084	35244	+	0.234	-2.2802028236719	2.96879033918387e-05	0.000101147271581243	ENSG00000169891	REPS2
chr1	51121114	51210447	89334	-	0.218	-1.99965638520026	2.9719313849838e-05	0.000101147271581243	ENSG00000185104	FAF1
chr11	33572586	33573787	1202	+	0.071	-2.14939746516657	2.98877810558944e-05	0.000101547051334959	ENSG00000110427	KIAA1549L
chr2	136505837	136530117	24281	+	0.389	-1.9161817079759	3.03740461382992e-05	0.000103023383068746	ENSG00000144224	UBXN4
chr10	76598441	76603236	4796	+	0.754	-1.84958433893091	3.06077591242085e-05	0.000103639538122958	ENSG00000156650	KAT6B
chr4	156617908	156643344	25437	+	0.113	-2.03566077967784	3.09909745123627e-05	0.000104750793458391	ENSG00000164116	GUCY1A1
chr7	156549087	156619438	70352	-	0.099	-1.93431614661684	3.10411693322203e-05	0.000104750793458391	ENSG00000105983	LMBR1
chr14	67736418	67770316	33899	+	0.267	-1.43135095631088	3.19771104896758e-05	0.000107726610803628	ENSG00000072415	MPP5
chr1	233270759	233344435	73677	-	0.085	-1.91170664125213	3.2704192556061e-05	0.000109989944897158	ENSG00000135749	PCNX2
chr6	54013854	54067031	53178	+	0.743	-2.83978171934162	3.38467187748974e-05	0.000113640500979462	ENSG00000146147	MLIP
chr8	105080740	105161076	80337	+	0.765	-2.58875517376009	3.50165916870071e-05	0.000117370427691635	ENSG00000176406	RIMS2
chr10	103916776	103917971	1196	+	0.194	-1.74916087952308	3.51242272353524e-05	0.000117533338530398	ENSG00000166197	NOLC1
chr1	118003111	118045592	42482	+	0.209	-2.2234370557374	3.57195674599096e-05	0.000119324930893758	ENSG00000198162	MAN1A2
chr6	109175428	109197553	22126	+	0.6	-1.76505606510818	3.64985962600577e-05	0.000121723124210678	ENSG00000118690	ARMC2
chr14	31596991	31641328	44338	-	0.347	-2.66921520908598	3.66205463843679e-05	0.000121925598413506	ENSG00000092148	HECTD1
chr10	15858834	15889942	31109	-	0.696	-1.51090035756032	3.71035529285253e-05	0.000123327502304998	ENSG00000148481	MINDY3
chr6	137015278	137019820	4543	-	0.256	-1.77843677089143	3.72160203531922e-05	0.000123495160872009	ENSG00000197442	MAP3K5
chr9	103204188	103204638	451	+	0.278	-1.93410641569182	3.72844674139502e-05	0.000123516430318094	ENSG00000066697	MSANTD3
chr8	19249093	19260648	11556	-	0.714	-2.21904206020908	3.7353352679181e-05	0.000123539078379152	n/a	
chr5	109049221	109125228	76008	+	0.4	-2.10709067589012	3.74277012035563e-05	0.000123579690043583	ENSG00000112893	MAN2A1
chr5	113740135	113740553	419	+	0.934	-2.36388859145118	3.78097974431443e-05	0.00012463461375712	ENSG00000080709	KCNN2
chr12	91069070	91073722	4653	+	0.4	-1.99756104619271	3.83392351464804e-05	0.000126170937482054	ENSG00000286021	LINC02822
chr5	36211946	36227667	15722	-	0.133	-1.87945521579245	3.89868517720131e-05	0.000128072737224882	ENSG00000152620	NADK2
chr18	9583115	9595151	12037	-	0.721	-1.61088844094295	3.90457817656972e-05	0.000128072737224882	ENSG00000154845	PPP4R1
chr18	54426096	54448887	22792	+	0.398	-2.05159984279128	3.94245083182132e-05	0.000129102296153886	ENSG00000091157	WDR7
chr6	70447834	70500364	52531	-	0.05	-1.87383763753547	4.05727647058836e-05	0.000132644293151747	ENSG00000168216	LMBRD1
chr1	84644860	84680000	35141	+	0.075	-1.80063281565378	4.07326149913634e-05	0.000132948584340663	ENSG00000142875	PRKACB
chr19	9763629	9771550	7922	-	0.353	-1.72886376666949	4.23123033631487e-05	0.00013787855318499	ENSG00000171466	ZNF562
chr5	179688684	179707608	18925	-	0.342	-1.86454283735816	4.27037961265161e-05	0.00013892689230048	ENSG00000050748	MAPK9
chr8	41832222	41845081	12860	-	0.113	-2.09218297413041	4.28537394627866e-05	0.000139187267977827	ENSG00000083168	KAT6A
chr3	37315027	37343823	28797	+	0.149	-2.25341788591859	4.32755295780343e-05	0.000140328305195222	ENSG00000144674	GOLGA4
chr5	88201026	88261732	60707	+	0.483	-1.7677971731866	4.36154349474443e-05	0.00014120053817945	ENSG00000248309	MEF2C-AS1
chr1	104070317	104095939	25623	+	0.296	-2.14112906127301	4.42723159101173e-05	0.000143094449638058	ENSG00000185946	RNPC3
chr17	49294695	49302570	7876	-	0.417	-1.87167462360958	4.50288152728892e-05	0.000145303681050766	ENSG00000011258	MBTD1
chr8	72211282	72246409	35128	-	0.545	2.80986944330971	4.70138714007997e-05	0.000151463783105165	ENSG00000104313	EYA1
chr15	50330965	50399205	68241	-	0.565	-1.83970892542938	4.80854709302672e-05	0.000154646998493227	ENSG00000104043	ATP8B4
chr12	88898936	88939642	40707	-	0.214	-2.07851718492764	4.81572772806633e-05	0.000154646998493227	ENSG00000049130	KITLG
chr10	112356156	112358048	1893	+	0.46	-1.30208640371898	4.83311624969695e-05	0.000154955466234245	ENSG00000108055	SMC3
chr2	201721405	201722812	1408	-	0.041	-2.02025579975104	4.94784309677156e-05	0.000158378707486691	ENSG00000013441	CLK1
chr7	22306583	22357656	51074	-	0.253	-2.06060114804091	4.96041334816434e-05	0.00015852621149591	ENSG00000136237	RAPGEF5
chr6	79752560	79770535	17976	-	0.412	-1.53343407351955	5.04836037284734e-05	0.000161078293306716	ENSG00000146247	PHIP
chr14	45478116	45501579	23464	+	0.063	-2.01395863167661	5.10002917275812e-05	0.000162466529327383	ENSG00000198718	TOGARAM1
chr2	200188526	200246543	58018	-	0.047	-1.91361672118862	5.1255643298106e-05	0.000163019146655797	ENSG00000119042	SATB2
chr5	142434004	142513670	79667	+	0.166	-1.62423331589039	5.16425511781691e-05	0.000163987750232432	ENSG00000145819	ARHGAP26
chr6	143792098	143795993	3896	+	0.607	-1.9485006916878	5.18960068763372e-05	0.000164530174666859	ENSG00000034693	PEX3
chr6	62362160	62407158	44999	-	0.718	-2.824977001485	5.21118205887626e-05	0.000164951724629931	n/a	
chr9	79829245	79842401	13157	+	0.349	-1.69555752064354	5.31289869819108e-05	0.000167904465207912	ENSG00000197969	VPS13A
chr12	101316004	101336313	20310	+	0.273	-1.74214849578647	5.35912160474293e-05	0.000169096848098941	ENSG00000151572	ANO4
chr6	62362160	62390965	28806	-	0.167	-2.15570471178211	5.41785874420143e-05	0.000170679695564953	n/a	
chr14	66188493	66210193	21701	+	0.186	-1.99635526910834	5.46691296796276e-05	0.00017195298134619	ENSG00000033170	FUT8
chr10	117221451	117309046	87596	+	0.081	-2.4099190891253	5.52561939803644e-05	0.000173525366269567	ENSG00000107518	ATRNL1
chr1	117944808	118009049	64242	+	0.183	-1.62892291942773	5.54413220284449e-05	0.000173832554580526	ENSG00000198162	MAN1A2
chr13	76195899	76301234	105336	+	0.625	-1.90824283893536	5.60542251116009e-05	0.000175267939669227	ENSG00000261553	
chr12	42745687	42792796	47110	+	0.281	-1.5314535085031	5.60751770815155e-05	0.000175267939669227	ENSG00000134283	PPHLN1
chr1	245006437	245012158	5722	-	0.136	-2.58775374222253	5.69392434058795e-05	0.000177689707870072	ENSG00000153187	HNRNPU
chr13	101997617	102051516	53900	-	0.422	-2.0007475221259	5.71898209719287e-05	0.000178192384280298	ENSG00000102452	NALCN
chr10	21157593	21188379	30787	-	0.417	-1.83947537825846	5.86442035863086e-05	0.000182438452094282	ENSG00000078114	NEBL
chr1	78267016	78280916	13901	+	0.271	-1.58668930479721	5.88319397818084e-05	0.000182736961163152	ENSG00000180488	MIGA1
chrX	10031485	10066619	35135	+	0.615	-1.79048936343378	5.94069333944401e-05	0.000184235520854097	ENSG00000047644	WWC3
chr11	46098305	46113774	15470	-	0.865	-1.49317533928132	6.10562867483826e-05	0.000189056091626796	ENSG00000135365	PHF21A
chr2	223765392	223773868	8477	+	0.091	-1.95723602743732	6.12385945165866e-05	0.000189326151680938	ENSG00000123983	ACSL3
chr2	30748453	30756180	7728	+	0.292	-1.45870963467823	6.41645722288823e-05	0.000198064594275511	ENSG00000172954	LCLAT1
chr12	111991962	111993723	1762	-	0.295	1.68110178378416	6.64682996150503e-05	0.000204858180392516	ENSG00000204842	ATXN2
chr5	86627165	86633908	6744	+	0.151	-1.7304599140359	6.6948314775872e-05	0.000206018693537498	ENSG00000145715	RASA1
chr17	28811232	28847039	35808	+	0.242	-2.45765575743266	6.81923779755519e-05	0.000209523186032907	ENSG00000108587	GOSR1
chr6	7176888	7189555	12668	+	0.462	2.42633925937941	6.89077189678502e-05	0.000211143291605054	ENSG00000124782	RREB1
chr2	32703703	32718734	15032	+	0.093	-1.69171496207099	6.89317627038097e-05	0.000211143291605054	ENSG00000115760	BIRC6
chr18	29691717	29693823	2107	+	0.267	2.8505536452786	6.9071766255992e-05	0.000211247137658495	ENSG00000134758	RNF138
chr4	52729603	52758017	28415	+	0.614	-1.65274271450134	6.92789884176658e-05	0.000211555929355173	ENSG00000109184	DCUN1D4
chr8	101271335	101300495	29161	-	0.204	-1.82063646809891	7.05684184008151e-05	0.000215163431908151	ENSG00000034677	RNF19A
chr16	17448956	17451907	2952	-	0.526	-1.95955120524224	7.20689973705154e-05	0.000219402712178434	ENSG00000103489	XYLT1
chr9	20819795	20885229	65435	+	0.165	-2.1570260553004	7.30073381259101e-05	0.000221920015585782	ENSG00000188352	FOCAD
chr4	2986240	3031136	44897	+	0.898	-1.76490288544752	7.33822720354826e-05	0.000222719670156472	ENSG00000125388	GRK4
chr4	118974911	119036115	61205	+	0.209	-1.79138614458824	7.68533815500138e-05	0.000232899669202553	ENSG00000164100	NDST3
chr12	102173930	102183835	9906	-	0.176	-1.88574865989146	7.98980198997626e-05	0.000241529659689925	ENSG00000111670	GNPTAB
chr11	77404552	77413540	8989	-	0.101	-2.33297336162287	7.99437698320746e-05	0.000241529659689925	ENSG00000048649	RSF1
chr1	200729967	200784772	54806	+	0.255	-1.71339510576598	8.10194453999197e-05	0.000244408660289758	ENSG00000118200	CAMSAP2
chr7	22330794	22357656	26863	-	0.563	-2.35412260620922	8.4914495139956e-05	0.000255771194892061	ENSG00000136237	RAPGEF5
chr9	20715321	20789607	74287	+	0.326	-1.93330408906535	8.82573528109966e-05	0.000265438654753314	ENSG00000188352	FOCAD
chr7	37988442	37989994	1553	+	0.123	-2.25880205351212	9.40763767194765e-05	0.00028251292013345	ENSG00000086289	EPDR1
chr9	6849507	6893232	43726	+	0.172	-1.94528531446941	9.53419469095148e-05	0.000285882253459102	ENSG00000107077	KDM4C
chrX	6069036	6069812	777	-	0.275	-1.66689686799909	9.72007234644814e-05	0.000291017504387643	ENSG00000146938	NLGN4X
chr2	236649607	236659132	9526	+	0.204	-2.46837050849108	9.76313203221675e-05	0.000291867805948101	ENSG00000157985	AGAP1
chr4	20706089	20715162	9074	+	0.34	-1.98697390866721	9.86126055341689e-05	0.000294359366744423	ENSG00000163138	PACRGL
chr8	62593527	62596747	3221	-	0.059	1.61732891570051	9.93362763358065e-05	0.000296075638000885	ENSG00000198363	ASPH
chr7	66456124	66459328	3205	-	0.119	-1.65593381106855	9.98387062994739e-05	0.00029712834714836	ENSG00000126524	SBDS
chr20	40141485	40162209	20725	-	0.192	-1.59306446436294	0.000104500401229962	0.000310112760042435	ENSG00000124177	CHD6
chr3	35721279	35732497	11219	+	0.245	-1.84121533100646	0.000104513140124798	0.000310112760042435	ENSG00000172995	ARPP21
chr2	191765290	191796363	31074	+	0.051	-2.25339504305449	0.000108044873172617	0.000320115092986133	ENSG00000115419	GLS
chrX	120224253	120319697	95445	+	0.556	-1.76583286177078	0.000108339435293664	0.000320510870237274	n/a	
chr5	127449904	127477673	27770	+	0.094	-1.82064782280621	0.000113091234052715	0.000333907713147375	ENSG00000064651	SLC12A2
chr10	94653106	94679807	26702	+	0.186	-2.01282031923679	0.000113203267892756	0.000333907713147375	ENSG00000138190	EXOC6
chr1	38332131	38339760	7630	-	0.519	-2.47749299411636	0.000113426541046775	0.000334071365716166	ENSG00000204084	INPP5B
chr9	86294690	86301070	6381	-	0.175	-1.63244369626395	0.000116201249110295	0.000341738090071785	ENSG00000135018	UBQLN1
chr2	40387905	40405633	17729	-	0.095	-1.6284398763933	0.000117779852744125	0.000345869744562763	ENSG00000183023	SLC8A1
chr2	128520636	128528578	7943	-	0.098	-1.87720281565546	0.000120105653589808	0.000352180200732411	ENSG00000136709	WDR33
chr18	19345733	19359646	13914	+	0.697	-1.69310419356119	0.000120764524585906	0.000353591424191969	ENSG00000101752	MIB1
chr20	46252655	46262380	9726	+	0.302	-1.33009763307269	0.000121078327458199	0.000353716260604925	ENSG00000124151	NCOA3
chr6	136704809	136710655	5847	-	0.269	-2.22885022460898	0.000121162476008317	0.000353716260604925	ENSG00000135525	MAP7
chrX	79962926	79975155	12230	-	0.581	-1.58201549454327	0.000121495115928209	0.000354168046578424	ENSG00000165288	BRWD3
chr15	71211389	71276596	65208	+	0.196	-1.96866887425901	0.000121760041246701	0.000354421406611376	ENSG00000137821	LRRC49
chr19	37117032	37118448	1417	+	0.36	-1.89575888618796	0.000122388823064125	0.000355731601052078	ENSG00000161298	ZNF382
chr6	136472298	136476896	4599	+	0.5	-2.2705792891801	0.000122648281058866	0.000355966075201462	ENSG00000171408	PDE7B
chr1	44877653	44878394	742	+	0.375	2.0145081088526	0.000124626850589506	0.000361182037152411	ENSG00000187147	RNF220
chr7	65592691	65599361	6671	+	0.176	2.3254875044233	0.000125386254054467	0.000362854697416342	ENSG00000249319	
chr5	109103236	109159538	56303	+	0.256	-2.09215894267273	0.000126032582065679	0.00036419574875583	ENSG00000112893	MAN2A1
chr16	29917109	29917448	340	+	0.444	-2.18799236151352	0.000128908314207978	0.000371965874765339	ENSG00000174939	ASPHD1
chr12	99192712	99225914	33203	-	0.095	-1.91510633128125	0.000129627741464037	0.000373500482279157	ENSG00000185046	ANKS1B
chr6	62316195	62407158	90964	-	0.381	-1.96026406090433	0.000130698471392444	0.000376041411188375	n/a	
chr18	48189277	48190874	1598	+	0.308	-1.70057666288463	0.000131895632284998	0.000378938245136263	ENSG00000141639	MAPK4
chr3	129546646	129551669	5024	-	0.575	-1.58341687927263	0.0001362648568042	0.000390926988324442	ENSG00000172765	TMCC1
chr15	35207239	35219339	12101	-	0.091	-1.77015723489755	0.000137937600964099	0.000395156494272692	ENSG00000021776	AQR
chr3	169863211	169867032	3822	-	0.3	1.29488350612834	0.000139390523977189	0.000398745019020953	ENSG00000173889	PHC3
chr8	52773405	52773806	402	-	0.38	1.3377439700299	0.000140085538226559	0.000399683211756065	ENSG00000168300	PCMTD1
chr6	102247523	102266358	18836	+	0.136	-2.79984062530472	0.000140119980816541	0.000399683211756065	ENSG00000164418	GRIK2
chr16	48311249	48337216	25968	+	0.07	-1.76122380290484	0.000142887193453109	0.000406993422267726	ENSG00000102910	LONP2
chr10	43650345	43671480	21136	+	0.722	-1.77892251846722	0.000147640313828225	0.000419931235474279	ENSG00000169826	CSGALNACT2
chr10	112723883	112745523	21641	+	0.473	-1.42049708710931	0.000148961290080283	0.000423084063551846	ENSG00000108061	SHOC2
chr14	73614503	73614802	300	+	0.119	1.87648492901602	0.000155105204795027	0.0004399066420896	ENSG00000080815	PSEN1
chr19	18650181	18650530	350	-	0.281	-1.9040574508723	0.000160113309415985	0.000453166735164828	ENSG00000105701	FKBP8
chr11	120343759	120348235	4477	+	0.224	-1.60052502735836	0.000160235751660492	0.000453166735164828	ENSG00000196914	ARHGEF12
chr11	103173822	103229087	55266	+	0.415	-1.67235334493114	0.000162959354711451	0.000460215709546808	ENSG00000187240	DYNC2H1
chr5	83356119	83362425	6307	-	0.125	-1.88374443374915	0.000169168096438569	0.000477073201146162	ENSG00000164176	EDIL3
chr10	32740520	32762951	22432	+	0.521	-1.62663030390582	0.00016946732221406	0.000477241072882876	ENSG00000216937	CCDC7
chr10	61844360	61845011	652	-	0.146	-2.28844155537284	0.000172405891108278	0.000484830690955624	ENSG00000151150	ANK3
chr16	53907698	53968021	60324	+	0.062	-1.34851235371138	0.000173104269806254	0.000486108041162555	ENSG00000140718	FTO
chr4	144464662	144465125	464	+	0.813	-0.889827570415017	0.000174371773503074	0.000488977747950171	ENSG00000153147	SMARCA5
chr3	196846281	196869639	23359	-	0.043	-1.98676316286016	0.000177090091080429	0.000495902069396812	ENSG00000075711	DLG1
chr8	106431372	106573709	142338	+	0.118	-2.05539835385082	0.000179946558652019	0.000503193256005857	ENSG00000169946	ZFPM2
chr6	24416625	24418806	2182	+	0.364	-1.96803237398035	0.000180354154299237	0.000503625695946396	ENSG00000124532	MRS2
chr10	13169745	13178897	9153	+	0.193	-1.660218838513	0.000182614553130745	0.000509223494794558	ENSG00000123240	OPTN
chr10	32854486	32873232	18747	+	0.273	-1.29043633744765	0.000185706963429547	0.000517122467396124	ENSG00000216937	CCDC7
chr9	103261047	103312442	51396	+	0.15	-1.60287219457963	0.000187000571600692	0.000519997399520919	ENSG00000241697	TMEFF1
chr6	62362160	62442669	80510	-	0.279	-1.90083233386918	0.000187991604654816	0.000521671494554327	n/a	
chr4	54292039	54294350	2312	+	0.059	2.30963806948411	0.000188126636408843	0.000521671494554327	ENSG00000145216	FIP1L1
chr6	117010483	117013555	3073	+	0.114	1.20444734292485	0.000189876315079552	0.000525791019921262	ENSG00000196911	KPNA5
chr1	92798948	92846430	47483	+	0.469	-1.26501580252608	0.00019149840803635	0.00052954629222274	ENSG00000122484	RPAP2
chr18	48444480	48466756	22277	+	0.653	-2.21062079789503	0.000192040218008804	0.000530308008398792	ENSG00000082212	ME2
chr3	55922417	55984588	62172	-	0.221	-2.25172523510809	0.000195403535108258	0.000538441964088824	ENSG00000187672	ERC2
chr3	57276884	57282379	5496	+	0.331	-1.35903648846202	0.000195526639897649	0.000538441964088824	ENSG00000157500	APPL1
chr8	141828376	141889736	61361	-	0.074	-2.03952191496128	0.000200581538767401	0.000551599231610354	ENSG00000169398	PTK2
chr2	72945232	72960247	15016	-	0.754	-1.19908946860763	0.000206025220470845	0.000565787881320624	ENSG00000144036	EXOC6B
chr1	155823067	155823597	531	-	0.528	0.959658288081159	0.000211116050968991	0.000578969776142233	ENSG00000116580	GON4L
chr8	133848785	133856563	7779	+	0.55	-1.80938075623477	0.000220002784273441	0.000602511063945559	ENSG00000129292	PHF20L1
chr9	23762004	23765097	3094	-	0.15	-2.09924014173396	0.00022302794482793	0.000609956920539022	ENSG00000107105	ELAVL2
chr22	32874968	32881196	6229	+	0.301	-1.34809633376842	0.000227594056880523	0.000621590901576299	ENSG00000100225	FBXO7
chr15	72300167	72320134	19968	-	0.171	-1.84876164666271	0.000229667781685376	0.000626395278541896	ENSG00000066933	MYO9A
chr1	40654727	40668286	13560	+	0.517	-1.36637466147397	0.000231350508995534	0.000630121564172514	ENSG00000117000	RLF
chr2	168869144	168873605	4462	-	0.209	-1.81523704794751	0.000234833931756562	0.000638735461922561	ENSG00000198648	STK39
chr4	52729603	52765544	35942	+	0.26	-1.27661855144643	0.000235949747747195	0.000640894880988629	ENSG00000109184	DCUN1D4
chr1	76205665	76216231	10567	+	0.142	-1.88398460500101	0.000243166156577201	0.000659596481941698	ENSG00000117054	ACADM
chr12	52139687	52145377	5691	+	0.087	-1.73536280161095	0.000246907644199576	0.000667884001356678	ENSG00000196876.9	
chr5	79745410	79770649	25240	+	0.617	-1.83907733853984	0.000246943381519414	0.000667884001356678	ENSG00000039319	ZFYVE16
chr20	30954187	30959677	5491	+	0.75	1.79945579454055	0.000247227779507721	0.000667884001356678	ENSG00000171456	ASXL1
chr6	158733083	158735300	2218	+	0.624	-1.1288623932069	0.000249702854685708	0.000673656346448842	ENSG00000130338	TULP4
chr5	56542127	56546968	4842	+	0.17	-1.29558796705689	0.000251570145808165	0.000677775589044731	ENSG00000062194	GPBP1
chr16	19627436	19659204	31769	+	0.262	-1.4000416056643	0.000254023269708155	0.000683459905390456	ENSG00000103544	VPS35L
chr14	66028055	66096324	68270	+	0.106	-1.89944354508467	0.000256986607532419	0.000690460936587759	ENSG00000033170	FUT8
chr1	178425856	178436556	10701	+	0.125	-1.80775304747383	0.00025760933137787	0.000690460936587759	ENSG00000075391	RASAL2
chrX	32305646	32366645	61000	-	0.345	-1.60878475559103	0.000257665733744201	0.000690460936587759	ENSG00000198947	DMD
chr18	8113484	8143777	30294	+	0.211	-1.65673602303958	0.000260435727769775	0.000696945610201104	ENSG00000173482	PTPRM
chr2	125530376	125555897	25522	+	0.146	-2.29633186352015	0.000261070146317476	0.000697705585661871	ENSG00000155052	CNTNAP5
chr2	203620261	203624076	3816	+	0.545	-1.62854593773261	0.000262426679361353	0.00070039077561455	ENSG00000138439	FAM117B
chr3	196118684	196129890	11207	-	0.435	1.37437146003143	0.000263135832340148	0.000701343296103392	ENSG00000163960	UBXN7
chr19	58772217	58775042	2826	+	0.537	-2.39094564770461	0.000265675173323975	0.000707164799582932	ENSG00000198131	ZNF544
chr12	112371690	112381173	9484	-	0.723	-1.48874176757519	0.000270740899428209	0.000719686422912634	ENSG00000198270	TMEM116
chr8	95879368	95888717	9350	+	0.4	-1.54451160017155	0.000277719717341118	0.000737253276301555	ENSG00000164941	INTS8
chr21	16386665	16415895	29231	-	0.118	2.29058168362573	0.000282081280772415	0.000747834660476537	ENSG00000180530	NRIP1
chr2	70406664	70409129	2466	-	0.5	-1.82699275782019	0.000282737660210199	0.00074833068129741	ENSG00000115998	C2orf42
chr10	21169723	21188379	18657	-	0.324	-1.73242841372351	0.000283020091922125	0.00074833068129741	ENSG00000078114	NEBL
chr5	22799101	22810818	11718	-	0.941	-1.89838735291276	0.000284013595545669	0.000749961629617277	ENSG00000154162	CDH12
chr15	93552375	93563488	11114	+	0.091	-1.49925276096124	0.000288658537066547	0.000760443270543174	ENSG00000173575	CHD2
chr6	136698893	136710655	11763	-	0.108	-1.83600284344407	0.000288746917393591	0.000760443270543174	ENSG00000135525	MAP7
chr7	70227856	70236630	8775	+	0.571	2.62550869657866	0.000292816327897527	0.000770141755408159	ENSG00000158321	AUTS2
chr17	29061915	29111910	49996	+	0.6	-1.56200435955943	0.000296445558370966	0.000778658452132708	ENSG00000264538	
chr15	50875286	50884823	9538	-	0.233	-1.79956840208336	0.00030281450584254	0.000794339500833329	ENSG00000092439	TRPM7
chr13	101997617	102031004	33388	-	0.172	-1.65991121981478	0.000303581927069379	0.000794468315486314	ENSG00000102452	NALCN
chr8	141840571	141900868	60298	-	0.126	-1.28757760474569	0.000303661671564583	0.000794468315486314	ENSG00000169398	PTK2
chr7	42063067	42088295	25229	-	0.714	2.24303589425202	0.000304847994932552	0.000796525404082298	ENSG00000106571	GLI3
chr8	42202471	42214910	12440	+	0.145	-2.78049515922311	0.000306142343832651	0.000798858986331334	ENSG00000070501	POLB
chr11	22696396	22777499	81104	+	0.9	-1.84255169281506	0.000313580256304894	0.000817196715056341	ENSG00000148935	GAS2
chr10	128192526	128202508	9983	-	0.2	-1.67065022867859	0.000317484483543798	0.000826289682007453	ENSG00000154493	C10orf90
chr15	77759437	77764156	4720	+	0.329	-1.81578706721113	0.000318947804845854	0.000829014464031457	ENSG00000140382	HMG20A
chr12	109046048	109048186	2139	-	0.532	1.07974557869384	0.000323871788783206	0.000840715425641934	ENSG00000110880	CORO1C
chr19	11833769	11836142	2374	-	0.667	-1.72430724823404	0.000327781669952326	0.000849756907389429	ENSG00000197933	ZNF823
chr6	69640451	69666701	26251	+	0.215	-1.72525494145289	0.000333029655866693	0.000862239330078785	ENSG00000135298	ADGRB3
chr15	90760671	90764997	4327	+	0.308	-1.6980382074066	0.000333688806291729	0.000862823913411471	ENSG00000185033	SEMA4B
chr9	88200378	88248289	47912	-	0.205	-1.69761053866678	0.000335946790959106	0.000867535746821764	ENSG00000135049	AGTPBP1
chr12	116534474	116549317	14844	-	0.119	1.74901452041598	0.000336473233108182	0.000867769698339885	ENSG00000123066	MED13L
chr2	148653870	148657467	3598	+	0.789	-1.05618653688191	0.000350428603638951	0.000902591655685836	ENSG00000121989	ACVR2A
chr10	78704531	78729825	25295	-	0.245	-2.05100573932366	0.000358882981052789	0.000923173146351554	ENSG00000156113	KCNMA1
chr18	6237963	6312055	74093	-	0.211	-1.8823848037181	0.000359525667512941	0.000923633037442923	ENSG00000154655	L3MBTL4
chr1	35824526	35827390	2865	+	0.838	-1.11603723964802	0.000365084072716067	0.0009367041092496	ENSG00000146463	ZMYM4
chr12	28458582	28460682	2101	+	0.491	-1.46996806201128	0.000366838429344449	0.000939993967599481	ENSG00000123106	CCDC91
chr2	136360070	136362586	2517	+	0.103	-1.48128122286399	0.000371302152153352	0.000950208978068541	ENSG00000048991	R3HDM1
chr11	64453118	64453419	302	-	0.112	-2.13551863662898	0.000375135701423805	0.000958787139325797	ENSG00000110076	NRXN2
chr19	17387304	17387718	415	+	0.124	1.26429113698706	0.000376013677378889	0.000959799014950472	ENSG00000269307	
chr14	31596991	31602881	5891	-	0.159	-1.55615265865689	0.000378750469124016	0.000965546970583759	ENSG00000092148	HECTD1
chr10	32751611	32873232	121622	+	0.196	-1.74496848981076	0.000383020621120024	0.00097518421566492	ENSG00000216937	CCDC7
chr11	77330651	77340944	10294	-	0.75	-1.20997379993953	0.000387862330698824	0.000986250192109015	ENSG00000074201	CLNS1A
chr1	243708812	243778463	69652	-	0.034	-1.73952095599814	0.000390498098426789	0.000991685859652724	ENSG00000117020	AKT3
chr11	92085262	92088570	3309	+	0.808	-1.47260117557542	0.000396546909053553	0.00100576419863137	ENSG00000165323	FAT3
chr7	33388680	33427756	39077	+	0.276	1.92311330222018	0.000400368960966014	0.00101416615939356	ENSG00000122507	BBS9
chr1	63269390	63307218	37829	+	0.407	-1.5297985175951	0.000407523903624396	0.00103097851603071	ENSG00000125703	ATG4C
chr2	177161588	177202305	40718	+	0.361	-1.60458080797179	0.000408316133991118	0.00103167185631512	ENSG00000128654	MTX2
chr3	49372453	49373029	577	-	0.167	2.01719151190417	0.000421780392181958	0.00106434063477095	ENSG00000114316	USP4
chr9	86279945	86292876	12932	-	0.07	-1.57785652639078	0.000425379717896823	0.00107206458016782	ENSG00000135018	UBQLN1
chr14	31404369	31425448	21080	-	0.241	-1.57269442865985	0.000440579018483151	0.0011089669099873	ENSG00000196792	STRN3
chr14	50262509	50298079	35571	-	0.222	-1.81473863017578	0.000446696554207774	0.00112294550432788	ENSG00000165525	NEMF
chr19	57088081	57089646	1566	+	0.714	-1.92954618086126	0.000448574564687558	0.00112624458801126	ENSG00000197016	ZNF470
chr7	40027198	40102699	75502	+	0.273	-1.4970524647298	0.000451555264739527	0.00113230041825743	ENSG00000065883	CDK13
chr14	50616726	50616948	223	-	0.133	1.30635366167486	0.000455423851132641	0.00114056463849697	ENSG00000100485	SOS2
chr2	154757449	154801152	43704	+	0.266	-1.88543266293512	0.000463880012958606	0.00116028279623189	ENSG00000144278	GALNT13
chr4	15626875	15646331	19457	-	0.09	-1.69436548155979	0.000498044117004843	0.00124417294473857	ENSG00000118564	FBXL5
chr1	41578955	41608784	29830	-	0.273	-1.67157636640316	0.000501674916744782	0.00125167263062514	ENSG00000010803	SCMH1
chr13	100953714	101101559	147846	+	0.188	-1.94457593267632	0.000504804524188	0.00125790464037335	ENSG00000175198	PCCA
chr12	1289706	1299218	9513	+	0.157	-1.63552438882736	0.000509125374777053	0.00126708577647639	ENSG00000082805	ERC1
chr7	158566032	158591763	25732	-	0.265	-1.59940681664207	0.000516495693031794	0.00128382387618764	ENSG00000117868	ESYT2
chr8	478895	481576	2682	-	0.824	-2.01419332689997	0.000517218149064458	0.00128401662691688	ENSG00000180190	TDRP
chr13	28830429	28835595	5167	+	0.321	-1.33413733124627	0.000521151978751296	0.00129217134457513	ENSG00000152520	PAN3
chr18	9204474	9221997	17524	+	0.122	-1.22357661766066	0.000541933033539615	0.00134202570867832	ENSG00000101745	ANKRD12
chr3	47466975	47470160	3186	-	0.291	-1.99349994058797	0.000548272667558926	0.00135603836162711	ENSG00000114650	SCAP
chr16	53289512	53308214	18703	+	0.18	-1.76646540116754	0.000549408331812885	0.00135716127622761	ENSG00000177200	CHD9
chr8	141799573	141889736	90164	-	0.043	-1.6421538519429	0.00055563776442769	0.00137084856130797	ENSG00000169398	PTK2
chr1	155644801	155649303	4503	-	0.566	-0.983713397855441	0.000560094686465088	0.00137971152763007	ENSG00000163374	YY1AP1
chr2	71653590	71654544	955	+	0.118	-1.35559955909141	0.00056061608531026	0.00137971152763007	ENSG00000075292	ZNF638
chr3	155611307	155629068	17762	+	0.105	-1.92181423103334	0.000563058027941173	0.00138401053534676	ENSG00000163655	GMPS
chr1	201821232	201828122	6891	+	0.244	-1.35464593648417	0.000570094751745216	0.00139957910077031	ENSG00000198700	IPO9
chr1	44773982	44804994	31013	-	0.265	-1.3150406037899	0.000575567201149184	0.00141127376537934	ENSG00000117419	ERI3
chr4	129913322	129925031	11710	-	0.716	0.925241151728258	0.000579033281733766	0.00141802615489782	ENSG00000151466	SCLT1
chr1	84644860	84701047	56188	+	0.02	-1.84718530724751	0.000583928994658695	0.00142825875720573	ENSG00000142875	PRKACB
chr12	46622936	46637097	14162	-	0.311	-1.35901963354172	0.000596634542786968	0.001457545245017	ENSG00000111371	SLC38A1
chr10	117185760	117228839	43080	+	0.026	-1.69659966272515	0.000599442809310942	0.00146261107026726	ENSG00000107518	ATRNL1
chr6	42790534	42797910	7377	+	0.208	-1.96337893921601	0.000600481087409813	0.00146335109551155	ENSG00000112624	BICRAL
chr7	14712554	14741355	28802	-	0.075	-1.53334174336799	0.000604630957300644	0.00147166288017797	ENSG00000136267	DGKB
chr8	141745350	141762415	17066	-	0.147	-1.63069754761129	0.000606709256085415	0.0014745627206525	ENSG00000169398	PTK2
chr1	46521467	46546422	24956	-	0.263	-1.52722312227308	0.000607303581584656	0.0014745627206525	ENSG00000117461	PIK3R3
chr13	100909849	100925600	15752	+	0.565	-1.33027875172446	0.000610643120047333	0.00148086534959104	ENSG00000175198	PCCA
chr3	57276884	57301820	24937	+	0.333	-1.77743417513995	0.000615263241726049	0.00149025439693013	ENSG00000157500	APPL1
chr1	8601273	8617582	16310	-	0.471	-1.37523917912738	0.000622423292075537	0.00150404782028622	ENSG00000142599	RERE
chr19	52876364	52896041	19678	+	0.214	-1.91950503257124	0.000622468811610167	0.00150404782028622	n/a	
chr17	11958206	12016677	58472	+	0.6	-1.49237161720928	0.000624734405617935	0.00150769236555795	ENSG00000065559	MAP2K4
chr6	69723930	69785930	62001	+	0.45	-1.84989784048333	0.000635789746382068	0.00153127579369438	ENSG00000135298	ADGRB3
chr1	84376848	84412965	36118	-	0.396	-2.08141739244496	0.000636044742031771	0.00153127579369438	ENSG00000137941	TTLL7
chr10	225934	295028	69095	+	0.197	-1.85779249613449	0.000648554108214027	0.00155950631576585	ENSG00000015171	ZMYND11
chr6	131466425	131490413	23989	+	0.848	-1.47095817745274	0.000671766527622642	0.00161337413328912	ENSG00000118507	AKAP7
chr12	69644909	69656342	11434	+	0.245	2.40647066729705	0.000679588840900431	0.00163019443642501	ENSG00000111605	CPSF6
chr5	170610199	170632616	22418	+	0.727	-1.50650566583528	0.000683953676091109	0.00163869045619422	ENSG00000204764	RANBP17
chr1	243708812	243859018	150207	-	0.12	-1.55566339662885	0.00069458350263956	0.00166215835787904	ENSG00000117020	AKT3
chr17	4186093	4210418	24326	-	0.219	-1.16744232374094	0.000704290560073889	0.00168336435186928	ENSG00000132388	UBE2G1
chr20	41671682	41675650	3969	-	0.75	-2.06033316781944	0.000707333512841816	0.00168861034060918	ENSG00000196090	PTPRT
chr12	110922883	110925748	2866	+	0.217	-1.43103321852238	0.000714544412498437	0.00170378194644837	ENSG00000204856	FAM216A
chr4	30921775	30951837	30063	+	0.114	-1.79258619596636	0.000751017938782269	0.00178755109485608	ENSG00000169851	PCDH7
chr1	33760538	33760906	369	+	0.174	1.13247036847834	0.000751786083745912	0.00178755109485608	ENSG00000160094	ZNF362
chr14	99924616	99932150	7535	-	0.664	-1.03638742638345	0.000752369571817877	0.00178755109485608	ENSG00000183576	SETD3
chr1	230798887	230807386	8500	+	0.209	-1.40821962029783	0.000756648020339654	0.00179557355005513	ENSG00000135775	COG2
chr1	205585606	205593019	7414	-	0.636	1.03175958678356	0.00075795400924161	0.00179653146714291	ENSG00000158711	ELK4
chr6	76344423	76388643	44221	+	0.58	-1.8649293873142	0.000759153250516282	0.00179723438974782	ENSG00000112701	SENP6
chr20	57014001	57016139	2139	+	0.29	1.08342742945131	0.000760649737569505	0.00179863851247136	ENSG00000124164	VAPB
chr16	56385296	56388993	3698	+	0.141	-1.56225187759392	0.000777359411277277	0.00183596985510446	ENSG00000087258	GNAO1
chr5	87577859	87588460	10602	+	0.489	-1.30438331959161	0.000782513815428548	0.00184595379919223	ENSG00000247828	TMEM161B-AS1
chr2	10784446	10808849	24404	-	0.111	-1.44474979426778	0.000816928886529804	0.00192485847701875	ENSG00000115761	NOL10
chr6	69943182	69949118	5937	+	0.448	-1.66899852433755	0.000818210594590114	0.00192559963809565	ENSG00000135298	ADGRB3
chr5	87516380	87541609	25230	-	0.766	-1.2414913642514	0.000837976959609859	0.00196978999596603	ENSG00000164180	TMEM161B
chr1	233296029	233344435	48407	-	0.133	-1.79294602663414	0.000843591677301393	0.00198064979894702	ENSG00000135749	PCNX2
chr15	84228005	84245493	17489	+	0.15	-1.53548572820748	0.000862479900410261	0.0020226118748137	ENSG00000140600	SH3GL3
chr9	96233423	96261168	27746	+	0.674	-1.12205083668736	0.000867732678485552	0.00203253619160557	ENSG00000048828	FAM120A
chr10	116873772	116931050	57279	+	0.038	-2.03169247087363	0.000873410530840553	0.0020434316884883	ENSG00000107518	ATRNL1
chr1	241031887	241033419	1533	-	0.098	-1.6579943980042	0.000875995332052984	0.00204707359872945	ENSG00000182901	RGS7
chr10	116879949	116889297	9349	+	0.152	-1.58835296369983	0.000878450111046827	0.00205040348311164	ENSG00000107518	ATRNL1
chr8	62531537	62566219	34683	-	0.471	-0.927993969191068	0.00088100287892379	0.0020539540186619	ENSG00000198363	ASPH
chr17	65941525	65972074	30550	+	0.559	1.59608126975617	0.000883061896668479	0.00205634647516601	ENSG00000171634	BPTF
chr9	88190230	88248289	58060	-	0.336	-1.60504931037278	0.000909609556592549	0.00211569232146701	ENSG00000135049	AGTPBP1
chr2	168931492	168986268	54777	-	0.089	-1.84126636253382	0.000911056202067513	0.00211658447878228	ENSG00000198648	STK39
chr1	45553553	45553909	357	-	0.64	-1.55498127959659	0.000932421360120935	0.00216369572028063	ENSG00000162415	ZSWIM5
chr12	1399018	1399178	161	+	0.053	-1.72451344592984	0.000936383639340024	0.00217036068210243	ENSG00000082805	ERC1
chr4	113483527	113506881	23355	-	0.71	-1.5836462601383	0.000951072123787769	0.00220184255635052	ENSG00000138658	ZGRF1
chr2	136432902	136437894	4993	+	0.463	-1.17907080089207	0.000969650674637818	0.00224224679814622	ENSG00000048991	R3HDM1
chr11	33307959	33309057	1099	+	0.873	-0.699001797040854	0.000975545461718961	0.00225326103745064	ENSG00000110422	HIPK3
chr19	21587931	21588658	728	+	0.375	-1.54542135503112	0.000978447711321765	0.00225734576273654	ENSG00000196268	ZNF493
chr10	17199440	17210916	11477	-	0.581	-1.75618716762661	0.000983898157004734	0.00226729309096808	ENSG00000107614	TRDMT1
chr11	17899755	18029623	129869	-	0.202	-1.66964710360201	0.000995802543359078	0.00229207267494558	ENSG00000129158	SERGEF
chr20	40141485	40179999	38515	-	0.154	-1.44419177781613	0.000998448383312469	0.00229550892745396	ENSG00000124177	CHD6
chr9	114332371	114348445	16075	-	0.121	-1.5260747817929	0.00103097677114119	0.00236756026683059	ENSG00000106853	PTGR1
chr12	41408030	41423021	14992	+	0.026	-1.44849370477613	0.0010402096151317	0.00238601076466269	ENSG00000018236	CNTN1
chr10	32832228	32873232	41005	+	0.579	-1.07190796033967	0.00106428992261478	0.00243843640497816	ENSG00000216937	CCDC7
chr15	30053342	30065560	12219	-	0.233	-1.32424517224974	0.00107911482188702	0.00246956047169778	ENSG00000104067	TJP1
chr2	187604955	187618776	13822	+	0.093	-1.33315905669068	0.00110315022686876	0.00252166716612595	ENSG00000144369	FAM171B
chr2	148730308	148739650	9343	-	0.308	-1.54691531017061	0.00111066192662646	0.00253592648613908	ENSG00000115947	ORC4
chr7	155457869	155473602	15734	+	0.557	-1.28446150233486	0.00112715178982024	0.00257062911057514	ENSG00000184863	RBM33
chr7	136935977	136939721	3745	-	0.022	1.77314106500952	0.00115764220616818	0.00263609499471955	ENSG00000105894	PTN
chr3	183361268	183369064	7797	+	0.287	-1.74029530437546	0.0011585048319335	0.00263609499471955	ENSG00000114796	KLHL24
chr7	91924203	91981956	57754	+	0.248	-1.4576616438906	0.00117298568734707	0.00266599829167583	ENSG00000001629	ANKIB1
chr4	1902353	1906105	3753	+	0.095	-1.71330702405495	0.00117501825250344	0.00266757279445194	ENSG00000109685	NSD2
chr2	230723488	230725247	1760	-	0.105	-1.40276131793447	0.00118628169218249	0.00269007613796735	ENSG00000153827	TRIP12
chr9	99271955	99327765	55811	-	0.588	-1.13592865217799	0.00118846499029096	0.00269196108722333	ENSG00000081377	CDC14B
chr12	107236367	107237725	1359	+	0.16	-1.66267553023523	0.00120893827502971	0.00273522284725471	ENSG00000111785	RIC8B
chr1	243776973	243828185	51213	-	0.015	-1.38013337287738	0.0012119042707245	0.0027388211157917	ENSG00000117020	AKT3
chr1	8555123	8674745	119623	-	0.484	-1.46034674990056	0.00122517231465519	0.00276566675564453	ENSG00000142599	RERE
chr2	32399132	32409407	10276	+	0.5	-1.53263622608574	0.00124588849483663	0.0028092457454357	ENSG00000152683	SLC30A6
chr10	15838099	15889942	51844	-	0.259	-1.45381817654756	0.00125740367103818	0.00283200306452151	ENSG00000148481	MINDY3
chr9	100132204	100133988	1785	+	0.522	-1.37947567010794	0.001316094747954	0.00296084140471911	ENSG00000197816	CCDC180
chr2	170728746	170735084	6339	+	0.11	-1.28918213216539	0.00132524439415775	0.00297806048393688	ENSG00000144357	UBR3
chr16	68155890	68160513	4624	+	0.578	0.960913169195854	0.00133555152118676	0.00299783887111932	ENSG00000072736	NFATC3
chr7	33397467	33427756	30290	+	0.2	1.25711020660838	0.0013616623584763	0.00305300648167378	ENSG00000122507	BBS9
chr8	27382879	27394372	11494	+	0.5	-1.73169571229174	0.00139408237225805	0.00312217998106387	ENSG00000120915	EPHX2
chr8	141749117	141762415	13299	-	0.465	-1.72950493201623	0.00139666452994212	0.00312444840349973	ENSG00000169398	PTK2
chr2	15629018	15651474	22457	-	0.088	-1.50203864566859	0.00140937984254781	0.00314935495680436	ENSG00000151779	NBAS
chr13	101910794	101944717	33924	-	0.043	-1.52817383057625	0.00142121824964989	0.00317224835768265	ENSG00000102452	NALCN
chr10	32740520	32873232	132713	+	0.561	-1.8186058973923	0.00145146598307019	0.00323613524332895	ENSG00000216937	CCDC7
chr11	103173822	103187349	13528	+	0.358	-1.82060216594767	0.00146587131505345	0.00326459707860338	ENSG00000187240	DYNC2H1
chr13	78318418	78327493	9076	+	0.022	-1.49915668575757	0.00147278242861728	0.00327632381606368	ENSG00000139737	SLAIN1
chr7	158552177	158591763	39587	-	0.135	-1.44456716347441	0.00148511331596202	0.00330006764741113	ENSG00000117868	ESYT2
chr12	83250789	83251359	571	+	0.5	-1.41159409474965	0.00148818076813035	0.00330319722335286	ENSG00000179104	TMTC2
chr8	141828376	141874498	46123	-	0.044	-1.53938490371913	0.00149589846721661	0.00331663012052146	ENSG00000169398	PTK2
chr10	7839010	7844817	5808	+	0.708	-1.39919282373086	0.00150944175953328	0.00334293497578505	ENSG00000165629	ATP5F1C
chr17	8141349	8141947	599	-	0.585	-1.64785958913404	0.00152669313069676	0.00337452769353414	ENSG00000178971	CTC1
chr2	215632206	215661841	29636	-	0.25	1.65768590960948	0.00152781351369019	0.00337452769353414	ENSG00000138376	BARD1
chr14	33684388	33684793	406	+	0.37	1.10986005338281	0.00152879155176685	0.00337452769353414	ENSG00000151322	NPAS3
chr16	80718435	80719026	592	-	0.662	-1.70228128534458	0.00154308459264244	0.00340230500991262	ENSG00000166446	CDYL2
chr15	50878589	50884823	6235	-	0.596	-1.31380063217164	0.0015616140665958	0.00343935133472593	ENSG00000092439	TRPM7
chr2	175976296	175986268	9973	-	0.076	-1.39160080577971	0.00157057860255906	0.00345527292562994	ENSG00000115966	ATF2
chr9	87635121	87683434	48314	+	0.115	-1.55978186125453	0.00157362814978976	0.00345816075742982	n/a	
chr10	52220433	52350007	129575	-	0.225	-1.568595227566	0.00159632421265885	0.00350416924741321	ENSG00000198964	SGMS1
chr12	27867713	27877119	9407	+	0.545	-1.38101122037042	0.001600636213664	0.00350976508965312	ENSG00000061794	MRPS35
chr7	77407655	77408131	477	+	0.449	-2.01941123020171	0.00161485782265772	0.00353705382278494	ENSG00000187257	RSBN1L
chr5	124036707	124036962	256	-	0.356	1.36087986226858	0.00164316487644101	0.00359510029559785	ENSG00000168916	ZNF608
chr17	28011581	28030080	18500	-	0.312	1.82477357135576	0.00164709337834376	0.00359788247186347	ENSG00000141298	SSH2
chr7	91924203	91936970	12768	+	0.12	-1.5587121016681	0.00164805063502737	0.00359788247186347	ENSG00000001629	ANKIB1
chr13	44058145	44080362	22218	-	0.706	-1.53717053695777	0.0016568670844772	0.00360987202297472	ENSG00000120658	ENOX1
chr15	69502655	69553668	51014	+	0.682	-2.90560315148362	0.00165716877398237	0.00360987202297472	ENSG00000138604	GLCE
chr3	125279223	125301822	22600	-	0.174	-1.55809495376647	0.00167518893094796	0.00364513788143977	ENSG00000144909	OSBPL11
chr16	22142526	22143050	525	+	0.667	2.27546659856845	0.00168544658082869	0.00366345430396279	ENSG00000175267	VWA3A
chr12	99145133	99225914	80782	-	0.071	-1.56741480169985	0.0017511936506794	0.00380220998746204	ENSG00000185046	ANKS1B
chr8	42761316	42873637	112322	+	0.375	-1.67964126506503	0.00179225093737317	0.0038871150504466	ENSG00000168172	HOOK3
chr10	34558585	34573173	14589	-	0.556	2.02105457943331	0.00182253542014056	0.00394849621490736	ENSG00000148498	PARD3
chr18	76856476	76886375	29900	+	0.244	-1.17638006505193	0.001848538983255	0.00400047947354424	ENSG00000166377	ATP9B
chr1	8555123	8617582	62460	-	0.498	-1.6720472222485	0.0018772719470965	0.00405825021353869	ENSG00000142599	RERE
chr3	154013073	154024084	11012	-	0.311	-1.413265434684	0.00190987129949385	0.00412424485606535	ENSG00000174953	DHX36
chr13	78293667	78320990	27324	+	0.053	-1.48627225482642	0.00191705672044768	0.00413158071145601	ENSG00000139737	SLAIN1
chr7	22347958	22357656	9699	-	0.397	-1.71307919582978	0.00191741867271992	0.00413158071145601	ENSG00000136237	RAPGEF5
chr17	29550462	29554624	4163	+	0.209	-1.47748916237953	0.00194368461569553	0.00418092037876214	ENSG00000196712	NF1
chr12	99166820	99194903	28084	-	0.074	-1.42478127109149	0.00194451645943433	0.00418092037876214	ENSG00000185046	ANKS1B
chr12	99166820	99225914	59095	-	0.12	-1.42673890546219	0.00195893536604558	0.00420737897928453	ENSG00000185046	ANKS1B
chr9	88211277	88248289	37013	-	0.297	-1.79444331277897	0.00200628961544662	0.00430444248314032	ENSG00000135049	AGTPBP1
chr1	145015860	145021167	5308	-	0.028	-1.40449799600257	0.0020152808693345	0.00431907880607641	ENSG00000178104	PDE4DIP
chr8	17601113	17613470	12358	-	0.667	-1.78689648080652	0.00202019804608982	0.00432496162340305	ENSG00000129422	MTUS1
chr8	18622959	18662408	39450	-	0.429	0.758577683394073	0.00203092227219722	0.00434325053055281	ENSG00000156011	PSD3
chr15	72324835	72338975	14141	-	0.099	-1.43599026711059	0.0020461216611045	0.0043710603296771	ENSG00000066933	MYO9A
chr9	37126309	37147442	21134	+	0.581	-1.50466497631471	0.00208543342554413	0.00445026575590392	ENSG00000147905	ZCCHC7
chr4	1902353	1920350	17998	+	0.094	-1.49616133074075	0.00208795376674421	0.00445087360769563	ENSG00000109685	NSD2
chr17	57808782	57851246	42465	+	0.24	-1.35853750556583	0.00211014148967004	0.00449336011329738	ENSG00000062716	VMP1
chrY	15021271	15024974	3704	+	0.303	-1.40698297869641	0.0021229203597628	0.00451574191911083	ENSG00000067048	DDX3Y
chr10	117221451	117278834	57384	+	0.055	-1.62991202827167	0.00215165480316276	0.00457197941632557	ENSG00000107518	ATRNL1
chr2	99802640	99812219	9580	+	0.373	-2.32092675220937	0.00218416471741294	0.00463611082342129	ENSG00000241962	
chr7	35050080	35058208	8129	-	0.649	1.27815260631469	0.00220049522552946	0.00466579978064872	ENSG00000173852	DPY19L1
chr1	12335882	12338095	2214	+	0.262	-1.28596992121485	0.00220687005088459	0.0046743385865013	ENSG00000048707	VPS13D
chr11	120346049	120348235	2187	+	0.157	-1.35309568757102	0.00221229398957656	0.00468084732544838	ENSG00000196914	ARHGEF12
chr8	141799573	141874498	74926	-	0.025	-1.52019057496345	0.00222624057076108	0.0047053556012583	ENSG00000169398	PTK2
chrX	133607389	133632714	25326	+	0.133	-1.41776590149583	0.0022455031806929	0.0047410358777938	ENSG00000165704	HPRT1
chr18	32335940	32374214	38275	+	0.069	-1.46099976832677	0.00225555279784289	0.00475720934375549	ENSG00000134769	DTNA
chr20	58415424	58416590	1167	+	0.074	-1.59224536457848	0.00228572603609476	0.00481574660091499	ENSG00000087495	PHACTR3
chr8	109462052	109468159	6108	+	0.352	-1.29867222930126	0.00231025638963065	0.00486228379678079	ENSG00000104412	EMC2
chr8	136533480	136569830	36351	+	0.06	-1.37503921304963	0.00232259242738521	0.00488308502948676	ENSG00000131773	KHDRBS3
chr14	67490350	67589094	98745	+	0.232	-1.55192922275572	0.00233397790071992	0.00490184599191283	ENSG00000171723	GPHN
chr3	196857398	196876667	19270	-	0.188	-1.23806442437376	0.00234869698504735	0.00492756132479375	ENSG00000075711	DLG1
chr6	111208708	111211559	2852	+	0.089	1.74648187760732	0.00237403825981935	0.00497548439505297	ENSG00000123505	AMD1
chr3	110830877	110845182	14306	+	0.214	-1.70120233048786	0.00239366042433031	0.00501133323327196	ENSG00000177707	NECTIN3
chr4	68594258	68598063	3806	+	0.842	-1.54963138726773	0.00240986325903336	0.00503995561841956	ENSG00000248049	UBA6-AS1
chr12	90013776	90029028	15253	-	0.07	-1.67558671627664	0.00247992264361553	0.00518103461011387	ENSG00000070961	ATP2B1
chr2	73659326	73682422	23097	+	0.4	-1.60929758043429	0.00248275492910548	0.00518151474198009	ENSG00000116127	ALMS1
chr15	59323003	59323901	899	+	0.405	-1.43054946393318	0.00250107526841272	0.00521428362241855	ENSG00000157450	RNF111
chr19	58436991	58439415	2425	-	0.793	-1.47177730124737	0.00256933408394193	0.00535098761624307	ENSG00000196724	ZNF418
chr6	13632602	13659064	26463	-	0.205	-1.5558933108124	0.00259637303172768	0.0054016496407208	ENSG00000010017	RANBP9
chr10	7262373	7327916	65544	-	0.467	-1.44421777627806	0.00260892014932625	0.00541904748480444	ENSG00000198879	SFMBT2
chr4	54249940	54310270	60331	+	0.206	-1.30675772870739	0.00261017907480033	0.00541904748480444	ENSG00000145216	FIP1L1
chr7	152007051	152012423	5373	-	0.242	0.830205587474004	0.0027030322822814	0.00560597632710654	ENSG00000055609	KMT2C
chr4	1902353	1936989	34637	+	0.145	-1.18437678970854	0.00275395160459823	0.00570563750754951	ENSG00000109685	NSD2
chr5	139819704	139828890	9187	+	0.193	-1.0715549392525	0.00276608861667221	0.00572482581683407	ENSG00000254996	ANKHD1-EIF4EBP3
chr4	110412483	110416012	3530	+	0.346	-1.12091931995278	0.0027788305721176	0.00574522499385892	ENSG00000138802	SEC24B
chr11	13435077	13443385	8309	-	0.276	-1.35404736855424	0.00281596116909825	0.00581595299551309	ENSG00000148925	BTBD10
chr16	68893787	68914533	20747	+	0.353	-1.31086794737321	0.00282261031903232	0.00582287210062579	ENSG00000103047	TANGO6
chr14	91409422	91467503	58082	-	0.229	-1.53507116230564	0.00282516044661201	0.00582287210062579	ENSG00000100784	RPS6KA5
chr11	17981017	18029623	48607	-	0.095	-1.30366512085026	0.00285392916510002	0.00587608373083159	ENSG00000129158	SERGEF
chr5	145144494	145202697	58204	-	0.333	-1.22600250225558	0.00289013168398319	0.00594447539546543	ENSG00000186314	PRELID2
chr1	78177432	78181553	4122	-	0.11	-1.08971277159314	0.00289565476819138	0.00594968900254803	ENSG00000077254	USP33
chr2	230723488	230744844	21357	-	0.16	-1.05758665274976	0.0029013060893238	0.00595515507612752	ENSG00000153827	TRIP12
chr6	117013218	117047785	34568	+	0.16	-1.39449271301838	0.00291526959530547	0.0059776537221969	ENSG00000196911	KPNA5
chr2	40366541	40405633	39093	-	0.324	-2.26104583590109	0.00292235556653915	0.00598601844956734	ENSG00000183023	SLC8A1
chr2	99786013	99787892	1880	-	0.261	1.59865156813004	0.00298189120748202	0.00610169105251461	ENSG00000158411	MITD1
chr4	36212012	36231267	19256	-	0.043	-1.34499643910524	0.00301587937691383	0.00616348975160838	ENSG00000047365	ARAP2
chr14	70633356	70635201	1846	-	0.267	-1.53349938528554	0.00301828352979315	0.00616348975160838	ENSG00000100678	SLC8A3
chr8	133595941	133673873	77933	-	0.667	-1.69719225724989	0.00305048693391608	0.0062228683252325	ENSG00000129295	LRRC6
chr14	23378692	23380612	1921	-	0.216	1.09803718208262	0.00313400337315292	0.00638669469390733	ENSG00000100461	RBM23
chr14	73614503	73640415	25913	+	0.209	-1.53186379879529	0.00315975953504573	0.00643259839905526	ENSG00000080815	PSEN1
chr14	32559708	32563592	3885	+	0.361	1.41173416864535	0.00322144788429475	0.00655148389952078	ENSG00000100852	ARHGAP5
chr1	21220010	21268823	48814	-	0.284	-1.43920464859859	0.00326284607576068	0.00662890462942808	ENSG00000075151	EIF4G3
chr10	98303833	98336586	32754	-	0.205	-1.21380723953844	0.00328395099782548	0.00666498107713613	ENSG00000077147	TM9SF3
chr3	66286968	66313803	26836	+	0.455	-1.2823718334348	0.00336336232690866	0.00681919999274454	ENSG00000144741	SLC25A26
chr18	29691717	29704808	13092	+	0.821	-1.37704114134616	0.00337680532128523	0.00683949073721149	ENSG00000134758	RNF138
chr15	85081763	85098301	16539	-	0.64	-1.41676448594227	0.00339409980640678	0.00686753324649991	ENSG00000189136	UBE2Q2P1
chr8	133634857	133673873	39017	-	0.762	-1.1230102259294	0.00344143556131534	0.00695624183002929	ENSG00000129295	LRRC6
chr1	117944808	117984947	40140	+	0.711	-0.849219090264313	0.00349743591204531	0.00705912985379498	ENSG00000198162	MAN1A2
chr10	52193236	52350007	156772	-	0.543	-1.95404567397084	0.00349942800888782	0.00705912985379498	ENSG00000198964	SGMS1
chr4	77055328	77065626	10299	-	0.667	0.933704654191411	0.00356221408385819	0.0071785103653458	ENSG00000138750	NUP54
chr13	30782714	30857928	75215	-	0.263	-1.56628367141907	0.0035728628895983	0.00719268959877675	ENSG00000102781	KATNAL1
chr15	83819967	83832827	12861	-	0.093	-1.41571686969446	0.00358690922751071	0.00721367300199375	ENSG00000166503	HDGFL3
chr18	21644104	21663045	18942	+	0.788	-1.30220563403293	0.00367022739059068	0.00737378681601014	ENSG00000168234	TTC39C
chr11	85707869	85742653	34785	-	0.319	-0.821621634226317	0.00377904618018342	0.00758475901688024	ENSG00000073921	PICALM
chr18	60212035	60223530	11496	+	0.571	-1.31110771479446	0.0037937609801742	0.00760662448290718	ENSG00000141664	ZCCHC2
chr7	155465561	155473602	8042	+	0.352	0.841624531849271	0.00380734373254667	0.00762617844215335	ENSG00000184863	RBM33
chr3	15452752	15457449	4698	-	0.364	-1.39492996713989	0.00382538035891743	0.00765460532121066	ENSG00000206562	METTL6
chr10	49609655	49618211	8557	+	0.313	-1.2864975717854	0.00383746321441049	0.00767107355410773	ENSG00000107643	MAPK8
chr1	23376880	23385660	8781	+	0.135	-1.23118735559395	0.00386898653427112	0.00772633118328364	ENSG00000004487	KDM1A
chr13	20625573	20641530	15958	+	0.2	-0.966266096711247	0.00389109548427331	0.00776269650219255	ENSG00000121741	ZMYM2
chr16	18852887	18856973	4087	-	0.185	-1.17885309715287	0.00389587449421194	0.00776445056854452	ENSG00000157106.12	
chr1	1601103	1666274	65172	-	0.609	2.5137253618263	0.00392060594719119	0.00779897759905254	n/a	
chr15	30058469	30092905	34437	-	0.042	-1.54036413164769	0.00392103293654023	0.00779897759905254	ENSG00000104067	TJP1
chr1	169947226	170001116	53891	-	0.268	-1.16891552219131	0.00396740500709458	0.00788333669573384	ENSG00000075945	KIFAP3
chr12	89860547	89866052	5506	-	0.49	-1.73326050960815	0.00408350260652199	0.00810593588193946	ENSG00000139323	POC1B
chr3	3819409	3830758	11350	-	0.889	1.11239721117937	0.00411318039624437	0.00815671530769177	ENSG00000144455	SUMF1
chr12	122861936	122865105	3170	-	0.278	-1.44766629733483	0.00412187073713561	0.00816581555983781	ENSG00000130779	CLIP1
chr21	38480692	38505066	24375	+	0.593	-1.52042792438022	0.0041395906738052	0.00819276842102003	ENSG00000182670	TTC3
chr5	107521818	107684231	162414	-	0.153	-1.3684540571988	0.00422945535930551	0.00836230945419789	ENSG00000145743	FBXL17
chr2	197084763	197085665	903	-	0.222	-1.56623910089769	0.0043055097377568	0.00849990179243693	ENSG00000138411	HECW2
chr1	193110980	193121574	10595	+	0.093	-1.34846409787867	0.00430758458491656	0.00849990179243693	ENSG00000134371	CDC73
chr11	92042770	92088570	45801	+	0.31	-1.62698528949989	0.00436196196078921	0.00859867946923892	n/a	
chr10	116975455	117075246	99792	+	0.025	-1.56422894045295	0.00439533248650485	0.0086558921667964	ENSG00000107518	ATRNL1
chr14	53003437	53011089	7653	-	0.394	-1.2650054799368	0.00443321213632188	0.00872186300732892	ENSG00000087301	TXNDC16
chr1	7837220	7838229	1010	+	0.216	1.15979357872236	0.00444874723679626	0.00874378652365386	ENSG00000049245	VAMP3
chr7	158662546	158669382	6837	+	0.2	1.47178990167993	0.00450267208071505	0.00884104547603911	ENSG00000126870	DYNC2I1
chr10	99196174	99197507	1334	-	0.535	-0.913011486920375	0.00453307106828746	0.00889196502163579	ENSG00000171311	EXOSC1
chr12	27521195	27523163	1969	+	0.4	-1.4709084884175	0.00457295628345858	0.00895374880164953	ENSG00000029153	ARNTL2
chr5	108103794	108134090	30297	+	0.115	-1.3362130778794	0.00457356229597065	0.00895374880164953	ENSG00000151422	FER
chr7	153555575	153562137	6563	+	0.51	-2.50708160522566	0.00458775713421677	0.00897271557389548	n/a	
chr19	52785364	52786666	1303	+	0.435	1.5556823862441	0.00461462104374262	0.00901639891863745	ENSG00000196214	ZNF766
chr7	7273934	7283381	9448	+	0.121	-1.30730639602881	0.00463503216276798	0.00904740101575593	ENSG00000106392	C1GALT1
chr1	32381496	32385259	3764	-	0.829	-1.2146120317931	0.0046758925373847	0.00911821943382266	ENSG00000184007	PTP4A2
chr10	5741488	5756170	14683	+	0.6	-1.18218182352857	0.00482418635707667	0.00939819475238714	ENSG00000108021	TASOR2
chr1	78098800	78107340	8541	-	0.164	-1.17778861889887	0.00483928777044212	0.0094183987790325	ENSG00000036549	ZZZ3
chr8	104897526	104898451	926	+	0.18	-1.63762909640558	0.00489541068082601	0.00951832291555136	ENSG00000176406	RIMS2
chr17	57148184	57161450	13267	-	0.075	-1.70055379293798	0.00491096035380155	0.00953924103845745	ENSG00000108395	TRIM37
chr9	129102787	129157976	55190	+	0.358	-1.20138024032281	0.00494743028896921	0.0096007151124149	ENSG00000196814	MVB12B
chr16	48290521	48311390	20870	+	0.061	-1.33095240908504	0.00505162102541859	0.00979335682727206	ENSG00000102910	LONP2
chr15	72810408	72853890	43483	+	0.182	-1.49614059951924	0.00506467067167921	0.00980910438454602	ENSG00000166233	ARIH1
chr7	77789342	77814987	25646	-	0.694	-1.78496049275033	0.00523862518492536	0.0101361542693745	ENSG00000187391	MAGI2
chr6	71442081	71483128	41048	+	0.14	-1.56147983114427	0.00528658977251744	0.0102190293563905	ENSG00000112305	SMAP1
chr19	45781181	45783992	2812	+	0.143	-1.3398632148817	0.00532726135871608	0.010287659908054	ENSG00000007047	MARK4
chr14	40111917	40125012	13096	+	0.4	-1.25544956412533	0.00533733895734423	0.0102971335892174	ENSG00000258526	
chr6	99912480	99916494	4015	-	0.064	-1.72618924640549	0.00548232737467051	0.0105666154917415	ENSG00000123552	USP45
chr1	243579004	243589860	10857	+	0.59	-0.777364189850773	0.00554469310478284	0.0106764835315499	ENSG00000054282	SDCCAG8
chr9	138741983	138774924	32942	-	0.457	-1.14743066476796	0.00558151660082366	0.0107370043982994	ENSG00000130559	CAMSAP1
chr13	84376512	84389879	13368	-	0.881	-1.70451089274951	0.00567676183728304	0.0109096841872882	n/a	
chr10	225934	267296	41363	+	0.098	-1.22281411972199	0.00570708343159944	0.0109573800504479	ENSG00000015171	ZMYND11
chr19	47421745	47425613	3869	+	0.168	-1.07008033103042	0.00573794425110172	0.0110060183082308	n/a	
chr2	73761951	73800551	38601	+	0.258	-1.53885341386949	0.00575925356019507	0.0110362597096712	ENSG00000116127	ALMS1
chr5	67522118	67522837	720	+	0.135	-1.25085892280477	0.00582979254728012	0.0111606893861872	ENSG00000145675	PIK3R1
chrX	110385324	110416309	30986	+	0.475	-1.61706075813061	0.00584180368523822	0.0111672853649675	ENSG00000077264	PAK3
chrX	79988955	79991587	2633	-	0.294	-1.46665376707281	0.00584445572591467	0.0111672853649675	ENSG00000165288	BRWD3
chr1	243480057	243589860	109804	+	0.214	-1.50287934547153	0.00590183940117566	0.0112661191253507	ENSG00000054282	SDCCAG8
chr19	8520289	8528570	8282	+	0.277	0.914953737019988	0.00594906322406725	0.0113422500145949	ENSG00000099783	HNRNPM
chr5	142416761	142437312	20552	+	0.378	-1.5632628838602	0.00595311464854431	0.0113422500145949	ENSG00000145819	ARHGAP26
chr4	113483527	113511030	27504	-	0.526	-1.71232429143652	0.00597813120262897	0.0113719685907695	ENSG00000138658	ZGRF1
chr22	46085592	46136418	50827	+	0.177	-1.28360132737608	0.00598013617003296	0.0113719685907695	ENSG00000130638	ATXN10
chr7	618893	647089	28197	-	0.019	-1.5951245336025	0.00600072308455813	0.0114002286844993	ENSG00000188191	PRKAR1B
chr15	76146727	76175765	29039	+	0.324	-1.35134269356572	0.00602716556833757	0.0114395487574453	ENSG00000140367	UBE2Q2
chr22	38890635	38897285	6651	-	0.104	-1.02451748852967	0.0060830215019415	0.0115345674384434	ENSG00000100201	DDX17
chr4	3088666	3109150	20485	+	0.543	-1.01353626167515	0.00610997935009	0.0115746611665359	ENSG00000197386	HTT
chr5	43675613	43704502	28890	+	0.155	-1.100475666185	0.00614789394698613	0.01163541525518	ENSG00000112992	NNT
chr6	107824861	107827631	2771	+	0.543	-1.01029329142807	0.00624172584363921	0.0118017817233482	ENSG00000112320	SOBP
chr7	38050523	38053183	2661	+	0.87	-1.46182810956533	0.00626036347156232	0.0118257909600385	ENSG00000106483	SFRP4
chr10	70246901	70253327	6427	-	0.179	-1.24961802709108	0.0062895851202772	0.0118697288857554	ENSG00000122912	SLC25A16
chr22	28290543	28310335	19793	-	0.423	-0.897697344957882	0.00639571141514498	0.0120585808973046	ENSG00000180957	PITPNB
chr5	109103236	109125228	21993	+	0.1	-1.43615740118496	0.0064154555824874	0.0120843633535784	ENSG00000112893	MAN2A1
chr1	8716032	8716500	469	-	0.5	-0.83792781281877	0.00648894571841017	0.0122112390598815	ENSG00000142599	RERE
chr9	33986758	33998862	12105	-	0.25	-1.04689199059553	0.00654357022767716	0.0123024063487301	ENSG00000137073	UBAP2
chr1	233334685	233372726	38042	-	0.176	-1.21981191895658	0.00656847086265594	0.0123375712146679	ENSG00000135749	PCNX2
chr4	54249940	54319300	69361	+	0.276	-1.35619458280559	0.00659105866593823	0.0123673716985063	ENSG00000145216	FIP1L1
chr9	88920107	88924932	4826	-	0.345	1.50836345689927	0.00659675979096621	0.0123673716985063	ENSG00000083223	TUT7
chr9	136277419	136278041	623	-	0.842	-1.27771522109741	0.00664736049949163	0.0124505124689443	ENSG00000148300	REXO4
chr5	65284463	65290692	6230	+	0.025	0.910337223436175	0.00665476830845302	0.0124526726523778	ENSG00000112851	ERBIN
chr3	170906491	170912424	5934	-	0.302	1.04744971542886	0.00667935019376715	0.012486935432667	ENSG00000154310	TNIK
chr13	103459496	103486902	27407	+	0.579	-1.36542814188032	0.0067460035685206	0.0125997121059329	ENSG00000270181	BIVM-ERCC5
chr3	145820542	145842016	21475	-	0.176	1.74140980595557	0.00677380788175771	0.012639785841218	ENSG00000152952	PLOD2
chr10	32740520	32770710	30191	+	0.6	-1.28324702809538	0.00679253925792434	0.0126628704705312	ENSG00000216937	CCDC7
chr18	59157635	59174793	17159	+	0.244	-1.42123371148828	0.00680928896782034	0.0126822210803838	ENSG00000101542	CDH20
chr7	90376996	90419967	42972	+	0.054	1.60018026265052	0.00686252852247067	0.0127694339142422	ENSG00000058091	CDK14
chr21	46548317	46554747	6431	+	0.526	-1.22007313449816	0.0069328316254795	0.01288820519732	ENSG00000197381	ADARB1
chr2	113057426	113057606	181	+	0.593	0.795384951453977	0.00700657139297044	0.0130131377270561	ENSG00000188177	ZC3H6
chr11	46515158	46529920	14763	-	0.093	-1.32405375148505	0.00706010426348006	0.0131003425802319	ENSG00000110497	AMBRA1
chr5	43161351	43162033	683	+	0.788	-1.25904109111196	0.00722172880631543	0.0133877672750224	ENSG00000172262	ZNF131
chr1	155408118	155429689	21572	-	0.248	-0.800490353784103	0.00728315793573081	0.0134890860000372	ENSG00000116539	ASH1L
chr16	67644727	67646024	1298	+	0.333	-1.11403035022797	0.00729976006353036	0.0135072697829823	ENSG00000102974	CTCF
chr14	91947920	91952074	4155	-	0.464	-1.17192469871724	0.00738201200431638	0.0136467835660111	ENSG00000100796	PPP4R3A
chr5	154330381	154346797	16417	+	0.519	-1.32002110271554	0.0075126826015557	0.0138754648049141	ENSG00000082515	MRPL22
chr5	137342679	137356886	14208	-	0.15	-1.08027832116679	0.0075884955893538	0.0140024974220606	ENSG00000031003	FAM13B
chr2	36668401	36669878	1478	+	0.276	-1.31059468944257	0.00778463196112788	0.0143511131801904	ENSG00000150938	CRIM1
chr1	179972309	179975702	3394	+	0.164	1.35839229560689	0.00783829071846792	0.0144366668089451	ENSG00000135837	CEP350
chr6	13579683	13584457	4775	+	0.238	-1.48356045539353	0.00797731675994084	0.0146791475684309	ENSG00000124523	SIRT5
chr2	227729320	227779067	49748	+	0.735	-0.862909888178685	0.00799302722954086	0.0146944757285465	ENSG00000144468	RHBDD1
chr9	86395297	86421475	26179	-	0.489	-1.45356116705326	0.00802205556877186	0.0147293976455652	ENSG00000165113	GKAP1
chr16	58593708	58594266	559	-	0.205	1.54555716594308	0.00802681890780425	0.0147293976455652	ENSG00000125107	CNOT1
chr6	54013854	54095715	81862	+	0.864	-2.01999296616971	0.00804442245127294	0.0147481078273337	ENSG00000146147	MLIP
chr8	28570974	28575724	4751	+	0.13	-1.38648769404083	0.00808610378073952	0.0148108855818329	ENSG00000012232	EXTL3
chr5	38496484	38530768	34285	-	0.101	-1.1818863092322	0.00822576278798866	0.0150528434842697	ENSG00000113594	LIFR
chr2	159992705	160007067	14363	+	0.16	1.42346329970724	0.00829377430719635	0.0151633651475004	ENSG00000115183	TANC1
chr3	107429299	107435696	6398	+	0.295	-1.05405634037607	0.008416386591253	0.0153686795390925	ENSG00000114439	BBX
chr12	100676721	100691953	15233	+	0.516	1.07717350468256	0.00842505113329547	0.0153686795390925	ENSG00000136021	SCYL2
chr3	185316200	185331196	14997	+	0.203	-1.46470978424686	0.00842923056589102	0.0153686795390925	ENSG00000163904	SENP2
chr17	35797839	35804870	7032	+	0.291	-1.22398204887705	0.00855201136590491	0.015578275049878	ENSG00000276234	TADA2A
chr9	123924134	123928458	4325	+	0.4	1.46953787193414	0.00867253493957561	0.0157833794010009	ENSG00000119397	CNTRL
chr9	88233898	88248289	14392	-	0.292	-1.21321053715544	0.00885752314094417	0.016105322898283	ENSG00000135049	AGTPBP1
chr6	136709531	136710655	1125	-	0.425	-1.56065908097573	0.00895555128683471	0.0162687067628539	ENSG00000135525	MAP7
chr1	104108057	104118162	10106	+	0.739	-1.17200373641342	0.00897000902552827	0.0162801166543544	ENSG00000240038	AMY2B
chr9	87356807	87367000	10194	+	0.027	1.41972519348764	0.0090592966285856	0.0164271945241475	ENSG00000148053	NTRK2
chr19	20727425	20728782	1358	-	0.575	-1.39419128850365	0.00913753554415332	0.0165539884152951	ENSG00000237440	ZNF737
chr19	21216262	21216990	729	+	0.481	1.01773559806775	0.00924082944714859	0.0167259012993389	ENSG00000118620	ZNF430
chr4	151656410	151729550	73141	-	0.344	-1.15087291660572	0.00928680991459272	0.0167819118870702	ENSG00000198589	LRBA
chr5	78936674	78964851	28178	+	0.222	-1.04021819207571	0.00928863229510364	0.0167819118870702	ENSG00000164329	TENT2
chr20	45891032	45905539	14508	-	0.204	-1.06073402126829	0.00963713621461296	0.0173862741797527	ENSG00000101040	ZMYND8
chr7	104925456	104937980	12525	-	0.667	-1.47152942629876	0.00964060607455903	0.0173862741797527	ENSG00000135250	SRPK2
chr20	32207323	32211102	3780	+	0.471	0.999714683181909	0.00984407542930711	0.0177371531038466	ENSG00000078699	CBFA2T2
chr14	89192885	89212627	19743	-	0.219	-1.68923389484982	0.00987048933925214	0.0177686657092685	ENSG00000165521	EML5
chr12	1480999	1553916	72918	+	0.097	-1.49584167708312	0.009975978243595	0.0179328195575957	ENSG00000082805	ERC1
chr2	116066815	116101488	34674	+	0.071	-1.3459910052995	0.0099796906428006	0.0179328195575957	ENSG00000175497	DPP10
chr4	128842679	128861152	18474	-	0.471	-1.26728188424451	0.0103727895661331	0.0186223841534455	ENSG00000164073	MFSD8
chr15	85657104	85664245	7142	+	0.275	-0.924458218424659	0.01041963375593	0.0186840692879123	ENSG00000073417	PDE8A
chr16	84773915	84779279	5365	+	0.453	-1.33546822198255	0.0104259171164593	0.0186840692879123	ENSG00000103194	USP10
chr17	49340635	49365564	24930	+	0.314	-1.26980646228736	0.0104973754366583	0.018795210876247	ENSG00000011260	UTP18
chr11	36248635	36248980	346	+	0.808	0.803558121107222	0.0106381693694593	0.0190301843796887	ENSG00000179241	LDLRAD3
chr10	21234267	21250708	16442	-	0.115	-1.18789618806014	0.0106523834707722	0.0190385058261288	ENSG00000078114	NEBL
chr14	101403740	101417831	14092	+	0.267	-1.60880173558245	0.0106796633762433	0.0190701433023322	ENSG00000225746	
chr15	63998979	64008672	9694	-	0.103	-1.1755098347239	0.010756454247111	0.0191900541272383	ENSG00000103657	HERC1
chrX	14861782	14877456	15675	-	0.667	-1.27603876792066	0.0108381861605247	0.0193185574266827	ENSG00000181544	FANCB
chr4	151023630	151023964	335	+	0.132	1.28618687953917	0.0108536540322529	0.0193288239518922	ENSG00000170390	DCLK2
chr2	32339707	32341281	1575	+	0.143	-1.11282968705951	0.0109214094801334	0.0194321056970023	ENSG00000021574	SPAST
chr2	44436349	44445676	9328	+	0.116	-1.03912184919438	0.0110122326238943	0.0195762099590836	ENSG00000285542	
chr12	70193989	70195501	1513	+	0.323	1.09055704347926	0.0110316959210433	0.0195933154137353	ENSG00000127328	RAB3IP
chr5	90059122	90074914	15793	+	0.188	-1.35034629409553	0.0112082209159685	0.0198890978999049	ENSG00000164199	ADGRV1
chr7	140476712	140508795	32084	-	0.571	-0.915840963531576	0.0113435057997592	0.0201112377981483	ENSG00000157764	BRAF
chr15	59204762	59209198	4437	-	0.675	-0.687457251191079	0.0113637915504968	0.020129278449323	ENSG00000137776	SLTM
chr15	30053342	30092905	39564	-	0.144	-1.31580964611464	0.0113835582970098	0.0201463685060858	ENSG00000104067	TJP1
chr1	219366424	219414650	48227	+	0.54	-0.837489432729611	0.0114312218014101	0.0202043494389576	n/a	
chr6	168271063	168290006	18944	+	0.111	-1.32873140603652	0.0114430343806967	0.0202043494389576	ENSG00000130396	AFDN
chr10	103432672	103436193	3522	-	0.368	-1.25826155350847	0.0114467635194094	0.0202043494389576	ENSG00000107829	FBXW4
chr2	109388157	109389502	1346	+	0.128	1.34866048336828	0.0115122090724609	0.0203018673722494	ENSG00000153201	RANBP2
chr8	51351103	51363289	12187	+	0.361	-1.33085335106274	0.0115461001637499	0.0203436154212619	ENSG00000147481	SNTG1
chr8	87540764	87544808	4045	+	0.326	-1.48533594231829	0.0117617000505343	0.0207051678166346	ENSG00000085719	CPNE3
chrY	2821950	2829687	7738	+	0.731	-1.19595269177886	0.0119008900044141	0.0209302678879957	ENSG00000067646	ZFY
chr9	79244108	79259828	15721	-	0.078	-1.45749647269761	0.0119168176292769	0.0209302678879957	ENSG00000106772	PRUNE2
chr22	46189425	46202902	13478	+	0.085	1.44880334228479	0.011921106873424	0.0209302678879957	ENSG00000130638	ATXN10
chr6	146209156	146216113	6958	-	0.255	-1.28410090128892	0.0120379736000238	0.0211168329847114	ENSG00000146414	SHPRH
chr18	39607407	39629569	22163	+	0.33	-0.869919659249525	0.0120605733037747	0.0211378533871615	ENSG00000078142	PIK3C3
chr2	168986051	168997268	11218	-	0.106	-0.961633159267653	0.0121025959598075	0.0211928483341924	ENSG00000198648	STK39
chr1	240370099	240421332	51234	+	0.109	1.30503449629479	0.0122826595091193	0.0214892575418774	ENSG00000155816	FMN2
chr2	169018297	169038600	20304	-	0.21	-0.774822681183506	0.0123493423074486	0.0215869539369009	ENSG00000198648	STK39
chr1	44750507	44804994	54488	-	0.175	-1.08313941183449	0.0124041225734358	0.0216636912664129	ENSG00000117419	ERI3
chr15	67524152	67529158	5007	-	0.457	-1.19298215805241	0.012446248665243	0.0217182130521462	ENSG00000103591	AAGAB
chr1	144994591	145021167	26577	-	0.162	-1.33202539902387	0.0124722531337708	0.0217445323899629	ENSG00000275131	
chr7	14647059	14712652	65594	-	0.052	-1.32038829041418	0.012659230761349	0.0220512059893664	ENSG00000136267	DGKB
chr9	86293356	86301070	7715	-	0.325	-0.808321049869859	0.0128295717198685	0.0223283892432326	ENSG00000135018	UBQLN1
chr5	109049221	109091157	41937	+	0.25	-1.14997658393482	0.0131101482746414	0.02278043435182	ENSG00000112893	MAN2A1
chr2	106739426	106782539	43114	-	0.444	-1.33867028308832	0.0131121937554926	0.02278043435182	ENSG00000115652	UXS1
chr13	61013822	61041513	27692	+	0.732	-0.867104829918567	0.0132842212391038	0.0230591843827861	ENSG00000083544	TDRD3
chr14	39648295	39648666	372	+	0.313	0.756527424551302	0.0134267452781645	0.0232862803561198	ENSG00000100941	PNN
chr1	35846860	35854683	7824	+	0.138	-1.00309667782156	0.0134730542320106	0.0233379635995672	ENSG00000146463	ZMYM4
chr9	14120439	14179779	59341	-	0.237	1.17307798772917	0.0134802943536548	0.0233379635995672	ENSG00000147862	NFIB
chr2	36623757	36669878	46122	+	0.182	-1.0391035983812	0.0134917107499256	0.0233379635995672	ENSG00000150938	CRIM1
chr1	21083659	21103243	19585	-	0.121	-1.00294293549087	0.0135938783656543	0.0234942810989737	ENSG00000127483	HP1BP3
chr8	28827560	28876430	48871	+	0.273	-1.35861232980505	0.0136580947847928	0.0235847933360993	ENSG00000147421	HMBOX1
chr9	87317074	87342874	25801	+	0.021	-1.2516187917801	0.0139548481202947	0.024076345413784	ENSG00000148053	NTRK2
chr21	38792601	38845182	52582	+	0.049	1.24596396773115	0.0139868422556608	0.0241106518883295	ENSG00000157540	DYRK1A
chr2	136467003	136467801	799	+	0.29	-1.17809378768643	0.0140895291090576	0.0242666543738181	ENSG00000048991	R3HDM1
chr22	24698163	24765288	67126	+	0.125	-1.37374039739599	0.0141572299949467	0.0243621822989965	ENSG00000258555	SPECC1L-ADORA2A
chr7	30590252	30614497	24246	-	0.25	1.35905830852802	0.0141969948244595	0.0244095135539714	ENSG00000196295	
chr22	46085592	46098727	13136	+	0.04	-1.26637260756783	0.0142580121858288	0.0244932720120666	ENSG00000130638	ATXN10
chr6	111975227	111976759	1533	-	0.9	-1.50833075297241	0.0143831488751206	0.0246869391468664	n/a	
chr5	70798426	70808255	9830	+	0.27	-1.15985797348178	0.0146824096238164	0.0251788781748652	ENSG00000145734	BDP1
chr6	76368978	76388643	19666	+	0.05	-1.10841339260739	0.0147434547521211	0.025261805861853	ENSG00000112701	SENP6
chr7	90355881	90419967	64087	+	0.031	1.64082430516358	0.0147866707912771	0.0253140683967607	ENSG00000058091	CDK14
chr11	85685751	85742653	56903	-	0.189	-0.935846750177554	0.0153802322160827	0.0263075965139352	ENSG00000073921	PICALM
chr4	88116476	88116842	367	-	0.535	0.730942380312707	0.0154710084502663	0.0264401526390389	ENSG00000145332	KLHL8
chr9	5954016	5988545	34530	-	0.185	-1.57337422558243	0.0155305072516466	0.0265190737032833	ENSG00000183354	KIAA2026
chr3	47651556	47719801	68246	-	0.256	-1.17761970198903	0.0156640603780937	0.0267242024102696	ENSG00000173473	SMARCC1
chr14	40124049	40125012	964	+	0.649	-1.51067915751743	0.0158605102752599	0.0270361951695568	ENSG00000258526	
chr4	103225474	103236987	11514	-	0.24	1.64099672968908	0.0161749053490563	0.0275485342600265	ENSG00000138821	SLC39A8
chr5	170818309	170819982	1674	+	0.667	-1.21254650100404	0.0162058401423444	0.0275611186662022	ENSG00000181163	NPM1
chr11	18312989	18313566	578	-	0.44	-1.16342280951404	0.0162099798885599	0.0275611186662022	ENSG00000110756	HPS5
chr14	101403740	101415933	12194	+	0.098	-1.14469331463176	0.0165237621107675	0.0280706573059199	ENSG00000225746	
chr7	158580695	158591763	11069	-	0.338	-0.748545572035205	0.0166563108922575	0.0282717092808906	ENSG00000117868	ESYT2
chr16	47531310	47644831	113522	+	0.298	-1.10435452047319	0.0168164776649399	0.028519256414732	ENSG00000102893	PHKB
chr3	172363413	172365904	2492	-	0.165	-1.46460800662183	0.0168618924143655	0.0285719385506397	ENSG00000144959	NCEH1
chr4	129857810	129925031	67222	-	0.522	-1.16504701506121	0.0169078366816451	0.0286254275792138	ENSG00000151466	SCLT1
chr3	16327849	16345099	17251	+	0.125	-1.04687030865499	0.0170175590439233	0.0287867120275711	ENSG00000154814	OXNAD1
chrX	37245852	37285253	39402	+	0.37	-0.987165477553832	0.0170715027460322	0.0288534481896011	ENSG00000130962	PRRG1
chr17	11984673	12016677	32005	+	0.145	-1.13013920591712	0.0171179775146154	0.0289074582117043	ENSG00000065559	MAP2K4
chr7	103828699	103844682	15984	-	0.364	-1.20193111300509	0.0172263043908968	0.0290657390188775	ENSG00000164815	ORC5
chr4	166141086	166184511	43426	+	0.426	-1.31516553176658	0.0176888685646067	0.0298209460729314	ENSG00000109466	KLHL2
chr3	63898264	63898901	638	+	0.37	-1.33311753619248	0.017869940236722	0.0301007199757306	ENSG00000163635	ATXN7
chr5	68470704	68471364	661	+	0.462	1.28883845523348	0.0178862326854583	0.0301026959228634	ENSG00000134057	CCNB1
chr19	53883975	53888280	4306	+	0.903	-1.58016360117161	0.0179504907985191	0.0301663640166769	ENSG00000203326	ZNF525
chrX	133607389	133627620	20232	+	0.088	-1.06316105615672	0.0179543653238383	0.0301663640166769	ENSG00000165704	HPRT1
chr2	190593386	190609514	16129	+	0.947	-0.82405897656882	0.0180172406971592	0.0302464807993626	ENSG00000151687	ANKAR
chr6	170852689	170858201	5513	-	0.144	-1.22222760949667	0.0181559100128765	0.030453594638279	ENSG00000008018	PSMB1
chr17	40650942	40653322	2381	+	0.054	-0.800538525129497	0.0182175601518547	0.0305312813656084	ENSG00000033627	ATP6V0A1
chr10	31661947	31750166	88220	+	0.175	1.26209146569279	0.0182548638333595	0.0305680688748686	ENSG00000148516	ZEB1
chr2	124979282	124999970	20689	+	0.167	-1.39868963993756	0.0183374401397004	0.0306805406034819	ENSG00000155052	CNTNAP5
chr2	191523884	191537878	13995	+	0.762	-0.861055667253466	0.0185666214529123	0.0310379037050784	ENSG00000138386	NAB1
chr5	60768508	60790237	21730	+	0.15	1.26426319445133	0.0188057058383512	0.0314112083256352	ENSG00000130449	ZSWIM6
chr6	155095123	155154543	59421	+	0.465	-0.874962888071159	0.0189098363407565	0.0315549907050773	ENSG00000213079	SCAF8
chr6	16326625	16328701	2077	-	0.395	-0.765869044653029	0.0189234851340343	0.0315549907050773	ENSG00000124788	ATXN1
chr7	81598203	81611943	13741	-	0.206	-1.18304625270365	0.019307214529237	0.0321679197721431	ENSG00000153956	CACNA2D1
chr11	77330651	77336863	6213	-	0.531	-0.710819513835723	0.0196542922308461	0.032718809223758	ENSG00000074201	CLNS1A
chr1	741179	745550	4372	-	0.8	1.74150316990366	0.01970909876727	0.032782636295434	ENSG00000230092	
chr20	34302107	34313077	10971	-	0.717	-0.770637240388718	0.0197369541419341	0.0328015656899757	ENSG00000131051	RBM39
chr1	243846499	244006584	160086	-	0.024	-1.11226501474818	0.0199121807971219	0.0330651809566887	ENSG00000117020	AKT3
chr2	120830754	120836157	5404	+	0.462	-1.27524521809913	0.0201378954682581	0.0334121248977516	ENSG00000115109	EPB41L5
chr18	74561482	74563895	2414	+	0.364	-0.931531120486006	0.0202544117807701	0.0335774636598778	ENSG00000130856	ZNF236
chr1	231090079	231097049	6971	-	0.15	1.32850118424418	0.0205450346752366	0.0340224321669331	ENSG00000143643	TTC13
chr2	64083440	64085070	1631	+	0.064	1.09293054100094	0.0205569994459169	0.0340224321669331	ENSG00000169764	UGP2
chr18	51804073	51813781	9709	+	0.431	-0.861766677205749	0.0206126947379577	0.0340862751023869	ENSG00000101751	POLI
chr10	65369947	65379560	9614	+	0.119	-1.67372240075025	0.0206990334146213	0.0342006435921253	ENSG00000165476	REEP3
chr2	32703703	32725176	21474	+	0.136	-1.13944694013883	0.0207412572458428	0.0342210036485716	ENSG00000115760	BIRC6
chr13	41892942	41910892	17951	+	0.278	-1.32382690983841	0.0207457314936343	0.0342210036485716	ENSG00000172766	NAA16
chr22	32664275	32669494	5220	+	0.667	-1.10969936765613	0.0207865846316437	0.0342600082794724	ENSG00000242082	SLC5A4-AS1
chr17	45206759	45249430	42672	-	0.304	-0.998831859379674	0.0208725850998176	0.0343732977119411	ENSG00000004897	CDC27
chr8	141828376	141900868	72493	-	0.311	-0.902252139103639	0.0210440790525224	0.0346270755318778	ENSG00000169398	PTK2
chr15	64791492	64792365	874	+	0.876	-0.690015619924795	0.02106598136468	0.0346344912444904	ENSG00000180357	ZNF609
chr20	60714131	60716000	1870	-	0.182	-0.739588445305605	0.0212233629755685	0.034864451884783	ENSG00000101182	PSMA7
chr13	47297356	47308133	10778	+	0.296	-1.21666514859816	0.0212536346948483	0.0348853970959959	ENSG00000136141	LRCH1
chr3	169840379	169847340	6962	-	0.19	1.5534160430531	0.021315864155417	0.0349587195497818	ENSG00000173889	PHC3
chr9	19286767	19305525	18759	+	0.203	-1.1343198496904	0.0213523961521058	0.0349898113076894	ENSG00000137145	DENND4C
chr1	147120048	147131890	11843	-	0.833	-1.20775029878719	0.0214934940479973	0.0351717197583431	ENSG00000162836	ACP6
chr7	27934839	28031600	96762	-	0.25	-1.1105204674236	0.0214987357839797	0.0351717197583431	ENSG00000153814	JAZF1
chr20	23370583	23383709	13127	-	0.027	-1.20587180439613	0.0216886643547341	0.035453309302361	ENSG00000125814	NAPB
chr8	61707545	61714152	6608	+	0.667	-1.20573064356731	0.0217196094200615	0.0354747681339972	ENSG00000171316	CHD7
chr12	120592774	120593523	750	-	0.658	-0.758179836043069	0.0219074832077602	0.0357522943169266	ENSG00000089154	GCN1
chr22	21288067	21288532	466	+	0.497	-0.874699348492473	0.021943645488383	0.035781980481057	ENSG00000099942	CRKL
chr3	138289160	138290198	1039	-	0.213	1.25565713505685	0.0220424485356593	0.0359136784243025	ENSG00000114107	CEP70
chr14	39782544	39796226	13683	+	0.4	-1.14876940418578	0.0220780701063992	0.035942303828161	ENSG00000150527	MIA2
chr9	33971649	33973235	1587	-	0.606	0.774002232652905	0.0221145782599755	0.0359723246042576	ENSG00000137073	UBAP2
chr2	168994598	169038600	44003	-	0.084	-1.10669639739509	0.0223117617982636	0.0362634430533411	ENSG00000198648	STK39
chr8	48612965	48614577	1613	+	0.143	-1.46079591807092	0.022587709468018	0.0366819980023033	ENSG00000164808	SPIDR
chr7	91842509	91855996	13488	-	0.3	-0.89631795269372	0.0229248952511735	0.0371992391565496	ENSG00000285953	
chr1	154207067	154207767	701	+	0.06	1.29758918211523	0.0232809293421257	0.0377461973291305	ENSG00000143569	UBAP2L
chr3	56694759	56707753	12995	-	0.532	-0.903496693103859	0.0238314032895804	0.0386072611469118	ENSG00000163946	TASOR
chr6	83667031	83754378	87348	-	0.667	-1.05525924386259	0.0241917933380261	0.0391592362081382	ENSG00000118420	UBE3D
chr8	120800578	120810086	9509	-	0.203	-1.07535048886239	0.0243124816743814	0.0393226247064934	ENSG00000064313	TAF2
chr2	197777606	197787849	10244	-	0.211	1.35423107397142	0.0243569082644828	0.039362503534566	ENSG00000197121	PGAP1
chr20	39896103	39897723	1621	-	0.5	1.12211777153554	0.0245467603083912	0.0396371449910842	ENSG00000174306	ZHX3
chr22	46085592	46114373	28782	+	0.152	-0.965812464601167	0.0246196727550989	0.0397226648747179	ENSG00000130638	ATXN10
chr2	200245087	200298237	53151	-	0.242	-1.03947309375278	0.0246435369502891	0.0397289733344336	ENSG00000119042	SATB2
chr4	153332455	153333681	1227	-	0.923	-0.534720077646729	0.0247804985705244	0.0399174536034904	ENSG00000109670	FBXW7
chr9	88284400	88327481	43082	-	0.135	-0.995501872880025	0.0248649223295559	0.0400168488420653	ENSG00000135049	AGTPBP1
chr4	151719233	151738409	19177	-	0.304	-0.866600156658414	0.0248932228176732	0.0400168488420653	ENSG00000198589	LRBA
chrX	90669903	90673870	3968	-	0.6	-1.21137592477876	0.0249024991036258	0.0400168488420653	ENSG00000234161	PABPC5-AS1
chr2	230701564	230744844	43281	-	0.268	-1.21548979359386	0.0255730568845083	0.0410612550460129	ENSG00000153827	TRIP12
chr9	14639894	14680160	40267	-	0.479	-0.972468878316626	0.0257932480327698	0.041344177051715	ENSG00000175893	ZDHHC21
chr4	128995615	129003460	7846	+	0.227	-1.26573456887776	0.0258066701741755	0.041344177051715	ENSG00000138709	LARP1B
chr22	24698163	24709434	11272	+	0.179	-0.890076432674738	0.0258115580488608	0.041344177051715	ENSG00000258555	SPECC1L-ADORA2A
chr18	9195549	9221997	26449	+	0.222	-1.0256384537572	0.0258539670996793	0.0413788171185381	ENSG00000101745	ANKRD12
chr9	113734353	113735838	1486	-	0.297	1.0627267407817	0.0261468992827393	0.0418140373268546	ENSG00000198121	LPAR1
chr6	116966877	116982009	15133	-	0.364	-1.23770652071677	0.026237965537033	0.0419259946903954	ENSG00000153975	ZUP1
chr12	89853415	89866052	12638	-	0.4	-1.35773299890334	0.0262845601266679	0.0419667676120254	ENSG00000139323	POC1B
chr10	126370176	126370948	773	-	0.14	-1.08078908932814	0.0265704438119784	0.0423625575035684	ENSG00000189319	FAM53B
chr1	10407819	10408791	973	+	0.117	-1.154302916284	0.0265801932665081	0.0423625575035684	ENSG00000054523	KIF1B
chr1	233270759	233372726	101968	-	0.195	-1.07991397454901	0.0265962817074136	0.0423625575035684	ENSG00000135749	PCNX2
chr5	38991051	39003724	12674	-	0.225	-0.979877866412838	0.0272155486270669	0.0433142744336453	ENSG00000164327	RICTOR
chr16	88061089	88071617	10529	+	0.455	-1.15645838692224	0.0272650831143268	0.0433584508631187	ENSG00000172530	BANP
chr17	45214518	45249430	34913	-	0.387	-1.64829927174882	0.0277201224858446	0.0440468985389598	ENSG00000004897	CDC27
chr17	46189393	46190763	1371	+	0.333	1.37252684942193	0.027930371655247	0.0443455900842079	ENSG00000002919	SNX11
chr10	123298106	123325218	27113	-	0.357	-1.17222936284348	0.0282553615007528	0.0448258364525887	ENSG00000066468	FGFR2
chr14	102661275	102676199	14925	+	0.478	-1.18699810752028	0.0283203144079812	0.0448931098616963	ENSG00000140153	WDR20
chr17	58342773	58372162	29390	-	0.065	-1.14257596998947	0.0289071392164056	0.0457868847890721	ENSG00000170832	USP32
chr19	52380535	52384130	3596	-	0.327	-1.52837022976496	0.0292335029895671	0.0462670146679078	ENSG00000161551	ZNF577
chr6	13228048	13230425	2378	+	0.09	-1.32165774504676	0.0294939973607737	0.0466422150478955	ENSG00000112137	PHACTR1
chr5	74130251	74137504	7254	-	0.386	-1.07419927359315	0.0297387116036845	0.0469806395531085	ENSG00000198780	FAM169A
chr13	30801549	30815223	13675	-	0.085	-0.808451540789381	0.0297551916004369	0.0469806395531085	ENSG00000102781	KATNAL1
chr5	74109665	74137504	27840	-	0.233	-0.885359161921307	0.0301325872001234	0.047538812294331	ENSG00000198780	FAM169A
chr15	41988273	41991357	3085	+	0.569	-0.861600411381649	0.030655516834821	0.0483255217879087	ENSG00000174197	MGA
chr1	52959283	52975384	16102	-	0.505	-0.885294146577531	0.0307294518484095	0.0484037489162843	ENSG00000134744	TUT4
chr12	46633462	46637097	3636	-	0.221	-0.969246760473124	0.0310457254333199	0.0488301494675444	ENSG00000111371	SLC38A1
chr13	41890982	41910892	19911	+	0.364	-1.12254516996518	0.0310613746256042	0.0488301494675444	ENSG00000172766	NAA16
chr5	109049221	109065214	15994	+	0.443	-0.775328868545151	0.0310737314793465	0.0488301494675444	ENSG00000112893	MAN2A1
chr3	107429299	107451870	22572	+	0.438	-0.803994485682463	0.0316736130912431	0.0497335675588841	ENSG00000114439	BBX
chr9	134381501	134381840	340	+	0.25	0.932801337324359	0.0317421685284025	0.0498019365957835	ENSG00000130714	POMT1
chr2	171884849	171902872	18024	-	0.2	1.46843787622794	0.0318368165169694	0.0499111036892017	ENSG00000198586	TLK1
