seqnames	start	end	width	strand	CLR	lfc	pval	fdr	ENSEMBL	geneName
chr15	84228005	84257523	29519	+	0.463	-4.11628639792007	1.43951593742811e-32	2.85887865173222e-29	ENSG00000140600	SH3GL3
chr2	120885264	120932576	47313	+	0.545	-4.10230735957684	2.90702199219285e-26	2.8866728382475e-23	ENSG00000115109	EPB41L5
chr9	77611363	77632364	21002	-	0.509	-3.4079890690411	9.02594926347344e-23	5.97517841241942e-20	ENSG00000156017	CARNMT1
chr13	42742576	42764661	22086	+	0.579	-3.676067201018	4.13033620666329e-21	2.05071192660832e-18	ENSG00000102780	DGKH
chr1	227381487	227441856	60370	-	0.17	-3.41696556441958	2.12202587525151e-20	8.428686776499e-18	ENSG00000143776	CDC42BPA
chr8	105053554	105161076	107523	+	0.802	-4.71543845293603	5.41148524638796e-20	1.79120161655441e-17	ENSG00000176406	RIMS2
chr2	2837025	2839371	2347	-	0.875	-4.87062528526981	9.63008406048747e-20	2.73219242058973e-17	n/a	
chr10	123596233	123683844	87612	-	0.151	-4.20735856042413	1.21321439232371e-19	3.01180472894362e-17	ENSG00000107669	ATE1
chr7	122047594	122114571	66978	-	0.112	-4.18120030124787	1.53735161280992e-18	3.39242255893389e-16	ENSG00000081803	CADPS2
chr20	50273477	50307358	33882	-	0.09	-3.21991682542364	2.82350711000902e-18	5.60748512047791e-16	ENSG00000054793	ATP9A
chr3	120871324	120959354	88031	+	0.161	-3.17092645681795	3.59815051887595e-18	6.49629720953422e-16	ENSG00000145087	STXBP5L
chr7	121985628	122056218	70591	-	0.107	-5.5047077071675	1.2521722301944e-17	2.07234504097174e-15	ENSG00000081803	CADPS2
chr15	25511578	25524031	12454	+	0.345	-2.64564702702267	5.68775241465821e-17	8.68913561193169e-15	ENSG00000224078	
chr13	79915258	79918929	3672	-	0.107	-3.21034726097894	6.48410756213805e-17	9.19816972743297e-15	ENSG00000139746	RBM26
chr10	117185760	117309046	123287	+	0.09	-3.26302684880578	9.26020749813067e-17	1.2260514727525e-14	ENSG00000107518	ATRNL1
chr18	54444013	54483375	39363	+	0.153	-3.15979017596493	1.5143610639427e-16	1.87970067061888e-14	ENSG00000091157	WDR7
chr19	47919909	47920607	699	-	0.738	-4.08383738525107	4.52229059114163e-16	5.28309947882781e-14	ENSG00000105419	MEIS3
chr2	228881122	228884872	3751	-	0.685	-4.8424098923095	6.32222153482966e-16	6.96672789234114e-14	ENSG00000153820	SPHKAP
chr8	105053557	105161076	107520	+	0.222	-5.41912746601333	6.66504682550261e-16	6.96672789234114e-14	ENSG00000176406	RIMS2
chr6	73005640	73043538	37899	+	0.95	-3.90148914115602	1.25745197718e-15	1.24864981333974e-13	ENSG00000079841	RIMS1
chr5	94204038	94248681	44644	-	0.233	-3.6497430292355	1.38504320711485e-15	1.30985514730004e-13	ENSG00000175471	MCTP1
chr3	183368084	183371877	3794	+	0.223	-4.52253723193829	1.87383476722265e-15	1.69156174895645e-13	ENSG00000114796	KLHL24
chr6	69703660	69785930	82271	+	0.134	-2.7491106892039	2.61317776736742e-15	2.25642219390943e-13	ENSG00000135298	ADGRB3
chr4	123111155	123122281	11127	+	0.058	-3.26925933398788	2.8682931910183e-15	2.37351261556764e-13	ENSG00000138688	KIAA1109
chr20	30954187	30956926	2740	+	0.263	3.09435510992591	3.39244982369999e-15	2.61667757305511e-13	ENSG00000171456	ASXL1
chr15	51827860	51839605	11746	-	0.188	-3.23730650811706	3.42566046824939e-15	2.61667757305511e-13	ENSG00000104093	DMXL2
chr16	81388010	81411307	23298	+	0.557	-3.85740585819878	3.66218377241203e-15	2.69373961926307e-13	ENSG00000261609	GAN
chr1	54059781	54065951	6171	-	0.706	-3.89676612799236	4.07122351745343e-15	2.88766068059375e-13	ENSG00000174332	GLIS1
chr8	101276262	101300495	24234	-	0.321	-4.19405336960305	5.9731205954617e-15	3.99326663484901e-13	ENSG00000034677	RNF19A
chr7	122194604	122261771	67168	-	0.04	-3.31321026430946	6.03212482605591e-15	3.99326663484901e-13	ENSG00000081803	CADPS2
chr7	8257935	8275570	17636	-	0.185	-3.05157096090517	2.22215024653624e-14	1.40547330037217e-12	ENSG00000003147	ICA1
chr6	146240484	146254314	13831	-	0.413	-2.44542374960845	2.26460954742746e-14	1.40547330037217e-12	ENSG00000146414	SHPRH
chr2	66510471	66512607	2137	+	1	-3.6864833415417	3.69817177248365e-14	2.22562701216744e-12	n/a	
chr7	122255235	122269382	14148	-	0.058	-4.11927237392884	4.25567228317349e-14	2.48581328070075e-12	ENSG00000081803	CADPS2
chr10	90661413	90682193	20781	+	0.389	-2.34224529087783	4.6666687037439e-14	2.64800115589582e-12	ENSG00000138134	STAMBPL1
chr10	120445495	120489922	44428	-	0.37	-2.79774267272915	5.87176377797695e-14	3.23925635085062e-12	ENSG00000151893	CACUL1
chr1	229599290	229601266	1977	-	0.162	-3.2325783031081	7.6196365187786e-14	4.08989138548495e-12	ENSG00000069248	NUP133
chr3	183368084	183369064	981	+	0.109	-3.04512219450311	8.99922344229561e-14	4.64676854041973e-12	ENSG00000114796	KLHL24
chr6	136990421	137019820	29400	-	0.148	-2.47243204322001	9.2725638237196e-14	4.64676854041973e-12	ENSG00000197442	MAP3K5
chr10	123629521	123683844	54324	-	0.238	-3.21719142429131	9.35905043387659e-14	4.64676854041973e-12	ENSG00000107669	ATE1
chr21	38126481	38139586	13106	-	0.571	-2.6770833344121	1.04821732797798e-13	5.07746247162015e-12	ENSG00000159267	HLCS
chr6	76344423	76380436	36014	+	0.191	-2.65347407163733	1.1304952152757e-13	5.3456273750894e-12	ENSG00000112701	SENP6
chr12	1372200	1553916	181717	+	0.111	-4.03079063606138	1.32516266466535e-13	6.0792033537995e-12	ENSG00000082805	ERC1
chr5	82832826	82838087	5262	+	0.829	3.80786347488179	1.34685270678337e-13	6.0792033537995e-12	ENSG00000038427	VCAN
chr10	66643455	66696529	53075	+	0.706	-4.21112462295133	1.41314661814724e-13	6.23668707475648e-12	n/a	
chr15	61194521	61195883	1363	-	0.917	-4.74153642953292	1.75808508960695e-13	7.59034127817263e-12	ENSG00000069667	RORA
chr15	62299507	62306191	6685	-	0.681	-2.12710526772371	1.83764120127093e-13	7.76501154409374e-12	ENSG00000129003	VPS13C
chr1	70518709	70573509	54801	+	0.294	-2.60848881418564	1.9470035663952e-13	8.05572725596012e-12	ENSG00000033122	LRRC7
chr8	62588699	62596747	8049	-	0.162	-2.92645755832422	2.583189834487e-13	1.04698265536555e-11	ENSG00000198363	ASPH
chr5	136969726	136975666	5941	-	0.316	-2.90572061173916	2.6386836928811e-13	1.04808516281237e-11	ENSG00000146021	KLHL3
chr10	15863655	15889942	26288	-	0.366	-2.11465278584915	3.20280570265521e-13	1.24721022068103e-11	ENSG00000148481	MINDY3
chr20	34446224	34451322	5099	+	0.07	-3.8820122958904	3.36466482677018e-13	1.28504314345492e-11	ENSG00000025293	PHF20
chr6	138655107	138656325	1219	+	0.186	-3.59177344783445	3.56335131539004e-13	1.33524824761597e-11	ENSG00000112379	ARFGEF3
chr6	56846509	56857353	10845	+	0.252	-2.42919623281798	3.87006382306472e-13	1.42332347270491e-11	ENSG00000151917	BEND6
chr3	192381864	192391059	9196	-	0.667	-2.76058377148485	4.17598815748194e-13	1.50791136013803e-11	ENSG00000114279	FGF12
chr6	89554076	89601634	47559	-	0.25	-3.8128206659783	5.39927206035245e-13	1.91481326997499e-11	ENSG00000111880	RNGTT
chr4	73984405	73991029	6625	-	0.459	-2.25688689730427	6.43151646143152e-13	2.2408757355093e-11	ENSG00000132466	ANKRD17
chr12	28458582	28544344	85763	+	0.3	-2.51229521299044	7.5995399243561e-13	2.60218729133987e-11	ENSG00000123106	CCDC91
chr18	74561482	74583781	22300	+	0.328	-2.41673485656574	8.22366084511146e-13	2.76816787091379e-11	ENSG00000130856	ZNF236
chr15	89656956	89698765	41810	+	0.187	-2.62534105204525	8.53509140913674e-13	2.82511525642426e-11	ENSG00000140526	ABHD2
chr14	61278705	61346553	67849	+	0.215	-2.37135026168785	8.75976615221339e-13	2.85195009480259e-11	ENSG00000020426	MNAT1
chr6	126314903	126334247	19345	+	0.414	-3.13730240865034	9.16808257783522e-13	2.93674387090012e-11	ENSG00000066651	TRMT11
chr6	24539164	24539908	745	-	0.96	-5.04602876840716	9.37514571193941e-13	2.95540307681138e-11	n/a	
chr3	183368084	183382827	14744	+	0.066	-2.94347455272575	1.17624084208417e-12	3.65002236309245e-11	ENSG00000114796	KLHL24
chr7	152480272	152522207	41936	+	0.214	-2.61041616138984	1.25130872190595e-12	3.82322941800804e-11	ENSG00000133627	ACTR3B
chr3	142496474	142503882	7409	+	0.212	-3.26012218005777	1.40381794672979e-12	4.22421582152328e-11	ENSG00000144935	TRPC1
chr1	213251038	213341316	90279	+	0.075	-2.54731217945284	1.43518775970589e-12	4.25415356832224e-11	ENSG00000136643	RPS6KC1
chr5	72370569	72373320	2752	+	0.345	2.2212355931005	1.66020127523095e-12	4.84876431265982e-11	ENSG00000157107	FCHO2
chr3	121097563	121100379	2817	+	0.382	-3.12962716852435	2.16545760465442e-12	6.23275188817925e-11	ENSG00000145087	STXBP5L
chr1	27056142	27059283	3142	+	0.286	2.57610468028072	2.27667755634749e-12	6.45925946700874e-11	ENSG00000117713	ARID1A
chr6	131919427	131929211	9785	-	0.533	-2.90865892582671	2.61291326536547e-12	7.30879682396595e-11	ENSG00000112282	MED23
chr10	14938845	14939516	672	+	0.4	-3.26252156560698	2.86709388941248e-12	7.90840064496275e-11	ENSG00000152455	SUV39H2
chr1	118413069	118463047	49979	-	0.421	-2.56598713649011	3.41098746663577e-12	9.27975494347759e-11	ENSG00000196505	GDAP2
chr6	147322577	147440613	118037	-	0.667	-2.91509591544041	3.71291059818018e-12	9.96464925403491e-11	ENSG00000233452	STXBP5-AS1
chr10	61844360	61848116	3757	-	0.098	-2.85627241111134	4.31996063723033e-12	1.14392557673859e-10	ENSG00000151150	ANK3
chr6	24578338	24583930	5593	-	0.111	-2.70217593158496	4.50000468902484e-12	1.17592227794781e-10	ENSG00000137261	KIAA0319
chr15	54586093	54630687	44595	+	0.215	-3.77772599665378	4.93231740750987e-12	1.27215355471618e-10	ENSG00000137766	UNC13C
chr7	122076414	122114571	38158	-	0.074	-3.8036825619092	5.09568384876146e-12	1.2974395030308e-10	ENSG00000081803	CADPS2
chr13	35615070	35633000	17931	+	0.143	-3.29750945851047	5.61108284158307e-12	1.40359687413074e-10	ENSG00000172915	NBEA
chr7	122019422	122056218	36797	-	0.067	-3.77976957933368	5.65396525329603e-12	1.40359687413074e-10	ENSG00000081803	CADPS2
chr1	8525985	8617582	91598	-	0.216	-3.51761485463116	6.16025301154715e-12	1.51040277542378e-10	ENSG00000142599	RERE
chr5	94114815	94248681	133867	-	0.286	-2.68644931285112	7.83148591435707e-12	1.89674768608697e-10	ENSG00000175471	MCTP1
chr2	61597456	61622368	24913	-	0.133	-2.76665506391836	7.97564388678347e-12	1.90838900712674e-10	ENSG00000115464	USP34
chr6	55360217	55406938	46722	-	0.514	-2.84138631667615	8.40899461978457e-12	1.98739922694522e-10	ENSG00000146151	HMGCLL1
chr9	14639894	14674383	34490	-	0.273	-2.87259031161625	8.50598863496193e-12	1.98739922694522e-10	ENSG00000175893	ZDHHC21
chr6	99912480	99958106	45627	-	0.322	-4.66243244519312	1.4205028336535e-11	3.28037049725099e-10	ENSG00000123552	USP45
chr15	25284858	25287662	2805	+	0.867	-3.85538847202829	1.59777841611461e-11	3.64734245333749e-10	ENSG00000224078	
chr3	3197903	3215945	18043	-	0.313	-2.76126193599881	1.92666310418611e-11	4.34812832376548e-10	ENSG00000113851	CRBN
chr6	13579683	13601181	21499	+	0.231	-3.08834809389655	2.15145215969876e-11	4.80088088669859e-10	ENSG00000124523	SIRT5
chr6	146719905	146720835	931	+	0.233	-3.79070755552221	2.18987904630762e-11	4.83233309551881e-10	ENSG00000152822	GRM1
chr2	32602656	32641231	38576	+	0.2	-3.20654585274255	2.49173646516674e-11	5.43800947233093e-10	ENSG00000115760	BIRC6
chr15	72338065	72338975	911	-	0.244	-2.19923654059432	2.55100648704222e-11	5.50684661224549e-10	ENSG00000066933	MYO9A
chr2	135624112	135626611	2500	-	0.792	-2.57721555135751	2.67796069182984e-11	5.71874186448824e-10	ENSG00000224043	
chr7	137237115	137294355	57241	-	0.093	-2.25602924085808	3.51822786405497e-11	7.43319206171613e-10	ENSG00000157680	DGKI
chrX	134679348	134683730	4383	+	0.795	-3.32674111920144	3.74655858004424e-11	7.83227930522932e-10	ENSG00000165359	INTS6L
chr14	89192885	89221015	28131	-	0.558	-3.19192646814912	4.25700825987439e-11	8.76965203959891e-10	ENSG00000165521	EML5
chr1	243727022	243859018	131997	-	0.017	-3.02007550497296	4.28326408782021e-11	8.76965203959891e-10	ENSG00000117020	AKT3
chr19	47767860	47768203	344	+	0.593	-3.69581877373534	4.42048258860456e-11	8.95824328670271e-10	ENSG00000105321	CCDC9
chr18	54444013	54547396	103384	+	0.092	-2.64307690655594	4.57680582806719e-11	9.18134987327419e-10	ENSG00000091157	WDR7
chr6	34100755	34101636	882	-	0.168	-4.12540983919672	5.45799689738693e-11	1.08395818382105e-09	ENSG00000124493	GRM4
chr7	137206612	137308300	101689	-	0.182	-2.73878503822608	6.18507990038884e-11	1.21619491902695e-09	ENSG00000157680	DGKI
chr1	230798887	230810870	11984	+	0.597	-2.0525220045132	6.65611539577979e-11	1.2959848211783e-09	ENSG00000135775	COG2
chr2	180815239	180815653	415	-	0.392	-2.53713006914479	7.42984983100787e-11	1.43259046256132e-09	ENSG00000163510	CWC22
chr6	73001637	73043538	41902	+	0.367	-3.52784243091135	8.98762958960197e-11	1.71629157355284e-09	ENSG00000079841	RIMS1
chr8	42211943	42229180	17238	+	0.429	-3.96238109725091	1.01365906408871e-10	1.91726371550493e-09	ENSG00000070501	POLB
chr15	41854746	41857339	2594	+	0.415	-2.32164303833668	1.32533655660544e-10	2.48313056737585e-09	ENSG00000092445	TYRO3
chr14	61262935	61346553	83619	+	0.346	-2.30423125836502	1.42821322238463e-10	2.65087052304287e-09	ENSG00000020426	MNAT1
chrX	57862954	57877126	14173	-	0.706	-2.97820667528854	1.48676231872029e-10	2.73399070831343e-09	n/a	
chr8	10065343	10177499	112157	+	0.233	-2.11947095988132	1.56232991497655e-10	2.83525206530912e-09	ENSG00000175806	MSRA
chr10	74468041	74475660	7620	+	0.845	-3.37319411943151	1.5703813050554e-10	2.83525206530912e-09	ENSG00000156026	MCU
chr18	76953183	77037196	84014	+	0.195	-2.54423668550502	1.66511924862013e-10	2.97921335834197e-09	ENSG00000166377	ATP9B
chr7	137148235	137294355	146121	-	0.4	-3.19893686638107	2.11518671879964e-10	3.75067930672865e-09	ENSG00000157680	DGKI
chr2	107446522	107460490	13969	-	0.657	-2.90253539967698	2.20332546187902e-10	3.87239324539092e-09	ENSG00000144057	ST6GAL2
chr2	71590283	71607695	17413	+	0.222	-2.81099064738362	2.3811639066848e-10	4.1482381742772e-09	ENSG00000075292	ZNF638
chr2	221618333	221675652	57320	+	0.471	-2.75649832401705	2.7972512541733e-10	4.83073129633755e-09	n/a	
chr10	116879949	117027921	147973	+	0.081	-2.8854051754197	2.84539820040433e-10	4.87151795345086e-09	ENSG00000107518	ATRNL1
chr8	41832222	41839472	7251	-	0.267	-2.0813583679655	2.99954798037392e-10	5.09154041796805e-09	ENSG00000083168	KAT6A
chr5	36982267	36986403	4137	+	0.375	3.51394601807645	3.05387383701402e-10	5.13982494941512e-09	ENSG00000164190	NIPBL
chr11	108638664	108722936	84273	+	0.889	-2.3345434254162	3.24281857779033e-10	5.41196444999294e-09	ENSG00000178105	DDX10
chr13	35615070	35644989	29920	+	0.338	-2.76580881075386	3.32534563293883e-10	5.48760977795154e-09	ENSG00000172915	NBEA
chr3	194154501	194175121	20621	-	0.338	-3.80412947256045	3.34340777005104e-10	5.48760977795154e-09	ENSG00000133657	ATP13A3
chr13	101997652	102051516	53865	-	0.108	-3.07114648776847	3.56301151138129e-10	5.80011546033053e-09	ENSG00000102452	NALCN
chr1	70518709	70555502	36794	+	0.211	-2.38403764613182	3.7720556273157e-10	6.0904898177634e-09	ENSG00000033122	LRRC7
chr3	145838899	145842016	3118	-	0.438	2.70205922239987	4.8907833476723e-10	7.83314171651387e-09	ENSG00000152952	PLOD2
chr9	129154345	129184227	29883	+	0.136	-2.25360643465974	5.02500887185492e-10	7.89675989688171e-09	ENSG00000196814	MVB12B
chr15	54304845	54308083	3239	+	0.585	-4.30845709329671	5.03588090766192e-10	7.89675989688171e-09	ENSG00000137766	UNC13C
chr21	38480692	38519903	39212	+	0.348	-2.89190156024274	5.04979107202405e-10	7.89675989688171e-09	ENSG00000182670	TTC3
chr3	179576850	179597911	21062	-	0.052	-2.48942198302348	5.17724243981634e-10	8.03281522302754e-09	ENSG00000114757	PEX5L
chr11	115080294	115111140	30847	-	0.72	7.71905735789281	5.48319954747602e-10	8.44157697774215e-09	ENSG00000182985	CADM1
chr10	71243447	71258152	14706	+	0.316	-4.95162026900939	5.76139749884376e-10	8.80164264054132e-09	ENSG00000099282	TSPAN15
chr3	27424644	27465643	41000	-	0.118	-2.21327516130014	5.96699976731518e-10	9.04615384571598e-09	ENSG00000033867	SLC4A7
chr9	111954558	111962614	8057	-	0.326	-2.99292424631932	6.32513760846948e-10	9.51645703819727e-09	ENSG00000095203	EPB41L4B
chr12	79679567	79693331	13765	+	0.033	-2.58165010247341	6.56265130411599e-10	9.7995680375747e-09	ENSG00000067715	SYT1
chr8	17123416	17143936	20521	+	0.59	-2.09167627626827	6.83348718749873e-10	1.01278399659496e-08	ENSG00000155975	VPS37A
chr9	87635121	87637632	2512	+	0.064	-2.62062082633092	7.04863017757583e-10	1.03498407234381e-08	ENSG00000148053	NTRK2
chr2	120885264	120932580	47317	+	0.867	-3.69970841655251	7.08750422148835e-10	1.03498407234381e-08	ENSG00000115109	EPB41L5
chr4	73956384	73958017	1634	-	0.106	2.03128566175647	7.27241238156672e-10	1.0542343788169e-08	ENSG00000132466	ANKRD17
chr7	140494108	140508795	14688	-	0.323	-2.18402329681016	7.4979322380783e-10	1.07905024817562e-08	ENSG00000157764	BRAF
chr9	88574708	88611492	36785	+	0.333	-2.06998816719259	8.45163025540205e-10	1.20754947390133e-08	ENSG00000135040	NAA35
chr8	41518948	41521260	2313	-	0.407	-3.41590642826111	8.59579998251628e-10	1.21937562609124e-08	ENSG00000029534	ANK1
chr7	14517786	14712652	194867	-	0.118	-2.4433843245225	1.02159750904308e-09	1.43893095954579e-08	ENSG00000136267	DGKB
chr6	55378846	55406938	28093	-	0.229	-2.82928778527152	1.06678161043056e-09	1.49199174529231e-08	ENSG00000146151	HMGCLL1
chr6	69653722	69728391	74670	+	0.047	-3.13063242138133	1.09032769088266e-09	1.5142592965685e-08	ENSG00000135298	ADGRB3
chr6	73016961	73043538	26578	+	0.431	-3.29996640549251	1.11391389751246e-09	1.53627291698593e-08	ENSG00000079841	RIMS1
chr7	77214860	77230123	15264	+	0.286	2.47451911400275	1.12189666376564e-09	1.53661156844039e-08	ENSG00000127947	PTPN12
chr13	21006241	21063635	57395	-	0.154	-2.32016297851731	1.15022251156092e-09	1.56461774517807e-08	ENSG00000165475	CRYL1
chr1	167301707	167307495	5789	+	0.476	-3.31091585283368	1.18454912103985e-09	1.59638145406916e-08	ENSG00000143190	POU2F1
chr6	82923944	82924546	603	-	0.485	-1.90056974172917	1.20334113288132e-09	1.59638145406916e-08	ENSG00000005700	IBTK
chr3	183368084	183390272	22189	+	0.357	-3.13134132126197	1.20457923402592e-09	1.59638145406916e-08	ENSG00000114796	KLHL24
chr9	77631184	77632364	1181	-	0.542	-2.4053981816128	1.20572617376825e-09	1.59638145406916e-08	ENSG00000156017	CARNMT1
chr5	176618885	176639196	20312	+	0.321	-2.50372789880851	1.24191919157999e-09	1.63341159899196e-08	ENSG00000165671	NSD1
chr5	135489281	135489852	572	+	0.208	-2.41358725522866	1.40092103373185e-09	1.8207950946883e-08	ENSG00000113658	SMAD5
chr4	166960491	166999182	38692	+	0.522	-5.24989681990238	1.40272733880821e-09	1.8207950946883e-08	ENSG00000038295	TLL1
chr16	7629779	7657340	27562	+	0.211	-2.4356694873095	1.46392876367533e-09	1.8878977432852e-08	ENSG00000078328	RBFOX1
chr20	33834643	33842557	7915	+	0.323	-4.04643870368946	1.52208583390359e-09	1.95023384911777e-08	ENSG00000125966	MMP24
chr6	28239632	28240564	933	+	0.136	-2.66510322322724	1.5892993404659e-09	2.02330031420852e-08	ENSG00000197062	ZSCAN26
chr15	33180373	33194241	13869	-	0.294	-2.99976156557844	1.70597270263791e-09	2.14494394185675e-08	ENSG00000248905	FMN1
chr3	183361268	183382827	21560	+	0.111	-2.6890031109751	1.71683083228806e-09	2.14494394185675e-08	ENSG00000114796	KLHL24
chr8	131370263	131374017	3755	-	0.174	5.37302625295145	1.71725119212096e-09	2.14494394185675e-08	ENSG00000153317	ASAP1
chr14	88883055	88904247	21193	+	0.459	-2.03073862467727	2.00348842759278e-09	2.48683001074954e-08	ENSG00000042317	SPATA7
chr12	1399018	1481143	82126	+	0.393	-2.86332092440072	2.1887766303178e-09	2.69994434025538e-08	ENSG00000082805	ERC1
chr13	48651289	48664554	13266	-	0.115	-2.41786242945913	2.25717565083688e-09	2.76713014972966e-08	ENSG00000136146	MED4
chr16	31230416	31230840	425	+	0.864	-5.63707669091774	2.29514079432501e-09	2.79641080830029e-08	ENSG00000177238	TRIM72
chr18	76953183	77067234	114052	+	0.254	-2.0782181857077	2.34488197257709e-09	2.83959487654762e-08	ENSG00000166377	ATP9B
chr2	162804076	162821683	17608	+	0.14	-2.48044120622906	2.69800592875416e-09	3.24741804515501e-08	ENSG00000144290	SLC4A10
chr5	153413351	153414527	1177	-	0.585	2.05020558840899	2.7187325781238e-09	3.25265234949028e-08	ENSG00000055147	FAM114A2
chr20	50290692	50307358	16667	-	0.076	-2.01478849441339	2.85753569445922e-09	3.39824304742276e-08	ENSG00000054793	ATP9A
chr21	32537279	32575328	38050	-	0.173	-2.72047764802785	3.18437401330951e-09	3.76438499430517e-08	ENSG00000156299	TIAM1
chr19	30476130	30509866	33737	+	0.684	-3.5223538846024	3.26077125619158e-09	3.83188858863697e-08	n/a	
chr12	130884224	130907106	22883	-	0.4	-2.72994279518562	3.32043588736693e-09	3.8790503954769e-08	ENSG00000060709	RIMBP2
chr10	43650345	43654379	4035	+	0.698	-2.06711110920763	3.43796540998003e-09	3.99286509018734e-08	ENSG00000169826	CSGALNACT2
chr13	35615070	35624532	9463	+	0.119	-2.70452093763149	3.65373282880702e-09	4.21878685930857e-08	ENSG00000172915	NBEA
chr3	71733723	71759635	25913	-	0.243	-2.29776942386054	3.67809552806198e-09	4.22236862354399e-08	ENSG00000163412	EIF4E3
chr18	31673429	31692661	19233	-	0.364	-2.82379698078427	4.18645398416916e-09	4.77833196124136e-08	ENSG00000101746	NOL4
chr4	62775278	62813994	38717	+	0.184	-2.2612510469547	4.2225701257341e-09	4.79201386840453e-08	ENSG00000150471	ADGRL3
chr10	116975455	117027921	52467	+	0.033	-2.2060268886941	5.07933019830974e-09	5.73156237150179e-08	ENSG00000107518	ATRNL1
chr20	9538255	9547031	8777	-	0.414	-2.63639400997212	5.24448850405087e-09	5.88449388081639e-08	ENSG00000101349	PAK5
chr5	125939262	125939875	614	+	0.25	-1.98606947578322	5.59381415649409e-09	6.20988378988738e-08	ENSG00000164902	PHAX
chr21	40578034	40601362	23329	-	0.426	-2.33890680288656	5.59702516812609e-09	6.20988378988738e-08	ENSG00000185658	BRWD1
chr4	91229395	91234198	4804	+	0.5	-2.72542501589308	5.77117831993242e-09	6.36753341299211e-08	ENSG00000184305	CCSER1
chr13	40268771	40301685	32915	+	0.4	-2.26197429156137	5.85776256396031e-09	6.42735715581501e-08	ENSG00000133103	COG6
chr2	170387097	170401345	14249	-	0.28	-2.26888685885586	6.02995236086784e-09	6.57993702674919e-08	ENSG00000138399	FASTKD1
chr8	51351103	51415440	64338	+	0.19	-2.26948838253063	6.1270946948538e-09	6.64940440654626e-08	ENSG00000147481	SNTG1
chr7	29220906	29226163	5258	-	0.769	-5.39596653346705	6.18058680338292e-09	6.67100293017309e-08	ENSG00000106066	CPVL
chr18	8076453	8143777	67325	+	0.222	-2.55870140002111	6.76788817752376e-09	7.2654194165201e-08	ENSG00000173482	PTPRM
chr16	47531310	47630442	99133	+	0.225	-1.93616060392018	7.03724961489141e-09	7.51396652428728e-08	ENSG00000102893	PHKB
chr5	65349234	65350779	1546	+	0.106	3.3019780697111	7.29774609576458e-09	7.74846949440611e-08	ENSG00000112851	ERBIN
chr9	87325552	87367000	41449	+	0.018	-2.74713354960503	7.35155683879899e-09	7.74846949440611e-08	ENSG00000148053	NTRK2
chr11	115085328	115111140	25813	-	0.378	-3.98552290340928	7.37392112005415e-09	7.74846949440611e-08	ENSG00000182985	CADM1
chr1	16891302	16893846	2545	-	0.766	8.13694850527955	7.58561745777938e-09	7.92896645849992e-08	ENSG00000219481	NBPF1
chr3	182923664	182925611	1948	-	0.391	-2.55812518360181	8.49513860370946e-09	8.83316506123926e-08	ENSG00000053524	MCF2L2
chr6	89554076	89614674	60599	-	0.217	-3.08619613713769	9.08893694247347e-09	9.40136914987099e-08	ENSG00000111880	RNGTT
chr12	1372200	1481143	108944	+	0.209	-3.00193060176681	9.22544801363814e-09	9.49312940677998e-08	ENSG00000082805	ERC1
chr2	107446522	107450602	4081	-	0.16	-2.63617240358128	1.17145968183305e-08	1.1965376655874e-07	ENSG00000144057	ST6GAL2
chr8	41518948	41519459	512	-	0.575	-4.57595616830795	1.17484816107524e-08	1.1965376655874e-07	ENSG00000029534	ANK1
chr5	142258939	142311690	52752	+	0.082	-2.31663337031574	1.24698304431999e-08	1.2635246561324e-07	ENSG00000145819	ARHGAP26
chr9	86276692	86284242	7551	-	0.083	-1.93198403484795	1.28495991896549e-08	1.28983922064267e-07	ENSG00000135018	UBQLN1
chr8	113933856	113988377	54522	-	0.308	-2.66421019814743	1.28594242541414e-08	1.28983922064267e-07	ENSG00000164796	CSMD3
chr2	55040369	55155888	115520	+	0.343	-2.22033188104806	1.35991405253763e-08	1.35718055695464e-07	ENSG00000214595	EML6
chr8	124089351	124121860	32510	+	0.604	-2.49361589769419	1.42481731450579e-08	1.41484359330425e-07	ENSG00000156787	TBC1D31
chr20	35457457	35467844	10388	-	0.353	-3.94699234196827	1.43439264004777e-08	1.41726556374869e-07	ENSG00000149639	SOGA1
chr5	78692646	78752841	60196	-	0.469	-2.47726468048333	1.49596733276932e-08	1.47078768459399e-07	ENSG00000152413	HOMER1
chr6	72960033	72961071	1039	+	0.196	-3.71986483523561	1.57167132127588e-08	1.53760553894281e-07	ENSG00000079841	RIMS1
chr10	76602358	76603236	879	+	0.367	-2.22487517316816	1.61465720820636e-08	1.57191628210678e-07	ENSG00000156650	KAT6B
chr1	8601273	8674745	73473	-	0.331	-1.67670515033144	1.63500723283176e-08	1.58396310458726e-07	ENSG00000142599	RERE
chr21	38792601	38794168	1568	+	0.133	3.16577116745947	1.71146678445029e-08	1.64998690966906e-07	ENSG00000157540	DYRK1A
chr1	155408118	155408859	742	-	0.569	-1.42137799271096	1.8879538432322e-08	1.81134122350684e-07	ENSG00000116539	ASH1L
chr3	196802708	196846401	43694	-	0.127	-2.26749246253951	1.98168635836058e-08	1.8921293787039e-07	ENSG00000075711	DLG1
chr6	71185113	71212494	27382	+	0.386	-2.15770113912601	2.01316362923128e-08	1.91298706586283e-07	ENSG00000082269	FAM135A
chr14	66082696	66096324	13629	+	0.184	-1.90386761298789	2.10436498791385e-08	1.9901280314271e-07	ENSG00000033170	FUT8
chr14	45587231	45599993	12763	-	0.647	-2.46859819103287	2.11963709885516e-08	1.99507074802197e-07	ENSG00000100442	FKBP3
chr15	88472422	88483984	11563	-	0.364	-2.71158577386279	2.18290755606172e-08	2.04493132374462e-07	ENSG00000140538	NTRK3
chr4	183522077	183575046	52970	+	0.429	-2.48223424826036	2.39439943239148e-08	2.23252454118755e-07	ENSG00000218336	TENM3
chr2	120885264	120903865	18602	+	0.057	-2.74954148167484	2.66395290589063e-08	2.47224788369102e-07	ENSG00000115109	EPB41L5
chr13	42335264	42407667	72404	-	0.208	-2.12584929021412	3.4490690862032e-08	3.18597730474398e-07	ENSG00000102763	VWA8
chr11	17899755	18031686	131932	-	0.276	-3.05956328675254	3.5242670784575e-08	3.2403677860262e-07	ENSG00000129158	SERGEF
chr14	93760204	93761283	1080	-	0.636	-2.05783132855166	4.16561012352326e-08	3.81239709922451e-07	ENSG00000011114	BTBD7
chr10	103552596	103570071	17476	-	0.185	-2.04379518106826	4.41758930643068e-08	4.02446438650061e-07	ENSG00000198408	OGA
chr2	172305191	172333460	28270	+	0.579	-1.92006424736703	4.49273303403545e-08	4.07423187470064e-07	ENSG00000115827	DCAF17
chr6	147527107	147655358	128252	+	0.232	-2.55850218808691	4.59558634460572e-08	4.14136109542896e-07	ENSG00000164506	STXBP5
chr12	101316004	101381448	65445	+	0.455	-2.29193156383161	4.60846325322155e-08	4.14136109542896e-07	ENSG00000151572	ANO4
chr6	57058640	57075243	16604	-	0.627	-1.89307911027214	4.66126751280615e-08	4.16994472091577e-07	ENSG00000112210	RAB23
chr5	110679722	110730480	50759	+	0.159	-2.84125335297689	4.79537951843559e-08	4.25039039281461e-07	ENSG00000152495	CAMK4
chr7	102743498	102769239	25742	-	0.203	-2.56007124799239	4.81662726599833e-08	4.25039039281461e-07	ENSG00000161048	NAPEPLD
chr9	124736288	124752049	15762	-	0.364	-1.79840112624252	4.83348404976171e-08	4.25039039281461e-07	ENSG00000175764	TTLL11
chr10	116873772	117001514	127743	+	0.041	-2.63170240478877	4.83679873502568e-08	4.25039039281461e-07	ENSG00000107518	ATRNL1
chr1	8525985	8674745	148761	-	0.441	-2.50545146931388	4.99304206003549e-08	4.36836190803105e-07	ENSG00000142599	RERE
chr6	147395941	147440613	44673	-	0.6	-3.03877398993629	5.08009969494537e-08	4.42415881836635e-07	ENSG00000233452	STXBP5-AS1
chr6	36126425	36126718	294	-	0.615	-2.83545701334521	5.10137144715959e-08	4.42415881836635e-07	ENSG00000246982	
chr9	20923659	20933102	9444	+	0.262	-2.14738562939928	5.41232329948407e-08	4.67342350990233e-07	ENSG00000188352	FOCAD
chr6	56915572	56920595	5024	+	0.261	-3.67626145462197	5.46321716264978e-08	4.69694774243397e-07	n/a	
chr2	50847160	50850753	3594	-	0.054	-2.30677700553101	5.51045190308488e-08	4.71713684462352e-07	ENSG00000179915	NRXN1
chr3	142455221	142503882	48662	+	0.472	-3.67700328962769	5.64808551554098e-08	4.81420507891176e-07	ENSG00000144935	TRPC1
chr3	171965323	171969331	4009	+	0.902	1.5858696744436	6.17641188081367e-08	5.24203162192135e-07	ENSG00000075420	FNDC3B
chr18	21776089	21819346	43258	-	0.176	-2.39070588815863	6.22773380225671e-08	5.2630975877795e-07	ENSG00000141447	OSBPL1A
chr7	14712554	14775819	63266	-	0.155	-2.15601710345043	6.28654668865104e-08	5.29028886595804e-07	ENSG00000136267	DGKB
chr6	111708968	111795679	86712	-	0.638	-2.70921046904554	6.70948708231802e-08	5.62238031455004e-07	ENSG00000009413	REV3L
chr1	243776973	243859018	82046	-	0.149	-2.0784009451965	6.84317812555817e-08	5.71031586443635e-07	ENSG00000117020	AKT3
chr10	22171211	22209892	38682	-	0.467	-2.50981908626644	6.92960736257725e-08	5.75824277074411e-07	ENSG00000136770	DNAJC1
chr15	69548133	69553668	5536	+	0.387	-3.04821745426684	7.21389993349953e-08	5.96950219497086e-07	ENSG00000138604	GLCE
chr11	82935897	82959129	23233	+	0.316	-2.2271624658076	7.25198919451798e-08	5.97612055614635e-07	ENSG00000137494	ANKRD42
chr8	105105699	105161076	55378	+	0.122	-1.94608770710913	7.33973977477858e-08	6.02343933583068e-07	ENSG00000176406	RIMS2
chr13	26112126	26163837	51712	+	0.192	-2.50737935807989	7.48575340733874e-08	6.1179861180966e-07	ENSG00000132932	ATP8A2
chr5	14741936	14758707	16772	-	0.212	-2.20931944051534	7.83801803746976e-08	6.37963271410448e-07	ENSG00000154122	ANKH
chr6	149833291	149862722	29432	-	0.314	-2.10522906768454	8.08360094874522e-08	6.55266591192163e-07	ENSG00000131013	PPIL4
chr7	140476712	140494267	17556	-	0.182	-2.08786948270092	8.18234832716258e-08	6.60574950314832e-07	ENSG00000157764	BRAF
chr4	39739040	39776553	37514	+	0.316	-2.46179102308155	8.33039241505e-08	6.68353439561281e-07	ENSG00000078140	UBE2K
chr10	116879949	116931050	51102	+	0.272	-2.52369340439977	8.34600468334329e-08	6.68353439561281e-07	ENSG00000107518	ATRNL1
chr6	62362160	62417308	55149	-	0.333	-2.10232316874515	8.55754735903768e-08	6.82541729118427e-07	n/a	
chr5	156721792	156731374	9583	+	0.138	-2.1088157066194	8.61887594680176e-08	6.84683505213932e-07	ENSG00000055163	CYFIP2
chr9	4286038	4286523	486	-	0.364	3.48695945740509	9.189050027108e-08	7.27069854734522e-07	ENSG00000107249	GLIS3
chr6	69758077	69785930	27854	+	0.068	-2.28729927141469	9.26608592327286e-08	7.30255819191266e-07	ENSG00000135298	ADGRB3
chr11	107916997	107925682	8686	+	0.397	-2.23044322756749	9.7658547708613e-08	7.66380528905747e-07	ENSG00000166266	CUL5
chr6	16586011	16754322	168312	-	0.276	-2.43046951419486	9.82722518690972e-08	7.66380528905747e-07	ENSG00000124788	ATXN1
chr7	99952766	99953427	662	+	0.242	3.01606106819978	9.8402333771886e-08	7.66380528905747e-07	ENSG00000121716	PILRB
chr2	203419975	203421254	1280	+	0.048	-1.91620919801179	1.02801231259422e-07	7.97512676879731e-07	ENSG00000204217	BMPR2
chr3	183361268	183390272	29005	+	0.738	-2.77912424445976	1.07987885105333e-07	8.34490038206974e-07	ENSG00000114796	KLHL24
chr8	142264088	142264728	641	-	0.9	-2.90876686956999	1.09498783006916e-07	8.42885980820677e-07	ENSG00000022567	SLC45A4
chr11	128963516	129034322	70807	-	0.136	-2.42516307367738	1.13228998000649e-07	8.68234710537796e-07	ENSG00000134909	ARHGAP32
chr12	1372200	1399178	26979	+	0.351	-2.81245569897662	1.14224157578219e-07	8.72496834424397e-07	ENSG00000082805	ERC1
chr11	95825056	95826681	1626	-	0.286	2.74467609913638	1.14670142102572e-07	8.72547518067847e-07	ENSG00000184384	MAML2
chr6	69703660	69728391	24732	+	0.047	-2.17284819763882	1.15214486523795e-07	8.73343397848311e-07	ENSG00000135298	ADGRB3
chr15	28986256	29000043	13788	+	0.722	-2.91361158390485	1.16081952500392e-07	8.76573223063795e-07	ENSG00000248334	
chr16	21979949	21987564	7616	+	0.051	-2.50555419899768	1.2892276958223e-07	9.69850834811778e-07	ENSG00000140740	UQCRC2
chr2	160194078	160252345	58268	-	0.2	-3.03198814483141	1.31761552368674e-07	9.8397323940835e-07	ENSG00000123636	BAZ2B
chr3	18456603	18462483	5881	-	0.047	-2.34765815566672	1.31790977685106e-07	9.8397323940835e-07	ENSG00000182568	SATB1
chr12	1399018	1553916	154899	+	0.455	-2.6182057471937	1.32551081152647e-07	9.8594174969722e-07	ENSG00000082805	ERC1
chr6	111708968	111795682	86715	-	0.62	-2.86386394248572	1.40880201881778e-07	1.04398537663138e-06	ENSG00000009413	REV3L
chr6	24475349	24480187	4839	-	0.737	-2.32870751863948	1.44714278575597e-07	1.06841099349865e-06	ENSG00000112293	GPLD1
chr5	142264863	142311690	46828	+	0.124	-1.85566373321959	1.46991158579493e-07	1.08120163310694e-06	ENSG00000145819	ARHGAP26
chr2	152698417	152717334	18918	-	0.262	-2.47012417193443	1.47812591781366e-07	1.08323176117266e-06	ENSG00000283228	
chr20	47752370	47782822	30453	-	0.143	-2.19734745612412	1.51877823524083e-07	1.10893146146629e-06	ENSG00000124214	STAU1
chr14	50175877	50210523	34647	+	0.444	-2.08661785220555	1.53181904039521e-07	1.11435626894684e-06	ENSG00000197776	KLHDC1
chr3	65415195	65416556	1362	-	0.423	-1.97884277430821	1.60862684203365e-07	1.16596091543023e-06	ENSG00000151276	MAGI1
chr10	123549684	123683844	134161	-	0.339	-2.55888754823231	1.6243087754676e-07	1.17304626475588e-06	ENSG00000107669	ATE1
chr2	61749746	61753656	3911	-	0.097	1.7766921237457	1.64423009545744e-07	1.18313078607916e-06	ENSG00000082898	XPO1
chr7	33976901	34014396	37496	+	0.538	-1.91528514548661	1.727493496603e-07	1.23855670911681e-06	ENSG00000164619	BMPER
chr16	81385188	81411307	26120	+	0.565	-2.10723103282556	1.84194985710071e-07	1.31586777561223e-06	ENSG00000261609	GAN
chr14	71511850	71524441	12592	+	0.237	-2.10382964507583	1.87577880424721e-07	1.33523179399103e-06	ENSG00000100731	PCNX1
chr2	58449077	58459247	10171	-	0.372	2.27401988437561	1.91011749745702e-07	1.35481905355344e-06	ENSG00000115392	FANCL
chr13	111857636	111885640	28005	+	0.091	-2.33234053397145	1.94277972914201e-07	1.37308204344343e-06	ENSG00000102606	ARHGEF7
chr12	22637631	22659753	22123	-	0.419	-2.6185326681531	1.99075256361446e-07	1.40199808203487e-06	ENSG00000111731	C2CD5
chr15	33149216	33194241	45026	-	0.629	-2.99933226307749	2.00949847812791e-07	1.40604303404344e-06	ENSG00000248905	FMN1
chr15	33445249	33447246	1998	-	0.773	-3.1326007592385	2.01594456185023e-07	1.40604303404344e-06	ENSG00000248905	FMN1
chr5	142416761	142526946	110186	+	0.151	-2.09886838731217	2.01869775508574e-07	1.40604303404344e-06	ENSG00000145819	ARHGAP26
chr11	82984690	82991303	6614	-	0.459	-2.33457671057468	2.02481524539992e-07	1.40604303404344e-06	ENSG00000137500	CCDC90B
chr18	74561482	74593468	31987	+	0.583	-2.4868889613747	2.0554232896912e-07	1.42232426945182e-06	ENSG00000130856	ZNF236
chr7	91924203	91991587	67385	+	0.264	-1.99475060600052	2.09532575153984e-07	1.44490171616601e-06	ENSG00000001629	ANKIB1
chr18	9583115	9595100	11986	-	0.566	-1.62315318909742	2.17299654269716e-07	1.49327720892614e-06	ENSG00000154845	PPP4R1
chr3	17051166	17056403	5238	+	0.41	-2.65773305217523	2.18453254481444e-07	1.49602814965568e-06	ENSG00000154822	PLCL2
chr8	99718695	99719539	845	-	0.3	2.88556631027929	2.30217963856522e-07	1.57117826879399e-06	ENSG00000104375	STK3
chr2	120684174	120702816	18643	+	0.222	-2.09419760638785	2.3242934068457e-07	1.58083791301218e-06	ENSG00000088179	PTPN4
chr15	66021410	66048810	27401	-	0.268	-2.40414064224797	2.35275164286683e-07	1.59473200093294e-06	ENSG00000174485	DENND4A
chr12	40422103	40486735	64633	-	0.333	-2.06180582840853	2.41993580709183e-07	1.63469133091305e-06	ENSG00000151229	SLC2A13
chr6	109962721	109993370	30650	-	0.333	-2.35315353764687	2.45912075737858e-07	1.65553010988267e-06	ENSG00000155085	AK9
chr1	101379219	101440458	61240	+	0.652	-2.75503832257534	2.48488465373869e-07	1.66722328456927e-06	ENSG00000162695	SLC30A7
chr4	247349	248626	1278	+	0.571	-2.50744127517103	2.5055494189603e-07	1.67542799530477e-06	ENSG00000198155	ZNF876P
chr5	78734833	78752841	18009	-	0.646	-2.14123310524474	2.53384036606742e-07	1.6834150597998e-06	ENSG00000152413	HOMER1
chr5	127474289	127488497	14209	+	0.323	-2.48155052964862	2.53444664088691e-07	1.6834150597998e-06	ENSG00000064651	SLC12A2
chr15	91795049	91811835	16787	+	0.097	-2.89015571625934	2.58506035230354e-07	1.71130995322494e-06	ENSG00000185518	SV2B
chr15	102241289	102255166	13878	-	0.198	-2.63054465181675	2.80833584478847e-07	1.85294185639532e-06	ENSG00000185418	TARS3
chr1	12061458	12062160	703	+	0.258	-2.61745926625555	2.84693112040461e-07	1.87218715401442e-06	ENSG00000116688	MFN2
chr21	32554738	32575328	20591	-	0.178	-3.44229707746151	2.90214371735373e-07	1.89713846416193e-06	ENSG00000156299	TIAM1
chr15	83819967	83826793	6827	-	0.235	-2.62901755254213	2.9039783137222e-07	1.89713846416193e-06	ENSG00000166503	HDGFL3
chr6	158703295	158735300	32006	+	0.831	-2.04908998675392	2.93415457376597e-07	1.91056753557351e-06	ENSG00000130338	TULP4
chr12	112757029	112757546	518	-	0.222	-2.76452507901536	2.9533227514598e-07	1.91676437398666e-06	ENSG00000173064	HECTD4
chr12	100166700	100175875	9176	-	0.519	-2.34754928580551	3.11739922071377e-07	2.01666281835099e-06	ENSG00000185046	ANKS1B
chr11	8158925	8161740	2816	-	0.364	-1.78559521294124	3.26150188784475e-07	2.10303336014925e-06	ENSG00000166405	RIC3
chr4	77917578	77952123	34546	+	0.17	-2.40382934973274	3.37932196738964e-07	2.17195256544849e-06	ENSG00000138758	SEPTIN11
chr7	8043538	8110761	67224	+	0.613	-2.48023534104077	3.62995456892366e-07	2.32551283028464e-06	ENSG00000106415	GLCCI1
chr14	93934017	93954101	20085	+	0.394	-2.13718390138471	3.68327233566445e-07	2.35208323428604e-06	ENSG00000133958	UNC79
chr11	85701293	85742653	41361	-	0.372	-2.79033468984072	3.73056941391175e-07	2.37465091539382e-06	ENSG00000073921	PICALM
chrX	13684436	13698717	14282	+	0.897	-1.83453105389924	3.78327410871453e-07	2.40050555268596e-06	ENSG00000176896	TCEANC
chr3	71739161	71759635	20475	-	0.095	-2.25980265185253	3.83190773163318e-07	2.42362062261895e-06	ENSG00000163412	EIF4E3
chrX	147743429	147744289	861	+	0.759	-2.71033063663614	3.85480155818197e-07	2.43036060144425e-06	ENSG00000155966	AFF2
chr2	61512010	61522425	10416	-	0.179	-2.47501393368348	3.95350222086419e-07	2.48470107931528e-06	ENSG00000115464	USP34
chr10	116879949	116975638	95690	+	0.164	-2.42359246703379	4.13785726859533e-07	2.59236105218622e-06	ENSG00000107518	ATRNL1
chr7	153555506	153562137	6632	+	0.75	-4.47732042754155	4.30223563097933e-07	2.68686791293238e-06	n/a	
chr9	125719290	125782738	63449	+	0.2	-1.99019160569643	4.47363718025526e-07	2.78515468338149e-06	ENSG00000011454	RABGAP1
chr18	19345733	19399607	53875	+	0.364	-1.97735442813446	4.61644957521501e-07	2.86508401761782e-06	ENSG00000101752	MIB1
chr2	233612325	233626146	13822	+	0.447	-1.99544738557879	4.63220290500067e-07	2.86590497486957e-06	ENSG00000204120	GIGYF2
chr12	2613602	2622150	8549	+	0.383	-2.32769210511138	5.35338736196114e-07	3.30180972076237e-06	ENSG00000151067	CACNA1C
chr15	63988323	64008672	20350	-	0.572	-1.6681101981884	5.44928043185641e-07	3.35054827791543e-06	ENSG00000103657	HERC1
chr13	100953714	101020828	67115	+	0.206	-2.25578221400802	6.07945194496304e-07	3.72647887737549e-06	ENSG00000175198	PCCA
chr4	160107794	160164943	57150	+	0.174	-2.25277560161372	6.1263847393823e-07	3.74369233612715e-06	ENSG00000109756	RAPGEF2
chr7	156516806	156619438	102633	-	0.141	-1.93351454528902	6.15309193674967e-07	3.74847870748001e-06	ENSG00000105983	LMBR1
chr1	9991949	9994918	2970	-	0.292	1.81054585645515	6.27207137453682e-07	3.80927637609484e-06	ENSG00000162441	LZIC
chr5	94224584	94248681	24098	-	0.204	-2.58809639279359	6.39387004703699e-07	3.87141033945593e-06	ENSG00000175471	MCTP1
chr1	55589120	55600086	10967	-	0.381	-3.12082632465567	6.75243667619475e-07	4.07609095407987e-06	ENSG00000162402	USP24
chr21	32537279	32567621	30343	-	0.097	-3.04479999736388	6.86613855582966e-07	4.13216702178112e-06	ENSG00000156299	TIAM1
chr4	42505467	42546003	40537	-	0.124	-1.94916775029297	7.38502173121894e-07	4.43101303873137e-06	ENSG00000124406	ATP8A1
chr12	1399018	1519619	120602	+	0.345	-2.99498004693345	7.87556627378207e-07	4.71110681317204e-06	ENSG00000082805	ERC1
chr7	103801520	103844682	43163	-	0.343	-2.21151781340635	7.99689893206276e-07	4.76932170542842e-06	ENSG00000164815	ORC5
chr2	239090706	239093928	3223	-	0.624	-1.28550012043055	8.29586034008257e-07	4.93280797467185e-06	ENSG00000132323	ILKAP
chr5	21491430	21497305	5876	+	0.55	4.50476343218211	8.54647944213012e-07	5.06665915584192e-06	ENSG00000183666	GUSBP1
chr1	85121515	85136991	15477	-	0.176	-2.65559754801723	8.63887272860138e-07	5.10619084494118e-06	ENSG00000117155	SSX2IP
chr1	211192206	211264032	71827	-	0.37	-2.27470388511065	8.69330342659306e-07	5.12311590659164e-06	ENSG00000143473	KCNH1
chr6	73016961	73023375	6415	+	0.012	-2.53220009343134	8.96859905036824e-07	5.26971530000927e-06	ENSG00000079841	RIMS1
chr22	22153301	22162135	8835	-	0.073	-1.8237052329502	9.02574628156114e-07	5.28632243172954e-06	ENSG00000100030	MAPK1
chr5	112102023	112137080	35058	+	0.073	-1.96308194050994	9.05009882572026e-07	5.28632243172954e-06	ENSG00000134982	APC
chr17	61228631	61278318	49688	+	0.274	-1.97585593456146	9.08689653576543e-07	5.29225117889447e-06	ENSG00000170921	TANC2
chr13	102029051	102051516	22466	-	0.265	-2.56967399983182	9.2082610382218e-07	5.34725333973933e-06	ENSG00000102452	NALCN
chr14	66188493	66200099	11607	+	0.237	-2.39983083113705	9.28828706811382e-07	5.3779994511003e-06	ENSG00000033170	FUT8
chr7	74119496	74131270	11775	+	0.043	2.38183695972676	9.8663538917109e-07	5.69609849678426e-06	ENSG00000263001	GTF2I
chr10	15863655	15885271	21617	-	0.171	-1.95359935992117	1.0553985505604e-06	6.07542469974769e-06	ENSG00000148481	MINDY3
chr8	15508206	15531345	23140	+	0.168	-2.10379499282925	1.08980036578041e-06	6.25532811109793e-06	ENSG00000104723	TUSC3
chr15	49528048	49531564	3517	+	0.214	2.31108916341937	1.12627040526333e-06	6.44603177191058e-06	ENSG00000156958	GALK2
chr10	76729418	76748870	19453	+	0.316	-1.92277032012606	1.13420877414543e-06	6.46796583559042e-06	ENSG00000156650	KAT6B
chr6	152949400	152949689	290	-	0.307	-2.52017337544597	1.13661635277999e-06	6.46796583559042e-06	ENSG00000131018	SYNE1
chr5	172535627	172550205	14579	+	0.127	-1.83728403267264	1.20696059404432e-06	6.84863925649149e-06	ENSG00000164463	CREBRF
chr10	45953233	45959775	6543	-	0.278	-2.64976164712854	1.23094140485138e-06	6.96481376078305e-06	ENSG00000165406	MARCHF8
chr4	108866126	108868693	2568	+	0.581	-1.66203988824154	1.25496691728827e-06	7.08058039129118e-06	ENSG00000155016	CYP2U1
chr11	128932175	128936763	4589	-	0.203	-1.73292268668503	1.26227480458218e-06	7.10163671926402e-06	ENSG00000134909	ARHGAP32
chr9	20819795	20874806	55012	+	0.148	-1.95071942865009	1.29148290504256e-06	7.24543799269642e-06	ENSG00000188352	FOCAD
chr1	213302870	213349835	46966	+	0.283	-2.19938785185885	1.32566076209623e-06	7.41623175640315e-06	ENSG00000136643	RPS6KC1
chr5	132227856	132232932	5077	-	0.122	-2.03477301393137	1.3421433281394e-06	7.4873501395642e-06	ENSG00000072364	AFF4
chr6	152650865	152653025	2161	-	0.323	-2.79518217433988	1.35057780604474e-06	7.51329838320686e-06	ENSG00000131018	SYNE1
chr4	183522077	183550042	27966	+	0.156	-2.14640480512605	1.36067494067155e-06	7.54832522953546e-06	ENSG00000218336	TENM3
chr12	95650926	95690034	39109	+	0.138	-2.12925713697125	1.41405734507347e-06	7.8226124994872e-06	ENSG00000028203	VEZT
chr2	191765290	191789319	24030	+	0.162	-1.86997709235354	1.46024649428504e-06	8.05569316013914e-06	ENSG00000115419	GLS
chr18	46783380	46906128	122749	-	0.241	-1.85130268033869	1.47352228490494e-06	8.10641345656844e-06	ENSG00000141627	DYM
chr10	126628943	126631876	2934	+	0.226	-2.59954433830256	1.50190527487931e-06	8.23973446384063e-06	n/a	
chr2	50699436	50847321	147886	-	0.049	-2.08734788943633	1.51990625728497e-06	8.31552018448474e-06	ENSG00000179915	NRXN1
chr18	22901972	22907412	5441	-	0.219	-3.69361076004741	1.54368980477737e-06	8.42243942936224e-06	ENSG00000198795	ZNF521
chr3	27420740	27465643	44904	-	0.849	-2.89054420600169	1.57808183086639e-06	8.58649456465933e-06	ENSG00000033867	SLC4A7
chr6	32487147	32548633	61487	-	0.347	5.13311892858854	1.63786699924881e-06	8.88744224182554e-06	n/a	
chr7	97820040	97823884	3845	+	0.24	-1.78977605890218	1.72200955577321e-06	9.31855852252205e-06	ENSG00000164715	LMTK2
chr9	35546427	35548532	2106	+	0.209	-2.16578481093797	1.73632363875746e-06	9.37048572438128e-06	ENSG00000198853	RUSC2
chr10	116247717	116251637	3921	-	0.089	-2.70166220096758	1.8016632502189e-06	9.67455464611682e-06	ENSG00000099204	ABLIM1
chr7	139415731	139416814	1084	-	0.071	1.74948954920995	1.80240947586265e-06	9.67455464611682e-06	ENSG00000064393	HIPK2
chr18	18571137	18600200	29064	-	0.486	-2.8302530615654	1.83412590131626e-06	9.81825886796253e-06	ENSG00000067900	ROCK1
chr19	5604594	5604947	354	-	0.113	2.13990679996832	1.8595527659916e-06	9.92761234747128e-06	ENSG00000130254	SAFB2
chr4	107092252	107133992	41741	-	0.083	-2.05604602092361	1.90492615929255e-06	1.01425827140885e-05	ENSG00000145348	TBCK
chr11	130130751	130131824	1074	-	0.806	-1.63822425553598	1.93300231299748e-06	1.02429443305853e-05	ENSG00000196323	ZBTB44
chr1	99418626	99422297	3672	-	0.571	-1.96435280151903	1.93409069686278e-06	1.02429443305853e-05	ENSG00000117598	PLPPR5
chr5	40764616	40777688	13073	-	0.143	-1.89970721187325	1.95200459427497e-06	1.03091164065894e-05	ENSG00000132356	PRKAA1
chr14	61275043	61346553	71511	+	0.082	-1.62572381672955	1.95696721313404e-06	1.03091164065894e-05	ENSG00000020426	MNAT1
chr5	137093556	137094709	1154	-	0.8	-2.18080244104934	1.99146960627496e-06	1.04631180901113e-05	n/a	
chr17	19921300	20013875	92576	+	0.465	-3.22520194293038	2.02807711961004e-06	1.06273381518352e-05	ENSG00000128487	SPECC1
chr6	69703660	69772928	69269	+	0.03	-1.95158218657562	2.0499017552464e-06	1.07134339103141e-05	ENSG00000135298	ADGRB3
chr7	8257935	8275635	17701	-	0.697	-2.77415249285695	2.17667400633598e-06	1.13461274975938e-05	ENSG00000003147	ICA1
chr13	30801549	30857928	56380	-	0.295	-1.90306337763706	2.24089996805666e-06	1.16503333417815e-05	ENSG00000102781	KATNAL1
chr5	133534777	133541822	7046	-	0.059	-2.64258577553847	2.27629546825443e-06	1.18034537857789e-05	ENSG00000113575	PPP2CA
chr10	116879949	116925405	45457	+	0.072	-1.98598649692968	2.28609512266537e-06	1.1823398212535e-05	ENSG00000107518	ATRNL1
chr2	32602656	32620661	18006	+	0.331	-1.78871122694038	2.33202403679579e-06	1.2029609706692e-05	ENSG00000115760	BIRC6
chr12	22646157	22659753	13597	-	0.144	-2.01680732475286	2.34282801119404e-06	1.20540322026719e-05	ENSG00000111731	C2CD5
chr18	8718422	8720494	2073	+	0.671	-2.29469752696302	2.3656261500006e-06	1.21398799325612e-05	ENSG00000168502	MTCL1
chr1	33413823	33415375	1553	-	0.148	2.22827551650201	2.40295702129362e-06	1.22996717636318e-05	ENSG00000116514	RNF19B
chr3	55922417	56026278	103862	-	0.138	-2.66949232040886	2.77640077346872e-06	1.4174632226501e-05	ENSG00000187672	ERC2
chr4	87685746	87689129	3384	+	0.111	1.72052457405538	2.79325001392996e-06	1.42240885324741e-05	ENSG00000163629	PTPN13
chr19	23316882	23318845	1964	+	0.444	3.53983837904724	2.84383282710277e-06	1.44446342573558e-05	ENSG00000183850	ZNF730
chr11	63472323	63488504	16182	+	0.22	-2.709138838185	2.8592583736936e-06	1.44859365565191e-05	ENSG00000133318	RTN3
chr13	78293667	78327493	33827	+	0.457	-1.66940619256699	2.93691407085539e-06	1.4841504693941e-05	ENSG00000139737	SLAIN1
chr13	20632715	20641530	8816	+	0.072	-1.96485678373876	2.99033594874893e-06	1.50731147061304e-05	ENSG00000121741	ZMYM2
chr2	106761646	106782539	20894	-	0.54	-1.29481634799158	3.00524311159491e-06	1.51099058724747e-05	ENSG00000115652	UXS1
chr2	7154585	7170346	15762	+	0.135	-2.35394253461136	3.03008585710205e-06	1.51963396772845e-05	ENSG00000151692	RNF144A
chr6	54013854	54054712	40859	+	0.24	-2.41392235857244	3.22177314150623e-06	1.61169810051168e-05	ENSG00000146147	MLIP
chrX	134679348	134686071	6724	+	0.542	-2.25121870724427	3.23389495558822e-06	1.6136973321101e-05	ENSG00000165359	INTS6L
chr13	26343184	26349097	5914	+	0.311	-1.85993946929964	3.28476306543124e-06	1.63497229271841e-05	ENSG00000132932	ATP8A2
chr1	211256122	211280719	24598	-	0.25	-2.34074653751556	3.43336507031364e-06	1.70466575741072e-05	ENSG00000143473	KCNH1
chr7	55231426	55233130	1705	+	0.473	8.93215067281171	3.51905891322955e-06	1.74285561139e-05	ENSG00000146648	EGFR
chr9	21476898	21477291	394	-	0.878	-2.49653051995274	3.70667345459246e-06	1.83120733353747e-05	ENSG00000171889	MIR31HG
chr11	58317259	58318705	1447	-	0.83	-2.49195624056935	3.79931087725821e-06	1.87231548442551e-05	ENSG00000110031	LPXN
chr17	57808782	57851305	42524	+	0.36	-2.04977071974305	3.83386082264998e-06	1.88466524598586e-05	ENSG00000062716	VMP1
chr7	73114708	73115261	554	-	0.289	-2.11399872139749	3.96191695285578e-06	1.94280668354854e-05	ENSG00000106089	STX1A
chr1	211952260	211966532	14273	-	0.658	-1.81919587647659	4.04851282844198e-06	1.98038090573541e-05	ENSG00000123684	LPGAT1
chr19	40368303	40384167	15865	-	0.242	5.95060539018045	4.06434628903261e-06	1.98324121130682e-05	ENSG00000275395	FCGBP
chr21	17135210	17138460	3251	+	0.129	2.04076469087327	4.09728172958709e-06	1.9944121360196e-05	ENSG00000155313	USP25
chr11	13435077	13466728	31652	-	0.552	-2.19101917594406	4.1644053151916e-06	2.02212932908815e-05	ENSG00000148925	BTBD10
chr15	50923614	50955243	31630	-	0.36	-1.63806681463097	4.2789371937629e-06	2.07267543093003e-05	ENSG00000092439	TRPM7
chr18	59739906	59763183	23278	-	0.24	-1.81298025287801	4.44801542934351e-06	2.14933300308423e-05	ENSG00000197563	PIGN
chr6	70447834	70500364	52531	-	0.05	-2.0965178725289	4.55473787672539e-06	2.19556053960598e-05	ENSG00000168216	LMBRD1
chr14	67736418	67770316	33899	+	0.267	-1.67661413922082	4.56914409872401e-06	2.19717195643242e-05	ENSG00000072415	MPP5
chr1	84644860	84663507	18648	+	0.035	-2.16321146158594	4.67963794292309e-06	2.24234213452437e-05	ENSG00000142875	PRKACB
chr3	62431440	62467544	36105	-	0.083	-1.92893860881432	4.68565954595978e-06	2.24234213452437e-05	ENSG00000163618	CADPS
chr1	247318868	247323115	4248	-	0.737	2.04950703676276	4.90144567765828e-06	2.33996901822821e-05	ENSG00000196418	ZNF124
chr9	86274695	86301070	26376	-	0.386	-1.68885875034046	4.9275298147213e-06	2.3467803865795e-05	n/a	
chr2	168869144	168986268	117125	-	0.219	-1.84671603237849	5.04541211550009e-06	2.39717427305818e-05	ENSG00000198648	STK39
chr6	99887645	99913012	25368	-	0.493	-2.15024173159064	5.08645645043267e-06	2.41090752041988e-05	ENSG00000123552	USP45
chr2	1926064	1927035	972	-	0.113	-2.14968539661008	5.19768768616152e-06	2.45776374874209e-05	ENSG00000186487	MYT1L
chr5	142434004	142526946	92943	+	0.094	-1.99220280445144	5.24239013714465e-06	2.47301349462453e-05	ENSG00000145819	ARHGAP26
chr2	50692580	50733755	41176	-	0.07	-1.76566649098834	5.30090087423011e-06	2.49468936877275e-05	ENSG00000179915	NRXN1
chr10	15875629	15885271	9643	-	0.107	-1.77995859541975	5.76468464254855e-06	2.70653988182067e-05	ENSG00000148481	MINDY3
chr9	86292642	86301070	8429	-	0.084	-1.66603943286045	5.77885745267291e-06	2.70679502382274e-05	ENSG00000135018	UBQLN1
chr5	160757890	160763776	5887	-	0.298	-2.66033312722016	5.83696676153634e-06	2.72758023256733e-05	ENSG00000145864	GABRB2
chr10	72604230	72619256	15027	+	0.553	-2.0053088351882	6.01016964998406e-06	2.80192416076722e-05	ENSG00000166224	SGPL1
chr1	107866904	107867544	641	+	0.435	-1.78911903173328	6.02846790253213e-06	2.80387289330886e-05	ENSG00000162631	NTNG1
chr12	124904503	124915333	10831	-	0.318	-2.22386082030921	6.15020108192932e-06	2.84858997485497e-05	ENSG00000196498	NCOR2
chr6	76344423	76373234	28812	+	0.142	-1.7347711105416	6.15329858616708e-06	2.84858997485497e-05	ENSG00000112701	SENP6
chr8	38677040	38678153	1114	+	0.054	-1.61805594398815	6.27476345293766e-06	2.89806516686842e-05	ENSG00000147526	TACC1
chr8	141799573	141900868	101296	-	0.178	-1.47409184086473	6.30221725759783e-06	2.90399152519473e-05	ENSG00000169398	PTK2
chr5	36211946	36227667	15722	-	0.133	-1.96602509661093	6.54955307443177e-06	3.01097509394016e-05	ENSG00000152620	NADK2
chrX	120224253	120298011	73759	+	0.429	-2.18697345445744	6.8481110421099e-06	3.13859647465851e-05	n/a	
chr12	72956633	72969322	12690	+	0.167	-2.15996082352338	6.85876570997882e-06	3.13859647465851e-05	ENSG00000072657	TRHDE
chr15	43120126	43170882	50757	-	0.156	-1.84531886303527	7.2694443681247e-06	3.3188773597921e-05	ENSG00000128881	TTBK2
chr9	103204188	103204638	451	+	0.244	-2.16617815058379	7.36938571228679e-06	3.35265865478596e-05	ENSG00000066697	MSANTD3
chr1	117944808	117963271	18464	+	0.823	-1.49345205418505	7.3771995576106e-06	3.35265865478596e-05	ENSG00000198162	MAN1A2
chr4	119026173	119064839	38667	+	0.457	-2.23542663711679	7.60753944792933e-06	3.44944596885563e-05	ENSG00000164100	NDST3
chr8	51306772	51363289	56518	+	0.103	-1.93578961707654	7.66263401675916e-06	3.46651279209196e-05	ENSG00000147481	SNTG1
chr9	37126309	37127260	952	+	0.72	-2.2544980530825	7.84101184225361e-06	3.53914761788993e-05	ENSG00000147905	ZCCHC7
chr16	18851020	18853776	2757	-	0.043	-2.0961686121343	7.87800646439163e-06	3.54778250301174e-05	ENSG00000157106.12	
chr8	29959414	29962002	2589	+	0.226	2.51729931524949	8.04245047964279e-06	3.61364403904312e-05	ENSG00000104660	LEPROTL1
chr9	114289548	114296633	7086	+	0.245	-1.79798876824777	8.10574710541465e-06	3.63386314928973e-05	ENSG00000173258	ZNF483
chr12	91069070	91073722	4653	+	0.4	-2.21240577091261	8.44437161010495e-06	3.77714459857397e-05	ENSG00000286021	LINC02822
chr1	172356273	172357949	1677	+	0.15	-2.10972335477159	8.48492881161901e-06	3.78675699323042e-05	ENSG00000197959	DNM3
chr3	18419662	18462483	42822	-	0.4	-2.3952151207505	8.80494482758882e-06	3.92076691201601e-05	ENSG00000182568	SATB1
chr5	142434004	142513670	79667	+	0.166	-1.74461377399475	9.00147923854088e-06	3.99931493685507e-05	ENSG00000145819	ARHGAP26
chr12	130184355	130185243	889	-	0.45	-2.35071279216085	9.40628734483651e-06	4.1698407738494e-05	ENSG00000151952	TMEM132D
chr6	32489682	32549615	59934	-	0.2	6.78223466836576	9.44869914506168e-06	4.17931325213641e-05	n/a	
chr6	42582809	42600642	17834	+	0.234	-2.0738980855175	9.48476787848733e-06	4.18594422370574e-05	ENSG00000024048	UBR2
chr10	28872328	28884970	12643	+	0.176	-2.34006233815312	9.5111879164232e-06	4.18829694058015e-05	ENSG00000095787	WAC
chr1	21295967	21307720	11754	-	0.065	2.23447282419713	9.56875166157187e-06	4.19470885941206e-05	ENSG00000075151	EIF4G3
chr15	33149216	33202736	53521	-	0.214	-2.12931451191052	9.58444706597457e-06	4.19470885941206e-05	ENSG00000248905	FMN1
chr1	104070317	104095939	25623	+	0.296	-2.35543854162707	9.58911290117359e-06	4.19470885941206e-05	ENSG00000185946	RNPC3
chr10	116975455	117093929	118475	+	0.013	-2.31906149106839	9.70622314620296e-06	4.23660641062837e-05	ENSG00000107518	ATRNL1
chr9	130106514	130107756	1243	+	0.36	-2.3222083729746	9.87965847721243e-06	4.30285125783857e-05	ENSG00000136895	GARNL3
chr12	72955945	72969322	13378	+	0.247	-2.07271642449516	1.01209145941093e-05	4.39827929625844e-05	ENSG00000072657	TRHDE
chr6	170846322	170858201	11880	-	0.402	-2.11936173137501	1.01846930138197e-05	4.41633194878733e-05	ENSG00000008018	PSMB1
chr1	243809195	244006584	197390	-	0.006	-1.92160895331832	1.03311359387904e-05	4.45413344675782e-05	ENSG00000117020	AKT3
chr10	21157593	21188379	30787	-	0.417	-2.0706393168351	1.03515147090523e-05	4.45413344675782e-05	ENSG00000078114	NEBL
chr3	37315027	37343823	28797	+	0.149	-2.45626777614842	1.03775989999347e-05	4.45413344675782e-05	ENSG00000144674	GOLGA4
chr1	95609447	95616975	7529	+	0.514	-1.66142381537838	1.03798068715199e-05	4.45413344675782e-05	ENSG00000152078	TLCD4
chr10	116879949	117001514	121566	+	0.179	-2.7087147109491	1.0384006978091e-05	4.45413344675782e-05	ENSG00000107518	ATRNL1
chr6	151669846	151674887	5042	+	0.4	-2.47971843697379	1.11063718365095e-05	4.75371863519565e-05	ENSG00000131016	AKAP12
chr1	220771673	220792097	20425	+	0.125	-2.00496229002451	1.11967006676008e-05	4.78207473674307e-05	ENSG00000116141	MARK1
chr3	56658507	56707753	49247	-	0.206	-2.21132468686673	1.17429175550832e-05	5.00459962755262e-05	ENSG00000163946	TASOR
chr1	51121114	51210447	89334	-	0.218	-2.06071487474857	1.17859951686215e-05	5.01220265629173e-05	ENSG00000185104	FAF1
chr14	66188493	66210193	21701	+	0.186	-2.21151169179932	1.18730628883886e-05	5.0384407898162e-05	ENSG00000033170	FUT8
chr2	32703703	32718734	15032	+	0.093	-1.77795081027595	1.19256563823485e-05	5.04996877939106e-05	ENSG00000115760	BIRC6
chr14	57051719	57103316	51598	+	0.476	-1.9468536326601	1.26529560885878e-05	5.34436978783455e-05	ENSG00000070269	TMEM260
chr18	33722244	33739978	17735	+	0.184	-1.95224892927137	1.26747138472813e-05	5.34436978783455e-05	ENSG00000134759	ELP2
chr4	151124947	151161027	36081	+	0.185	-2.69564847477622	1.33219492654161e-05	5.60537950023654e-05	ENSG00000170390	DCLK2
chr7	77755011	77814987	59977	-	0.356	-1.60060548022746	1.38886290122735e-05	5.82290840207983e-05	ENSG00000187391	MAGI2
chr20	2944918	2955887	10970	+	0.086	-1.81961846016838	1.3897575944541e-05	5.82290840207983e-05	ENSG00000132670	PTPRA
chr14	73614503	73614802	300	+	0.119	2.05439671545857	1.39862414271534e-05	5.84772115248982e-05	ENSG00000080815	PSEN1
chr9	88190230	88211364	21135	-	0.205	-2.16395273550182	1.42609285150743e-05	5.95004286364235e-05	ENSG00000135049	AGTPBP1
chr2	160193973	160252345	58373	-	0.617	-2.3674811104948	1.45394656809191e-05	6.05353854136381e-05	ENSG00000123636	BAZ2B
chr7	65592691	65599361	6671	+	0.2	2.45561672022285	1.49318630990617e-05	6.20390797379425e-05	ENSG00000249319	
chr1	21295967	21308901	12935	-	0.137	-2.04721236030681	1.50484968826201e-05	6.2393141563431e-05	ENSG00000075151	EIF4G3
chr1	8568686	8617582	48897	-	0.212	-1.9276535990226	1.52450000647707e-05	6.3076187767989e-05	ENSG00000142599	RERE
chr6	90461150	90472249	11100	-	0.328	-2.0830235389813	1.57823223926637e-05	6.51636013967363e-05	ENSG00000112159	MDN1
chr10	64148155	64159552	11398	+	0.08	-1.91649827060129	1.6010797856944e-05	6.59698019582797e-05	ENSG00000138311	ZNF365
chr6	143792098	143795993	3896	+	0.607	-2.03043502389753	1.61933733097319e-05	6.65618284189979e-05	ENSG00000034693	PEX3
chr7	16415717	16445962	30246	-	0.596	-2.02287533440723	1.62215130688796e-05	6.65618284189979e-05	ENSG00000214960	CRPPA
chr12	42745687	42792796	47110	+	0.281	-1.54795372416126	1.64346073428172e-05	6.72971756347114e-05	ENSG00000134283	PPHLN1
chr4	156617908	156643344	25437	+	0.113	-2.06099330386015	1.68585588146531e-05	6.88911477487675e-05	ENSG00000164116	GUCY1A1
chrX	17121841	17157084	35244	+	0.234	-2.2401707264757	1.70949089380017e-05	6.97135300839247e-05	ENSG00000169891	REPS2
chr4	2986240	3031136	44897	+	0.898	-1.99438289551088	1.72852038412292e-05	7.0345112353855e-05	ENSG00000125388	GRK4
chr19	37117032	37118448	1417	+	0.36	-2.11857401248484	1.78660337442671e-05	7.25602106669009e-05	ENSG00000161298	ZNF382
chr5	63496635	63513223	16589	+	0.4	-2.10177911050558	1.79297676575418e-05	7.2670446056894e-05	ENSG00000164197	RNF180
chr14	93934017	93963632	29616	+	0.312	-2.13717257698306	1.80035478699301e-05	7.28208677590248e-05	ENSG00000133958	UNC79
chr10	76598441	76603236	4796	+	0.754	-1.81587061229038	1.83814009831547e-05	7.41980942124905e-05	ENSG00000156650	KAT6B
chr2	32602656	32631625	28970	+	0.151	-1.70281283069627	1.85414414360727e-05	7.46922975497778e-05	ENSG00000115760	BIRC6
chr12	102173930	102183835	9906	-	0.176	-2.10135486023019	1.88586247227318e-05	7.58162524278248e-05	ENSG00000111670	GNPTAB
chr13	110827687	110829071	1385	-	0.053	6.95541404454372	1.96204278998192e-05	7.87195349677594e-05	ENSG00000187498	COL4A1
chr22	32874968	32875262	295	+	0.532	-1.20739073813682	2.04660900176131e-05	8.19468846269751e-05	ENSG00000100225	FBXO7
chr2	202625604	202626541	938	-	0.242	-2.38069351747521	2.05274585256223e-05	8.20272286355851e-05	ENSG00000003393	ALS2
chr10	70246901	70266475	19575	-	0.656	-2.41623193085201	2.0598613816528e-05	8.21462791960334e-05	ENSG00000122912	SLC25A16
chr13	48827944	48835457	7514	+	0.03	-1.81140648670312	2.09201183143461e-05	8.32612324094017e-05	ENSG00000136156	ITM2B
chr9	79996892	80022523	25632	+	0.432	-1.58777976645836	2.12984425556166e-05	8.44520990311441e-05	ENSG00000197969	VPS13A
chr3	183056588	183107567	50980	-	0.383	-1.79958135143386	2.13043814776451e-05	8.44520990311441e-05	ENSG00000053524	MCF2L2
chr17	26449629	26499644	50016	+	0.252	-2.04415437304637	2.15105921908278e-05	8.50996734880161e-05	ENSG00000087095	NLK
chr5	58476421	58511794	35374	-	0.25	-1.77346520907537	2.18182005587826e-05	8.61450224845772e-05	ENSG00000113448	PDE4D
chr10	43650345	43671480	21136	+	0.722	-2.00804010304946	2.27414654033081e-05	8.96122029582734e-05	ENSG00000169826	CSGALNACT2
chr6	155095123	155116273	21151	+	0.521	-1.4874530622791	2.3566995883482e-05	9.26812947021688e-05	ENSG00000213079	SCAF8
chr4	154191487	154197282	5796	+	0.12	-1.90862557183878	2.3731290748742e-05	9.31429711996078e-05	ENSG00000109654	TRIM2
chr7	94047043	94049596	2554	-	0.021	6.78866973699704	2.39558500059012e-05	9.38388917390923e-05	ENSG00000164692	COL1A2
chr2	163360953	163374668	13716	-	0.391	-1.96610745044812	2.40898164238386e-05	9.41779043656365e-05	ENSG00000184611	KCNH7
chr10	15858834	15889942	31109	-	0.696	-1.44574312302397	2.41398431971362e-05	9.41880718850934e-05	ENSG00000148481	MINDY3
chr7	104702611	104722244	19634	+	0.233	-1.74680865380682	2.44044842352627e-05	9.50339327279053e-05	ENSG00000005483	KMT2E
chr20	50255882	50307358	51477	-	0.082	-2.16517185101018	2.47516116238739e-05	9.61970659197916e-05	ENSG00000054793	ATP9A
chr18	8076453	8088849	12397	+	0.121	-1.93578137711519	2.52670568169241e-05	9.80085446062719e-05	ENSG00000173482	PTPRM
chr4	103644028	103647840	3813	-	0.373	-1.75612036491856	2.55488024058812e-05	9.89082291970373e-05	ENSG00000109323	MANBA
chr2	136505837	136530117	24281	+	0.389	-1.72699751351732	2.57546685444696e-05	9.95112290453632e-05	ENSG00000144224	UBXN4
chr5	113740135	113740553	419	+	0.934	-2.26161423159599	2.60150292509374e-05	0.000100322035130799	ENSG00000080709	KCNN2
chr6	137015278	137019820	4543	-	0.256	-1.81308711096056	2.75626185382976e-05	0.000106084031816006	ENSG00000197442	MAP3K5
chr3	196118684	196129890	11207	-	0.435	1.57830682190191	2.79640142065219e-05	0.000107420758634724	ENSG00000163960	UBXN7
chr9	20715321	20770237	54917	+	0.303	-1.78492070194417	2.83648925529766e-05	0.000108750340946355	ENSG00000188352	FOCAD
chr7	91924203	91957214	33012	+	0.533	-1.20939659207539	2.86084676219664e-05	0.00010947286454186	ENSG00000001629	ANKIB1
chr18	48189277	48190874	1598	+	0.308	-1.92543346204424	2.88806562652562e-05	0.000110301891043844	ENSG00000141639	MAPK4
chr6	71442081	71508440	66360	+	0.173	-2.11054245026248	2.93693925360777e-05	0.000111953193045394	ENSG00000112305	SMAP1
chr21	30693542	30702014	8473	+	0.74	-1.04206550478985	2.99455929738904e-05	0.00011393093418802	ENSG00000156273	BACH1
chr12	111991962	111993723	1762	-	0.295	1.66142357679303	3.05240164507956e-05	0.00011590955386478	ENSG00000204842	ATXN2
chr5	135483521	135489852	6332	+	0.66	-2.34125234646201	3.06381559112395e-05	0.000116120949694125	ENSG00000113658	SMAD5
chr17	29061915	29111910	49996	+	0.4	-1.79754556020173	3.08673094061423e-05	0.000116766621867807	ENSG00000264538	
chr14	31596991	31641328	44338	-	0.347	-2.48079643814017	3.14024523591532e-05	0.000118565152823723	ENSG00000092148	HECTD1
chr5	19838868	19839351	484	-	0.056	-2.15454179618172	3.25733892145788e-05	0.000122752848159684	ENSG00000145526	CDH18
chr9	20923659	20933131	9473	+	0.4	-1.7102251632744	3.2687373367325e-05	0.000122949097552097	ENSG00000188352	FOCAD
chr4	118974911	119036115	61205	+	0.209	-1.86904559045586	3.34619040531583e-05	0.00012562446398785	ENSG00000164100	NDST3
chr8	105080740	105161076	80337	+	0.765	-2.49300942597824	3.35457360921617e-05	0.000125701569583081	ENSG00000176406	RIMS2
chr22	46096162	46136418	40257	+	0.272	-2.19847177107054	3.54164695758445e-05	0.000132461598074627	ENSG00000130638	ATXN10
chr16	17448956	17451907	2952	-	0.588	-2.0049868984171	3.5798556014104e-05	0.000133638970383478	ENSG00000103489	XYLT1
chr3	35721279	35732497	11219	+	0.245	-1.94194174686951	3.6203272951969e-05	0.000134896247809776	ENSG00000172995	ARPP21
chr1	89236035	89237562	1528	+	0.15	-1.86743555966484	3.71064364267032e-05	0.000138002589407177	ENSG00000065243	PKN2
chr11	18010144	18029623	19480	-	0.125	-1.79948201527672	3.71823928790194e-05	0.000138026602350902	ENSG00000129158	SERGEF
chr20	30954187	30959677	5491	+	0.75	1.9702721251465	3.7485399298885e-05	0.000138775208000484	ENSG00000171456	ASXL1
chr10	97141442	97170534	29093	-	0.059	2.41309352410578	3.75238100182578e-05	0.000138775208000484	ENSG00000095637	SORBS1
chrX	10031485	10066619	35135	+	0.615	-1.68039286510842	3.92936643005664e-05	0.000145050589778671	ENSG00000047644	WWC3
chr12	44136260	44142412	6153	-	0.258	-1.98035424350236	3.99860225895574e-05	0.000147164520388594	ENSG00000129317	PUS7L
chr15	52876942	52885933	8992	-	0.103	-1.98276900473119	4.00145221600408e-05	0.000147164520388594	ENSG00000047346	FAM214A
chr3	43591212	43607219	16008	-	0.333	-1.42889708436267	4.02143020169429e-05	0.000147625885038168	ENSG00000160746	ANO10
chr20	46252655	46262380	9726	+	0.302	-1.3701104193759	4.17228123549789e-05	0.000152881006156805	ENSG00000124151	NCOA3
chr10	32854486	32873232	18747	+	0.273	-1.46290368666382	4.1936370749559e-05	0.000153380538321592	ENSG00000216937	CCDC7
chr12	31595709	31600703	4995	-	0.211	-1.80238863394389	4.27304296521798e-05	0.000155997487664024	ENSG00000170456	DENND5B
chr1	95609447	95639445	29999	+	0.314	-2.00705419211656	4.29019620499993e-05	0.000156336324094126	ENSG00000152078	TLCD4
chr3	57832924	57850443	17520	+	0.147	-2.04707679490776	4.34499550956199e-05	0.000158043243259892	ENSG00000163681	SLMAP
chr15	50330965	50399205	68241	-	0.565	-1.86595102784821	4.44808590429718e-05	0.000161497232283989	ENSG00000104043	ATP8B4
chr18	8714137	8720494	6358	+	0.434	-2.03953888753805	4.47826513870419e-05	0.000162296251194644	ENSG00000168502	MTCL1
chr2	208841375	208842310	936	-	0.709	-1.65070322133359	4.68799119097233e-05	0.000169587440897469	ENSG00000178385	PLEKHM3
chr10	69726440	69773943	47504	-	0.14	-1.70228181736671	4.72316208938226e-05	0.000170549089263876	ENSG00000148634	HERC4
chr18	76856476	76914555	58080	+	0.333	-1.56118663980266	5.1086951728643e-05	0.000184135546521025	ENSG00000166377	ATP9B
chr17	30498062	30510291	12230	+	0.262	-1.88701627784439	5.13900819199076e-05	0.000184340295894193	ENSG00000126858	RHOT1
chr8	141810558	141900868	90311	-	0.067	-2.01590473338174	5.14363705648185e-05	0.000184340295894193	ENSG00000169398	PTK2
chr18	29691717	29693823	2107	+	0.267	3.05987905197554	5.15127263102205e-05	0.000184340295894193	ENSG00000134758	RNF138
chr8	41832222	41845081	12860	-	0.113	-1.82281002854312	5.15150373722444e-05	0.000184340295894193	ENSG00000083168	KAT6A
chr7	14613837	14712652	98816	-	0.388	-1.98734062181202	5.38695821366437e-05	0.000192419046984486	ENSG00000136267	DGKB
chr8	72211282	72246409	35128	-	0.667	2.73888493337287	5.53645796700397e-05	0.000197404048877377	ENSG00000104313	EYA1
chr9	123593609	123595734	2126	-	0.3	-1.70006664736473	5.62936581712876e-05	0.000200356998437593	ENSG00000095261	PSMD5
chr8	133848785	133856563	7779	+	0.258	-2.03039619017347	5.71587105360136e-05	0.000203071912566231	ENSG00000129292	PHF20L1
chr3	32582529	32587457	4929	-	0.343	-1.57302519721605	5.99264531426654e-05	0.000212524885609524	ENSG00000144635	DYNC1LI1
chr18	54426096	54448887	22792	+	0.398	-1.85620286942987	6.09668303848193e-05	0.000215747278425108	ENSG00000091157	WDR7
chr7	91924203	91948826	24624	+	0.331	-1.77809152524182	6.10523516993509e-05	0.000215747278425108	ENSG00000001629	ANKIB1
chr7	156549087	156619438	70352	-	0.099	-1.70853254538132	6.19484900185483e-05	0.000218525224115163	ENSG00000105983	LMBR1
chr8	136554897	136594316	39420	+	0.095	-1.53593191426261	6.40427026548134e-05	0.00022551206998663	ENSG00000131773	KHDRBS3
chr13	101997617	102051516	53900	-	0.422	-1.95564718241139	6.54961100900388e-05	0.000230221725024455	ENSG00000102452	NALCN
chr6	136472298	136476896	4599	+	0.5	-2.15666255124033	6.68310036054318e-05	0.000234498892509519	ENSG00000171408	PDE7B
chr19	18650181	18650530	350	-	0.281	-1.88540619036524	6.70440006635461e-05	0.000234831367403532	ENSG00000105701	FKBP8
chr13	76195899	76335174	139276	+	0.261	-1.59844613899221	6.733600824975e-05	0.000235438930253527	ENSG00000261553	
chr14	66028055	66028484	430	+	0.669	-2.0444110785881	6.81189602295562e-05	0.000237757917426887	ENSG00000033170	FUT8
chr1	118003111	118045592	42482	+	0.209	-2.15265358255566	6.90018788436669e-05	0.000239925133284212	ENSG00000198162	MAN1A2
chr6	79752560	79770535	17976	-	0.412	-1.56765073645302	6.90920936335659e-05	0.000239925133284212	ENSG00000146247	PHIP
chr13	76195899	76301234	105336	+	0.625	-1.85828552500141	6.91023042490278e-05	0.000239925133284212	ENSG00000261553	
chr14	93760204	93762503	2300	-	0.8	-1.7293135464236	6.97253030074798e-05	0.00024166570990027	ENSG00000011114	BTBD7
chr4	54292039	54294350	2312	+	0.039	2.29771069785267	7.03585620440379e-05	0.000243435721636689	ENSG00000145216	FIP1L1
chr15	41036245	41037457	1213	-	0.209	-1.86002815625379	7.18456103306345e-05	0.000248148490637635	ENSG00000137824	RMDN3
chr10	103916776	103917971	1196	+	0.194	-1.61160409249647	7.34921506254018e-05	0.0002533948110105	ENSG00000166197	NOLC1
chr15	50875286	50884823	9538	-	0.606	-2.03227983172763	7.37134241634623e-05	0.000253717262371986	ENSG00000092439	TRPM7
chr10	21169723	21188379	18657	-	0.324	-1.95847915880785	7.48831343611173e-05	0.000257297413220033	ENSG00000078114	NEBL
chr1	178425856	178436556	10701	+	0.357	-2.01874678779571	7.5214501117199e-05	0.000257863911263683	ENSG00000075391	RASAL2
chr11	22696396	22777499	81104	+	0.9	-1.98494392117772	7.53076880830495e-05	0.000257863911263683	ENSG00000148935	GAS2
chr20	58426623	58436553	9931	+	0.808	-2.24330457597391	7.6527379886208e-05	0.000261237128143885	n/a	
chr10	16794538	16824083	29546	-	0.327	-1.69986638490423	7.65558955587821e-05	0.000261237128143885	ENSG00000148484	RSU1
chr9	6849507	6893232	43726	+	0.172	-1.84737307983199	7.83485334884393e-05	0.000266895690408303	ENSG00000107077	KDM4C
chr15	93552375	93563488	11114	+	0.091	-1.57718634609337	8.08248526844918e-05	0.000274859858615412	ENSG00000173575	CHD2
chr10	94653106	94679807	26702	+	0.186	-1.96923231902955	8.1143875565004e-05	0.000275473054482219	ENSG00000138190	EXOC6
chr7	22306583	22357656	51074	-	0.253	-1.91611774415164	8.17832620018266e-05	0.000276820512368465	ENSG00000136237	RAPGEF5
chr6	17507400	17514185	6786	+	0.065	-1.91997246434813	8.18195572811123e-05	0.000276820512368465	ENSG00000112186	CAP2
chr11	120343759	120348235	4477	+	0.224	-1.608388386446	8.34958917083405e-05	0.000282011634239395	ENSG00000196914	ARHGEF12
chr21	16386665	16415895	29231	-	0.118	2.2888509625131	8.71549942202752e-05	0.000293870659628976	ENSG00000180530	NRIP1
chr4	73950966	73958017	7052	-	0.217	1.110031248265	8.76948269352984e-05	0.000295056990779907	ENSG00000132466	ANKRD17
chr4	52729603	52758017	28415	+	0.614	-1.53228163768438	8.780396855535e-05	0.000295056990779907	ENSG00000109184	DCUN1D4
chr3	129546646	129551669	5024	-	0.419	-1.52170262193534	8.80931126363189e-05	0.000295528583945489	ENSG00000172765	TMCC1
chr10	112723883	112745523	21641	+	0.473	-1.39715645368545	8.9958248745506e-05	0.000301276698159486	ENSG00000108061	SHOC2
chr2	72945232	72968598	23367	-	0.176	-2.10582506056719	9.14505674480309e-05	0.000305758967932305	ENSG00000144036	EXOC6B
chr1	44877653	44878394	742	+	0.24	1.98714678480829	9.17383920119618e-05	0.000306205792497069	ENSG00000187147	RNF220
chr9	20715321	20789607	74287	+	0.326	-1.94492747915582	9.22521745305166e-05	0.000307404058083232	ENSG00000188352	FOCAD
chr10	112356156	112358048	1893	+	0.46	-1.24945466639949	9.4525447459301e-05	0.000314451488532951	ENSG00000108055	SMC3
chr2	191765290	191796363	31074	+	0.107	-2.15637541163996	9.66050065761313e-05	0.000320832011806349	ENSG00000115419	GLS
chr1	155823067	155823597	531	-	0.528	0.999557568179804	9.74614326034542e-05	0.00032313590175369	ENSG00000116580	GON4L
chr10	103427643	103436193	8551	-	0.658	-1.09320287163244	9.77690798862825e-05	0.000323615654423595	ENSG00000107829	FBXW4
chr4	1219148	1235307	16160	-	0.101	-1.97142101932698	0.00010049811435562	0.000332095266406426	ENSG00000159692	CTBP1
chr1	243708812	243778463	69652	-	0.034	-1.83378775553445	0.00010323401276992	0.000340569351098107	ENSG00000117020	AKT3
chr11	103173822	103194718	20897	+	0.414	-1.34974997994155	0.000103471181444365	0.000340785682169997	ENSG00000187240	DYNC2H1
chr5	109103236	109139978	36743	+	0.079	-1.72769055495308	0.000104637014313689	0.000344054818587726	ENSG00000112893	MAN2A1
chr5	107684100	107703654	19555	-	0.434	-1.32657058749224	0.00010533613608898	0.000345781101277215	ENSG00000145743	FBXL17
chr5	109049221	109125228	76008	+	0.4	-1.90527719370321	0.000105665920435358	0.000346291283803006	ENSG00000112893	MAN2A1
chr6	62362160	62390965	28806	-	0.167	-2.08457273371469	0.000106274863708581	0.000347713145511108	n/a	
chr14	50616726	50616948	223	-	0.133	1.35984636211414	0.000113023585576589	0.00036918559367616	ENSG00000100485	SOS2
chr3	49372453	49373029	577	-	0.357	2.05203600805996	0.000114826756105085	0.000374459667692446	ENSG00000114316	USP4
chr8	106431372	106573709	142338	+	0.118	-2.06412908765926	0.000118768343741152	0.000386678574868734	ENSG00000169946	ZFPM2
chr10	84711225	84745103	33879	+	0.294	-1.90420431026714	0.000121233859265945	0.000394059647303055	ENSG00000185737	NRG3
chr6	73001637	73023375	21739	+	0.005	-2.5476283413514	0.000121630476105194	0.000394702819517834	ENSG00000079841	RIMS1
chr12	46622936	46637097	14162	-	0.311	-1.43458067267708	0.000122094365097076	0.00039556184189689	ENSG00000111371	SLC38A1
chr8	52773405	52773806	402	-	0.38	1.28267164822147	0.000122906768669325	0.000397545346217067	ENSG00000168300	PCMTD1
chr15	68434284	68457142	22859	+	0.261	-1.25606129326171	0.000124439298090117	0.000401684431383697	ENSG00000033800	PIAS1
chr7	104707174	104731761	24588	+	0.327	-2.0440306159997	0.000124736438347468	0.000401684431383697	ENSG00000005483	KMT2E
chr10	32751611	32873232	121622	+	0.196	-1.80925070918854	0.000124793199478218	0.000401684431383697	ENSG00000216937	CCDC7
chr16	53907698	53968021	60324	+	0.062	-1.34305781301194	0.000125909573592546	0.00040462202775857	ENSG00000140718	FTO
chr2	58275962	58316858	40897	+	0.553	-2.0550925821042	0.000127390373714098	0.000408719357344425	ENSG00000028116	VRK2
chr1	84644860	84680000	35141	+	0.075	-1.57235478423427	0.000128593739777539	0.000411914785803537	ENSG00000142875	PRKACB
chr1	233270759	233344435	73677	-	0.085	-1.75628256702693	0.000131711478004696	0.000421222214681683	ENSG00000135749	PCNX2
chr2	203620261	203624076	3816	+	0.545	-1.64102122795793	0.000137791652929781	0.000439958557425314	ENSG00000138439	FAM117B
chr6	158733083	158735300	2218	+	0.624	-1.10326658150593	0.000140394762021105	0.000447550557582528	ENSG00000130338	TULP4
chr5	96208989	96209375	387	-	0.64	-1.74216926808208	0.000140808868098453	0.000448151301351808	ENSG00000247121	
chrX	128166327	128256170	89844	-	0.71	-1.45696848311634	0.000141394077268836	0.000449293819929452	n/a	
chr2	128520636	128528578	7943	-	0.098	-1.67697181573571	0.000149636073446645	0.000474724028538397	ENSG00000136709	WDR33
chr2	221618333	221720593	102261	+	0.333	-1.91310128881797	0.000151601340645155	0.00048019180625403	n/a	
chr2	71653590	71654544	955	+	0.118	-1.48058262414009	0.000152643731093748	0.000482723646420673	ENSG00000075292	ZNF638
chr5	179688684	179707608	18925	-	0.342	-1.62414671502379	0.00015460452306405	0.000488147190469322	ENSG00000050748	MAPK9
chr13	101997617	102031004	33388	-	0.172	-1.69482910319492	0.000156669532473834	0.000493882049988945	ENSG00000102452	NALCN
chr12	112371690	112381173	9484	-	0.723	-1.41432181804931	0.000157188434389573	0.000494732536763379	ENSG00000198270	TMEM116
chr9	79829245	79842401	13157	+	0.349	-1.57694593382643	0.000160334392635113	0.000503835607236288	ENSG00000197969	VPS13A
chr11	92085262	92088570	3309	+	0.808	-1.47682186678591	0.000162382679722956	0.00050925196944591	ENSG00000165323	FAT3
chr10	32740520	32762951	22432	+	0.524	-1.54850976001663	0.000162570870407204	0.00050925196944591	ENSG00000216937	CCDC7
chr3	71733723	71777774	44052	-	0.204	-2.08742735941893	0.000164864295365609	0.000515622819836376	ENSG00000163412	EIF4E3
chr3	196807922	196846401	38480	-	0.124	-1.53094753802175	0.00016765165653629	0.000523516021825584	ENSG00000075711	DLG1
chr1	117944808	118009049	64242	+	0.183	-1.44241173641833	0.000173359889321262	0.000540428291057537	ENSG00000198162	MAN1A2
chr10	61844360	61845011	652	-	0.146	-2.11797721410368	0.000173611908204788	0.000540428291057537	ENSG00000151150	ANK3
chr1	92798948	92846430	47483	+	0.469	-1.1868106125061	0.000174261526454936	0.000541601551705014	ENSG00000122484	RPAP2
chr1	35824526	35827390	2865	+	0.838	-1.11762869908713	0.000179063692029781	0.000555657019329915	ENSG00000146463	ZMYM4
chr18	9583115	9595151	12037	-	0.721	-1.4646315407577	0.000181815844522794	0.000563317109551122	ENSG00000154845	PPP4R1
chr11	46098305	46113774	15470	-	0.865	-1.33733064289314	0.000182176262281578	0.000563554605749554	ENSG00000135365	PHF21A
chr1	38332131	38339760	7630	-	0.519	-2.22279036625651	0.000182835303868957	0.00056471370681765	ENSG00000204084	INPP5B
chr8	62593527	62596747	3221	-	0.059	1.51643837551888	0.000183943847709611	0.000566928595034807	ENSG00000198363	ASPH
chr10	18816517	18825125	8609	+	0.32	-1.82357310229256	0.000184123335245443	0.000566928595034807	ENSG00000165995	CACNB2
chr11	103173822	103229087	55266	+	0.213	-1.68161760962246	0.000184515442531272	0.000567256453354653	ENSG00000187240	DYNC2H1
chr5	56526673	56527148	476	+	0.087	-1.95343620946287	0.000186777273774394	0.000573322512698527	ENSG00000062194	GPBP1
chr4	52729603	52765544	35942	+	0.26	-1.2551859851079	0.000188413989551247	0.000577453986495024	ENSG00000109184	DCUN1D4
chr19	9763629	9771550	7922	-	0.353	-1.49365565963705	0.000190677470929028	0.000583490689160322	ENSG00000171466	ZNF562
chr6	7176888	7189555	12668	+	0.857	2.31700222248272	0.000192590562274756	0.000588438241042564	ENSG00000124782	RREB1
chr15	76566753	76588078	21326	-	0.172	-1.32947575349192	0.000192922459456238	0.000588546857880322	ENSG00000140374	ETFA
chr19	11833769	11836142	2374	-	0.667	-1.76311056372792	0.000195025560006827	0.000594050248732453	ENSG00000197933	ZNF823
chr2	30748453	30756180	7728	+	0.292	-1.39811506127593	0.000195386523242991	0.00059423833868389	ENSG00000172954	LCLAT1
chr5	102432245	102433485	1241	-	0.353	-1.44947298948346	0.00020166852446225	0.000612406253183531	ENSG00000145723	GIN1
chr4	16587545	16597498	9954	-	0.176	-1.75593151157224	0.000202949101263326	0.00061535406886865	ENSG00000169744	LDB2
chr9	86294690	86301070	6381	-	0.175	-1.50556088307001	0.000204839016189638	0.000620137631330216	ENSG00000135018	UBQLN1
chr10	94291505	94297307	5803	-	0.279	-1.47256651844643	0.000208797939173444	0.000631160893757168	ENSG00000119912	IDE
chr6	102247523	102266358	18836	+	0.136	-2.39089386648558	0.000218437956225761	0.000659297539611491	ENSG00000164418	GRIK2
chr18	9204474	9221997	17524	+	0.122	-1.28287182962731	0.000222953523769059	0.000671905460099169	ENSG00000101745	ANKRD12
chrX	79962926	79975155	12230	-	0.581	-1.44190523097802	0.000224304347185472	0.00067423026428531	ENSG00000165288	BRWD3
chr11	118451961	118455359	3399	+	0.184	-1.68039298577029	0.000224403929855282	0.00067423026428531	ENSG00000095139	ARCN1
chr2	40387905	40405633	17729	-	0.095	-1.58676492217909	0.000225616695453157	0.00067685008635947	ENSG00000183023	SLC8A1
chr10	117221451	117309046	87596	+	0.081	-2.12874960791348	0.000227561803671402	0.00068165571959488	ENSG00000107518	ATRNL1
chr5	87516380	87541609	25230	-	0.766	-1.28156923772126	0.000229784840535039	0.000687278152564138	ENSG00000164180	TMEM161B
chr17	49048068	49064598	16531	-	0.036	-1.50246463923916	0.000231119361392342	0.000690230152970213	ENSG00000008294	SPAG9
chr6	62362160	62407158	44999	-	0.718	-2.50799683084197	0.000231603419202651	0.000690637223027724	n/a	
chr19	52876364	52896041	19678	+	0.214	-1.94876434872855	0.000234446344003658	0.00069806662547416	n/a	
chr6	62316195	62407158	90964	-	0.381	-1.82034895415649	0.000237702319416436	0.000706435969279163	n/a	
chr15	66044717	66053776	9060	-	0.143	-1.33706225571293	0.000237968612007936	0.000706435969279163	ENSG00000174485	DENND4A
chr6	24416625	24418806	2182	+	0.364	-1.78463957675063	0.00023956827382538	0.000710123271368961	ENSG00000124532	MRS2
chr2	168869144	168873605	4462	-	0.209	-1.7829397418643	0.000242700609367089	0.000718335931748194	ENSG00000198648	STK39
chr1	78267016	78280916	13901	+	0.271	-1.34493938834155	0.000246032932762308	0.000727115185217179	ENSG00000180488	MIGA1
chr4	20706089	20715162	9074	+	0.34	-1.82612663820394	0.00024690468994785	0.00072787960396646	ENSG00000163138	PACRGL
chr9	23762004	23765097	3094	-	0.156	-1.95213282444747	0.000247024598727791	0.00072787960396646	ENSG00000107105	ELAVL2
chr1	243708812	243859018	150207	-	0.12	-1.57894998847103	0.000249928528935983	0.000735345271802758	ENSG00000117020	AKT3
chr6	54013854	54067031	53178	+	0.743	-2.44701173556883	0.000250416559955178	0.000735691254542874	ENSG00000146147	MLIP
chr8	19249093	19260648	11556	-	0.714	-1.95472662634043	0.000253338260725247	0.000743175459084698	n/a	
chr2	72945232	72960247	15016	-	0.754	-1.13976437084966	0.000257490522180077	0.000753640304914144	ENSG00000144036	EXOC6B
chr7	70227856	70236630	8775	+	0.571	2.5675002586566	0.000257664535265208	0.000753640304914144	ENSG00000158321	AUTS2
chr7	8043538	8099878	56341	+	0.659	-1.93874505136597	0.00026264070175541	0.000767065343656241	ENSG00000106415	GLCCI1
chr5	88201026	88261732	60707	+	0.483	-1.56330050709306	0.000264837460611183	0.000772345369711907	ENSG00000248309	MEF2C-AS1
chr2	200188526	200246543	58018	-	0.047	-1.77216824793118	0.000269553503202229	0.000784946125160744	ENSG00000119042	SATB2
chr6	109175428	109197553	22126	+	0.6	-1.65506150491971	0.000273265027893182	0.000794589085499062	ENSG00000118690	ARMC2
chr5	127449904	127477673	27770	+	0.094	-1.72804577855548	0.000285076388621211	0.000827721795031762	ENSG00000064651	SLC12A2
chr4	144464662	144465125	464	+	0.813	-0.825207480286356	0.000291071158831252	0.000841825195944743	ENSG00000153147	SMARCA5
chrX	32305646	32366645	61000	-	0.345	-1.61252507199025	0.000291073376218279	0.000841825195944743	ENSG00000198947	DMD
chr8	62531537	62566219	34683	-	0.471	-0.954078144413303	0.000291205392554904	0.000841825195944743	ENSG00000198363	ASPH
chr3	169863211	169867032	3822	-	0.3	1.21808330907898	0.000296997875427482	0.000857322355521773	ENSG00000173889	PHC3
chr20	34300941	34313077	12137	-	0.478	-1.23924360389535	0.000299629271440108	0.000863662892714158	ENSG00000131051	RBM39
chr10	78704531	78729825	25295	-	0.245	-1.88197632961423	0.000301229043848528	0.000867015769685763	ENSG00000156113	KCNMA1
chr15	30053342	30065560	12219	-	0.233	-1.35500363782402	0.00030325968657118	0.000871597304674911	ENSG00000104067	TJP1
chr4	177070958	177073118	2161	+	0.22	-1.66015193807305	0.000305884646992482	0.000877871255674955	ENSG00000150627	WDR17
chr17	49294695	49302570	7876	-	0.417	-1.67553302256464	0.000315118451736708	0.000903066731816885	ENSG00000011258	MBTD1
chr12	28458582	28460682	2101	+	0.491	-1.45569954001893	0.000321571911364808	0.000920233164222635	ENSG00000123106	CCDC91
chr18	19345733	19359646	13914	+	0.697	-1.51376579046118	0.000338665699382091	0.000967755509313429	ENSG00000101752	MIB1
chr16	23113640	23119504	5865	-	0.216	-1.78879404184931	0.000347347143679956	0.000991137108259185	ENSG00000103404	USP31
chr2	187604955	187618776	13822	+	0.093	-1.48214912473891	0.000347938275420084	0.000991399447610169	ENSG00000144369	FAM171B
chr1	76205665	76216231	10567	+	0.142	-1.72448540644615	0.000350226589151661	0.000996489980021774	ENSG00000117054	ACADM
chr15	72300167	72320134	19968	-	0.171	-1.66481690625586	0.000355843235180511	0.00101102241068454	ENSG00000066933	MYO9A
chr9	86279945	86292876	12932	-	0.07	-1.54263833894366	0.000357640187403953	0.00101467630312036	ENSG00000135018	UBQLN1
chr7	33388680	33427756	39077	+	0.276	1.93560411507517	0.00036038359142804	0.00102100115916703	ENSG00000122507	BBS9
chr7	40027198	40102699	75502	+	0.273	-1.51865330454096	0.000367653404438033	0.00104011347751273	ENSG00000065883	CDK13
chr6	136704809	136710655	5847	-	0.269	-2.01086182763115	0.00036900792466957	0.00104137829738992	ENSG00000135525	MAP7
chr2	125530376	125555897	25522	+	0.146	-2.1740711930824	0.000369149305087603	0.00104137829738992	ENSG00000155052	CNTNAP5
chr15	35207239	35219339	12101	-	0.091	-1.55010382506999	0.000369673564783432	0.00104137829738992	ENSG00000021776	AQR
chr20	57014001	57016139	2139	+	0.29	1.08823156268428	0.000370738582970941	0.00104289918665763	ENSG00000124164	VAPB
chr3	57276884	57282379	5496	+	0.331	-1.22989963412149	0.000374828926789495	0.00105291407157558	ENSG00000157500	APPL1
chr10	32832228	32873232	41005	+	0.579	-1.09530345140994	0.000378188218425002	0.00106085000253115	ENSG00000216937	CCDC7
chr14	31596991	31602881	5891	-	0.159	-1.40331632765335	0.000382659696450896	0.00107187892405004	ENSG00000092148	HECTD1
chr8	18656805	18662408	5604	-	0.468	1.14886068492357	0.000387611964256045	0.00108422163522888	ENSG00000156011	PSD3
chr1	78183552	78191447	7896	-	0.095	-1.64203605945464	0.000390957876780502	0.00109204267691431	ENSG00000077254	USP33
chr11	77330651	77340944	10294	-	0.75	-1.11862533908828	0.000391510321346207	0.00109204985701344	ENSG00000074201	CLNS1A
chr8	101271335	101300495	29161	-	0.204	-1.63222479261221	0.000395467701818424	0.00110007701685269	ENSG00000034677	RNF19A
chr6	87925621	87928449	2829	+	0.459	1.24021279112409	0.000395495966783898	0.00110007701685269	ENSG00000188994	ZNF292
chr1	233296029	233344435	48407	-	0.234	-1.86696046917852	0.000396495807248977	0.00110131562684821	ENSG00000135749	PCNX2
chr18	48444480	48466756	22277	+	0.653	-1.92668374943794	0.000407780398868976	0.00113107803373434	ENSG00000082212	ME2
chr15	84228005	84245493	17489	+	0.15	-1.59159784171146	0.000409880541544648	0.00113531765063831	ENSG00000140600	SH3GL3
chrX	120224253	120319697	95445	+	0.556	-1.55286076056616	0.000412419709270114	0.00114075980864965	n/a	
chr7	22330794	22357656	26863	-	0.563	-2.07670171617919	0.000418202554240851	0.00115514641546917	ENSG00000136237	RAPGEF5
chr8	141828376	141889736	61361	-	0.074	-1.82290257111536	0.000422787996324108	0.001166190223194	ENSG00000169398	PTK2
chr12	83250789	83251359	571	+	0.5	-1.50342669382361	0.000433658525506662	0.00119451571658284	ENSG00000179104	TMTC2
chr4	1902353	1920350	17998	+	0.094	-1.71616988828213	0.000434657225994175	0.00119560838064326	ENSG00000109685	NSD2
chr9	103261047	103312442	51396	+	0.15	-1.52015125168043	0.000439407782350068	0.0012067238873996	ENSG00000241697	TMEFF1
chr20	41671682	41675650	3969	-	0.75	-2.00488380037801	0.00043991344132795	0.0012067238873996	ENSG00000196090	PTPRT
chr5	124036707	124036962	256	-	0.356	1.49358589334924	0.000443316450712595	0.00121438133946926	ENSG00000168916	ZNF608
chr3	196846281	196869639	23359	-	0.043	-1.74461430062041	0.000453677340122221	0.00124105123620211	ENSG00000075711	DLG1
chr3	55922417	55984588	62172	-	0.221	-2.03029015967114	0.000457954439673789	0.00125102822172234	ENSG00000187672	ERC2
chr7	42063067	42088295	25229	-	0.8	2.31125399167528	0.000458695132361734	0.00125133040229451	ENSG00000106571	GLI3
chr8	27382879	27394372	11494	+	0.5	-1.95203701491526	0.000467961368417035	0.00127485771972048	ENSG00000120915	EPHX2
chr6	42790534	42797910	7377	+	0.208	-1.75292574158172	0.000492552983955323	0.00134001400840448	ENSG00000112624	BICRAL
chr13	28830429	28835595	5167	+	0.321	-1.23592967861345	0.000496848843456399	0.00134861192397717	ENSG00000152520	PAN3
chr16	29917109	29917448	340	+	0.444	-1.90946904622788	0.000497071464426629	0.00134861192397717	ENSG00000174939	ASPHD1
chr9	87635121	87683434	48314	+	0.115	-1.77752717409771	0.000501323763987601	0.0013582933087031	n/a	
chr11	46515158	46534363	19206	-	0.323	-1.59016027682417	0.000506936760522268	0.00137143976910327	ENSG00000110497	AMBRA1
chr12	116534474	116549317	14844	-	0.119	1.66416359737441	0.000507557014245168	0.00137143976910327	ENSG00000123066	MED13L
chr14	31404369	31425448	21080	-	0.241	-1.49131412546663	0.000509705632310049	0.00137537416544532	ENSG00000196792	STRN3
chr1	84644860	84650865	6006	+	0.018	-1.6858528447272	0.000516347688394422	0.00139140638962188	ENSG00000142875	PRKACB
chr10	225934	295028	69095	+	0.197	-1.75722202121858	0.000527877001362242	0.00142054705244636	ENSG00000015171	ZMYND11
chr19	34921481	34925873	4393	+	0.067	1.9413731606096	0.000529090221858152	0.00142188522410053	ENSG00000126261	UBA2
chr17	11958206	12016677	58472	+	0.6	-1.39888922408043	0.000529928256893954	0.0014222128624208	ENSG00000065559	MAP2K4
chr4	129913322	129925031	11710	-	0.716	0.887269278094809	0.000532033752023504	0.00142593661473506	ENSG00000151466	SCLT1
chr2	148653870	148657467	3598	+	0.789	-0.981146900580124	0.000540490820934622	0.00144665063393013	ENSG00000121989	ACVR2A
chr1	8555123	8674745	119623	-	0.484	-1.50918407879797	0.000549672971611433	0.00146924700083487	ENSG00000142599	RERE
chr3	57276884	57301820	24937	+	0.333	-1.65670689592834	0.000555614142580789	0.00148313129995356	ENSG00000157500	APPL1
chr1	205585606	205593019	7414	-	0.636	1.04084697055117	0.00055696226741864	0.00148473431287707	ENSG00000158711	ELK4
chr12	99192712	99225914	33203	-	0.095	-1.70106758498301	0.000560511333055269	0.00149219236923293	ENSG00000185046	ANKS1B
chr8	141799573	141889736	90164	-	0.043	-1.54400696146808	0.00056128673911452	0.00149225631041692	ENSG00000169398	PTK2
chr18	8113484	8143777	30294	+	0.211	-1.48684168897503	0.000562774397980469	0.00149289382929465	ENSG00000173482	PTPRM
chr11	103173822	103187349	13528	+	0.358	-1.88256849464375	0.000563029948711829	0.00149289382929465	ENSG00000187240	DYNC2H1
chr2	177161588	177202305	40718	+	0.361	-1.48875957130539	0.000569267894271054	0.00150742138402975	ENSG00000128654	MTX2
chr14	50262509	50298079	35571	-	0.222	-1.7220828669824	0.000585003688397454	0.00154702706412429	ENSG00000165525	NEMF
chr11	17899755	18029623	129869	-	0.202	-1.71549480282252	0.00058673178788072	0.00154953368448286	ENSG00000129158	SERGEF
chr9	37126309	37147442	21134	+	0.519	-1.73559567278449	0.000601027738058337	0.0015851807274686	ENSG00000147905	ZCCHC7
chr2	136432902	136437894	4993	+	0.463	-1.29722421341949	0.000603913344411247	0.00159067891512034	ENSG00000048991	R3HDM1
chr6	69723930	69785930	62001	+	0.45	-1.74997767710899	0.000607283540704633	0.00159743723422437	ENSG00000135298	ADGRB3
chr19	17387304	17387718	415	+	0.124	1.19149952140471	0.00062380005908118	0.00163871285361802	ENSG00000269307	
chr2	136360070	136362586	2517	+	0.103	-1.36190915339185	0.000636217813596723	0.00166912625865666	ENSG00000048991	R3HDM1
chr15	71211389	71276596	65208	+	0.196	-1.64952355053859	0.000653272761363813	0.00171160910826983	ENSG00000137821	LRRC49
chr8	42761316	42873637	112322	+	0.375	-1.89217710933085	0.000654918711335915	0.00171366081780386	ENSG00000168172	HOOK3
chr20	40141485	40179999	38515	-	0.154	-1.41308305993206	0.000657067865651275	0.00171702208050452	ENSG00000124177	CHD6
chr2	201721405	201722812	1408	-	0.041	-1.6663394170736	0.000666305280818912	0.00173887291420021	ENSG00000013441	CLK1
chr19	58772217	58775042	2826	+	0.537	-2.01671714466146	0.000668658274202153	0.0017404949473188	ENSG00000198131	ZNF544
chr5	79745410	79770649	25240	+	0.617	-1.62754459440999	0.00066867957945833	0.0017404949473188	ENSG00000039319	ZFYVE16
chr12	88898936	88939642	40707	-	0.214	-1.70299919600499	0.000685067922761848	0.00178081792487569	ENSG00000049130	KITLG
chr1	201821232	201828122	6891	+	0.244	-1.36310374953244	0.000686116304872218	0.0017812117404918	ENSG00000198700	IPO9
chr15	59323003	59323901	899	+	0.405	-1.49150495379411	0.000691734023568231	0.00179345139791972	ENSG00000157450	RNF111
chr6	76344423	76388643	44221	+	0.58	-1.74433548771495	0.000698159593914861	0.00180775091722935	ENSG00000112701	SENP6
chrY	15021271	15024974	3704	+	0.303	-1.52738990797108	0.000703585650371289	0.001819428517757	ENSG00000067048	DDX3Y
chr9	99271955	99327765	55811	-	0.588	-1.15420087991069	0.000709103043105488	0.0018313116301788	ENSG00000081377	CDC14B
chr7	37988442	37989994	1553	+	0.123	-1.90784568805153	0.000711133601772961	0.00183417056249494	ENSG00000086289	EPDR1
chr10	17199440	17210916	11477	-	0.581	-1.70907866684024	0.000715321426914414	0.00184257892847215	ENSG00000107614	TRDMT1
chr15	69502655	69553668	51014	+	0.732	-3.09379148198828	0.000719867371421619	0.00185188678710277	ENSG00000138604	GLCE
chr7	155457869	155473602	15734	+	0.557	-1.24479222377134	0.000729243605586379	0.0018735805959826	ENSG00000184863	RBM33
chr10	7839010	7844817	5808	+	0.708	-1.42538004134609	0.000730221001959417	0.00187366784223695	ENSG00000165629	ATP5F1C
chr1	40654727	40668286	13560	+	0.517	-1.2025435175646	0.000741375262049151	0.00189983389732853	ENSG00000117000	RLF
chr7	35050080	35058208	8129	-	0.649	1.35829715176682	0.000743886434321734	0.00190381244660176	ENSG00000173852	DPY19L1
chr3	110830877	110845182	14306	+	0.214	-1.91513173246869	0.000752393660596083	0.00192310657650427	ENSG00000177707	NECTIN3
chr6	111208708	111211559	2852	+	0.069	1.85693775520455	0.000754292962429899	0.00192548306347787	ENSG00000123505	AMD1
chr14	99924616	99932150	7535	-	0.664	-1.06117433545998	0.000759347707533875	0.0019358980066268	ENSG00000183576	SETD3
chr1	8601273	8617582	16310	-	0.471	-1.35467093563158	0.000766486558906927	0.0019515926999861	ENSG00000142599	RERE
chr2	168931492	168986268	54777	-	0.089	-1.78307916858291	0.000767830490973166	0.00195251133812127	ENSG00000198648	STK39
chr11	64453118	64453419	302	-	0.112	-1.99086400762346	0.000777731019965857	0.00197515831924833	ENSG00000110076	NRXN2
chr8	141745350	141762415	17066	-	0.147	-1.4865097129647	0.000779613383734534	0.00197741019169449	ENSG00000169398	PTK2
chr7	136935977	136939721	3745	-	0.022	1.74300048560534	0.000783737970933722	0.00198533623759486	ENSG00000105894	PTN
chr20	40141485	40162209	20725	-	0.192	-1.37904028715365	0.000787216010878404	0.00198913174592757	ENSG00000124177	CHD6
chr12	101316004	101336313	20310	+	0.273	-1.51405776298635	0.000787239452315745	0.00198913174592757	ENSG00000151572	ANO4
chr7	152007051	152012423	5373	-	0.242	0.909199298632387	0.000814375123254721	0.00205508131484609	ENSG00000055609	KMT2C
chr16	53289512	53308214	18703	+	0.18	-1.56717801102843	0.000822734411127737	0.00207354129505036	ENSG00000177200	CHD9
chr3	155611307	155629068	17762	+	0.105	-1.78522149847284	0.000832918582237403	0.00209654791422495	ENSG00000163655	GMPS
chr5	87577859	87588460	10602	+	0.489	-1.3571488078816	0.000836438325066818	0.00210274242225658	ENSG00000247828	TMEM161B-AS1
chr16	80718435	80719026	592	-	0.662	-1.67495927214009	0.000852125368183906	0.00213947026702053	ENSG00000166446	CDYL2
chr17	4186093	4210418	24326	-	0.219	-1.11794718851364	0.000858522516262908	0.00215281024911381	ENSG00000132388	UBE2G1
chr15	90760671	90764997	4327	+	0.308	-1.48415280596442	0.000888991628505401	0.00222640274175501	ENSG00000185033	SEMA4B
chr16	19627436	19659204	31769	+	0.262	-1.20384908830622	0.000914412772378763	0.00228718358431262	ENSG00000103544	VPS35L
chr5	56542127	56546968	4842	+	0.17	-1.10486855412102	0.000917406251462251	0.00229178467346419	ENSG00000062194	GPBP1
chr16	56385296	56388993	3698	+	0.141	-1.47991038468417	0.000929475790401069	0.00231901874338759	ENSG00000087258	GNAO1
chr9	88200378	88248289	47912	-	0.205	-1.6141953237131	0.000932800806345768	0.00232439448105733	ENSG00000135049	AGTPBP1
chr4	15626875	15646331	19457	-	0.09	-1.50891218921917	0.00096515010738844	0.00240199011688401	ENSG00000118564	FBXL5
chr5	86627165	86633908	6744	+	0.151	-1.37774387291301	0.000981934078149933	0.0024407022267907	ENSG00000145715	RASA1
chr3	183361268	183369064	7797	+	0.287	-1.64835068012683	0.000998481085790785	0.00247646861553635	ENSG00000114796	KLHL24
chr16	68155890	68160513	4624	+	0.578	0.9539292019939	0.000998817402338681	0.00247646861553635	ENSG00000072736	NFATC3
chr15	85081763	85098301	16539	-	0.64	-1.6433713405292	0.0010012544219612	0.00247941556360965	ENSG00000189136	UBE2Q2P1
chr19	58436991	58439415	2425	-	0.793	-1.48307233268151	0.00100671784690085	0.00248984015435253	ENSG00000196724	ZNF418
chr10	70227880	70229920	2041	-	0.5	2.08221441085859	0.0010450399095434	0.00258053102435762	ENSG00000138346	DNA2
chr10	116879949	116889297	9349	+	0.152	-1.49869293736714	0.00104598563676127	0.00258053102435762	ENSG00000107518	ATRNL1
chr6	69640451	69666701	26251	+	0.215	-1.46578224001919	0.00105375847720022	0.00259648180610377	ENSG00000135298	ADGRB3
chr6	131466425	131490413	23989	+	0.848	-1.37589823769875	0.00105548559583233	0.00259751473769889	ENSG00000118507	AKAP7
chr11	13435077	13443385	8309	-	0.276	-1.4123341337804	0.00105856791601909	0.00260187609061129	ENSG00000148925	BTBD10
chr18	32335940	32374214	38275	+	0.069	-1.53399948311649	0.00106001153557054	0.002602203843811	ENSG00000134769	DTNA
chr8	478895	481576	2682	-	0.824	-1.8827336140933	0.00106533454447911	0.00261204247572285	ENSG00000180190	TDRP
chr14	66028055	66096324	68270	+	0.106	-1.7002538501581	0.00108295306981311	0.00265029309752054	ENSG00000033170	FUT8
chr12	99145133	99225914	80782	-	0.071	-1.6462133228629	0.00108360422718363	0.00265029309752054	ENSG00000185046	ANKS1B
chr7	91924203	91936970	12768	+	0.124	-1.45521027069643	0.00109379859178904	0.00267193604341087	ENSG00000001629	ANKIB1
chr8	141840571	141900868	60298	-	0.126	-1.10082844783201	0.00110482527919885	0.00269555651657114	ENSG00000169398	PTK2
chr2	70406664	70409129	2466	-	0.5	-1.56853806731923	0.00111611836707327	0.00271976819264725	ENSG00000115998	C2orf42
chr16	48311249	48337216	25968	+	0.07	-1.40743793807018	0.00113352604227045	0.00275880235287881	ENSG00000102910	LONP2
chr8	133634857	133673873	39017	-	0.762	-1.21678875347299	0.0011378018542778	0.00276581944014162	ENSG00000129295	LRRC6
chr12	109046048	109048186	2139	-	0.532	1.15591650453324	0.00114792629217548	0.00278701909078302	ENSG00000110880	CORO1C
chr8	42202471	42214910	12440	+	0.145	-2.36531160391866	0.0011660255465081	0.00282750517138595	ENSG00000070501	POLB
chr6	117010483	117013555	3073	+	0.114	1.08042414744454	0.00118807925193637	0.00287746999310443	ENSG00000196911	KPNA5
chr2	236649607	236659132	9526	+	0.204	-1.89683217900506	0.00119126426985596	0.00288166971977338	ENSG00000157985	AGAP1
chr12	1399018	1399178	161	+	0.053	-1.67645282243448	0.00120994889752059	0.00292040062299373	ENSG00000082805	ERC1
chr10	15838099	15889942	51844	-	0.259	-1.35726518844972	0.00121021637095863	0.00292040062299373	ENSG00000148481	MINDY3
chr6	136698893	136710655	11763	-	0.108	-1.65272569351816	0.00121938867759441	0.00293896348750303	ENSG00000135525	MAP7
chr6	62362160	62442669	80510	-	0.321	-1.57008587419284	0.00122720367413974	0.00295421393556547	n/a	
chr1	243776973	243828185	51213	-	0.015	-1.27410679723853	0.00124175055148709	0.00298561331144475	ENSG00000117020	AKT3
chr9	20819795	20885229	65435	+	0.165	-1.75821851259301	0.00126979880477351	0.00304622127324339	ENSG00000188352	FOCAD
chr10	34558585	34573173	14589	-	0.231	1.99164631759426	0.00127002578763622	0.00304622127324339	ENSG00000148498	PARD3
chr1	46521467	46546422	24956	-	0.263	-1.38310043208078	0.00129605041801831	0.00310489279877486	ENSG00000117461	PIK3R3
chr5	83356119	83362425	6307	-	0.125	-1.61606005965879	0.00130438225547318	0.00312108814381897	ENSG00000164176	EDIL3
chr17	28811232	28819771	8540	+	0.154	-1.36959422877876	0.00130735770601741	0.00312444332629431	ENSG00000108587	GOSR1
chr7	22347958	22357656	9699	-	0.397	-1.71121940716591	0.00131397835043771	0.00313649159130925	ENSG00000136237	RAPGEF5
chr9	33948372	33953472	5101	-	0.163	1.81450970341796	0.00132289546279486	0.00315398606135726	ENSG00000137073	UBAP2
chr14	23378692	23380612	1921	-	0.458	1.11760530221063	0.00139975648825632	0.00333323307635137	ENSG00000100461	RBM23
chr15	77759437	77764156	4720	+	0.329	-1.51517795078465	0.0014154878589971	0.00336474375024817	ENSG00000140382	HMG20A
chr10	117221451	117278834	57384	+	0.055	-1.60272669294595	0.00141637753031595	0.00336474375024817	ENSG00000107518	ATRNL1
chr1	200729967	200784772	54806	+	0.255	-1.33207994292797	0.00143882984640162	0.00341399770006405	ENSG00000118200	CAMSAP2
chr4	68594258	68598063	3806	+	0.842	-1.61447967236327	0.00144430199819545	0.00342289232507895	ENSG00000248049	UBA6-AS1
chr2	15629018	15651474	22457	-	0.088	-1.4052972632864	0.00144740728850234	0.00342616314060268	ENSG00000151779	NBAS
chr19	52785364	52786666	1303	+	0.2	1.61315520925574	0.00146255898037863	0.00345790730360948	ENSG00000196214	ZNF766
chr1	23376880	23385660	8781	+	0.135	-1.30200019118757	0.00153465970716022	0.00362405966518455	ENSG00000004487	KDM1A
chr8	95879368	95888717	9350	+	0.4	-1.28269199957105	0.0015672109901343	0.00369653328551868	ENSG00000164941	INTS8
chr17	29550462	29554624	4163	+	0.209	-1.4701203689256	0.00157989228613737	0.00371831454004784	ENSG00000196712	NF1
chr2	97866071	97873743	7673	+	0.286	2.87574784263462	0.00158019006636474	0.00371831454004784	ENSG00000135976	ANKRD36
chr16	68893787	68914533	20747	+	0.353	-1.39501689262367	0.00160028489972494	0.00376114297142453	ENSG00000103047	TANGO6
chr8	141828376	141874498	46123	-	0.044	-1.45455758309249	0.0016268555260739	0.00381907219241461	ENSG00000169398	PTK2
chr7	91924203	91981956	57754	+	0.248	-1.42817958607425	0.00164255137894295	0.00385136604318855	ENSG00000001629	ANKIB1
chr5	22799101	22810818	11718	-	0.941	-1.59134793606165	0.00164704207787083	0.00385734147010786	ENSG00000154162	CDH12
chr1	8555123	8617582	62460	-	0.52	-1.62309851817225	0.00165400231790154	0.00386570485839799	ENSG00000142599	RERE
chr2	197084763	197085665	903	-	0.222	-1.76642049221331	0.00165450610757215	0.00386570485839799	ENSG00000138411	HECW2
chr11	16339992	16362798	22807	-	0.25	1.98946313590937	0.00166148637534319	0.0038774523401076	ENSG00000110693	SOX6
chr9	88190230	88248289	58060	-	0.336	-1.56764047600594	0.00168083314873	0.00391799839598331	ENSG00000135049	AGTPBP1
chr12	27867713	27877119	9407	+	0.545	-1.28082424872003	0.00169344261153135	0.0039427632198139	ENSG00000061794	MRPS35
chr12	1289706	1299218	9513	+	0.157	-1.45903484624728	0.00177842141935288	0.00413576690730073	ENSG00000082805	ERC1
chr8	17601113	17613470	12358	-	0.667	-1.77226045297927	0.00178576167970166	0.00414797976127192	ENSG00000129422	MTUS1
chr10	32740520	32770710	30191	+	0.6	-1.51516153111027	0.001789347914346	0.00415145439005976	ENSG00000216937	CCDC7
chr19	8520289	8528570	8282	+	0.277	1.00160033896702	0.00180007764090513	0.00417147513983383	ENSG00000099783	HNRNPM
chr7	14712554	14741355	28802	-	0.075	-1.28076648420786	0.0018157361666022	0.00420285784017711	ENSG00000136267	DGKB
chr17	57808782	57851246	42465	+	0.24	-1.29415366609567	0.00183024193875443	0.0042315023170737	ENSG00000062716	VMP1
chr12	69644909	69656342	11434	+	0.245	2.20343011143922	0.00186432769966182	0.00430529629247485	ENSG00000111605	CPSF6
chr8	109462052	109468159	6108	+	0.352	-1.23642955923099	0.00188785175145693	0.00435403005122547	ENSG00000104412	EMC2
chr12	41408030	41423021	14992	+	0.026	-1.24180007067017	0.00188981566171015	0.00435403005122547	ENSG00000018236	CNTN1
chr9	96233423	96261168	27746	+	0.674	-0.994709540450614	0.00190429126540998	0.00438229716466305	ENSG00000048828	FAM120A
chr10	52220433	52350007	129575	-	0.225	-1.47634888011248	0.00200776033851256	0.00461120657806206	ENSG00000198964	SGMS1
chr7	153555575	153562137	6563	+	0.51	-2.72854121024099	0.00200840568480548	0.00461120657806206	n/a	
chr21	46548317	46554747	6431	+	0.526	-1.3629687773339	0.00202362050821757	0.00464077405233268	ENSG00000197381	ADARB1
chr12	89860547	89866052	5506	-	0.49	-1.80524706860828	0.00204106400110128	0.00467537843850882	ENSG00000139323	POC1B
chr11	85707869	85742653	34785	-	0.319	-0.823746092521762	0.00208041662092115	0.00476003157736107	ENSG00000073921	PICALM
chr10	5741488	5756170	14683	+	0.6	-1.25580967261383	0.00209026379623224	0.00477705857228679	ENSG00000108021	TASOR2
chr3	196857398	196876667	19270	-	0.188	-1.23450354374428	0.00209462004292491	0.00478151196005617	ENSG00000075711	DLG1
chr4	56319221	56322467	3247	-	0.308	-1.47018179457943	0.00211858518030795	0.00483066609424981	ENSG00000134852	CLOCK
chr2	202010101	202014558	4458	+	0.132	2.14563942808614	0.00216509521881964	0.00493105401900895	ENSG00000003402	CFLAR
chr1	117944808	117984947	40140	+	0.711	-0.843350541340007	0.00217286343895883	0.00494307765151459	ENSG00000198162	MAN1A2
chr10	98303833	98336586	32754	-	0.205	-1.11928498616956	0.00218236876458881	0.0049590210142716	ENSG00000077147	TM9SF3
chr19	21587931	21588658	728	+	0.375	-1.45558842819629	0.00219195782922598	0.00497511799867748	ENSG00000196268	ZNF493
chr13	100909849	100925600	15752	+	0.565	-1.12750188978197	0.00222173301412062	0.00503694265530087	ENSG00000175198	PCCA
chr14	53003437	53011089	7653	-	0.394	-1.30354403760104	0.00224289709779405	0.00507912615304331	ENSG00000087301	TXNDC16
chr13	100953714	101101559	147846	+	0.188	-1.655946865093	0.00225394882565049	0.00509736033391134	ENSG00000175198	PCCA
chr17	65941525	65972074	30550	+	0.559	1.48982948241613	0.00225608244386106	0.00509736033391134	ENSG00000171634	BPTF
chr4	1902353	1936989	34637	+	0.145	-1.26330112582795	0.00226987743708462	0.00512270067051143	ENSG00000109685	NSD2
chr9	33986758	33998862	12105	-	0.25	-1.07892199412368	0.00227513277615026	0.00512800729700224	ENSG00000137073	UBAP2
chr6	30202135	30222241	20107	-	0.526	-1.4089829419016	0.0022773929687593	0.00512800729700224	ENSG00000270604	HCG17
chr7	33397467	33427756	30290	+	0.2	1.15225999659673	0.00229524420584351	0.00516234993522673	ENSG00000122507	BBS9
chr2	230723488	230725247	1760	-	0.105	-1.27898054354739	0.00234411142473903	0.00526629557639334	ENSG00000153827	TRIP12
chr4	1902353	1906105	3753	+	0.095	-1.47492996312678	0.00235715025542464	0.00528960497996987	ENSG00000109685	NSD2
chr6	69943182	69949118	5937	+	0.448	-1.44733713965114	0.00243675150426748	0.00546206375561536	ENSG00000135298	ADGRB3
chr2	10784446	10808849	24404	-	0.111	-1.25123778932543	0.00248758865957039	0.0055697306402557	ENSG00000115761	NOL10
chr10	13169745	13178897	9153	+	0.193	-1.37522544453888	0.00249170466702862	0.00557266381612482	ENSG00000123240	OPTN
chr15	52338027	52342334	4308	+	0.138	-1.4111862047666	0.00249589703023908	0.00557576096969045	ENSG00000069956	MAPK6
chr16	18852887	18856973	4087	-	0.185	-1.11901783523626	0.00252701977877279	0.00563894525914917	ENSG00000157106.12	
chr13	44058145	44080362	22218	-	0.706	-1.50208895716049	0.00253102634393491	0.00563896258720984	ENSG00000120658	ENOX1
chr2	215632206	215661841	29636	-	0.588	1.53025934199725	0.00253423230098504	0.00563896258720984	ENSG00000138376	BARD1
chr1	233334685	233372726	38042	-	0.24	-1.44366009352671	0.00253554561449063	0.00563896258720984	ENSG00000135749	PCNX2
chr10	32740520	32873232	132713	+	0.561	-1.74130207076017	0.00254047565722473	0.00564360699692204	ENSG00000216937	CCDC7
chr17	28011581	28030080	18500	-	0.312	1.6909328439309	0.00258443480304651	0.00573484638977696	ENSG00000141298	SSH2
chr22	32874968	32881196	6229	+	0.301	-1.15598811012851	0.00259431892348406	0.00575035422102606	ENSG00000100225	FBXO7
chr2	230723488	230744844	21357	-	0.16	-1.06689270731404	0.00264079496946148	0.00584684371165049	ENSG00000153827	TRIP12
chr8	141799573	141874498	74926	-	0.052	-1.4100733977089	0.0026624846196989	0.00588830117452341	ENSG00000169398	PTK2
chr14	33684388	33684793	406	+	0.37	1.06165982388144	0.00266618096779868	0.00588991702118817	ENSG00000151322	NPAS3
chr17	57148184	57161450	13267	-	0.075	-1.77181641438941	0.00269214245378686	0.00594066101468967	ENSG00000108395	TRIM37
chr1	7837220	7838229	1010	+	0.216	1.17018270276402	0.00269803630701081	0.00594705894086955	ENSG00000049245	VAMP3
chr1	41578955	41608784	29830	-	0.273	-1.37842594235436	0.00272313966706031	0.00599573767048977	ENSG00000010803	SCMH1
chr7	66456124	66459328	3205	-	0.119	-1.34808763198518	0.00275787064066453	0.00606548293727547	ENSG00000126524	SBDS
chr2	159992705	160007067	14363	+	0.16	1.53537528720794	0.00276627560122552	0.00607723821242687	ENSG00000115183	TANC1
chr16	22142526	22143050	525	+	0.571	2.17179463336291	0.00278731485094273	0.00611669314251078	ENSG00000175267	VWA3A
chr12	99166820	99225914	59095	-	0.12	-1.39441852383665	0.00280721896626349	0.00615357270088222	ENSG00000185046	ANKS1B
chr11	33307959	33309057	1099	+	0.873	-0.632576958892389	0.00282932472919059	0.0061951917444019	ENSG00000110422	HIPK3
chr11	120346049	120348235	2187	+	0.157	-1.23565288382142	0.00286345001246223	0.0062630085074339	ENSG00000196914	ARHGEF12
chr4	113483527	113506881	23355	-	0.71	-1.45209311590081	0.00292298326947634	0.00638618786928494	ENSG00000138658	ZGRF1
chr21	38480692	38505066	24375	+	0.593	-1.53827358949089	0.00294667721339667	0.00643088016022614	ENSG00000182670	TTC3
chr4	77055328	77065626	10299	-	0.667	0.929894223747503	0.00298857123556594	0.00651515090431828	ENSG00000138750	NUP54
chr16	48290521	48311390	20870	+	0.061	-1.36239251879574	0.00300989888836422	0.0065544508687405	ENSG00000102910	LONP2
chr13	30782714	30857928	75215	-	0.263	-1.52511875781382	0.00301416218372105	0.00655654556064622	ENSG00000102781	KATNAL1
chr4	54249940	54310270	60331	+	0.206	-1.24136254219594	0.0030548221982133	0.0066377208814569	ENSG00000145216	FIP1L1
chr10	117185760	117228839	43080	+	0.026	-1.42719051563397	0.00313205000146107	0.00679808885563026	ENSG00000107518	ATRNL1
chr14	91409422	91467503	58082	-	0.229	-1.39419425436896	0.00322994253967284	0.00700291035348281	ENSG00000100784	RPS6KA5
chr1	245006437	245012158	5722	-	0.136	-1.82453500711214	0.00329085560401346	0.00712719654260712	ENSG00000153187	HNRNPU
chr20	58415424	58416590	1167	+	0.074	-1.5124633178356	0.00333165918722648	0.00720770713053571	ENSG00000087495	PHACTR3
chr20	32207323	32211102	3780	+	0.471	1.10370658961591	0.00336607526580787	0.00727423882251841	ENSG00000078699	CBFA2T2
chr1	155408118	155429689	21572	-	0.248	-0.815787576392818	0.00346100359934437	0.00747125342206295	ENSG00000116539	ASH1L
chr1	45553553	45553909	357	-	0.64	-1.32255219208055	0.00365586392914371	0.00788332873320239	ENSG00000162415	ZSWIM5
chr7	140476712	140508795	32084	-	0.571	-1.04233493008679	0.00367860809880216	0.00792376972258252	ENSG00000157764	BRAF
chr1	33760538	33760906	369	+	0.174	1.10143610652346	0.00372380578959536	0.00801243585930269	ENSG00000160094	ZNF362
chr5	107521818	107684231	162414	-	0.153	-1.3426955898735	0.00376951607553577	0.00809390135321558	ENSG00000145743	FBXL17
chr2	73761951	73800551	38601	+	0.258	-1.53254994651771	0.00376981810258027	0.00809390135321558	ENSG00000116127	ALMS1
chr8	104897526	104898451	926	+	0.18	-1.60323941459411	0.00382604098676724	0.00820574233231072	ENSG00000176406	RIMS2
chrX	79988955	79991587	2633	-	0.294	-1.52124769716563	0.00389953828912886	0.00835186630466794	ENSG00000165288	BRWD3
chr18	60212035	60223530	11496	+	0.571	-1.24215020351102	0.00390258405374212	0.00835186630466794	ENSG00000141664	ZCCHC2
chr10	116975455	117075246	99792	+	0.011	-1.47927392682568	0.00402774923770022	0.00861045208403943	ENSG00000107518	ATRNL1
chr9	87356807	87367000	10194	+	0.027	1.49154656660946	0.00403661901957956	0.00862013480955378	ENSG00000148053	NTRK2
chr7	158552177	158591763	39587	-	0.135	-1.20503603575773	0.00408983923239282	0.00872440463537287	ENSG00000117868	ESYT2
chr12	90013776	90029028	15253	-	0.07	-1.47628697769662	0.00410679826392392	0.00875118170831858	ENSG00000070961	ATP2B1
chrX	14861782	14877456	15675	-	0.667	-1.3938870670674	0.00414530370235517	0.00882376543716761	ENSG00000181544	FANCB
chr10	116873772	116931050	57279	+	0.038	-1.73480627319029	0.00416451341526048	0.00885516449968662	ENSG00000107518	ATRNL1
chr12	70193989	70195501	1513	+	0.323	1.24144639465075	0.0041948745298841	0.00891018269128324	ENSG00000127328	RAB3IP
chr9	88920107	88924932	4826	-	0.345	1.47221364317656	0.00422820625067519	0.00897138633957365	ENSG00000083223	TUT7
chr2	40366541	40405633	39093	-	0.324	-2.05942419134642	0.00429206088476666	0.00909715359353958	ENSG00000183023	SLC8A1
chr1	241031887	241033419	1533	-	0.098	-1.35677062106111	0.00431876866912282	0.00914400274720461	ENSG00000182901	RGS7
chr8	136533480	136569830	36351	+	0.06	-1.20398409533722	0.00435430371568847	0.00920942191624847	ENSG00000131773	KHDRBS3
chr9	123924134	123928458	4325	+	0.4	1.4556941930688	0.00436709259961677	0.00922664457748819	ENSG00000119397	CNTRL
chr15	72324835	72338975	14141	-	0.099	-1.23349386452556	0.00443407830587042	0.00935821415032801	ENSG00000066933	MYO9A
chr14	32559708	32563592	3885	+	0.361	1.31217685174071	0.00446892915624503	0.00942175510010894	ENSG00000100852	ARHGAP5
chr13	78318418	78327493	9076	+	0.022	-1.28206923380758	0.00449962400673321	0.00946929306149194	ENSG00000139737	SLAIN1
chr17	8141349	8141947	599	-	0.585	-1.40933606853466	0.00450101341895689	0.00946929306149194	ENSG00000178971	CTC1
chr12	122861936	122865105	3170	-	0.278	-1.30194548486648	0.00458037174447899	0.00962605109474632	ENSG00000130779	CLIP1
chr1	84376848	84412965	36118	-	0.396	-1.77902849066259	0.00463736285494482	0.00973288947316596	ENSG00000137941	TTLL7
chr5	78936674	78964851	28178	+	0.222	-1.16777333623127	0.00464101023720452	0.00973288947316596	ENSG00000164329	TENT2
chr16	58593708	58594266	559	-	0.154	1.6281339133045	0.00465392066524418	0.00974966924174572	ENSG00000125107	CNOT1
chr6	71442081	71483128	41048	+	0.129	-1.52561811612379	0.00474394240733556	0.00992474681288233	ENSG00000112305	SMAP1
chr4	36212012	36231267	19256	-	0.043	-1.22894582533228	0.0047474871461421	0.00992474681288233	ENSG00000047365	ARAP2
chr2	148730308	148739650	9343	-	0.308	-1.28121084751159	0.00479191315770428	0.0100070867835969	ENSG00000115947	ORC4
chr2	99802640	99812219	9580	+	0.373	-1.88659292872606	0.00480613791968309	0.0100262499038767	ENSG00000241962	
chr8	141749117	141762415	13299	-	0.465	-1.45659316450139	0.00483516480028666	0.0100762196152878	ENSG00000169398	PTK2
chr1	44773982	44804994	31013	-	0.265	-1.04087376487035	0.00485471970215332	0.0101063661724072	ENSG00000117419	ERI3
chr4	110412483	110416012	3530	+	0.346	-0.958725297527856	0.0049257500418076	0.0102434969455811	ENSG00000138802	SEC24B
chr7	38050523	38053183	2661	+	0.87	-1.51247643959696	0.00504905617873232	0.0104889388817598	ENSG00000106483	SFRP4
chr19	21216262	21216990	729	+	0.481	1.0477738648241	0.00506359909818949	0.0105081586300986	ENSG00000118620	ZNF430
chr6	99912480	99916494	4015	-	0.153	-1.58359629472879	0.00507258229070192	0.0105158125567161	ENSG00000123552	USP45
chr1	169947226	170001116	53891	-	0.268	-1.05838634379579	0.00509673318697886	0.0105548614278832	ENSG00000075945	KIFAP3
chr9	136277419	136278041	623	-	0.842	-1.21148977854504	0.00510259983937792	0.0105560034177131	ENSG00000148300	REXO4
chr1	63269390	63307218	37829	+	0.407	-1.32955740658058	0.0051368674148763	0.0106158363017111	ENSG00000125703	ATG4C
chr3	125279223	125301822	22600	-	0.174	-1.32819166144361	0.00517417768936266	0.010681826290098	ENSG00000144909	OSBPL11
chr2	154757449	154801152	43704	+	0.266	-1.56447727711629	0.00522658665443672	0.0107788173371873	ENSG00000144278	GALNT13
chr12	27521195	27523163	1969	+	0.526	-1.36700914117826	0.00527689463985138	0.0108712787912291	ENSG00000029153	ARNTL2
chr16	84773915	84779279	5365	+	0.453	-1.41678584189489	0.005286403994212	0.0108795837642539	ENSG00000103194	USP10
chr3	3819409	3830758	11350	-	0.889	1.03547307813254	0.00530009249202634	0.0108964634463399	ENSG00000144455	SUMF1
chr7	158662546	158669382	6837	+	0.2	1.38645473554404	0.00536951424817739	0.0110277717651296	ENSG00000126870	DYNC2I1
chr3	145820542	145842016	21475	-	0.176	1.74610546475315	0.00542497086255571	0.0111301571622269	ENSG00000152952	PLOD2
chr6	13632602	13659064	26463	-	0.205	-1.37312339251223	0.00543473719422895	0.0111386873764073	ENSG00000010017	RANBP9
chr5	142416761	142437312	20552	+	0.378	-1.47452587901235	0.00547744399375511	0.0112146430635027	ENSG00000145819	ARHGAP26
chr2	106739426	106782539	43114	-	0.444	-1.44565376078441	0.00553295010441358	0.0113166209138675	ENSG00000115652	UXS1
chr13	20625573	20641530	15958	+	0.2	-0.924626349450315	0.0056174579109546	0.0114776454847282	ENSG00000121741	ZMYM2
chr3	154013073	154024084	11012	-	0.311	-1.2176114606961	0.00567438224634837	0.0115681120350699	ENSG00000174953	DHX36
chr4	3088666	3109150	20485	+	0.705	-0.953516839388797	0.00567628481286832	0.0115681120350699	ENSG00000197386	HTT
chr10	21234267	21250708	16442	-	0.115	-1.3039541422927	0.00567920908066121	0.0115681120350699	ENSG00000078114	NEBL
chr3	170906491	170912424	5934	-	0.302	1.00420619124852	0.00583299347960873	0.0118381248308799	ENSG00000154310	TNIK
chr14	40111917	40125012	13096	+	0.4	-1.24207768813685	0.00583410308411077	0.0118381248308799	ENSG00000258526	
chr22	28290543	28310335	19793	-	0.423	-0.855598150046601	0.00583452590413012	0.0118381248308799	ENSG00000180957	PITPNB
chr18	76856476	76886375	29900	+	0.244	-1.01821547079306	0.00583561138440657	0.0118381248308799	ENSG00000166377	ATP9B
chr1	230798887	230807386	8500	+	0.209	-1.13186257186694	0.00585377180306082	0.0118628477559988	ENSG00000135775	COG2
chr2	99786013	99787892	1880	-	0.467	1.47430438296705	0.00599476387393464	0.0121361886377515	ENSG00000158411	MITD1
chr13	101910794	101944717	33924	-	0.174	-1.25640618201022	0.00604750798425616	0.0122304998541067	ENSG00000102452	NALCN
chr6	168271063	168290006	18944	+	0.111	-1.41922882339944	0.00609534912347984	0.0123147134885361	ENSG00000130396	AFDN
chr6	16326625	16328701	2077	-	0.395	-0.930546449299403	0.00611320294457587	0.0123382327722842	ENSG00000124788	ATXN1
chr15	30058469	30092905	34437	-	0.042	-1.38027762428481	0.00612279175794359	0.0123450400317522	ENSG00000104067	TJP1
chr14	89192885	89212627	19743	-	0.219	-1.76473686880908	0.00618006376698968	0.0124478769180948	ENSG00000165521	EML5
chr10	126097111	126100769	3659	-	0.058	-1.32017296999839	0.00629425744819044	0.0126650408228027	ENSG00000065154	OAT
chr4	30921775	30951837	30063	+	0.114	-1.40083696218146	0.00643002449094131	0.0129169248691792	ENSG00000169851	PCDH7
chr15	50878589	50884823	6235	-	0.596	-1.07784557609083	0.00643244647312098	0.0129169248691792	ENSG00000092439	TRPM7
chr15	30053342	30092905	39564	-	0.144	-1.3916461580624	0.00649726471841326	0.0130339067987563	ENSG00000104067	TJP1
chr14	73614503	73614814	312	+	0.143	1.63131303934121	0.00652430527555626	0.0130749447802772	ENSG00000080815	PSEN1
chrX	133607389	133632714	25326	+	0.133	-1.25133646281477	0.00653561792207952	0.0130844124931955	ENSG00000165704	HPRT1
chr6	117013218	117047785	34568	+	0.111	-1.16484292972314	0.00655050168099761	0.0131010033619952	ENSG00000196911	KPNA5
chr15	72810408	72853890	43483	+	0.182	-1.46923224264088	0.00657837030799618	0.013143504458431	ENSG00000166233	ARIH1
chr3	66286968	66313803	26836	+	0.455	-1.17374861970958	0.00661244562797165	0.0131983085599515	ENSG00000144741	SLC25A26
chr6	107824861	107827631	2771	+	0.543	-0.937930045791125	0.00668741904177722	0.0133345524266763	ENSG00000112320	SOBP
chr4	151023630	151023964	335	+	0.132	1.29354653500657	0.0067026679299805	0.0133515531684466	ENSG00000170390	DCLK2
chr2	191523884	191537878	13995	+	0.762	-0.945941383398789	0.00673428135801345	0.0134010849469085	ENSG00000138386	NAB1
chr12	52139687	52145377	5691	+	0.242	-1.2690329910984	0.00674686615141667	0.0134106165263202	ENSG00000196876.9	
chrX	110385324	110416309	30986	+	0.457	-1.53011437793901	0.00675257629724078	0.0134106165263202	ENSG00000077264	PAK3
chr5	154330381	154346797	16417	+	0.519	-1.3123410910627	0.00681583581720307	0.0135227272057595	ENSG00000082515	MRPL22
chr9	114332371	114348445	16075	-	0.121	-1.2563313419188	0.00688232161041246	0.0136410087008774	ENSG00000106853	PTGR1
chr2	113057426	113057606	181	+	0.593	0.773249766847793	0.00690698731886854	0.0136722247034408	ENSG00000188177	ZC3H6
chr14	70633356	70635201	1846	-	0.267	-1.24620885551354	0.00691183967887946	0.0136722247034408	ENSG00000100678	SLC8A3
chr7	90376996	90419967	42972	+	0.053	1.52835535743571	0.00692986987282698	0.0136942503158551	ENSG00000058091	CDK14
chr1	21220010	21268823	48814	-	0.284	-1.2270543496513	0.00699033097453417	0.0137829840164785	ENSG00000075151	EIF4G3
chr5	108103794	108134090	30297	+	0.115	-1.21402156007911	0.00699516204058409	0.0137829840164785	ENSG00000151422	FER
chr7	77407655	77408131	477	+	0.449	-1.51753954004031	0.00699559309597698	0.0137829840164785	ENSG00000187257	RSBN1L
chr9	86293356	86301070	7715	-	0.325	-0.8138528725883	0.00701627588405835	0.0138100336033101	ENSG00000135018	UBQLN1
chr11	33572586	33573787	1202	+	0.071	-1.39100811137513	0.00715254447009396	0.0140643102154521	ENSG00000110427	KIAA1549L
chr16	67644727	67646024	1298	+	0.333	-1.01212173395044	0.00716135151439567	0.0140676994140354	ENSG00000102974	CTCF
chr1	44750507	44804994	54488	-	0.101	-1.07345026456972	0.00722649941462543	0.0141816480607175	ENSG00000117419	ERI3
chr10	52193236	52350007	156772	-	0.594	-1.66124481148549	0.00725316356671489	0.0142199238336582	ENSG00000198964	SGMS1
chr21	38792601	38845182	52582	+	0.049	1.24837015826989	0.00727773743519895	0.0142540301245613	ENSG00000157540	DYRK1A
chr7	77789342	77814987	25646	-	0.694	-1.57914012792406	0.00759318269723853	0.0148572027947938	ENSG00000187391	MAGI2
chr14	91947920	91952074	4155	-	0.464	-1.08046729227097	0.00767063410040633	0.0149939757120147	ENSG00000100796	PPP4R3A
chr10	31661947	31750166	88220	+	0.093	1.4938461318994	0.0077223943158126	0.0150657085052539	ENSG00000148516	ZEB1
chr19	47421745	47425613	3869	+	0.168	-1.00965593790634	0.00772250315123288	0.0150657085052539	n/a	
chr18	21644104	21663045	18942	+	0.818	-1.10399198801446	0.00778908924677543	0.0151806979824298	ENSG00000168234	TTC39C
chr1	741179	745550	4372	-	0.909	1.8952438889486	0.00798528729270472	0.015547824081678	ENSG00000230092	
chr11	92042770	92088570	45801	+	0.231	-1.48621444236371	0.00816021875569034	0.0158728642985318	n/a	
chr2	36668401	36669878	1478	+	0.276	-1.25080448529543	0.00821616105155938	0.015966042904498	ENSG00000150938	CRIM1
chr5	109103236	109159538	56303	+	0.256	-1.57802510126024	0.00827564502516761	0.0160659149755453	ENSG00000112893	MAN2A1
chr1	78098800	78107340	8541	-	0.164	-1.0165653456739	0.00829178614918037	0.0160815305588596	ENSG00000036549	ZZZ3
chr1	155644801	155649303	4503	-	0.566	-0.748162907095591	0.00837711027029603	0.0162311619481053	ENSG00000163374	YY1AP1
chr7	7273934	7283381	9448	+	0.2	-1.06561358994205	0.0084146880990385	0.0162880804724078	ENSG00000106392	C1GALT1
chr5	109103236	109125228	21993	+	0.1	-1.35493609888845	0.00847500217606642	0.0163888552304459	ENSG00000112893	MAN2A1
chr12	107236367	107237725	1359	+	0.16	-1.35117954853255	0.00848852696338378	0.0163990413903504	ENSG00000111785	RIC8B
chr1	193110980	193121574	10595	+	0.093	-1.18383263952881	0.00862552371358371	0.0166475122402111	ENSG00000134371	CDC73
chr2	32399132	32409407	10276	+	0.5	-1.21992658307683	0.00865826308622703	0.0166944762031523	ENSG00000152683	SLC30A6
chr11	36248635	36248980	346	+	0.808	0.860246648956982	0.00872063406388098	0.0167984279833828	ENSG00000179241	LDLRAD3
chr1	231090079	231097049	6971	-	0.364	1.40326595480138	0.00879293087961363	0.0169212797741402	ENSG00000143643	TTC13
chr1	179972309	179975702	3394	+	0.164	1.28058470301179	0.00885165840584724	0.01701780599614	ENSG00000135837	CEP350
chr4	128995615	129003460	7846	+	0.227	-1.48011576686481	0.00897715035197116	0.0172423796895694	ENSG00000138709	LARP1B
chr10	49609655	49618211	8557	+	0.313	-1.08466230027557	0.00916963579900745	0.0175723884370081	ENSG00000107643	MAPK8
chr7	30590252	30614497	24246	-	0.25	1.35087526901657	0.00917511703271058	0.0175723884370081	ENSG00000196295	
chr5	38496484	38530768	34285	-	0.101	-1.13258276928012	0.00917551198850826	0.0175723884370081	ENSG00000113594	LIFR
chr9	113734353	113735838	1486	-	0.297	1.25480229723884	0.00918559753052728	0.0175747559688123	ENSG00000198121	LPAR1
chr6	54013854	54095715	81862	+	0.864	-1.8878275884121	0.00919767699346835	0.017580930230056	ENSG00000146147	MLIP
chr7	14647059	14712652	65594	-	0.052	-1.20566961078232	0.00920922230880282	0.0175860726012331	ENSG00000136267	DGKB
chr1	35846860	35854683	7824	+	0.138	-0.969149965504302	0.00921943663892688	0.0175886658644657	ENSG00000146463	ZMYM4
chr9	88211277	88248289	37013	-	0.224	-1.49971651337169	0.00927136664800054	0.0176707621525231	ENSG00000135049	AGTPBP1
chr5	139819704	139828890	9187	+	0.193	-0.897197582810443	0.00940073197513379	0.0179001473658828	ENSG00000254996	ANKHD1-EIF4EBP3
chr3	171969050	172028671	59622	+	0.267	1.63544572158694	0.00993545503108254	0.0188969054883039	ENSG00000075420	FNDC3B
chr18	29691717	29704808	13092	+	0.821	-1.17633337068578	0.0099432357680149	0.0188969054883039	ENSG00000134758	RNF138
chr12	100676721	100691953	15233	+	0.516	1.00164463351277	0.0101366244616816	0.0192460192934032	ENSG00000136021	SCYL2
chr7	81598203	81611943	13741	-	0.206	-1.23703896881344	0.0103986933035272	0.0197247420256018	ENSG00000153956	CACNA2D1
chr11	17981017	18029623	48607	-	0.095	-1.0596179185144	0.0105497625342063	0.019992202665013	ENSG00000129158	SERGEF
chr4	88116476	88116842	367	-	0.535	0.737424160117123	0.0106592236623653	0.0201803795933817	ENSG00000145332	KLHL8
chr13	61013822	61041513	27692	+	0.732	-0.879848412568401	0.0106786722588337	0.0201979458152798	ENSG00000083544	TDRD3
chr16	47531310	47644831	113522	+	0.298	-1.09767152887988	0.0106914573890223	0.0202028871309213	ENSG00000102893	PHKB
chr15	83819967	83832827	12861	-	0.093	-1.14194438862839	0.0107520279011216	0.0202980298589615	ENSG00000166503	HDGFL3
chrX	6069036	6069812	777	-	0.275	-1.03177778477721	0.0108192403535856	0.0204055188435147	ENSG00000146938	NLGN4X
chr15	67524152	67529158	5007	-	0.542	-1.13501582664274	0.0108450376826865	0.0204347673983069	ENSG00000103591	AAGAB
chr3	15452752	15457449	4698	-	0.364	-1.2496419513505	0.0108985262851669	0.0205160883434516	ENSG00000206562	METTL6
chr10	123298106	123325218	27113	-	0.357	-1.3999162543724	0.0109136724606716	0.0205232207893418	ENSG00000066468	FGFR2
chr2	109388157	109389502	1346	+	0.128	1.28609162421743	0.0109229830686477	0.0205232207893418	ENSG00000153201	RANBP2
chr22	46189425	46202902	13478	+	0.085	1.38947259493172	0.0110281108653655	0.0206890625491713	ENSG00000130638	ATXN10
chr7	158566032	158591763	25732	-	0.265	-1.24154651182848	0.0110320832022016	0.0206890625491713	ENSG00000117868	ESYT2
chr4	128842679	128861152	18474	-	0.471	-1.18133632655938	0.0110797847005992	0.0207589173730095	ENSG00000164073	MFSD8
chr20	39896103	39897723	1621	-	0.5	1.20482249871108	0.0111419566661693	0.0208557266154686	ENSG00000174306	ZHX3
chr1	12335882	12338095	2214	+	0.262	-1.02338592351332	0.0111903336421459	0.0209265561330525	ENSG00000048707	VPS13D
chr4	103225474	103236987	11514	-	0.24	1.68545976145532	0.0113895416771188	0.0212790496432341	ENSG00000138821	SLC39A8
chr3	47466975	47470160	3186	-	0.291	-1.40159850068344	0.0114041852901614	0.0212863834457336	ENSG00000114650	SCAP
chr1	240370099	240421332	51234	+	0.109	1.33842412336282	0.0114851269905752	0.021417335402143	ENSG00000155816	FMN2
chr1	243579004	243589860	10857	+	0.59	-0.671231817815794	0.0115130351760215	0.0214492381421939	ENSG00000054282	SDCCAG8
chr11	77330651	77336863	6213	-	0.531	-0.711892473328788	0.0116481858366901	0.0216806907888159	ENSG00000074201	CLNS1A
chr10	126370176	126370948	773	-	0.14	-1.17892625979931	0.0116792580322115	0.0217181708351798	ENSG00000189319	FAM53B
chr5	65284463	65290692	6230	+	0.025	0.859834338779228	0.0118959531895261	0.0221004331472393	ENSG00000112851	ERBIN
chr2	73659326	73682422	23097	+	0.4	-1.39901477376989	0.0119458414990336	0.0221723749692344	ENSG00000116127	ALMS1
chr22	46085592	46136418	50827	+	0.174	-1.07239782674445	0.0120574406481759	0.0223586154316315	ENSG00000130638	ATXN10
chr7	155465561	155473602	8042	+	0.352	0.760362576141592	0.0120876875288467	0.0223937942465387	ENSG00000184863	RBM33
chr2	32703703	32725176	21474	+	0.095	-1.24360766528249	0.0121469515383575	0.0224826148696905	ENSG00000115760	BIRC6
chr6	136709531	136710655	1125	-	0.425	-1.43202437027303	0.0121911390744817	0.022527107049798	ENSG00000135525	MAP7
chr22	24698163	24765288	67126	+	0.125	-1.36483335664991	0.012193675769654	0.022527107049798	ENSG00000258555	SPECC1L-ADORA2A
chr11	18312989	18313566	578	-	0.44	-1.13431651967053	0.0122523340169526	0.022614438064747	ENSG00000110756	HPS5
chr15	63998979	64008672	9694	-	0.124	-1.10884356619297	0.0122755169993898	0.0226227464092305	ENSG00000103657	HERC1
chr4	62800558	62863983	63426	+	0.204	1.10283999277746	0.0122796176380415	0.0226227464092305	ENSG00000150471	ADGRL3
chr12	99166820	99194903	28084	-	0.074	-1.1681830970139	0.0123269633191869	0.0226889241444904	ENSG00000185046	ANKS1B
chr1	104108057	104118162	10106	+	0.739	-1.05311431032748	0.0123979958177286	0.022798536753712	ENSG00000240038	AMY2B
chr19	45781181	45783992	2812	+	0.143	-1.094065361489	0.012551287749417	0.0230590725905108	ENSG00000007047	MARK4
chr22	32664275	32669494	5220	+	0.769	-1.18054584456423	0.0126269482041993	0.0231766350587245	ENSG00000242082	SLC5A4-AS1
chr4	54249940	54319300	69361	+	0.05	-1.19582780112821	0.0126636430338618	0.0232225254526773	ENSG00000145216	FIP1L1
chr6	146209156	146216113	6958	-	0.324	-1.1589456835378	0.012802107270825	0.0234547832471018	ENSG00000146414	SHPRH
chr1	8716032	8716500	469	-	0.5	-0.777992632111223	0.0128938396135566	0.0236010741682244	ENSG00000142599	RERE
chr1	21083659	21103243	19585	-	0.121	-1.06206676310066	0.01312873305577	0.0240088985716015	ENSG00000127483	HP1BP3
chr17	45206759	45249430	42672	-	0.304	-1.02795967236087	0.0133064856684581	0.0243115736316078	ENSG00000004897	CDC27
chr9	14639894	14680160	40267	-	0.479	-1.01835895980455	0.0133331052056064	0.0243378188771455	ENSG00000175893	ZDHHC21
chr9	129102787	129157976	55190	+	0.358	-0.986758364116494	0.0135186979920186	0.0246395644471896	ENSG00000196814	MVB12B
chr2	227729320	227779067	49748	+	0.735	-0.818246226929263	0.0135232252001192	0.0246395644471896	ENSG00000144468	RHBDD1
chrX	53641495	53642796	1302	-	0.081	0.984990288461105	0.0138126608949539	0.0251438538381105	ENSG00000086758	HUWE1
chr6	13228048	13230425	2378	+	0.052	-1.44232226149185	0.0138425387434186	0.0251751666157778	ENSG00000112137	PHACTR1
chr20	45891032	45905539	14508	-	0.204	-0.949698620588115	0.0139647189064117	0.0253741370065266	ENSG00000101040	ZMYND8
chr9	14120439	14179779	59341	-	0.237	1.1283225699914	0.0141223698822015	0.0256371358190606	ENSG00000147862	NFIB
chr18	59157635	59174793	17159	+	0.244	-1.26758281480359	0.0141394753492029	0.025644747071705	ENSG00000101542	CDH20
chr11	85685751	85742653	56903	-	0.189	-0.886988290344421	0.0142008124239439	0.0257094120240001	ENSG00000073921	PICALM
chr9	88233898	88248289	14392	-	0.292	-1.14072497281296	0.0142010196325922	0.0257094120240001	ENSG00000135049	AGTPBP1
chr1	78177432	78181553	4122	-	0.11	-0.87488142925769	0.0143835902630468	0.0259924350701118	ENSG00000077254	USP33
chr1	233270759	233372726	101968	-	0.195	-1.19994094159416	0.0143871291600378	0.0259924350701118	ENSG00000135749	PCNX2
chr17	11984673	12016677	32005	+	0.145	-1.14360322141166	0.0143966155977457	0.0259924350701118	ENSG00000065559	MAP2K4
chr13	78293667	78320990	27324	+	0.053	-1.22230984454206	0.014539678350902	0.0262112175630049	ENSG00000139737	SLAIN1
chr12	46633462	46637097	3636	-	0.126	-1.11615965847903	0.0145548425356239	0.0262112175630049	ENSG00000111371	SLC38A1
chr5	67522118	67522837	720	+	0.135	-1.03935585496362	0.0145573882034212	0.0262112175630049	ENSG00000145675	PIK3R1
chr18	9195549	9221997	26449	+	0.141	-1.04499856353601	0.0145985357518287	0.0262614963796484	ENSG00000101745	ANKRD12
chr10	117154169	117228839	74671	+	0.016	-1.33394092726823	0.014611954281417	0.0262618472424381	ENSG00000107518	ATRNL1
chr13	41890982	41910892	19911	+	0.364	-1.23445137375675	0.0146464739138196	0.0262923214168976	ENSG00000172766	NAA16
chr10	65369947	65379560	9614	+	0.119	-1.69411294867973	0.0146553876175758	0.0262923214168976	ENSG00000165476	REEP3
chr8	28570974	28575724	4751	+	0.13	-1.19582519609656	0.01469571101503	0.0263408682995032	ENSG00000012232	EXTL3
chr5	68470704	68471364	661	+	0.462	1.26807444177866	0.0147988423619918	0.0265018042659295	ENSG00000134057	CCNB1
chr19	20727425	20728782	1358	-	0.575	-1.21511767461996	0.0152079825987795	0.0272099580551136	ENSG00000237440	ZNF737
chr4	166141086	166184511	43426	+	0.426	-1.26402499159866	0.0152306907296753	0.0272260592161432	ENSG00000109466	KLHL2
chr22	21288067	21288532	466	+	0.497	-0.932439221722691	0.0155158112210191	0.0277107923425754	ENSG00000099942	CRKL
chr12	110922883	110925748	2866	+	0.217	-1.07781493337769	0.0156506666131978	0.0279265264095335	ENSG00000204856	FAM216A
chr15	59204762	59209198	4437	-	0.675	-0.628829431872109	0.0156836784526993	0.027947280432777	ENSG00000137776	SLTM
chr12	89853415	89866052	12638	-	0.4	-1.35672387284876	0.0156904419348169	0.027947280432777	ENSG00000139323	POC1B
chr3	16327849	16345099	17251	+	0.125	-1.01474977233065	0.0158848659035168	0.0282682291078713	ENSG00000154814	OXNAD1
chr10	99196174	99197507	1334	-	0.535	-0.75417776156011	0.0159910174734649	0.0284316568507621	ENSG00000171311	EXOSC1
chr10	7318854	7327916	9063	-	0.416	0.918500277317613	0.0160539039832046	0.0285179367715961	ENSG00000198879	SFMBT2
chr15	80412670	80415142	2473	+	0.571	0.669950121029959	0.0164328527839706	0.0291650094986287	ENSG00000086666	ZFAND6
chr2	169018297	169038600	20304	-	0.21	-0.684317150473031	0.0164554058697639	0.0291789607654921	ENSG00000198648	STK39
chr5	170818309	170819982	1674	+	0.667	-1.09772221505168	0.016475285101783	0.0291881500554336	ENSG00000181163	NPM1
chr19	53883975	53888280	4306	+	0.903	-1.56176342842107	0.0165827478598781	0.0293523504899447	ENSG00000203326	ZNF525
chr15	64791492	64792365	874	+	0.876	-0.705853149309376	0.0168373825542883	0.0297573636662227	ENSG00000180357	ZNF609
chr1	147120048	147131890	11843	-	0.833	-1.24938681112264	0.0168415290840052	0.0297573636662227	ENSG00000162836	ACP6
chr1	32381496	32385259	3764	-	0.829	-1.00391297431233	0.0170152919258957	0.0300376620131812	ENSG00000184007	PTP4A2
chr4	148778704	148803083	24380	+	0.556	-0.937859435524957	0.0171099876305332	0.0301780066023437	ENSG00000071205	ARHGAP10
chr5	137342679	137356886	14208	-	0.15	-0.879727189075645	0.0173125601311598	0.0305082026801094	ENSG00000031003	FAM13B
chr2	168986051	168997268	11218	-	0.106	-0.831990985434533	0.0174927101599788	0.0307983354412393	ENSG00000198648	STK39
chr7	91842509	91855996	13488	-	0.3	-0.882246791449626	0.0176634873603526	0.0310601301497925	ENSG00000285953	
chr13	103459496	103486902	27407	+	0.579	-1.10356950576534	0.0176726823108084	0.0310601301497925	ENSG00000270181	BIVM-ERCC5
chr22	33376630	33402809	26180	-	0.089	-1.31267484368863	0.0178804363083708	0.0313974770189429	ENSG00000185666	SYN3
chr3	169840379	169847340	6962	-	0.19	1.49892848770603	0.0179000343858437	0.0314041239313477	ENSG00000173889	PHC3
chr3	47651556	47719801	68246	-	0.256	-1.09135451424359	0.0179176589806908	0.0314072998549444	ENSG00000173473	SMARCC1
chr1	243480057	243589860	109804	+	0.214	-1.31320197908639	0.0179708271473527	0.0314727184432474	ENSG00000054282	SDCCAG8
chr14	101403740	101415933	12194	+	0.098	-0.987300770950734	0.0180007624640383	0.0314973693864141	ENSG00000225746	
chr5	70798426	70808255	9830	+	0.27	-1.10903415782544	0.0180200152254146	0.0315033012655576	ENSG00000145734	BDP1
chr2	200245087	200298237	53151	-	0.242	-1.06131969205072	0.0182000875515723	0.0317781403723906	ENSG00000119042	SATB2
chr2	190593386	190609514	16129	+	0.947	-0.760874213173423	0.0182092264570899	0.0317781403723906	ENSG00000151687	ANKAR
chr3	185316200	185331196	14997	+	0.203	-1.1865947106929	0.0183762570032312	0.032041480604405	ENSG00000163904	SENP2
chr2	120830754	120836157	5404	+	0.462	-1.16865518479748	0.0187586299882492	0.0326795080321605	ENSG00000115109	EPB41L5
chr11	46515158	46529920	14763	-	0.093	-1.15138556810619	0.0189772652797858	0.0330026951978056	ENSG00000110497	AMBRA1
chr9	19286767	19305525	18759	+	0.203	-1.17104427430292	0.0189773806223031	0.0330026951978056	ENSG00000137145	DENND4C
chr9	88284400	88327481	43082	-	0.135	-0.992411358365369	0.0192254689136329	0.0334048829942912	ENSG00000135049	AGTPBP1
chr12	1480999	1553916	72918	+	0.097	-1.27760812799994	0.0193203976167936	0.033540480478105	ENSG00000082805	ERC1
chr15	76146727	76175765	29039	+	0.324	-1.06189479439264	0.0193780279027874	0.0336111470872802	ENSG00000140367	UBE2Q2
chr18	39607407	39629569	22163	+	0.33	-0.748039106178956	0.0194464045799806	0.033674950092656	ENSG00000078142	PIK3C3
chr20	23370583	23383709	13127	-	0.027	-1.1712012824012	0.0194487249528079	0.033674950092656	ENSG00000125814	NAPB
chr8	128902835	128903244	410	+	0.571	1.62840288108973	0.0196318002404351	0.0339623303811011	ENSG00000249859	PVT1
chr6	155095123	155154543	59421	+	0.465	-0.78805532271626	0.0197096476107492	0.0340673282462558	ENSG00000213079	SCAF8
chr4	151656410	151729550	73141	-	0.344	-0.964932897661016	0.0199893516226658	0.0345207411500994	ENSG00000198589	LRBA
chr14	39648295	39648666	372	+	0.313	0.700234119130281	0.0203144308195461	0.0350516590856807	ENSG00000100941	PNN
chr14	40124049	40125012	964	+	0.649	-1.36666312771546	0.0204860497446414	0.0353170961743558	ENSG00000258526	
chr14	39782544	39796226	13683	+	0.4	-1.07408988140871	0.0206000446013831	0.0354828175007344	ENSG00000150527	MIA2
chrX	133607389	133627620	20232	+	0.088	-1.10203884094877	0.0210887140788448	0.0362683133360831	ENSG00000165704	HPRT1
chr2	170871791	170917953	46163	+	0.163	-1.22976050153621	0.0210925991456072	0.0362683133360831	ENSG00000144357	UBR3
chr13	84376512	84389879	13368	-	0.881	-1.39114930135314	0.0211456283751161	0.0363280432119209	n/a	
chr2	32339707	32341281	1575	+	0.143	-0.928233817661794	0.0211881619131103	0.0363696538975256	ENSG00000021574	SPAST
chr3	125032152	125050082	17931	-	0.404	-1.04416678148889	0.0213268451016058	0.0365760918581945	ENSG00000163848	ZNF148
chr2	170728746	170735084	6339	+	0.11	-0.906422553793527	0.0213687837533548	0.0366132663476238	ENSG00000144357	UBR3
chr1	145015860	145021167	5308	-	0.028	-1.01860065544114	0.0213853922272123	0.0366132663476238	ENSG00000178104	PDE4DIP
chr7	64004085	64004810	726	-	0.38	1.02277545393983	0.0214834430960358	0.0367494556319786	ENSG00000173041	ZNF680
chr17	46189393	46190763	1371	+	0.3	1.3859525751486	0.0217328084079731	0.037144025385744	ENSG00000002919	SNX11
chr2	168994598	169038600	44003	-	0.084	-1.11164673747866	0.021855302248795	0.0373212642012956	ENSG00000198648	STK39
chr10	97154758	97192333	37576	-	0.212	-1.1576076111564	0.0220482195851861	0.0375992787328096	ENSG00000095637	SORBS1
chr15	43627894	43641243	13350	+	0.333	-0.800883689617707	0.0220559716635061	0.0375992787328096	ENSG00000168803	ADAL
chr10	128192526	128202508	9983	-	0.558	-1.15333036540474	0.0222722976249819	0.0379354914950378	ENSG00000154493	C10orf90
chr16	88061089	88071617	10529	+	0.455	-1.14428391134241	0.0226195783122556	0.0384939867421933	ENSG00000172530	BANP
chr1	144994591	145021167	26577	-	0.124	-1.13946836172885	0.0232631219539484	0.0395552741442993	ENSG00000178104	PDE4DIP
chr2	197777606	197784874	7269	-	0.314	-0.948250093318066	0.0233845384471511	0.0397277103131241	ENSG00000197121	PGAP1
chr7	139083345	139097326	13982	+	0.101	-1.07071195442005	0.0234398120666547	0.0397875784310908	ENSG00000146963	LUC7L2
chr22	24698163	24709434	11272	+	0.167	-0.870009640277242	0.0238255774186581	0.0404078537604227	ENSG00000258555	SPECC1L-ADORA2A
chr1	28362055	28384605	22551	-	0.48	-1.1282638149608	0.0240229525233929	0.0407078359312784	ENSG00000158161	EYA3
chr2	227771509	227779067	7559	+	0.146	1.11956964284228	0.0241090095209728	0.0408188345342301	ENSG00000144468	RHBDD1
chr2	172782047	172809519	27473	+	0.276	0.898750790542118	0.0241458530460925	0.0408463919502042	ENSG00000128708	HAT1
chr1	89236035	89251896	15862	+	0.195	-0.976353331865054	0.0243439104775181	0.0411463882624263	ENSG00000065243	PKN2
chr2	44436349	44445676	9328	+	0.116	-0.883184990363697	0.0244491200748816	0.041289075228499	ENSG00000285542	
chr9	98740343	98766983	26641	+	0.333	0.941782009924498	0.0246252368932997	0.0415511643756102	ENSG00000182150	ERCC6L2
chr8	51351103	51363289	12187	+	0.361	-1.13194320577954	0.0248393348889796	0.0418706716986535	ENSG00000147481	SNTG1
chr9	138741983	138774924	32942	-	0.457	-0.934812024089355	0.0248567582742762	0.0418706716986535	ENSG00000130559	CAMSAP1
chr17	49340635	49365564	24930	+	0.314	-0.993824037480126	0.025101897289091	0.0422477695051989	ENSG00000011260	UTP18
chr20	60714131	60716000	1870	-	0.182	-0.659809044856114	0.0256251569643799	0.0430919235658412	ENSG00000101182	PSMA7
chr2	230701564	230744844	43281	-	0.268	-1.20631366336038	0.0259496099790337	0.0436006137211175	ENSG00000153827	TRIP12
chr9	100132204	100133988	1785	+	0.522	-0.926874898174601	0.0260606729684964	0.0437502083816008	ENSG00000197816	CCDC180
chr6	170852689	170858201	5513	-	0.144	-1.10632517411745	0.0261442827131058	0.0438535012400575	ENSG00000008018	PSMB1
chrY	2821950	2829687	7738	+	0.731	-1.05015316318583	0.0264144898489418	0.0442693475443025	ENSG00000067646	ZFY
chr6	13579683	13584457	4775	+	0.294	-1.11241059879329	0.0265519929139713	0.044462274812097	ENSG00000124523	SIRT5
chr9	33971649	33973235	1587	-	0.606	0.74277928280176	0.0268222444358643	0.0448769818446728	ENSG00000137073	UBAP2
chr2	15601325	15618413	17089	-	0.151	-0.981406139222522	0.0271408063215937	0.0453717519820581	ENSG00000151779	NBAS
chr7	131071879	131084192	12314	+	0.099	1.16982297969026	0.0271859001926462	0.0454089131897354	ENSG00000128585	MKLN1
chr8	87540764	87544808	4045	+	0.326	-1.24967028925109	0.0272373340853482	0.0454565928516819	ENSG00000085719	CPNE3
chr17	35797839	35804870	7032	+	0.291	-0.987380464980152	0.0274865895728923	0.0458340612021529	ENSG00000276234	TADA2A
chr15	101104897	101105470	574	-	0.4	1.17123310811916	0.0275161495210995	0.0458448598564628	ENSG00000140471	LINS1
chr2	42946128	42950175	4048	+	0.063	1.15740463906276	0.0276231241502358	0.045984513463846	ENSG00000057935	MTA3
chr2	197777606	197787849	10244	-	0.211	1.24346322957158	0.0277534303401159	0.0461627409174793	ENSG00000197121	PGAP1
chr18	74561482	74563895	2414	+	0.364	-0.806295885903456	0.0278233147038483	0.0462402535580274	ENSG00000130856	ZNF236
chr3	172363413	172365904	2492	-	0.165	-1.22956520853132	0.0280904388506943	0.0466451601651161	ENSG00000144959	NCEH1
chr10	103432672	103436193	3522	-	0.636	-1.02690339508977	0.0281668482279015	0.0466952682858742	ENSG00000107829	FBXW4
chr13	30801549	30815223	13675	-	0.085	-0.794372892812742	0.028168551568562	0.0466952682858742	ENSG00000102781	KATNAL1
chr8	28827560	28876430	48871	+	0.182	-1.1508862221503	0.0282125557780834	0.0466952682858742	ENSG00000147421	HMBOX1
chr6	116966877	116982009	15133	-	0.364	-1.16026741643604	0.0282146636168424	0.0466952682858742	ENSG00000153975	ZUP1
chr17	43552466	43553092	627	-	0.593	1.156899540291	0.028331965596909	0.046850361095305	ENSG00000225190	PLEKHM1
chr12	121220458	121222396	1939	-	0.557	0.528942832821	0.0285180016284144	0.0471187614259825	ENSG00000157837	SPPL3
chr15	41988273	41991357	3085	+	0.569	-0.814054133564839	0.0288098328065662	0.0475613698701915	ENSG00000174197	MGA
chr4	129857810	129925031	67222	-	0.522	-0.962230599411122	0.029047638245135	0.0479141275372409	ENSG00000151466	SCLT1
chr4	129857810	129891623	33814	-	0.415	-1.16178124007299	0.0292994654089544	0.0482894093794053	ENSG00000151466	SCLT1
chr8	141828376	141900868	72493	-	0.311	-0.803979308710032	0.0294638382470645	0.0485200520386983	ENSG00000169398	PTK2
chr4	113483527	113511030	27504	-	0.526	-1.19596764765418	0.0295144094142073	0.0485630630460777	ENSG00000138658	ZGRF1
chr22	38890635	38897285	6651	-	0.104	-0.778199371820486	0.0295793327594644	0.0486295983942851	ENSG00000100201	DDX17
chr18	51804073	51813781	9709	+	0.431	-0.762855553268192	0.0298636524754005	0.0490564216841567	ENSG00000101751	POLI
chr7	90355881	90419967	64087	+	0.083	1.51267143314936	0.0300591076128425	0.0492978039864515	ENSG00000058091	CDK14
chr5	43161351	43162033	683	+	0.788	-1.00189278019809	0.0300602420078513	0.0492978039864515	ENSG00000172262	ZNF131
