circRNA_ID	chr	circRNA_start	circRNA_end	circRNA_type	dataset
chr1:1158624|1159348	chr1	1158624	1159348	exon	GBM primary
chr1:1601103|1666274	chr1	1601103	1666274	intergenic_region	GBM primary
chr1:1747195|1756938	chr1	1747195	1756938	exon	GBM primary
chr1:7837220|7838229	chr1	7837220	7838229	exon	GBM primary
chr1:8555123|8617582	chr1	8555123	8617582	exon	GBM primary
chr1:8601273|8674745	chr1	8601273	8674745	exon	GBM primary
chr1:9991949|9994918	chr1	9991949	9994918	exon	GBM primary
chr1:10155519|10165802	chr1	10155519	10165802	exon	GBM primary
chr1:10407819|10408791	chr1	10407819	10408791	exon	GBM primary
chr1:10423341|10425706	chr1	10423341	10425706	exon	GBM primary
chr1:12061458|12062160	chr1	12061458	12062160	exon	GBM primary
chr1:12422776|12423303	chr1	12422776	12423303	exon	GBM primary
chr1:14099573|14109326	chr1	14099573	14109326	exon	GBM primary
chr1:16199311|16203173	chr1	16199311	16203173	exon	GBM primary
chr1:17907048|17914974	chr1	17907048	17914974	exon	GBM primary
chr1:19519927|19523759	chr1	19519927	19523759	exon	GBM primary
chr1:21071237|21103243	chr1	21071237	21103243	exon	GBM primary
chr1:21076216|21100103	chr1	21076216	21100103	exon	GBM primary
chr1:21083659|21100103	chr1	21083659	21100103	exon	GBM primary
chr1:21295967|21307720	chr1	21295967	21307720	exon	GBM primary
chr1:21295967|21329301	chr1	21295967	21329301	exon	GBM primary
chr1:21324094|21329301	chr1	21324094	21329301	exon	GBM primary
chr1:21377359|21415706	chr1	21377359	21415706	exon	GBM primary
chr1:21415631|21437876	chr1	21415631	21437876	exon	GBM primary
chr1:23356962|23370979	chr1	23356962	23370979	exon	GBM primary
chr1:23356962|23377013	chr1	23356962	23377013	exon	GBM primary
chr1:23356962|23385660	chr1	23356962	23385660	exon	GBM primary
chr1:23376880|23385660	chr1	23376880	23385660	exon	GBM primary
chr1:26772807|26774151	chr1	26772807	26774151	exon	GBM primary
chr1:27056142|27059283	chr1	27056142	27059283	exon	GBM primary
chr1:27269151|27269556	chr1	27269151	27269556	exon	GBM primary
chr1:28116073|28120143	chr1	28116073	28120143	exon	GBM primary
chr1:28802619|28807116	chr1	28802619	28807116	exon	GBM primary
chr1:29068915|29070498	chr1	29068915	29070498	exon	GBM primary
chr1:29474592|29476704	chr1	29474592	29476704	exon	GBM primary
chr1:29481208|29481422	chr1	29481208	29481422	exon	GBM primary
chr1:31810022|31821821	chr1	31810022	31821821	exon	GBM primary
chr1:32381496|32385259	chr1	32381496	32385259	exon	GBM primary
chr1:32495899|32510991	chr1	32495899	32510991	exon	GBM primary
chr1:33413823|33415375	chr1	33413823	33415375	exon	GBM primary
chr1:33760538|33760906	chr1	33760538	33760906	exon	GBM primary
chr1:35824526|35827390	chr1	35824526	35827390	exon	GBM primary
chr1:35879573|35881315	chr1	35879573	35881315	exon	GBM primary
chr1:35940406|35944813	chr1	35940406	35944813	exon	GBM primary
chr1:41536267|41541123	chr1	41536267	41541123	exon	GBM primary
chr1:42730786|42744343	chr1	42730786	42744343	exon	GBM primary
chr1:42946132|42964587	chr1	42946132	42964587	exon	GBM primary
chr1:44386076|44387310	chr1	44386076	44387310	exon	GBM primary
chr1:44773982|44804994	chr1	44773982	44804994	exon	GBM primary
chr1:45340350|45341367	chr1	45340350	45341367	exon	GBM primary
chr1:45796188|45800183	chr1	45796188	45800183	exon	GBM primary
chr1:46105882|46108171	chr1	46105882	46108171	exon	GBM primary
chr1:47745913|47748131	chr1	47745913	47748131	exon	GBM primary
chr1:48593580|48594245	chr1	48593580	48594245	exon	GBM primary
chr1:48821342|48825442	chr1	48821342	48825442	exon	GBM primary
chr1:48850981|48869554	chr1	48850981	48869554	exon	GBM primary
chr1:48860939|48865316	chr1	48860939	48865316	exon	GBM primary
chr1:51253672|51323669	chr1	51253672	51323669	exon	GBM primary
chr1:52959283|52975384	chr1	52959283	52975384	exon	GBM primary
chr1:53699214|53701307	chr1	53699214	53701307	exon	GBM primary
chr1:59787208|59812070	chr1	59787208	59812070	exon	GBM primary
chr1:59787208|59844509	chr1	59787208	59844509	exon	GBM primary
chr1:59805630|59844509	chr1	59805630	59844509	exon	GBM primary
chr1:61291008|61292257	chr1	61291008	61292257	exon	GBM primary
chr1:65047839|65099943	chr1	65047839	65099943	exon	GBM primary
chr1:65131740|65141666	chr1	65131740	65141666	exon	GBM primary
chr1:65830318|65831879	chr1	65830318	65831879	exon	GBM primary
chr1:67337053|67371058	chr1	67337053	67371058	exon	GBM primary
chr1:67356837|67371058	chr1	67356837	67371058	exon	GBM primary
chr1:67423742|67428843	chr1	67423742	67428843	exon	GBM primary
chr1:70742448|70781249	chr1	70742448	70781249	exon	GBM primary
chr1:70758071|70781249	chr1	70758071	70781249	exon	GBM primary
chr1:78177432|78181553	chr1	78177432	78181553	exon	GBM primary
chr1:78183552|78191447	chr1	78183552	78191447	exon	GBM primary
chr1:78268955|78279552	chr1	78268955	78279552	exon	GBM primary
chr1:84376848|84412965	chr1	84376848	84412965	exon	GBM primary
chr1:85816098|85824530	chr1	85816098	85824530	exon	GBM primary
chr1:89236035|89251896	chr1	89236035	89251896	exon	GBM primary
chr1:92798948|92846430	chr1	92798948	92846430	exon	GBM primary
chr1:93029199|93170301	chr1	93029199	93170301	exon	GBM primary
chr1:93131496|93170301	chr1	93131496	93170301	exon	GBM primary
chr1:95609447|95616975	chr1	95609447	95616975	exon	GBM primary
chr1:97235259|97250810	chr1	97235259	97250810	exon	GBM primary
chr1:104108057|104118162	chr1	104108057	104118162	exon	GBM primary
chr1:106580972|106590968	chr1	106580972	106590968	exon	GBM primary
chr1:108226110|108247683	chr1	108226110	108247683	exon	GBM primary
chr1:109859472|109860591	chr1	109859472	109860591	exon	GBM primary
chr1:113098490|113159517	chr1	113098490	113159517	exon	GBM primary
chr1:113196220|113202401	chr1	113196220	113202401	exon	GBM primary
chr1:115005726|115007010	chr1	115005726	115007010	exon	GBM primary
chr1:117944808|117957453	chr1	117944808	117957453	exon	GBM primary
chr1:117944808|117963271	chr1	117944808	117963271	exon	GBM primary
chr1:117944808|117984947	chr1	117944808	117984947	exon	GBM primary
chr1:117944808|118009049	chr1	117944808	118009049	exon	GBM primary
chr1:145319624|145323705	chr1	145319624	145323705	intron	GBM primary
chr1:146724278|146731572	chr1	146724278	146731572	exon	GBM primary
chr1:149936147|149937803	chr1	149936147	149937803	exon	GBM primary
chr1:150997087|150998149	chr1	150997087	150998149	exon	GBM primary
chr1:151089868|151090615	chr1	151089868	151090615	exon	GBM primary
chr1:151139410|151139890	chr1	151139410	151139890	exon	GBM primary
chr1:151395873|151403317	chr1	151395873	151403317	exon	GBM primary
chr1:151400299|151414681	chr1	151400299	151414681	exon	GBM primary
chr1:154145384|154145677	chr1	154145384	154145677	exon	GBM primary
chr1:154207067|154207767	chr1	154207067	154207767	exon	GBM primary
chr1:155408118|155408859	chr1	155408118	155408859	exon	GBM primary
chr1:155408118|155429689	chr1	155408118	155429689	exon	GBM primary
chr1:155640111|155649303	chr1	155640111	155649303	exon	GBM primary
chr1:155640111|155753880	chr1	155640111	155753880	intergenic_region	GBM primary
chr1:155646339|155649303	chr1	155646339	155649303	exon	GBM primary
chr1:155646339|155753880	chr1	155646339	155753880	intergenic_region	GBM primary
chr1:155823067|155823597	chr1	155823067	155823597	exon	GBM primary
chr1:164776779|164790863	chr1	164776779	164790863	exon	GBM primary
chr1:169947226|170001116	chr1	169947226	170001116	exon	GBM primary
chr1:170688867|170699489	chr1	170688867	170699489	exon	GBM primary
chr1:173129317|173144339	chr1	173129317	173144339	intergenic_region	GBM primary
chr1:176012322|176015460	chr1	176012322	176015460	exon	GBM primary
chr1:176012322|176055026	chr1	176012322	176055026	exon	GBM primary
chr1:179989084|179990144	chr1	179989084	179990144	exon	GBM primary
chr1:180366651|180399397	chr1	180366651	180399397	exon	GBM primary
chr1:180953813|180962561	chr1	180953813	180962561	exon	GBM primary
chr1:180953813|180974599	chr1	180953813	180974599	exon	GBM primary
chr1:185183639|185200840	chr1	185183639	185200840	exon	GBM primary
chr1:186420311|186439527	chr1	186420311	186439527	intergenic_region	GBM primary
chr1:186862143|186880521	chr1	186862143	186880521	exon	GBM primary
chr1:193110980|193121574	chr1	193110980	193121574	exon	GBM primary
chr1:197611841|197627499	chr1	197611841	197627499	exon	GBM primary
chr1:202394694|202400747	chr1	202394694	202400747	exon	GBM primary
chr1:202418117|202465950	chr1	202418117	202465950	exon	GBM primary
chr1:203676137|203677232	chr1	203676137	203677232	exon	GBM primary
chr1:205585606|205593019	chr1	205585606	205593019	exon	GBM primary
chr1:211192206|211264032	chr1	211192206	211264032	exon	GBM primary
chr1:211526581|211527809	chr1	211526581	211527809	exon	GBM primary
chr1:213251038|213290752	chr1	213251038	213290752	exon	GBM primary
chr1:214169812|214185058	chr1	214169812	214185058	exon	GBM primary
chr1:224142179|224149975	chr1	224142179	224149975	exon	GBM primary
chr1:227327277|227335260	chr1	227327277	227335260	exon	GBM primary
chr1:231090079|231097049	chr1	231090079	231097049	exon	GBM primary
chr1:231506308|231509845	chr1	231506308	231509845	exon	GBM primary
chr1:233225807|233231609	chr1	233225807	233231609	exon	GBM primary
chr1:240370099|240421332	chr1	240370099	240421332	exon	GBM primary
chr1:240370099|240458183	chr1	240370099	240458183	exon	GBM primary
chr1:240370099|240497529	chr1	240370099	240497529	exon	GBM primary
chr1:240421245|240519208	chr1	240421245	240519208	exon	GBM primary
chr1:240421245|240601510	chr1	240421245	240601510	exon	GBM primary
chr1:240458122|240601510	chr1	240458122	240601510	exon	GBM primary
chr1:241031887|241033419	chr1	241031887	241033419	exon	GBM primary
chr1:243579004|243589860	chr1	243579004	243589860	exon	GBM primary
chr1:243708812|243736350	chr1	243708812	243736350	exon	GBM primary
chr1:245006437|245012158	chr1	245006437	245012158	exon	GBM primary
chr1:245165423|245180628	chr1	245165423	245180628	exon	GBM primary
chr1:245165423|245185598	chr1	245165423	245185598	intron	GBM primary
chr1:245165423|245222760	chr1	245165423	245222760	exon	GBM primary
chr1:245180544|245246990	chr1	245180544	245246990	exon	GBM primary
chr1:246704240|246714604	chr1	246704240	246714604	exon	GBM primary
chr1:247318868|247323115	chr1	247318868	247323115	intron	GBM primary
chr1:247319708|247323115	chr1	247319708	247323115	exon	GBM primary
chr1:247322308|247323115	chr1	247322308	247323115	exon	GBM primary
chr10:3201106|3202522	chr10	3201106	3202522	exon	GBM primary
chr10:5741488|5756170	chr10	5741488	5756170	exon	GBM primary
chr10:5815805|5842668	chr10	5815805	5842668	exon	GBM primary
chr10:7285520|7327916	chr10	7285520	7327916	exon	GBM primary
chr10:7318854|7327916	chr10	7318854	7327916	exon	GBM primary
chr10:15858834|15889942	chr10	15858834	15889942	exon	GBM primary
chr10:15875629|15889942	chr10	15875629	15889942	exon	GBM primary
chr10:17746430|17747740	chr10	17746430	17747740	exon	GBM primary
chr10:21246660|21250708	chr10	21246660	21250708	intron	GBM primary
chr10:27047991|27059274	chr10	27047991	27059274	exon	GBM primary
chr10:31644073|31676195	chr10	31644073	31676195	exon	GBM primary
chr10:31644073|31676727	chr10	31644073	31676727	exon	GBM primary
chr10:31661947|31676727	chr10	31661947	31676727	exon	GBM primary
chr10:31661947|31750166	chr10	31661947	31750166	exon	GBM primary
chr10:31676053|31750166	chr10	31676053	31750166	exon	GBM primary
chr10:32096728|32097641	chr10	32096728	32097641	exon	GBM primary
chr10:32197100|32199491	chr10	32197100	32199491	exon	GBM primary
chr10:32740520|32762951	chr10	32740520	32762951	exon	GBM primary
chr10:32832228|32873232	chr10	32832228	32873232	exon	GBM primary
chr10:70152895|70154208	chr10	70152895	70154208	exon	GBM primary
chr10:70227880|70229920	chr10	70227880	70229920	exon	GBM primary
chr10:70246901|70263452	chr10	70246901	70263452	exon	GBM primary
chr10:75296027|75299351	chr10	75296027	75299351	exon	GBM primary
chr10:76598441|76603236	chr10	76598441	76603236	exon	GBM primary
chr10:81459935|81587113	chr10	81459935	81587113	intergenic_region	GBM primary
chr10:86198268|86237420	chr10	86198268	86237420	exon	GBM primary
chr10:90653628|90665417	chr10	90653628	90665417	exon	GBM primary
chr10:90661413|90682193	chr10	90661413	90682193	exon	GBM primary
chr10:99196174|99197507	chr10	99196174	99197507	exon	GBM primary
chr10:103427643|103436193	chr10	103427643	103436193	exon	GBM primary
chr10:103552596|103570071	chr10	103552596	103570071	exon	GBM primary
chr10:105197772|105198565	chr10	105197772	105198565	exon	GBM primary
chr10:105767935|105778666	chr10	105767935	105778666	exon	GBM primary
chr10:112356156|112358048	chr10	112356156	112358048	exon	GBM primary
chr10:112723883|112745523	chr10	112723883	112745523	exon	GBM primary
chr10:116879949|116889297	chr10	116879949	116889297	exon	GBM primary
chr10:116879949|116931050	chr10	116879949	116931050	exon	GBM primary
chr10:116879949|116975638	chr10	116879949	116975638	exon	GBM primary
chr10:117185760|117228839	chr10	117185760	117228839	exon	GBM primary
chr10:117221451|117228839	chr10	117221451	117228839	exon	GBM primary
chr10:117221451|117278834	chr10	117221451	117278834	exon	GBM primary
chr10:123298106|123325218	chr10	123298106	123325218	exon	GBM primary
chr11:1000432|1003804	chr11	1000432	1003804	exon	GBM primary
chr11:8435042|8486369	chr11	8435042	8486369	exon	GBM primary
chr11:8457041|8486369	chr11	8457041	8486369	exon	GBM primary
chr11:9424837|9431633	chr11	9424837	9431633	exon	GBM primary
chr11:16117542|16133469	chr11	16117542	16133469	exon	GBM primary
chr11:16205432|16208501	chr11	16205432	16208501	exon	GBM primary
chr11:18312989|18314523	chr11	18312989	18314523	exon	GBM primary
chr11:28420335|28445911	chr11	28420335	28445911	exon	GBM primary
chr11:32948703|32956981	chr11	32948703	32956981	exon	GBM primary
chr11:33307959|33309057	chr11	33307959	33309057	exon	GBM primary
chr11:36103203|36120011	chr11	36103203	36120011	exon	GBM primary
chr11:36248635|36248980	chr11	36248635	36248980	exon	GBM primary
chr11:41244347|41244558	chr11	41244347	41244558	exon	GBM primary
chr11:46098305|46113774	chr11	46098305	46113774	exon	GBM primary
chr11:46333876|46334470	chr11	46333876	46334470	exon	GBM primary
chr11:57258697|57259335	chr11	57258697	57259335	exon	GBM primary
chr11:59426339|59426942	chr11	59426339	59426942	exon	GBM primary
chr11:61133517|61135470	chr11	61133517	61135470	exon	GBM primary
chr11:66583524|66595835	chr11	66583524	66595835	exon	GBM primary
chr11:72695133|72700142	chr11	72695133	72700142	exon	GBM primary
chr11:73418465|73429935	chr11	73418465	73429935	exon	GBM primary
chr11:73418465|73431944	chr11	73418465	73431944	exon	GBM primary
chr11:77330651|77336863	chr11	77330651	77336863	exon	GBM primary
chr11:85685751|85742653	chr11	85685751	85742653	exon	GBM primary
chr11:85707869|85714494	chr11	85707869	85714494	exon	GBM primary
chr11:85707869|85742653	chr11	85707869	85742653	exon	GBM primary
chr11:85733410|85742653	chr11	85733410	85742653	exon	GBM primary
chr11:86778736|86802437	chr11	86778736	86802437	exon	GBM primary
chr11:92085262|92088570	chr11	92085262	92088570	exon	GBM primary
chr11:94178976|94180604	chr11	94178976	94180604	exon	GBM primary
chr11:103090644|103093815	chr11	103090644	103093815	exon	GBM primary
chr11:103173822|103182762	chr11	103173822	103182762	exon	GBM primary
chr11:103173822|103194718	chr11	103173822	103194718	exon	GBM primary
chr11:108098322|108100050	chr11	108098322	108100050	exon	GBM primary
chr11:115080294|115111140	chr11	115080294	115111140	exon	GBM primary
chr11:117023157|117034608	chr11	117023157	117034608	exon	GBM primary
chr11:117030650|117034608	chr11	117030650	117034608	exon	GBM primary
chr11:118422501|118430579	chr11	118422501	118430579	exon	GBM primary
chr11:120276827|120278532	chr11	120276827	120278532	exon	GBM primary
chr11:120276827|120280159	chr11	120276827	120280159	exon	GBM primary
chr11:120343759|120348235	chr11	120343759	120348235	exon	GBM primary
chr11:120345269|120348235	chr11	120345269	120348235	exon	GBM primary
chr11:120346049|120348235	chr11	120346049	120348235	exon	GBM primary
chr11:120524394|120531109	chr11	120524394	120531109	exon	GBM primary
chr11:120916383|120930794	chr11	120916383	120930794	exon	GBM primary
chr11:130130751|130131824	chr11	130130751	130131824	exon	GBM primary
chr11:133520482|133523742	chr11	133520482	133523742	intergenic_region	GBM primary
chr12:459787|463400	chr12	459787	463400	exon	GBM primary
chr12:1034616|1036429	chr12	1034616	1036429	exon	GBM primary
chr12:1399018|1481143	chr12	1399018	1481143	exon	GBM primary
chr12:2929252|2930958	chr12	2929252	2930958	exon	GBM primary
chr12:6619445|6619698	chr12	6619445	6619698	intron	GBM primary
chr12:12022358|12022903	chr12	12022358	12022903	exon	GBM primary
chr12:12397196|12397589	chr12	12397196	12397589	exon	GBM primary
chr12:19615444|19626289	chr12	19615444	19626289	exon	GBM primary
chr12:27149675|27152609	chr12	27149675	27152609	exon	GBM primary
chr12:27521195|27523163	chr12	27521195	27523163	exon	GBM primary
chr12:27867713|27877119	chr12	27867713	27877119	exon	GBM primary
chr12:28408514|28460682	chr12	28408514	28460682	exon	GBM primary
chr12:32751431|32764217	chr12	32751431	32764217	exon	GBM primary
chr12:32861087|32871697	chr12	32861087	32871697	exon	GBM primary
chr12:40422103|40442012	chr12	40422103	40442012	exon	GBM primary
chr12:40422103|40486735	chr12	40422103	40486735	intron	GBM primary
chr12:42604157|42604482	chr12	42604157	42604482	exon	GBM primary
chr12:42745687|42792796	chr12	42745687	42792796	exon	GBM primary
chr12:50488220|50490755	chr12	50488220	50490755	exon	GBM primary
chr12:57927736|57928235	chr12	57927736	57928235	exon	GBM primary
chr12:69109407|69121169	chr12	69109407	69121169	exon	GBM primary
chr12:69210592|69218431	chr12	69210592	69218431	exon	GBM primary
chr12:69644909|69656342	chr12	69644909	69656342	exon	GBM primary
chr12:69983265|69987393	chr12	69983265	69987393	exon	GBM primary
chr12:70193989|70195501	chr12	70193989	70195501	exon	GBM primary
chr12:70671912|70713144	chr12	70671912	70713144	exon	GBM primary
chr12:80187643|80215970	chr12	80187643	80215970	exon	GBM primary
chr12:81593120|81627250	chr12	81593120	81627250	exon	GBM primary
chr12:89860547|89866052	chr12	89860547	89866052	exon	GBM primary
chr12:93221688|93246801	chr12	93221688	93246801	exon	GBM primary
chr12:96717726|96728643	chr12	96717726	96728643	exon	GBM primary
chr12:97157929|97222866	chr12	97157929	97222866	exon	GBM primary
chr12:97180575|97303673	chr12	97180575	97303673	intergenic_region	GBM primary
chr12:97886239|97954825	chr12	97886239	97954825	exon	GBM primary
chr12:100166700|100175875	chr12	100166700	100175875	exon	GBM primary
chr12:100676721|100691953	chr12	100676721	100691953	exon	GBM primary
chr12:107002575|107048129	chr12	107002575	107048129	exon	GBM primary
chr12:108136974|108140201	chr12	108136974	108140201	exon	GBM primary
chr12:109046048|109048186	chr12	109046048	109048186	exon	GBM primary
chr12:110566755|110584853	chr12	110566755	110584853	exon	GBM primary
chr12:111990084|111993723	chr12	111990084	111993723	exon	GBM primary
chr12:111991962|111993723	chr12	111991962	111993723	exon	GBM primary
chr12:112371690|112376014	chr12	112371690	112376014	exon	GBM primary
chr12:112616735|112617201	chr12	112616735	112617201	exon	GBM primary
chr12:116534474|116549317	chr12	116534474	116549317	exon	GBM primary
chr12:116668338|116675510	chr12	116668338	116675510	exon	GBM primary
chr12:120592774|120593523	chr12	120592774	120593523	exon	GBM primary
chr12:120995085|120995485	chr12	120995085	120995485	exon	GBM primary
chr12:121220458|121222396	chr12	121220458	121222396	exon	GBM primary
chr12:122090634|122091165	chr12	122090634	122091165	exon	GBM primary
chr12:122773036|122801402	chr12	122773036	122801402	exon	GBM primary
chr12:123983091|123984083	chr12	123983091	123984083	exon	GBM primary
chr12:124071294|124074996	chr12	124071294	124074996	exon	GBM primary
chr12:129299320|129299615	chr12	129299320	129299615	exon	GBM primary
chr13:20409617|20413125	chr13	20409617	20413125	exon	GBM primary
chr13:20625573|20641530	chr13	20625573	20641530	exon	GBM primary
chr13:21305980|21306260	chr13	21305980	21306260	exon	GBM primary
chr13:21742127|21742538	chr13	21742127	21742538	exon	GBM primary
chr13:21955573|21965993	chr13	21955573	21965993	exon	GBM primary
chr13:23927924|23945304	chr13	23927924	23945304	exon	GBM primary
chr13:24164289|24200931	chr13	24164289	24200931	exon	GBM primary
chr13:28748409|28771483	chr13	28748409	28771483	exon	GBM primary
chr13:28830429|28835595	chr13	28830429	28835595	exon	GBM primary
chr13:30782714|30857928	chr13	30782714	30857928	exon	GBM primary
chr13:31789188|31803431	chr13	31789188	31803431	exon	GBM primary
chr13:33091994|33101669	chr13	33091994	33101669	exon	GBM primary
chr13:33306238|33309467	chr13	33306238	33309467	exon	GBM primary
chr13:35782837|35806756	chr13	35782837	35806756	exon	GBM primary
chr13:36396866|36410278	chr13	36396866	36410278	exon	GBM primary
chr13:40293373|40301685	chr13	40293373	40301685	exon	GBM primary
chr13:41826781|41835051	chr13	41826781	41835051	exon	GBM primary
chr13:42439872|42442613	chr13	42439872	42442613	exon	GBM primary
chr13:49741380|49749677	chr13	49741380	49749677	exon	GBM primary
chr13:49771013|49772710	chr13	49771013	49772710	exon	GBM primary
chr13:49951103|49957077	chr13	49951103	49957077	exon	GBM primary
chr13:61013822|61041513	chr13	61013822	61041513	exon	GBM primary
chr13:76134889|76143643	chr13	76134889	76143643	exon	GBM primary
chr13:78293667|78327493	chr13	78293667	78327493	exon	GBM primary
chr13:96263699|96264431	chr13	96263699	96264431	exon	GBM primary
chr13:96409898|96416207	chr13	96409898	96416207	exon	GBM primary
chr13:96622366|96648389	chr13	96622366	96648389	exon	GBM primary
chr13:100909849|100925600	chr13	100909849	100925600	exon	GBM primary
chr13:100909849|100962162	chr13	100909849	100962162	exon	GBM primary
chr13:100909849|100992513	chr13	100909849	100992513	exon	GBM primary
chr13:100982815|101020828	chr13	100982815	101020828	exon	GBM primary
chr13:114240089|114294690	chr13	114240089	114294690	exon	GBM primary
chr13:114806476|114839312	chr13	114806476	114839312	exon	GBM primary
chr14:20820404|20822406	chr14	20820404	20822406	exon	GBM primary
chr14:21698478|21702388	chr14	21698478	21702388	exon	GBM primary
chr14:21971316|21972024	chr14	21971316	21972024	exon	GBM primary
chr14:23375404|23380612	chr14	23375404	23380612	exon	GBM primary
chr14:23378692|23380612	chr14	23378692	23380612	exon	GBM primary
chr14:23550957|23559842	chr14	23550957	23559842	exon	GBM primary
chr14:31596991|31602881	chr14	31596991	31602881	exon	GBM primary
chr14:32559708|32563592	chr14	32559708	32563592	exon	GBM primary
chr14:32559708|32586493	chr14	32559708	32586493	exon	GBM primary
chr14:33684388|33684793	chr14	33684388	33684793	exon	GBM primary
chr14:34394824|34400421	chr14	34394824	34400421	exon	GBM primary
chr14:35020920|35024118	chr14	35020920	35024118	intergenic_region	GBM primary
chr14:35331250|35331528	chr14	35331250	35331528	exon	GBM primary
chr14:39648295|39648666	chr14	39648295	39648666	exon	GBM primary
chr14:50292585|50298079	chr14	50292585	50298079	exon	GBM primary
chr14:50616726|50616948	chr14	50616726	50616948	exon	GBM primary
chr14:52977958|53011089	chr14	52977958	53011089	exon	GBM primary
chr14:53003437|53011089	chr14	53003437	53011089	exon	GBM primary
chr14:55168780|55169298	chr14	55168780	55169298	exon	GBM primary
chr14:56083235|56086030	chr14	56083235	56086030	exon	GBM primary
chr14:57696452|57700750	chr14	57696452	57700750	exon	GBM primary
chr14:58718837|58724716	chr14	58718837	58724716	exon	GBM primary
chr14:66028055|66028484	chr14	66028055	66028484	exon	GBM primary
chr14:70442432|70461197	chr14	70442432	70461197	exon	GBM primary
chr14:71880665|71996087	chr14	71880665	71996087	exon	GBM primary
chr14:73614503|73614802	chr14	73614503	73614802	exon	GBM primary
chr14:75576388|75577074	chr14	75576388	75577074	exon	GBM primary
chr14:76349028|76368567	chr14	76349028	76368567	exon	GBM primary
chr14:76633006|76647192	chr14	76633006	76647192	exon	GBM primary
chr14:80963812|80997230	chr14	80963812	80997230	exon	GBM primary
chr14:81209419|81244390	chr14	81209419	81244390	exon	GBM primary
chr14:88883055|88899556	chr14	88883055	88899556	exon	GBM primary
chr14:97299804|97327072	chr14	97299804	97327072	exon	GBM primary
chr14:97312432|97322923	chr14	97312432	97322923	exon	GBM primary
chr14:99924616|99932150	chr14	99924616	99932150	exon	GBM primary
chr14:101403740|101417831	chr14	101403740	101417831	exon	GBM primary
chr14:102486230|102489217	chr14	102486230	102489217	exon	GBM primary
chr14:102506573|102507010	chr14	102506573	102507010	exon	GBM primary
chr14:105692406|105693097	chr14	105692406	105693097	exon	GBM primary
chr15:25650608|25657118	chr15	25650608	25657118	exon	GBM primary
chr15:30053342|30065560	chr15	30053342	30065560	exon	GBM primary
chr15:33149216|33194241	chr15	33149216	33194241	exon	GBM primary
chr15:40678563|40684224	chr15	40678563	40684224	exon	GBM primary
chr15:41361768|41362745	chr15	41361768	41362745	exon	GBM primary
chr15:41648237|41668026	chr15	41648237	41668026	exon	GBM primary
chr15:41961026|41962156	chr15	41961026	41962156	exon	GBM primary
chr15:42553156|42560230	chr15	42553156	42560230	exon	GBM primary
chr15:43120126|43132631	chr15	43120126	43132631	exon	GBM primary
chr15:43627894|43641243	chr15	43627894	43641243	exon	GBM primary
chr15:44620883|44673174	chr15	44620883	44673174	exon	GBM primary
chr15:44624186|44673174	chr15	44624186	44673174	exon	GBM primary
chr15:44776422|44783197	chr15	44776422	44783197	exon	GBM primary
chr15:47101019|47116649	chr15	47101019	47116649	intergenic_region	GBM primary
chr15:49528048|49531564	chr15	49528048	49531564	exon	GBM primary
chr15:49528048|49584734	chr15	49528048	49584734	exon	GBM primary
chr15:50592986|50593565	chr15	50592986	50593565	exon	GBM primary
chr15:56665639|56704634	chr15	56665639	56704634	exon	GBM primary
chr15:56680670|56687032	chr15	56680670	56687032	exon	GBM primary
chr15:59204762|59209198	chr15	59204762	59209198	exon	GBM primary
chr15:62299507|62306191	chr15	62299507	62306191	exon	GBM primary
chr15:63845914|63855207	chr15	63845914	63855207	exon	GBM primary
chr15:63988323|64008672	chr15	63988323	64008672	exon	GBM primary
chr15:64791492|64792365	chr15	64791492	64792365	exon	GBM primary
chr15:65471272|65472542	chr15	65471272	65472542	exon	GBM primary
chr15:66599162|66601182	chr15	66599162	66601182	exon	GBM primary
chr15:72810408|72853890	chr15	72810408	72853890	exon	GBM primary
chr15:77020936|77025725	chr15	77020936	77025725	exon	GBM primary
chr15:80412670|80415142	chr15	80412670	80415142	exon	GBM primary
chr15:83357488|83358205	chr15	83357488	83358205	exon	GBM primary
chr15:84782379|84795352	chr15	84782379	84795352	exon	GBM primary
chr15:85657104|85664245	chr15	85657104	85664245	exon	GBM primary
chr15:89656956|89659752	chr15	89656956	89659752	exon	GBM primary
chr15:93467551|93472321	chr15	93467551	93472321	exon	GBM primary
chr15:93489051|93510743	chr15	93489051	93510743	exon	GBM primary
chr15:93540187|93545547	chr15	93540187	93545547	exon	GBM primary
chr15:101104897|101105470	chr15	101104897	101105470	exon	GBM primary
chr16:1859239|1859834	chr16	1859239	1859834	exon	GBM primary
chr16:3690716|3693037	chr16	3690716	3693037	exon	GBM primary
chr16:4382216|4383520	chr16	4382216	4383520	exon	GBM primary
chr16:9009111|9011013	chr16	9009111	9011013	exon	GBM primary
chr16:11940358|11941663	chr16	11940358	11941663	exon	GBM primary
chr16:11988811|11991892	chr16	11988811	11991892	exon	GBM primary
chr16:18852887|18856973	chr16	18852887	18856973	exon	GBM primary
chr16:19627436|19659204	chr16	19627436	19659204	exon	GBM primary
chr16:19627436|19663412	chr16	19627436	19663412	exon	GBM primary
chr16:21972649|21987564	chr16	21972649	21987564	exon	GBM primary
chr16:21979949|21987564	chr16	21979949	21987564	exon	GBM primary
chr16:22142526|22143050	chr16	22142526	22143050	exon	GBM primary
chr16:22162016|22163955	chr16	22162016	22163955	exon	GBM primary
chr16:28498777|28500707	chr16	28498777	28500707	exon	GBM primary
chr16:29917109|29917448	chr16	29917109	29917448	exon	GBM primary
chr16:31102096|31102663	chr16	31102096	31102663	intron	GBM primary
chr16:31733947|31734674	chr16	31733947	31734674	exon	GBM primary
chr16:47143394|47165936	chr16	47143394	47165936	exon	GBM primary
chr16:47531310|47549512	chr16	47531310	47549512	exon	GBM primary
chr16:47531310|47630442	chr16	47531310	47630442	exon	GBM primary
chr16:47531310|47644831	chr16	47531310	47644831	exon	GBM primary
chr16:48587450|48596355	chr16	48587450	48596355	exon	GBM primary
chr16:53175091|53191453	chr16	53175091	53191453	intron	GBM primary
chr16:53188359|53191453	chr16	53188359	53191453	intron	GBM primary
chr16:53189838|53191453	chr16	53189838	53191453	exon	GBM primary
chr16:53878067|53922863	chr16	53878067	53922863	exon	GBM primary
chr16:53907698|53922863	chr16	53907698	53922863	exon	GBM primary
chr16:53907698|53968021	chr16	53907698	53968021	exon	GBM primary
chr16:56096121|56111056	chr16	56096121	56111056	intergenic_region	GBM primary
chr16:58593708|58594266	chr16	58593708	58594266	intron	GBM primary
chr16:68155890|68160513	chr16	68155890	68160513	exon	GBM primary
chr16:68155890|68225678	chr16	68155890	68225678	exon	GBM primary
chr16:69404386|69406258	chr16	69404386	69406258	exon	GBM primary
chr16:69729039|69729282	chr16	69729039	69729282	exon	GBM primary
chr16:75425278|75448593	chr16	75425278	75448593	exon	GBM primary
chr16:80718435|80719026	chr16	80718435	80719026	exon	GBM primary
chr16:84773915|84779279	chr16	84773915	84779279	exon	GBM primary
chr17:1746097|1756483	chr17	1746097	1756483	exon	GBM primary
chr17:5117345|5118588	chr17	5117345	5118588	exon	GBM primary
chr17:5241314|5250220	chr17	5241314	5250220	exon	GBM primary
chr17:8141349|8141947	chr17	8141349	8141947	exon	GBM primary
chr17:9501551|9503500	chr17	9501551	9503500	exon	GBM primary
chr17:11984673|12016677	chr17	11984673	12016677	exon	GBM primary
chr17:19213198|19232960	chr17	19213198	19232960	exon	GBM primary
chr17:20107646|20109225	chr17	20107646	20109225	exon	GBM primary
chr17:26449629|26499644	chr17	26449629	26499644	exon	GBM primary
chr17:27975162|27977818	chr17	27975162	27977818	exon	GBM primary
chr17:28776571|28778864	chr17	28776571	28778864	exon	GBM primary
chr17:28811232|28847039	chr17	28811232	28847039	exon	GBM primary
chr17:29550462|29554624	chr17	29550462	29554624	exon	GBM primary
chr17:30310018|30315516	chr17	30310018	30315516	exon	GBM primary
chr17:30689933|30695033	chr17	30689933	30695033	exon	GBM primary
chr17:35310186|35311207	chr17	35310186	35311207	exon	GBM primary
chr17:36517594|36523933	chr17	36517594	36523933	exon	GBM primary
chr17:37864574|37866734	chr17	37864574	37866734	exon	GBM primary
chr17:44159807|44172067	chr17	44159807	44172067	exon	GBM primary
chr17:47388674|47389404	chr17	47388674	47389404	exon	GBM primary
chr17:49067811|49071296	chr17	49067811	49071296	exon	GBM primary
chr17:49118862|49133843	chr17	49118862	49133843	exon	GBM primary
chr17:49340635|49346265	chr17	49340635	49346265	exon	GBM primary
chr17:57148184|57161450	chr17	57148184	57161450	exon	GBM primary
chr17:57334483|57344535	chr17	57334483	57344535	exon	GBM primary
chr17:57808782|57816308	chr17	57808782	57816308	exon	GBM primary
chr17:57808782|57851246	chr17	57808782	57851246	exon	GBM primary
chr17:58012554|58018304	chr17	58012554	58018304	exon	GBM primary
chr17:59996761|60002460	chr17	59996761	60002460	exon	GBM primary
chr17:59999086|60002460	chr17	59999086	60002460	exon	GBM primary
chr17:60106902|60112969	chr17	60106902	60112969	exon	GBM primary
chr17:61271352|61278318	chr17	61271352	61278318	exon	GBM primary
chr17:62515439|62530855	chr17	62515439	62530855	exon	GBM primary
chr17:65924471|65928135	chr17	65924471	65928135	exon	GBM primary
chr17:65941525|65972074	chr17	65941525	65972074	exon	GBM primary
chr17:75398141|75398785	chr17	75398141	75398785	exon	GBM primary
chr17:77073512|77073946	chr17	77073512	77073946	exon	GBM primary
chr17:78022382|78024082	chr17	78022382	78024082	exon	GBM primary
chr17:80521230|80526077	chr17	80521230	80526077	exon	GBM primary
chr18:8718422|8720494	chr18	8718422	8720494	exon	GBM primary
chr18:9182380|9221997	chr18	9182380	9221997	exon	GBM primary
chr18:9195549|9221997	chr18	9195549	9221997	exon	GBM primary
chr18:9204474|9221997	chr18	9204474	9221997	exon	GBM primary
chr18:9524592|9525849	chr18	9524592	9525849	exon	GBM primary
chr18:9583115|9595100	chr18	9583115	9595100	exon	GBM primary
chr18:9583115|9595151	chr18	9583115	9595151	exon	GBM primary
chr18:9931807|9950565	chr18	9931807	9950565	exon	GBM primary
chr18:12999420|13019205	chr18	12999420	13019205	exon	GBM primary
chr18:13438243|13484118	chr18	13438243	13484118	exon	GBM primary
chr18:19345733|19359646	chr18	19345733	19359646	exon	GBM primary
chr18:21644104|21663045	chr18	21644104	21663045	exon	GBM primary
chr18:29691717|29693823	chr18	29691717	29693823	exon	GBM primary
chr18:32431795|32455362	chr18	32431795	32455362	exon	GBM primary
chr18:44526020|44526886	chr18	44526020	44526886	exon	GBM primary
chr18:46858234|46906128	chr18	46858234	46906128	exon	GBM primary
chr18:51797730|51810383	chr18	51797730	51810383	exon	GBM primary
chr18:56601665|56621031	chr18	56601665	56621031	exon	GBM primary
chr18:66564456|66564919	chr18	66564456	66564919	exon	GBM primary
chr18:76856476|76914555	chr18	76856476	76914555	exon	GBM primary
chr18:76886267|76967012	chr18	76886267	76967012	exon	GBM primary
chr19:1516483|1517518	chr19	1516483	1517518	intergenic_region	GBM primary
chr19:5604594|5604947	chr19	5604594	5604947	exon	GBM primary
chr19:5645348|5654467	chr19	5645348	5654467	exon	GBM primary
chr19:8520289|8528570	chr19	8520289	8528570	exon	GBM primary
chr19:8533658|8539128	chr19	8533658	8539128	exon	GBM primary
chr19:10906048|10909248	chr19	10906048	10909248	exon	GBM primary
chr19:11835009|11836142	chr19	11835009	11836142	exon	GBM primary
chr19:12635610|12639510	chr19	12635610	12639510	intron	GBM primary
chr19:13039156|13039661	chr19	13039156	13039661	exon	GBM primary
chr19:13135835|13136366	chr19	13135835	13136366	exon	GBM primary
chr19:13443683|13445307	chr19	13443683	13445307	exon	GBM primary
chr19:14232344|14237049	chr19	14232344	14237049	exon	GBM primary
chr19:14568843|14569187	chr19	14568843	14569187	exon	GBM primary
chr19:17387304|17387718	chr19	17387304	17387718	exon	GBM primary
chr19:18650181|18650530	chr19	18650181	18650530	exon	GBM primary
chr19:21216262|21216990	chr19	21216262	21216990	exon	GBM primary
chr19:21281621|21349264	chr19	21281621	21349264	intergenic_region	GBM primary
chr19:22255611|22256366	chr19	22255611	22256366	exon	GBM primary
chr19:23316882|23318845	chr19	23316882	23318845	exon	GBM primary
chr19:23521529|23545527	chr19	23521529	23545527	exon	GBM primary
chr19:23541232|23545527	chr19	23541232	23545527	exon	GBM primary
chr19:23556544|23557566	chr19	23556544	23557566	exon	GBM primary
chr19:34685383|34706566	chr19	34685383	34706566	exon	GBM primary
chr19:34921481|34925873	chr19	34921481	34925873	exon	GBM primary
chr19:34922766|34929671	chr19	34922766	34929671	exon	GBM primary
chr19:36252920|36253257	chr19	36252920	36253257	exon	GBM primary
chr19:36940301|36940903	chr19	36940301	36940903	exon	GBM primary
chr19:37579941|37587017	chr19	37579941	37587017	exon	GBM primary
chr19:37690302|37698156	chr19	37690302	37698156	exon	GBM primary
chr19:37916770|37935866	chr19	37916770	37935866	exon	GBM primary
chr19:38631824|38633350	chr19	38631824	38633350	exon	GBM primary
chr19:40761065|40771258	chr19	40761065	40771258	exon	GBM primary
chr19:41242891|41243674	chr19	41242891	41243674	exon	GBM primary
chr19:41754419|41754725	chr19	41754419	41754725	exon	GBM primary
chr19:45781181|45783992	chr19	45781181	45783992	exon	GBM primary
chr19:46116799|46117958	chr19	46116799	46117958	exon	GBM primary
chr19:46357433|46357765	chr19	46357433	46357765	exon	GBM primary
chr19:50902108|50902741	chr19	50902108	50902741	exon	GBM primary
chr19:52364157|52384130	chr19	52364157	52384130	exon	GBM primary
chr19:52451846|52452488	chr19	52451846	52452488	intergenic_region	GBM primary
chr19:52579297|52592255	chr19	52579297	52592255	exon	GBM primary
chr19:52918377|52938462	chr19	52918377	52938462	intergenic_region	GBM primary
chr19:57967021|57967550	chr19	57967021	57967550	exon	GBM primary
chr2:9028148|9098771	chr2	9028148	9098771	exon	GBM primary
chr2:9048751|9098771	chr2	9048751	9098771	exon	GBM primary
chr2:15629018|15679480	chr2	15629018	15679480	exon	GBM primary
chr2:24181171|24222780	chr2	24181171	24222780	exon	GBM primary
chr2:24357989|24362320	chr2	24357989	24362320	exon	GBM primary
chr2:24357989|24369956	chr2	24357989	24369956	exon	GBM primary
chr2:24777258|24778924	chr2	24777258	24778924	exon	GBM primary
chr2:24778884|24807429	chr2	24778884	24807429	exon	GBM primary
chr2:24787164|24905997	chr2	24787164	24905997	exon	GBM primary
chr2:26652496|26654874	chr2	26652496	26654874	exon	GBM primary
chr2:29006773|29011675	chr2	29006773	29011675	exon	GBM primary
chr2:32339707|32341281	chr2	32339707	32341281	exon	GBM primary
chr2:32602656|32620661	chr2	32602656	32620661	exon	GBM primary
chr2:32703703|32725176	chr2	32703703	32725176	exon	GBM primary
chr2:33488361|33518349	chr2	33488361	33518349	exon	GBM primary
chr2:33525518|33526711	chr2	33525518	33526711	exon	GBM primary
chr2:36623757|36669878	chr2	36623757	36669878	exon	GBM primary
chr2:36668401|36669878	chr2	36668401	36669878	exon	GBM primary
chr2:37543380|37544322	chr2	37543380	37544322	exon	GBM primary
chr2:39146504|39148564	chr2	39146504	39148564	exon	GBM primary
chr2:39559058|39564722	chr2	39559058	39564722	exon	GBM primary
chr2:40655613|40657441	chr2	40655613	40657441	exon	GBM primary
chr2:40655613|40657444	chr2	40655613	40657444	exon	GBM primary
chr2:43625110|43712464	chr2	43625110	43712464	exon	GBM primary
chr2:43805652|43818093	chr2	43805652	43818093	exon	GBM primary
chr2:43813540|43819555	chr2	43813540	43819555	exon	GBM primary
chr2:44436349|44445676	chr2	44436349	44445676	exon	GBM primary
chr2:44502643|44503104	chr2	44502643	44503104	exon	GBM primary
chr2:48869541|48898819	chr2	48869541	48898819	exon	GBM primary
chr2:49003419|49036780	chr2	49003419	49036780	intergenic_region	GBM primary
chr2:49034799|49036780	chr2	49034799	49036780	intergenic_region	GBM primary
chr2:51149007|51153093	chr2	51149007	51153093	exon	GBM primary
chr2:53941521|53943880	chr2	53941521	53943880	exon	GBM primary
chr2:54278095|54284497	chr2	54278095	54284497	exon	GBM primary
chr2:55209651|55214834	chr2	55209651	55214834	exon	GBM primary
chr2:55252222|55255356	chr2	55252222	55255356	exon	GBM primary
chr2:58425729|58459247	chr2	58425729	58459247	exon	GBM primary
chr2:58449077|58459247	chr2	58449077	58459247	exon	GBM primary
chr2:61340905|61345251	chr2	61340905	61345251	intron	GBM primary
chr2:61343114|61345251	chr2	61343114	61345251	exon	GBM primary
chr2:61505300|61508377	chr2	61505300	61508377	exon	GBM primary
chr2:61722590|61726048	chr2	61722590	61726048	exon	GBM primary
chr2:61749746|61753656	chr2	61749746	61753656	exon	GBM primary
chr2:61749746|61761038	chr2	61749746	61761038	exon	GBM primary
chr2:68717322|68772444	chr2	68717322	68772444	exon	GBM primary
chr2:70406664|70409129	chr2	70406664	70409129	exon	GBM primary
chr2:72945232|72960247	chr2	72945232	72960247	exon	GBM primary
chr2:72958136|72960247	chr2	72958136	72960247	exon	GBM primary
chr2:73784347|73786269	chr2	73784347	73786269	exon	GBM primary
chr2:85595809|85598685	chr2	85595809	85598685	exon	GBM primary
chr2:86088304|86097381	chr2	86088304	86097381	exon	GBM primary
chr2:95814630|95819004	chr2	95814630	95819004	exon	GBM primary
chr2:97399256|97400263	chr2	97399256	97400263	exon	GBM primary
chr2:97852935|97877478	chr2	97852935	97877478	exon	GBM primary
chr2:97856715|97877478	chr2	97856715	97877478	exon	GBM primary
chr2:99786013|99787892	chr2	99786013	99787892	exon	GBM primary
chr2:106761646|106782539	chr2	106761646	106782539	exon	GBM primary
chr2:107446522|107460490	chr2	107446522	107460490	exon	GBM primary
chr2:109388157|109389502	chr2	109388157	109389502	exon	GBM primary
chr2:109405308|109432561	chr2	109405308	109432561	exon	GBM primary
chr2:109463194|109473426	chr2	109463194	109473426	exon	GBM primary
chr2:110321943|110350696	chr2	110321943	110350696	exon	GBM primary
chr2:110919180|110920712	chr2	110919180	110920712	exon	GBM primary
chr2:111423840|111427130	chr2	111423840	111427130	exon	GBM primary
chr2:113057426|113057606	chr2	113057426	113057606	exon	GBM primary
chr2:114588429|114589162	chr2	114588429	114589162	intergenic_region	GBM primary
chr2:115153952|115154719	chr2	115153952	115154719	intergenic_region	GBM primary
chr2:135010666|135012215	chr2	135010666	135012215	exon	GBM primary
chr2:135010666|135028121	chr2	135010666	135028121	exon	GBM primary
chr2:135756308|135757585	chr2	135756308	135757585	exon	GBM primary
chr2:136432902|136437894	chr2	136432902	136437894	exon	GBM primary
chr2:136505837|136530117	chr2	136505837	136530117	exon	GBM primary
chr2:144966170|144969146	chr2	144966170	144969146	exon	GBM primary
chr2:148653870|148657467	chr2	148653870	148657467	exon	GBM primary
chr2:148730308|148739650	chr2	148730308	148739650	exon	GBM primary
chr2:153431650|153437563	chr2	153431650	153437563	exon	GBM primary
chr2:159992705|160007067	chr2	159992705	160007067	exon	GBM primary
chr2:162036125|162061304	chr2	162036125	162061304	exon	GBM primary
chr2:168920010|168986268	chr2	168920010	168986268	exon	GBM primary
chr2:168986051|168997268	chr2	168986051	168997268	exon	GBM primary
chr2:169018297|169038600	chr2	169018297	169038600	exon	GBM primary
chr2:170502579|170531550	chr2	170502579	170531550	exon	GBM primary
chr2:170728746|170735084	chr2	170728746	170735084	exon	GBM primary
chr2:170802798|170815036	chr2	170802798	170815036	exon	GBM primary
chr2:171884849|171902872	chr2	171884849	171902872	exon	GBM primary
chr2:172193963|172196064	chr2	172193963	172196064	exon	GBM primary
chr2:172782047|172809519	chr2	172782047	172809519	exon	GBM primary
chr2:173423436|173431661	chr2	173423436	173431661	exon	GBM primary
chr2:175740516|175742856	chr2	175740516	175742856	exon	GBM primary
chr2:183831944|183853914	chr2	183831944	183853914	exon	GBM primary
chr2:190593386|190609514	chr2	190593386	190609514	exon	GBM primary
chr2:190656516|190670480	chr2	190656516	190670480	exon	GBM primary
chr2:190656516|190682906	chr2	190656516	190682906	exon	GBM primary
chr2:191523884|191537878	chr2	191523884	191537878	exon	GBM primary
chr2:197777606|197784874	chr2	197777606	197784874	exon	GBM primary
chr2:200213424|200298237	chr2	200213424	200298237	exon	GBM primary
chr2:200233328|200298237	chr2	200233328	200298237	exon	GBM primary
chr2:200245087|200298237	chr2	200245087	200298237	exon	GBM primary
chr2:201721405|201721708	chr2	201721405	201721708	exon	GBM primary
chr2:201807408|201822856	chr2	201807408	201822856	exon	GBM primary
chr2:203329532|203332412	chr2	203329532	203332412	exon	GBM primary
chr2:204244931|204267457	chr2	204244931	204267457	exon	GBM primary
chr2:204267299|204291992	chr2	204267299	204291992	exon	GBM primary
chr2:206023446|206050587	chr2	206023446	206050587	exon	GBM primary
chr2:206023446|206058044	chr2	206023446	206058044	exon	GBM primary
chr2:206036935|206058044	chr2	206036935	206058044	exon	GBM primary
chr2:206305094|206305396	chr2	206305094	206305396	exon	GBM primary
chr2:206992521|206994966	chr2	206992521	206994966	exon	GBM primary
chr2:207006665|207008856	chr2	207006665	207008856	exon	GBM primary
chr2:207144264|207162097	chr2	207144264	207162097	exon	GBM primary
chr2:209209835|209212747	chr2	209209835	209212747	exon	GBM primary
chr2:212483902|212495319	chr2	212483902	212495319	exon	GBM primary
chr2:214174783|214239843	chr2	214174783	214239843	exon	GBM primary
chr2:215657021|215661841	chr2	215657021	215661841	exon	GBM primary
chr2:217542835|217543802	chr2	217542835	217543802	exon	GBM primary
chr2:223084859|223097002	chr2	223084859	223097002	exon	GBM primary
chr2:225400245|225422573	chr2	225400245	225422573	exon	GBM primary
chr2:227729320|227779067	chr2	227729320	227779067	exon	GBM primary
chr2:227771509|227779067	chr2	227771509	227779067	exon	GBM primary
chr2:231301096|231314970	chr2	231301096	231314970	intron	GBM primary
chr2:239090706|239092754	chr2	239090706	239092754	exon	GBM primary
chr2:239090706|239093928	chr2	239090706	239093928	exon	GBM primary
chr2:240929491|240946787	chr2	240929491	240946787	exon	GBM primary
chr2:240929491|240951113	chr2	240929491	240951113	exon	GBM primary
chr20:2944918|2945848	chr20	2944918	2945848	exon	GBM primary
chr20:2967411|2969120	chr20	2967411	2969120	exon	GBM primary
chr20:3888573|3893281	chr20	3888573	3893281	exon	GBM primary
chr20:13539655|13568017	chr20	13539655	13568017	exon	GBM primary
chr20:21306917|21338430	chr20	21306917	21338430	exon	GBM primary
chr20:21319682|21324846	chr20	21319682	21324846	exon	GBM primary
chr20:21346059|21349228	chr20	21346059	21349228	exon	GBM primary
chr20:30954187|30956926	chr20	30954187	30956926	exon	GBM primary
chr20:30954187|30959677	chr20	30954187	30959677	exon	GBM primary
chr20:32207323|32211102	chr20	32207323	32211102	exon	GBM primary
chr20:34302107|34313077	chr20	34302107	34313077	exon	GBM primary
chr20:34304662|34313077	chr20	34304662	34313077	exon	GBM primary
chr20:34309662|34313077	chr20	34309662	34313077	exon	GBM primary
chr20:34317234|34320057	chr20	34317234	34320057	exon	GBM primary
chr20:34446224|34459751	chr20	34446224	34459751	exon	GBM primary
chr20:35236118|35238133	chr20	35236118	35238133	exon	GBM primary
chr20:36685934|36694658	chr20	36685934	36694658	exon	GBM primary
chr20:39896103|39897723	chr20	39896103	39897723	exon	GBM primary
chr20:44530906|44531243	chr20	44530906	44531243	exon	GBM primary
chr20:45121321|45125591	chr20	45121321	45125591	intergenic_region	GBM primary
chr20:46252655|46262380	chr20	46252655	46262380	exon	GBM primary
chr20:47307485|47309328	chr20	47307485	47309328	exon	GBM primary
chr20:47342827|47364417	chr20	47342827	47364417	exon	GBM primary
chr20:47752370|47782822	chr20	47752370	47782822	exon	GBM primary
chr20:50342358|50346517	chr20	50342358	50346517	exon	GBM primary
chr20:57014001|57016139	chr20	57014001	57016139	exon	GBM primary
chr20:60714131|60716000	chr20	60714131	60716000	exon	GBM primary
chr21:17135210|17138460	chr21	17135210	17138460	exon	GBM primary
chr21:17586577|17764005	chr21	17586577	17764005	intron	GBM primary
chr21:34804484|34805178	chr21	34804484	34805178	exon	GBM primary
chr21:37619815|37620866	chr21	37619815	37620866	exon	GBM primary
chr21:38792601|38794168	chr21	38792601	38794168	exon	GBM primary
chr21:40578034|40584633	chr21	40578034	40584633	exon	GBM primary
chr21:46548317|46554747	chr21	46548317	46554747	exon	GBM primary
chr21:48063447|48064400	chr21	48063447	48064400	exon	GBM primary
chr22:17525763|17528316	chr22	17525763	17528316	exon	GBM primary
chr22:17982114|17984048	chr22	17982114	17984048	exon	GBM primary
chr22:21288067|21288532	chr22	21288067	21288532	exon	GBM primary
chr22:24698163|24709434	chr22	24698163	24709434	exon	GBM primary
chr22:24761444|24765288	chr22	24761444	24765288	exon	GBM primary
chr22:26059597|26070495	chr22	26059597	26070495	exon	GBM primary
chr22:28692186|28693840	chr22	28692186	28693840	exon	GBM primary
chr22:32874968|32875262	chr22	32874968	32875262	exon	GBM primary
chr22:38208894|38209616	chr22	38208894	38209616	exon	GBM primary
chr22:38890635|38897285	chr22	38890635	38897285	exon	GBM primary
chr22:46085592|46136418	chr22	46085592	46136418	exon	GBM primary
chr22:46125305|46136418	chr22	46125305	46136418	exon	GBM primary
chr22:47085889|47116912	chr22	47085889	47116912	exon	GBM primary
chr22:50810449|50832564	chr22	50810449	50832564	exon	GBM primary
chr3:3819409|3830758	chr3	3819409	3830758	exon	GBM primary
chr3:12558110|12574272	chr3	12558110	12574272	exon	GBM primary
chr3:14485132|14489324	chr3	14485132	14489324	exon	GBM primary
chr3:15604865|15614749	chr3	15604865	15614749	exon	GBM primary
chr3:16327831|16345099	chr3	16327831	16345099	intron	GBM primary
chr3:16327849|16345099	chr3	16327849	16345099	exon	GBM primary
chr3:27478879|27490288	chr3	27478879	27490288	exon	GBM primary
chr3:43341246|43345284	chr3	43341246	43345284	exon	GBM primary
chr3:47079156|47088111	chr3	47079156	47088111	exon	GBM primary
chr3:47098311|47108608	chr3	47098311	47108608	exon	GBM primary
chr3:47139445|47147610	chr3	47139445	47147610	exon	GBM primary
chr3:47651556|47680270	chr3	47651556	47680270	exon	GBM primary
chr3:47716965|47719801	chr3	47716965	47719801	exon	GBM primary
chr3:47727539|47734790	chr3	47727539	47734790	exon	GBM primary
chr3:47777524|47814426	chr3	47777524	47814426	exon	GBM primary
chr3:49372453|49373029	chr3	49372453	49373029	intron	GBM primary
chr3:50102464|50103935	chr3	50102464	50103935	exon	GBM primary
chr3:51664288|51664947	chr3	51664288	51664947	exon	GBM primary
chr3:52771602|52773650	chr3	52771602	52773650	exon	GBM primary
chr3:56626998|56628056	chr3	56626998	56628056	exon	GBM primary
chr3:56694759|56707753	chr3	56694759	56707753	exon	GBM primary
chr3:57276884|57282379	chr3	57276884	57282379	exon	GBM primary
chr3:59908072|59999990	chr3	59908072	59999990	intron	GBM primary
chr3:63898264|63898901	chr3	63898264	63898901	exon	GBM primary
chr3:65415195|65416556	chr3	65415195	65416556	exon	GBM primary
chr3:66286968|66313803	chr3	66286968	66313803	exon	GBM primary
chr3:66293627|66313803	chr3	66293627	66313803	exon	GBM primary
chr3:67546222|67559327	chr3	67546222	67559327	exon	GBM primary
chr3:78763547|78767033	chr3	78763547	78767033	exon	GBM primary
chr3:93714718|93722752	chr3	93714718	93722752	exon	GBM primary
chr3:98487274|98492827	chr3	98487274	98492827	exon	GBM primary
chr3:107429299|107435696	chr3	107429299	107435696	exon	GBM primary
chr3:119222379|119236162	chr3	119222379	119236162	exon	GBM primary
chr3:119582266|119595355	chr3	119582266	119595355	exon	GBM primary
chr3:120053709|120054800	chr3	120053709	120054800	exon	GBM primary
chr3:123649949|123667979	chr3	123649949	123667979	exon	GBM primary
chr3:125567073|125567290	chr3	125567073	125567290	exon	GBM primary
chr3:127980971|127983624	chr3	127980971	127983624	exon	GBM primary
chr3:129546646|129551669	chr3	129546646	129551669	exon	GBM primary
chr3:129546646|129599402	chr3	129546646	129599402	exon	GBM primary
chr3:129599152|129599402	chr3	129599152	129599402	exon	GBM primary
chr3:130649260|130660543	chr3	130649260	130660543	exon	GBM primary
chr3:130881252|130889731	chr3	130881252	130889731	exon	GBM primary
chr3:130881252|130992418	chr3	130881252	130992418	exon	GBM primary
chr3:132322073|132350323	chr3	132322073	132350323	exon	GBM primary
chr3:133894453|133914026	chr3	133894453	133914026	exon	GBM primary
chr3:133907681|133914026	chr3	133907681	133914026	exon	GBM primary
chr3:135979321|135980907	chr3	135979321	135980907	exon	GBM primary
chr3:138289160|138290198	chr3	138289160	138290198	exon	GBM primary
chr3:138289160|138291774	chr3	138289160	138291774	exon	GBM primary
chr3:138289160|138291826	chr3	138289160	138291826	exon	GBM primary
chr3:141231005|141259451	chr3	141231005	141259451	exon	GBM primary
chr3:141688915|141713983	chr3	141688915	141713983	exon	GBM primary
chr3:141811903|141820683	chr3	141811903	141820683	exon	GBM primary
chr3:143704385|143708679	chr3	143704385	143708679	exon	GBM primary
chr3:145838899|145842016	chr3	145838899	145842016	exon	GBM primary
chr3:149563798|149639014	chr3	149563798	149639014	exon	GBM primary
chr3:149613260|149639014	chr3	149613260	149639014	exon	GBM primary
chr3:150834125|150845771	chr3	150834125	150845771	exon	GBM primary
chr3:153912433|153943799	chr3	153912433	153943799	exon	GBM primary
chr3:154013073|154024084	chr3	154013073	154024084	exon	GBM primary
chr3:155547477|155560408	chr3	155547477	155560408	exon	GBM primary
chr3:155628481|155643155	chr3	155628481	155643155	exon	GBM primary
chr3:157839892|157841780	chr3	157839892	157841780	exon	GBM primary
chr3:157839892|157921034	chr3	157839892	157921034	exon	GBM primary
chr3:165208984|165215968	chr3	165208984	165215968	intron	GBM primary
chr3:166858477|166952747	chr3	166858477	166952747	intergenic_region	GBM primary
chr3:167240103|167254788	chr3	167240103	167254788	exon	GBM primary
chr3:167240103|167345080	chr3	167240103	167345080	exon	GBM primary
chr3:167272438|167322256	chr3	167272438	167322256	exon	GBM primary
chr3:167319915|167353532	chr3	167319915	167353532	intron	GBM primary
chr3:167742314|167766153	chr3	167742314	167766153	exon	GBM primary
chr3:169840379|169867032	chr3	169840379	169867032	exon	GBM primary
chr3:169854207|169867032	chr3	169854207	169867032	exon	GBM primary
chr3:169863211|169867032	chr3	169863211	169867032	exon	GBM primary
chr3:170906491|170912424	chr3	170906491	170912424	exon	GBM primary
chr3:171965323|171969331	chr3	171965323	171969331	exon	GBM primary
chr3:171969050|172028671	chr3	171969050	172028671	exon	GBM primary
chr3:172013153|172028671	chr3	172013153	172028671	exon	GBM primary
chr3:172477951|172501699	chr3	172477951	172501699	exon	GBM primary
chr3:173322069|173322881	chr3	173322069	173322881	exon	GBM primary
chr3:174241203|174271547	chr3	174241203	174271547	intron	GBM primary
chr3:176792300|176792458	chr3	176792300	176792458	intron	GBM primary
chr3:179131200|179137293	chr3	179131200	179137293	exon	GBM primary
chr3:181417386|181433080	chr3	181417386	181433080	exon	GBM primary
chr3:182788787|182789145	chr3	182788787	182789145	exon	GBM primary
chr3:183361268|183369064	chr3	183361268	183369064	exon	GBM primary
chr3:183361268|183390272	chr3	183361268	183390272	exon	GBM primary
chr3:183465460|183480067	chr3	183465460	183480067	exon	GBM primary
chr3:185195114|185200240	chr3	185195114	185200240	exon	GBM primary
chr3:193201725|193210949	chr3	193201725	193210949	exon	GBM primary
chr3:194154501|194171005	chr3	194154501	194171005	exon	GBM primary
chr3:195063200|195112876	chr3	195063200	195112876	exon	GBM primary
chr3:195415404|195416309	chr3	195415404	195416309	exon	GBM primary
chr3:196807922|196846401	chr3	196807922	196846401	exon	GBM primary
chr3:197541779|197547301	chr3	197541779	197547301	exon	GBM primary
chr4:3088666|3109150	chr4	3088666	3109150	exon	GBM primary
chr4:4650704|4651269	chr4	4650704	4651269	exon	GBM primary
chr4:15008929|15034835	chr4	15008929	15034835	exon	GBM primary
chr4:15626875|15646331	chr4	15626875	15646331	exon	GBM primary
chr4:16240394|16324659	chr4	16240394	16324659	intergenic_region	GBM primary
chr4:36093503|36118757	chr4	36093503	36118757	exon	GBM primary
chr4:36212012|36231267	chr4	36212012	36231267	exon	GBM primary
chr4:36230204|36231267	chr4	36230204	36231267	exon	GBM primary
chr4:37633007|37640126	chr4	37633007	37640126	exon	GBM primary
chr4:39739040|39757359	chr4	39739040	39757359	exon	GBM primary
chr4:39915231|39927553	chr4	39915231	39927553	exon	GBM primary
chr4:40108520|40119644	chr4	40108520	40119644	exon	GBM primary
chr4:41663437|41673611	chr4	41663437	41673611	exon	GBM primary
chr4:48371866|48385801	chr4	48371866	48385801	exon	GBM primary
chr4:48371866|48396670	chr4	48371866	48396670	exon	GBM primary
chr4:52729603|52744020	chr4	52729603	52744020	exon	GBM primary
chr4:52729603|52752804	chr4	52729603	52752804	exon	GBM primary
chr4:52729603|52765544	chr4	52729603	52765544	exon	GBM primary
chr4:54249940|54294350	chr4	54249940	54294350	exon	GBM primary
chr4:54280782|54294350	chr4	54280782	54294350	exon	GBM primary
chr4:54292039|54294350	chr4	54292039	54294350	exon	GBM primary
chr4:56277781|56284152	chr4	56277781	56284152	exon	GBM primary
chr4:56319221|56322467	chr4	56319221	56322467	exon	GBM primary
chr4:56342130|56348995	chr4	56342130	56348995	exon	GBM primary
chr4:56883814|56885721	chr4	56883814	56885721	exon	GBM primary
chr4:57138487|57138658	chr4	57138487	57138658	exon	GBM primary
chr4:72205087|72222904	chr4	72205087	72222904	exon	GBM primary
chr4:73950966|73958017	chr4	73950966	73958017	exon	GBM primary
chr4:73956384|73958017	chr4	73956384	73958017	exon	GBM primary
chr4:75040223|75091111	chr4	75040223	75091111	exon	GBM primary
chr4:76885288|76903190	chr4	76885288	76903190	exon	GBM primary
chr4:77055328|77065626	chr4	77055328	77065626	exon	GBM primary
chr4:77065302|77065626	chr4	77065302	77065626	exon	GBM primary
chr4:77969602|77987558	chr4	77969602	77987558	exon	GBM primary
chr4:78694235|78697546	chr4	78694235	78697546	exon	GBM primary
chr4:79763539|79772210	chr4	79763539	79772210	exon	GBM primary
chr4:83793097|83796975	chr4	83793097	83796975	exon	GBM primary
chr4:87622394|87622954	chr4	87622394	87622954	exon	GBM primary
chr4:87685746|87689129	chr4	87685746	87689129	exon	GBM primary
chr4:88091231|88116842	chr4	88091231	88116842	exon	GBM primary
chr4:88116476|88116842	chr4	88116476	88116842	exon	GBM primary
chr4:95506716|95561601	chr4	95506716	95561601	exon	GBM primary
chr4:110580167|110585550	chr4	110580167	110585550	exon	GBM primary
chr4:113483527|113506881	chr4	113483527	113506881	exon	GBM primary
chr4:114421619|114469885	chr4	114421619	114469885	exon	GBM primary
chr4:123091770|123097069	chr4	123091770	123097069	exon	GBM primary
chr4:128590191|128609022	chr4	128590191	128609022	exon	GBM primary
chr4:128904094|128910976	chr4	128904094	128910976	exon	GBM primary
chr4:129857810|129925031	chr4	129857810	129925031	exon	GBM primary
chr4:129913322|129925031	chr4	129913322	129925031	exon	GBM primary
chr4:129919029|129925031	chr4	129919029	129925031	exon	GBM primary
chr4:140046318|140060651	chr4	140046318	140060651	exon	GBM primary
chr4:140058784|140060651	chr4	140058784	140060651	exon	GBM primary
chr4:144464662|144465125	chr4	144464662	144465125	exon	GBM primary
chr4:146744574|146770713	chr4	146744574	146770713	exon	GBM primary
chr4:146767108|146770713	chr4	146767108	146770713	exon	GBM primary
chr4:146791397|146813567	chr4	146791397	146813567	exon	GBM primary
chr4:148860976|148876525	chr4	148860976	148876525	exon	GBM primary
chr4:151023630|151023964	chr4	151023630	151023964	exon	GBM primary
chr4:151023630|151054413	chr4	151023630	151054413	intron	GBM primary
chr4:151336590|151412187	chr4	151336590	151412187	exon	GBM primary
chr4:151388825|151412187	chr4	151388825	151412187	exon	GBM primary
chr4:151656410|151729550	chr4	151656410	151729550	exon	GBM primary
chr4:151656410|151753128	chr4	151656410	151753128	exon	GBM primary
chr4:153332455|153333681	chr4	153332455	153333681	exon	GBM primary
chr4:170458960|170477246	chr4	170458960	170477246	exon	GBM primary
chr4:170501993|170511960	chr4	170501993	170511960	exon	GBM primary
chr4:186096940|186097205	chr4	186096940	186097205	exon	GBM primary
chr5:10415600|10417516	chr5	10415600	10417516	exon	GBM primary
chr5:11082808|11098860	chr5	11082808	11098860	exon	GBM primary
chr5:16779654|16783578	chr5	16779654	16783578	exon	GBM primary
chr5:31421379|31424578	chr5	31421379	31424578	exon	GBM primary
chr5:31448654|31451747	chr5	31448654	31451747	exon	GBM primary
chr5:31995682|32010588	chr5	31995682	32010588	exon	GBM primary
chr5:32135678|32143986	chr5	32135678	32143986	exon	GBM primary
chr5:37238959|37239971	chr5	37238959	37239971	exon	GBM primary
chr5:38481401|38530768	chr5	38481401	38530768	exon	GBM primary
chr5:38523521|38530768	chr5	38523521	38530768	exon	GBM primary
chr5:43161351|43162033	chr5	43161351	43162033	exon	GBM primary
chr5:43675613|43704502	chr5	43675613	43704502	exon	GBM primary
chr5:53839009|53902336	chr5	53839009	53902336	intergenic_region	GBM primary
chr5:56160561|56161804	chr5	56160561	56161804	exon	GBM primary
chr5:56542127|56546968	chr5	56542127	56546968	exon	GBM primary
chr5:60768508|60790237	chr5	60768508	60790237	exon	GBM primary
chr5:64084778|64100213	chr5	64084778	64100213	exon	GBM primary
chr5:64863340|64868113	chr5	64863340	64868113	exon	GBM primary
chr5:65284463|65290692	chr5	65284463	65290692	exon	GBM primary
chr5:65284463|65310553	chr5	65284463	65310553	exon	GBM primary
chr5:65349234|65350779	chr5	65349234	65350779	exon	GBM primary
chr5:67522118|67522837	chr5	67522118	67522837	exon	GBM primary
chr5:68590620|68607031	chr5	68590620	68607031	exon	GBM primary
chr5:72157635|72161556	chr5	72157635	72161556	exon	GBM primary
chr5:72370569|72373320	chr5	72370569	72373320	exon	GBM primary
chr5:74130251|74137504	chr5	74130251	74137504	exon	GBM primary
chr5:76745585|76759051	chr5	76745585	76759051	exon	GBM primary
chr5:76745585|76785397	chr5	76745585	76785397	exon	GBM primary
chr5:78734833|78752841	chr5	78734833	78752841	exon	GBM primary
chr5:82832826|82838087	chr5	82832826	82838087	exon	GBM primary
chr5:87516380|87541609	chr5	87516380	87541609	intron	GBM primary
chr5:92889467|92899169	chr5	92889467	92899169	exon	GBM primary
chr5:95091100|95099324	chr5	95091100	95099324	exon	GBM primary
chr5:102432245|102433485	chr5	102432245	102433485	exon	GBM primary
chr5:109049221|109051965	chr5	109049221	109051965	exon	GBM primary
chr5:109049221|109065214	chr5	109049221	109065214	exon	GBM primary
chr5:109103236|109125228	chr5	109103236	109125228	exon	GBM primary
chr5:112102023|112137080	chr5	112102023	112137080	exon	GBM primary
chr5:113740135|113740553	chr5	113740135	113740553	exon	GBM primary
chr5:122881111|122893258	chr5	122881111	122893258	exon	GBM primary
chr5:124036707|124036962	chr5	124036707	124036962	exon	GBM primary
chr5:130840319|130883883	chr5	130840319	130883883	exon	GBM primary
chr5:132227856|132228810	chr5	132227856	132228810	exon	GBM primary
chr5:132426885|132428481	chr5	132426885	132428481	exon	GBM primary
chr5:133638281|133657594	chr5	133638281	133657594	exon	GBM primary
chr5:133647983|133657594	chr5	133647983	133657594	exon	GBM primary
chr5:134113264|134121276	chr5	134113264	134121276	exon	GBM primary
chr5:137278564|137278905	chr5	137278564	137278905	exon	GBM primary
chr5:137288317|137290065	chr5	137288317	137290065	exon	GBM primary
chr5:137320946|137324004	chr5	137320946	137324004	exon	GBM primary
chr5:137342679|137347634	chr5	137342679	137347634	exon	GBM primary
chr5:138979957|138994551	chr5	138979957	138994551	exon	GBM primary
chr5:138994171|138994551	chr5	138994171	138994551	exon	GBM primary
chr5:139819704|139828890	chr5	139819704	139828890	exon	GBM primary
chr5:142434004|142526946	chr5	142434004	142526946	exon	GBM primary
chr5:151169884|151170623	chr5	151169884	151170623	exon	GBM primary
chr5:153413351|153414527	chr5	153413351	153414527	exon	GBM primary
chr5:159437507|159478190	chr5	159437507	159478190	exon	GBM primary
chr5:167915607|167921655	chr5	167915607	167921655	exon	GBM primary
chr5:172535627|172550205	chr5	172535627	172550205	exon	GBM primary
chr5:176370336|176385155	chr5	176370336	176385155	exon	GBM primary
chr5:176963359|176966148	chr5	176963359	176966148	exon	GBM primary
chr6:3076998|3078169	chr6	3076998	3078169	exon	GBM primary
chr6:4891947|4892613	chr6	4891947	4892613	exon	GBM primary
chr6:10813877|10819173	chr6	10813877	10819173	exon	GBM primary
chr6:13228048|13230425	chr6	13228048	13230425	exon	GBM primary
chr6:13632602|13644961	chr6	13632602	13644961	exon	GBM primary
chr6:13639795|13644961	chr6	13639795	13644961	exon	GBM primary
chr6:16326625|16328701	chr6	16326625	16328701	exon	GBM primary
chr6:18160114|18166609	chr6	18160114	18166609	exon	GBM primary
chr6:18236683|18258636	chr6	18236683	18258636	exon	GBM primary
chr6:18256592|18258636	chr6	18256592	18258636	exon	GBM primary
chr6:22020568|22020771	chr6	22020568	22020771	exon	GBM primary
chr6:32489682|32549615	chr6	32489682	32549615	intergenic_region	GBM primary
chr6:47251674|47254331	chr6	47251674	47254331	exon	GBM primary
chr6:54013854|54067031	chr6	54013854	54067031	exon	GBM primary
chr6:56564451|56569167	chr6	56564451	56569167	exon	GBM primary
chr6:62362160|62407158	chr6	62362160	62407158	intergenic_region	GBM primary
chr6:64389901|64395812	chr6	64389901	64395812	exon	GBM primary
chr6:69640451|69653886	chr6	69640451	69653886	exon	GBM primary
chr6:69723930|69759238	chr6	69723930	69759238	exon	GBM primary
chr6:69723930|69785930	chr6	69723930	69785930	exon	GBM primary
chr6:73005640|73043538	chr6	73005640	73043538	exon	GBM primary
chr6:73016961|73043538	chr6	73016961	73043538	exon	GBM primary
chr6:76331248|76344527	chr6	76331248	76344527	exon	GBM primary
chr6:76344423|76373234	chr6	76344423	76373234	exon	GBM primary
chr6:79752560|79770535	chr6	79752560	79770535	exon	GBM primary
chr6:79770195|79770535	chr6	79770195	79770535	exon	GBM primary
chr6:83841895|83851765	chr6	83841895	83851765	exon	GBM primary
chr6:84894905|84913814	chr6	84894905	84913814	exon	GBM primary
chr6:84903327|84925640	chr6	84903327	84925640	exon	GBM primary
chr6:87920169|87928449	chr6	87920169	87928449	intron	GBM primary
chr6:87925621|87928449	chr6	87925621	87928449	exon	GBM primary
chr6:87925621|87943245	chr6	87925621	87943245	exon	GBM primary
chr6:89479493|89563483	chr6	89479493	89563483	exon	GBM primary
chr6:90088943|90097309	chr6	90088943	90097309	exon	GBM primary
chr6:99347144|99382755	chr6	99347144	99382755	exon	GBM primary
chr6:99912480|99958106	chr6	99912480	99958106	exon	GBM primary
chr6:99973940|99979666	chr6	99973940	99979666	exon	GBM primary
chr6:105280917|105291173	chr6	105280917	105291173	exon	GBM primary
chr6:106696025|106756366	chr6	106696025	106756366	exon	GBM primary
chr6:107824861|107827631	chr6	107824861	107827631	exon	GBM primary
chr6:109175428|109197553	chr6	109175428	109197553	exon	GBM primary
chr6:109721238|109748359	chr6	109721238	109748359	exon	GBM primary
chr6:109740390|109757402	chr6	109740390	109757402	exon	GBM primary
chr6:109748050|109752548	chr6	109748050	109752548	exon	GBM primary
chr6:111941577|111976759	chr6	111941577	111976759	intergenic_region	GBM primary
chr6:117010483|117013555	chr6	117010483	117013555	exon	GBM primary
chr6:117019867|117026323	chr6	117019867	117026323	exon	GBM primary
chr6:118832461|118887479	chr6	118832461	118887479	exon	GBM primary
chr6:131247745|131277639	chr6	131247745	131277639	exon	GBM primary
chr6:135360711|135363264	chr6	135360711	135363264	exon	GBM primary
chr6:135621638|135716034	chr6	135621638	135716034	exon	GBM primary
chr6:135981122|136010874	chr6	135981122	136010874	intron	GBM primary
chr6:137015278|137019820	chr6	137015278	137019820	exon	GBM primary
chr6:138794443|138817508	chr6	138794443	138817508	exon	GBM primary
chr6:139264650|139265759	chr6	139264650	139265759	exon	GBM primary
chr6:144808684|144814592	chr6	144808684	144814592	exon	GBM primary
chr6:144858718|144860579	chr6	144858718	144860579	exon	GBM primary
chr6:144858718|144864006	chr6	144858718	144864006	exon	GBM primary
chr6:145103058|145124283	chr6	145103058	145124283	exon	GBM primary
chr6:148789681|148795358	chr6	148789681	148795358	exon	GBM primary
chr6:149663821|149700654	chr6	149663821	149700654	exon	GBM primary
chr6:154520802|154544377	chr6	154520802	154544377	exon	GBM primary
chr6:155095123|155116273	chr6	155095123	155116273	exon	GBM primary
chr6:157431606|157454341	chr6	157431606	157454341	exon	GBM primary
chr6:158703295|158735300	chr6	158703295	158735300	exon	GBM primary
chr6:158733083|158735300	chr6	158733083	158735300	exon	GBM primary
chr6:163876311|163876453	chr6	163876311	163876453	exon	GBM primary
chr6:163876311|163899928	chr6	163876311	163899928	exon	GBM primary
chr6:163876311|163956157	chr6	163876311	163956157	exon	GBM primary
chr6:167435897|167447459	chr6	167435897	167447459	exon	GBM primary
chr6:168271063|168290006	chr6	168271063	168290006	exon	GBM primary
chr6:169982932|170034621	chr6	169982932	170034621	exon	GBM primary
chr6:170159934|170168267	chr6	170159934	170168267	exon	GBM primary
chr6:170846322|170858201	chr6	170846322	170858201	exon	GBM primary
chr7:894557|897594	chr7	894557	897594	exon	GBM primary
chr7:2269619|2270362	chr7	2269619	2270362	exon	GBM primary
chr7:2403267|2404164	chr7	2403267	2404164	exon	GBM primary
chr7:2617876|2618160	chr7	2617876	2618160	exon	GBM primary
chr7:5942292|5949747	chr7	5942292	5949747	exon	GBM primary
chr7:6472468|6476164	chr7	6472468	6476164	exon	GBM primary
chr7:6854395|6861995	chr7	6854395	6861995	exon	GBM primary
chr7:7491950|7495743	chr7	7491950	7495743	exon	GBM primary
chr7:7514232|7563880	chr7	7514232	7563880	exon	GBM primary
chr7:7545645|7559746	chr7	7545645	7559746	exon	GBM primary
chr7:7826419|7841374	chr7	7826419	7841374	intron	GBM primary
chr7:8043538|8099878	chr7	8043538	8099878	exon	GBM primary
chr7:8062113|8110761	chr7	8062113	8110761	exon	GBM primary
chr7:11091239|11101712	chr7	11091239	11101712	exon	GBM primary
chr7:12263852|12269445	chr7	12263852	12269445	exon	GBM primary
chr7:14613837|14712652	chr7	14613837	14712652	exon	GBM primary
chr7:14647059|14712652	chr7	14647059	14712652	exon	GBM primary
chr7:16255691|16317851	chr7	16255691	16317851	exon	GBM primary
chr7:16298015|16317851	chr7	16298015	16317851	exon	GBM primary
chr7:22347958|22357656	chr7	22347958	22357656	exon	GBM primary
chr7:22999875|23030758	chr7	22999875	23030758	exon	GBM primary
chr7:23650790|23651172	chr7	23650790	23651172	exon	GBM primary
chr7:24663285|24690331	chr7	24663285	24690331	exon	GBM primary
chr7:24663285|24708279	chr7	24663285	24708279	exon	GBM primary
chr7:24663285|24720139	chr7	24663285	24720139	exon	GBM primary
chr7:27668990|27672064	chr7	27668990	27672064	exon	GBM primary
chr7:27824782|27825108	chr7	27824782	27825108	exon	GBM primary
chr7:32660016|32678977	chr7	32660016	32678977	exon	GBM primary
chr7:32672155|32718742	chr7	32672155	32718742	exon	GBM primary
chr7:32852369|32860353	chr7	32852369	32860353	exon	GBM primary
chr7:33185854|33217203	chr7	33185854	33217203	exon	GBM primary
chr7:33388680|33427756	chr7	33388680	33427756	exon	GBM primary
chr7:33397467|33427756	chr7	33397467	33427756	exon	GBM primary
chr7:35050080|35058208	chr7	35050080	35058208	exon	GBM primary
chr7:35707044|35712888	chr7	35707044	35712888	exon	GBM primary
chr7:35919433|35925489	chr7	35919433	35925489	exon	GBM primary
chr7:40027198|40041630	chr7	40027198	40041630	exon	GBM primary
chr7:40037093|40041630	chr7	40037093	40041630	exon	GBM primary
chr7:42063067|42088295	chr7	42063067	42088295	exon	GBM primary
chr7:43679048|43680248	chr7	43679048	43680248	exon	GBM primary
chr7:44684926|44706450	chr7	44684926	44706450	exon	GBM primary
chr7:44714010|44714867	chr7	44714010	44714867	exon	GBM primary
chr7:44714010|44715748	chr7	44714010	44715748	exon	GBM primary
chr7:44880498|44882953	chr7	44880498	44882953	exon	GBM primary
chr7:55979309|55991392	chr7	55979309	55991392	exon	GBM primary
chr7:55990855|55991392	chr7	55990855	55991392	exon	GBM primary
chr7:56045819|56049260	chr7	56045819	56049260	exon	GBM primary
chr7:56049903|56051561	chr7	56049903	56051561	exon	GBM primary
chr7:56049903|56052571	chr7	56049903	56052571	exon	GBM primary
chr7:64004085|64004810	chr7	64004085	64004810	exon	GBM primary
chr7:65592691|65599361	chr7	65592691	65599361	exon	GBM primary
chr7:65705312|65706257	chr7	65705312	65706257	exon	GBM primary
chr7:65705312|65751696	chr7	65705312	65751696	exon	GBM primary
chr7:65751498|65751696	chr7	65751498	65751696	exon	GBM primary
chr7:70227856|70236630	chr7	70227856	70236630	exon	GBM primary
chr7:70227856|70242160	chr7	70227856	70242160	exon	GBM primary
chr7:72301272|72302378	chr7	72301272	72302378	exon	GBM primary
chr7:72883847|72884813	chr7	72883847	72884813	exon	GBM primary
chr7:73100966|73101425	chr7	73100966	73101425	exon	GBM primary
chr7:74119496|74131270	chr7	74119496	74131270	exon	GBM primary
chr7:74119496|74133260	chr7	74119496	74133260	exon	GBM primary
chr7:75103970|75145546	chr7	75103970	75145546	intergenic_region	GBM primary
chr7:75192239|75197560	chr7	75192239	75197560	exon	GBM primary
chr7:76713204|76728268	chr7	76713204	76728268	exon	GBM primary
chr7:76903011|76909970	chr7	76903011	76909970	exon	GBM primary
chr7:76903799|76909970	chr7	76903799	76909970	exon	GBM primary
chr7:77973095|77975360	chr7	77973095	77975360	exon	GBM primary
chr7:86223627|86226365	chr7	86223627	86226365	intergenic_region	GBM primary
chr7:87593949|87607727	chr7	87593949	87607727	exon	GBM primary
chr7:90355881|90377090	chr7	90355881	90377090	exon	GBM primary
chr7:90355881|90419967	chr7	90355881	90419967	exon	GBM primary
chr7:90376996|90419967	chr7	90376996	90419967	exon	GBM primary
chr7:91700219|91715000	chr7	91700219	91715000	exon	GBM primary
chr7:91924203|91957214	chr7	91924203	91957214	exon	GBM primary
chr7:91924203|91981956	chr7	91924203	91981956	exon	GBM primary
chr7:92086866|92121600	chr7	92086866	92121600	intergenic_region	GBM primary
chr7:99090663|99092254	chr7	99090663	99092254	intron	GBM primary
chr7:99621042|99621930	chr7	99621042	99621930	exon	GBM primary
chr7:99701032|99701315	chr7	99701032	99701315	exon	GBM primary
chr7:99952766|99953427	chr7	99952766	99953427	exon	GBM primary
chr7:100410369|100410830	chr7	100410369	100410830	exon	GBM primary
chr7:101870647|101870949	chr7	101870647	101870949	exon	GBM primary
chr7:102665510|102669865	chr7	102665510	102669865	exon	GBM primary
chr7:103777228|103805730	chr7	103777228	103805730	exon	GBM primary
chr7:103777228|103824619	chr7	103777228	103824619	exon	GBM primary
chr7:104702611|104722244	chr7	104702611	104722244	exon	GBM primary
chr7:104707174|104731761	chr7	104707174	104731761	exon	GBM primary
chr7:104714066|104719410	chr7	104714066	104719410	exon	GBM primary
chr7:105177822|105178016	chr7	105177822	105178016	intron	GBM primary
chr7:117874485|117899943	chr7	117874485	117899943	exon	GBM primary
chr7:121612595|121624171	chr7	121612595	121624171	exon	GBM primary
chr7:121753172|121773795	chr7	121753172	121773795	exon	GBM primary
chr7:127752203|127758786	chr7	127752203	127758786	intergenic_region	GBM primary
chr7:128655033|128658211	chr7	128655033	128658211	exon	GBM primary
chr7:128845044|128846428	chr7	128845044	128846428	exon	GBM primary
chr7:129679304|129688984	chr7	129679304	129688984	exon	GBM primary
chr7:129680791|129688984	chr7	129680791	129688984	exon	GBM primary
chr7:129760589|129762042	chr7	129760589	129762042	exon	GBM primary
chr7:131060183|131084192	chr7	131060183	131084192	exon	GBM primary
chr7:131071879|131084192	chr7	131071879	131084192	exon	GBM primary
chr7:131113792|131130662	chr7	131113792	131130662	exon	GBM primary
chr7:133002038|133041327	chr7	133002038	133041327	exon	GBM primary
chr7:134761149|134766542	chr7	134761149	134766542	exon	GBM primary
chr7:135080386|135082978	chr7	135080386	135082978	exon	GBM primary
chr7:136935977|136939721	chr7	136935977	136939721	exon	GBM primary
chr7:138189035|138200104	chr7	138189035	138200104	exon	GBM primary
chr7:138189035|138223548	chr7	138189035	138223548	exon	GBM primary
chr7:139415731|139416814	chr7	139415731	139416814	exon	GBM primary
chr7:140055468|140058585	chr7	140055468	140058585	exon	GBM primary
chr7:140285389|140302342	chr7	140285389	140302342	exon	GBM primary
chr7:140301203|140302342	chr7	140301203	140302342	exon	GBM primary
chr7:140476712|140508795	chr7	140476712	140508795	exon	GBM primary
chr7:141336760|141349133	chr7	141336760	141349133	exon	GBM primary
chr7:148529726|148544397	chr7	148529726	148544397	exon	GBM primary
chr7:148543562|148544397	chr7	148543562	148544397	exon	GBM primary
chr7:151946961|151948051	chr7	151946961	151948051	exon	GBM primary
chr7:152007051|152012423	chr7	152007051	152012423	exon	GBM primary
chr7:152561970|152563402	chr7	152561970	152563402	intergenic_region	GBM primary
chr7:155457869|155473602	chr7	155457869	155473602	exon	GBM primary
chr7:155465561|155473602	chr7	155465561	155473602	exon	GBM primary
chr7:156758964|156759786	chr7	156758964	156759786	exon	GBM primary
chr7:158580695|158591763	chr7	158580695	158591763	exon	GBM primary
chr7:158662546|158669382	chr7	158662546	158669382	exon	GBM primary
chr8:10065343|10177499	chr8	10065343	10177499	exon	GBM primary
chr8:10938403|10939926	chr8	10938403	10939926	intron	GBM primary
chr8:17123416|17126465	chr8	17123416	17126465	exon	GBM primary
chr8:17123416|17143936	chr8	17123416	17143936	exon	GBM primary
chr8:17125767|17143936	chr8	17125767	17143936	exon	GBM primary
chr8:17868746|17869336	chr8	17868746	17869336	exon	GBM primary
chr8:18622959|18662408	chr8	18622959	18662408	exon	GBM primary
chr8:18656805|18662408	chr8	18656805	18662408	exon	GBM primary
chr8:21847861|21851962	chr8	21847861	21851962	exon	GBM primary
chr8:22332467|22333137	chr8	22332467	22333137	exon	GBM primary
chr8:26439485|26441499	chr8	26439485	26441499	exon	GBM primary
chr8:27151597|27151827	chr8	27151597	27151827	exon	GBM primary
chr8:28570974|28575724	chr8	28570974	28575724	exon	GBM primary
chr8:28837588|28876430	chr8	28837588	28876430	exon	GBM primary
chr8:29959414|29962002	chr8	29959414	29962002	exon	GBM primary
chr8:37623044|37623873	chr8	37623044	37623873	exon	GBM primary
chr8:41832222|41836295	chr8	41832222	41836295	exon	GBM primary
chr8:42183488|42186732	chr8	42183488	42186732	exon	GBM primary
chr8:42401612|42403923	chr8	42401612	42403923	exon	GBM primary
chr8:42761316|42798588	chr8	42761316	42798588	exon	GBM primary
chr8:42780700|42798588	chr8	42780700	42798588	exon	GBM primary
chr8:42812237|42819617	chr8	42812237	42819617	exon	GBM primary
chr8:42914235|42919358	chr8	42914235	42919358	exon	GBM primary
chr8:48308936|48320523	chr8	48308936	48320523	exon	GBM primary
chr8:48308936|48353104	chr8	48308936	48353104	exon	GBM primary
chr8:48320423|48353104	chr8	48320423	48353104	exon	GBM primary
chr8:48508373|48511758	chr8	48508373	48511758	exon	GBM primary
chr8:51351103|51363289	chr8	51351103	51363289	exon	GBM primary
chr8:51415338|51449368	chr8	51415338	51449368	exon	GBM primary
chr8:51442737|51449368	chr8	51442737	51449368	exon	GBM primary
chr8:52773405|52773806	chr8	52773405	52773806	exon	GBM primary
chr8:61121309|61139494	chr8	61121309	61139494	exon	GBM primary
chr8:61496767|61504528	chr8	61496767	61504528	exon	GBM primary
chr8:61653818|61655656	chr8	61653818	61655656	exon	GBM primary
chr8:61712947|61720831	chr8	61712947	61720831	exon	GBM primary
chr8:62531537|62557191	chr8	62531537	62557191	exon	GBM primary
chr8:62531537|62566219	chr8	62531537	62566219	exon	GBM primary
chr8:62593527|62596747	chr8	62593527	62596747	exon	GBM primary
chr8:67900635|67925331	chr8	67900635	67925331	exon	GBM primary
chr8:68015272|68049838	chr8	68015272	68049838	exon	GBM primary
chr8:68018140|68028357	chr8	68018140	68028357	exon	GBM primary
chr8:68044186|68049838	chr8	68044186	68049838	exon	GBM primary
chr8:68211444|68214701	chr8	68211444	68214701	exon	GBM primary
chr8:69434034|69445384	chr8	69434034	69445384	exon	GBM primary
chr8:71126138|71128999	chr8	71126138	71128999	exon	GBM primary
chr8:72156838|72246409	chr8	72156838	72246409	exon	GBM primary
chr8:72211282|72246409	chr8	72211282	72246409	exon	GBM primary
chr8:72229787|72246409	chr8	72229787	72246409	exon	GBM primary
chr8:74585342|74601048	chr8	74585342	74601048	exon	GBM primary
chr8:77745574|77755007	chr8	77745574	77755007	exon	GBM primary
chr8:77761231|77768536	chr8	77761231	77768536	exon	GBM primary
chr8:79598702|79627563	chr8	79598702	79627563	exon	GBM primary
chr8:81411729|81412617	chr8	81411729	81412617	exon	GBM primary
chr8:90734243|90737869	chr8	90734243	90737869	exon	GBM primary
chr8:92301364|92330608	chr8	92301364	92330608	exon	GBM primary
chr8:94776070|94797606	chr8	94776070	94797606	exon	GBM primary
chr8:94798451|94803547	chr8	94798451	94803547	exon	GBM primary
chr8:95549331|95550574	chr8	95549331	95550574	exon	GBM primary
chr8:98731277|98735263	chr8	98731277	98735263	exon	GBM primary
chr8:98817581|98837381	chr8	98817581	98837381	exon	GBM primary
chr8:99538970|99560389	chr8	99538970	99560389	exon	GBM primary
chr8:99718695|99719539	chr8	99718695	99719539	exon	GBM primary
chr8:99718695|99735197	chr8	99718695	99735197	exon	GBM primary
chr8:100286426|100287482	chr8	100286426	100287482	exon	GBM primary
chr8:100515064|100523740	chr8	100515064	100523740	exon	GBM primary
chr8:101051159|101092583	chr8	101051159	101092583	exon	GBM primary
chr8:101059691|101078524	chr8	101059691	101078524	exon	GBM primary
chr8:101059691|101092583	chr8	101059691	101092583	exon	GBM primary
chr8:101271335|101287389	chr8	101271335	101287389	exon	GBM primary
chr8:101721361|101725409	chr8	101721361	101725409	exon	GBM primary
chr8:101724590|101725409	chr8	101724590	101725409	exon	GBM primary
chr8:103372299|103373854	chr8	103372299	103373854	exon	GBM primary
chr8:120800578|120810086	chr8	120800578	120810086	exon	GBM primary
chr8:124346118|124348772	chr8	124346118	124348772	exon	GBM primary
chr8:124349865|124351686	chr8	124349865	124351686	exon	GBM primary
chr8:126021213|126021585	chr8	126021213	126021585	exon	GBM primary
chr8:128902835|128903244	chr8	128902835	128903244	exon	GBM primary
chr8:131164982|131181313	chr8	131164982	131181313	exon	GBM primary
chr8:131164982|131193126	chr8	131164982	131193126	exon	GBM primary
chr8:131370263|131374017	chr8	131370263	131374017	exon	GBM primary
chr8:133634857|133673873	chr8	133634857	133673873	exon	GBM primary
chr8:141727697|141774389	chr8	141727697	141774389	exon	GBM primary
chr8:141771264|141900868	chr8	141771264	141900868	exon	GBM primary
chr8:141828376|141900868	chr8	141828376	141900868	exon	GBM primary
chr8:141840571|141874498	chr8	141840571	141874498	exon	GBM primary
chr8:141840571|141889736	chr8	141840571	141889736	exon	GBM primary
chr8:141840571|141900868	chr8	141840571	141900868	exon	GBM primary
chr8:141856359|141900868	chr8	141856359	141900868	exon	GBM primary
chr8:141874411|141900868	chr8	141874411	141900868	exon	GBM primary
chr8:141889570|141900868	chr8	141889570	141900868	exon	GBM primary
chr8:142264088|142264728	chr8	142264088	142264728	exon	GBM primary
chr8:146105750|146108221	chr8	146105750	146108221	exon	GBM primary
chr9:4117768|4118881	chr9	4117768	4118881	exon	GBM primary
chr9:4117768|4125941	chr9	4117768	4125941	exon	GBM primary
chr9:4286038|4286523	chr9	4286038	4286523	exon	GBM primary
chr9:4860125|4860901	chr9	4860125	4860901	exon	GBM primary
chr9:5968019|5988545	chr9	5968019	5988545	exon	GBM primary
chr9:14120439|14179779	chr9	14120439	14179779	exon	GBM primary
chr9:14146688|14179779	chr9	14146688	14179779	exon	GBM primary
chr9:19415365|19416226	chr9	19415365	19416226	intron	GBM primary
chr9:20715321|20874806	chr9	20715321	20874806	exon	GBM primary
chr9:33271150|33278223	chr9	33271150	33278223	exon	GBM primary
chr9:33948372|33956144	chr9	33948372	33956144	exon	GBM primary
chr9:33953283|33963789	chr9	33953283	33963789	exon	GBM primary
chr9:33953283|33996331	chr9	33953283	33996331	exon	GBM primary
chr9:33960824|33973235	chr9	33960824	33973235	exon	GBM primary
chr9:33960824|33989124	chr9	33960824	33989124	exon	GBM primary
chr9:33971649|33973235	chr9	33971649	33973235	exon	GBM primary
chr9:37126309|37127260	chr9	37126309	37127260	intron	GBM primary
chr9:37126309|37147442	chr9	37126309	37147442	exon	GBM primary
chr9:78682871|78722267	chr9	78682871	78722267	exon	GBM primary
chr9:82319698|82324614	chr9	82319698	82324614	exon	GBM primary
chr9:86274695|86301070	chr9	86274695	86301070	intergenic_region	GBM primary
chr9:86279945|86292876	chr9	86279945	86292876	exon	GBM primary
chr9:86292642|86293514	chr9	86292642	86293514	exon	GBM primary
chr9:86293356|86301070	chr9	86293356	86301070	exon	GBM primary
chr9:87317074|87325706	chr9	87317074	87325706	exon	GBM primary
chr9:87338488|87367000	chr9	87338488	87367000	exon	GBM primary
chr9:87356807|87367000	chr9	87356807	87367000	exon	GBM primary
chr9:91033765|91041506	chr9	91033765	91041506	exon	GBM primary
chr9:91680444|91727541	chr9	91680444	91727541	exon	GBM primary
chr9:96233423|96238620	chr9	96233423	96238620	exon	GBM primary
chr9:96233423|96261168	chr9	96233423	96261168	exon	GBM primary
chr9:98740343|98766983	chr9	98740343	98766983	exon	GBM primary
chr9:99220661|99220823	chr9	99220661	99220823	exon	GBM primary
chr9:99220661|99228060	chr9	99220661	99228060	exon	GBM primary
chr9:99271955|99327765	chr9	99271955	99327765	exon	GBM primary
chr9:99284788|99327765	chr9	99284788	99327765	exon	GBM primary
chr9:100109596|100112837	chr9	100109596	100112837	exon	GBM primary
chr9:103261047|103279053	chr9	103261047	103279053	exon	GBM primary
chr9:107513237|107521452	chr9	107513237	107521452	exon	GBM primary
chr9:108467878|108510471	chr9	108467878	108510471	exon	GBM primary
chr9:111812563|111812972	chr9	111812563	111812972	exon	GBM primary
chr9:111868788|111870850	chr9	111868788	111870850	exon	GBM primary
chr9:113734353|113735838	chr9	113734353	113735838	exon	GBM primary
chr9:114289548|114296633	chr9	114289548	114296633	exon	GBM primary
chr9:114296019|114296633	chr9	114296019	114296633	exon	GBM primary
chr9:114549073|114550227	chr9	114549073	114550227	intron	GBM primary
chr9:115030329|115060196	chr9	115030329	115060196	exon	GBM primary
chr9:124736288|124752049	chr9	124736288	124752049	exon	GBM primary
chr9:126519982|126641300	chr9	126519982	126641300	exon	GBM primary
chr9:127064215|127076264	chr9	127064215	127076264	exon	GBM primary
chr9:128099297|128099870	chr9	128099297	128099870	exon	GBM primary
chr9:128677965|128697886	chr9	128677965	128697886	exon	GBM primary
chr9:130106514|130107756	chr9	130106514	130107756	exon	GBM primary
chr9:134381501|134381840	chr9	134381501	134381840	exon	GBM primary
chr9:138741983|138774924	chr9	138741983	138774924	exon	GBM primary
chr9:138773479|138774924	chr9	138773479	138774924	exon	GBM primary
chrX:8536273|8565297	chrX	8536273	8565297	exon	GBM primary
chrX:8553308|8565297	chrX	8553308	8565297	exon	GBM primary
chrX:14868627|14877456	chrX	14868627	14877456	exon	GBM primary
chrX:36116910|36122808	chrX	36116910	36122808	exon	GBM primary
chrX:41519692|41530783	chrX	41519692	41530783	exon	GBM primary
chrX:44383248|44386611	chrX	44383248	44386611	exon	GBM primary
chrX:54334355|54337724	chrX	54334355	54337724	exon	GBM primary
chrX:54662668|54662860	chrX	54662668	54662860	intergenic_region	GBM primary
chrX:67316712|67426515	chrX	67316712	67426515	exon	GBM primary
chrX:110385324|110416309	chrX	110385324	110416309	exon	GBM primary
chrX:128687213|128688423	chrX	128687213	128688423	exon	GBM primary
chrX:134679348|134690225	chrX	134679348	134690225	exon	GBM primary
chrX:139865340|139866824	chrX	139865340	139866824	exon	GBM primary
chrY:2821950|2829687	chrY	2821950	2829687	exon	GBM primary
chrY:21749096|21749393	chrY	21749096	21749393	exon	GBM primary
chr1:741179|745550	chr1	741179	745550	exon	GBM primary
chr1:1586823|1588948	chr1	1586823	1588948	exon	GBM primary
chr1:6867043|6885270	chr1	6867043	6885270	exon	GBM primary
chr1:8716032|8716500	chr1	8716032	8716500	exon	GBM primary
chr1:14095613|14099683	chr1	14095613	14099683	exon	GBM primary
chr1:28200657|28201174	chr1	28200657	28201174	intron	GBM primary
chr1:28362055|28374937	chr1	28362055	28374937	exon	GBM primary
chr1:35457835|35480763	chr1	35457835	35480763	exon	GBM primary
chr1:35846860|35854683	chr1	35846860	35854683	exon	GBM primary
chr1:35936464|35944813	chr1	35936464	35944813	exon	GBM primary
chr1:39835702|39838268	chr1	39835702	39838268	exon	GBM primary
chr1:40306807|40323089	chr1	40306807	40323089	exon	GBM primary
chr1:42094420|42094618	chr1	42094420	42094618	exon	GBM primary
chr1:44877653|44878394	chr1	44877653	44878394	exon	GBM primary
chr1:48821342|48869554	chr1	48821342	48869554	exon	GBM primary
chr1:51868107|51874004	chr1	51868107	51874004	exon	GBM primary
chr1:58971732|59002413	chr1	58971732	59002413	exon	GBM primary
chr1:59805630|59812070	chr1	59805630	59812070	exon	GBM primary
chr1:67303393|67371058	chr1	67303393	67371058	exon	GBM primary
chr1:76198329|76216231	chr1	76198329	76216231	exon	GBM primary
chr1:84644860|84701047	chr1	84644860	84701047	exon	GBM primary
chr1:91808987|91818856	chr1	91808987	91818856	exon	GBM primary
chr1:93029199|93101893	chr1	93029199	93101893	exon	GBM primary
chr1:94360170|94367225	chr1	94360170	94367225	exon	GBM primary
chr1:101372408|101387397	chr1	101372408	101387397	exon	GBM primary
chr1:104108057|104258640	chr1	104108057	104258640	intergenic_region	GBM primary
chr1:114372214|114377615	chr1	114372214	114377615	exon	GBM primary
chr1:150198940|150201570	chr1	150198940	150201570	exon	GBM primary
chr1:151400299|151403317	chr1	151400299	151403317	exon	GBM primary
chr1:155340295|155340774	chr1	155340295	155340774	exon	GBM primary
chr1:155365250|155429689	chr1	155365250	155429689	exon	GBM primary
chr1:155644801|155753880	chr1	155644801	155753880	intergenic_region	GBM primary
chr1:155686797|155695810	chr1	155686797	155695810	exon	GBM primary
chr1:155837756|155838582	chr1	155837756	155838582	exon	GBM primary
chr1:172520652|172526934	chr1	172520652	172526934	exon	GBM primary
chr1:179100446|179102509	chr1	179100446	179102509	exon	GBM primary
chr1:179304641|179310445	chr1	179304641	179310445	exon	GBM primary
chr1:179955304|179975702	chr1	179955304	179975702	exon	GBM primary
chr1:179972309|179975702	chr1	179972309	179975702	exon	GBM primary
chr1:183083666|183084772	chr1	183083666	183084772	exon	GBM primary
chr1:186375215|186388209	chr1	186375215	186388209	exon	GBM primary
chr1:190195212|190250880	chr1	190195212	190250880	exon	GBM primary
chr1:202878138|202880331	chr1	202878138	202880331	exon	GBM primary
chr1:204082043|204083733	chr1	204082043	204083733	exon	GBM primary
chr1:204082043|204086835	chr1	204082043	204086835	exon	GBM primary
chr1:204082043|204092932	chr1	204082043	204092932	exon	GBM primary
chr1:204085635|204086835	chr1	204085635	204086835	exon	GBM primary
chr1:204437998|204439014	chr1	204437998	204439014	exon	GBM primary
chr1:204527769|204539874	chr1	204527769	204539874	intergenic_region	GBM primary
chr1:205156546|205156934	chr1	205156546	205156934	exon	GBM primary
chr1:211952260|211966532	chr1	211952260	211966532	exon	GBM primary
chr1:223991876|223994649	chr1	223991876	223994649	exon	GBM primary
chr1:224553581|224567357	chr1	224553581	224567357	intergenic_region	GBM primary
chr1:230798887|230810870	chr1	230798887	230810870	exon	GBM primary
chr1:231930988|231954263	chr1	231930988	231954263	exon	GBM primary
chr1:233334685|233372726	chr1	233334685	233372726	exon	GBM primary
chr1:233334685|233388534	chr1	233334685	233388534	exon	GBM primary
chr1:240286479|240351562	chr1	240286479	240351562	exon	GBM primary
chr1:240370099|240374535	chr1	240370099	240374535	exon	GBM primary
chr1:243468015|243480195	chr1	243468015	243480195	exon	GBM primary
chr1:243776973|243859018	chr1	243776973	243859018	exon	GBM primary
chr10:5836848|5842668	chr10	5836848	5842668	exon	GBM primary
chr10:7285520|7423911	chr10	7285520	7423911	exon	GBM primary
chr10:7839010|7844817	chr10	7839010	7844817	exon	GBM primary
chr10:11523769|11527910	chr10	11523769	11527910	exon	GBM primary
chr10:27431316|27434519	chr10	27431316	27434519	exon	GBM primary
chr10:31661947|31676195	chr10	31661947	31676195	exon	GBM primary
chr10:31661947|31791437	chr10	31661947	31791437	exon	GBM primary
chr10:31662051|31750166	chr10	31662051	31750166	exon	GBM primary
chr10:43650345|43654379	chr10	43650345	43654379	exon	GBM primary
chr10:65140078|65214849	chr10	65140078	65214849	intron	GBM primary
chr10:70246901|70266475	chr10	70246901	70266475	exon	GBM primary
chr10:86177527|86237420	chr10	86177527	86237420	exon	GBM primary
chr10:95790440|95792009	chr10	95790440	95792009	intergenic_region	GBM primary
chr10:102683732|102685776	chr10	102683732	102685776	exon	GBM primary
chr10:103916776|103917971	chr10	103916776	103917971	exon	GBM primary
chr10:104632205|104634418	chr10	104632205	104634418	exon	GBM primary
chr10:105891089|105924058	chr10	105891089	105924058	exon	GBM primary
chr10:111883775|111890244	chr10	111883775	111890244	exon	GBM primary
chr11:8148206|8161740	chr11	8148206	8161740	exon	GBM primary
chr11:8158925|8161740	chr11	8158925	8161740	exon	GBM primary
chr11:13435077|13443385	chr11	13435077	13443385	exon	GBM primary
chr11:17899755|18029623	chr11	17899755	18029623	exon	GBM primary
chr11:18312989|18313566	chr11	18312989	18313566	exon	GBM primary
chr11:34110942|34113603	chr11	34110942	34113603	exon	GBM primary
chr11:34978931|34999729	chr11	34978931	34999729	exon	GBM primary
chr11:46105717|46113774	chr11	46105717	46113774	exon	GBM primary
chr11:47817629|47818900	chr11	47817629	47818900	intron	GBM primary
chr11:65198240|65205128	chr11	65198240	65205128	exon	GBM primary
chr11:65268334|65268664	chr11	65268334	65268664	exon	GBM primary
chr11:68363565|68370960	chr11	68363565	68370960	exon	GBM primary
chr11:74062428|74079620	chr11	74062428	74079620	exon	GBM primary
chr11:74500671|74528759	chr11	74500671	74528759	exon	GBM primary
chr11:77322360|77336863	chr11	77322360	77336863	exon	GBM primary
chr11:77386081|77389198	chr11	77386081	77389198	exon	GBM primary
chr11:85718585|85742653	chr11	85718585	85742653	exon	GBM primary
chr11:85722073|85742653	chr11	85722073	85742653	exon	GBM primary
chr11:95825056|95826681	chr11	95825056	95826681	exon	GBM primary
chr11:101936406|101936783	chr11	101936406	101936783	intron	GBM primary
chr11:107260800|107289013	chr11	107260800	107289013	exon	GBM primary
chr11:115099833|115111140	chr11	115099833	115111140	exon	GBM primary
chr11:118997645|118997835	chr11	118997645	118997835	exon	GBM primary
chr11:120916383|120924441	chr11	120916383	120924441	exon	GBM primary
chr11:126275991|126279306	chr11	126275991	126279306	exon	GBM primary
chr12:1225032|1299218	chr12	1225032	1299218	exon	GBM primary
chr12:1372200|1399178	chr12	1372200	1399178	exon	GBM primary
chr12:4609304|4628046	chr12	4609304	4628046	exon	GBM primary
chr12:12332744|12340053	chr12	12332744	12340053	exon	GBM primary
chr12:12672796|12674397	chr12	12672796	12674397	exon	GBM primary
chr12:22643057|22659753	chr12	22643057	22659753	exon	GBM primary
chr12:27521195|27543172	chr12	27521195	27543172	exon	GBM primary
chr12:27802943|27820253	chr12	27802943	27820253	exon	GBM primary
chr12:28378728|28412375	chr12	28378728	28412375	exon	GBM primary
chr12:28458582|28460682	chr12	28458582	28460682	exon	GBM primary
chr12:29812813|29813818	chr12	29812813	29813818	exon	GBM primary
chr12:31595709|31600703	chr12	31595709	31600703	exon	GBM primary
chr12:32751431|32754357	chr12	32751431	32754357	exon	GBM primary
chr12:32751431|32778713	chr12	32751431	32778713	exon	GBM primary
chr12:50821545|50835426	chr12	50821545	50835426	exon	GBM primary
chr12:50821545|50855130	chr12	50821545	50855130	exon	GBM primary
chr12:50824278|50835426	chr12	50824278	50835426	exon	GBM primary
chr12:51449618|51450285	chr12	51449618	51450285	exon	GBM primary
chr12:51467606|51467865	chr12	51467606	51467865	exon	GBM primary
chr12:56563313|56563992	chr12	56563313	56563992	exon	GBM primary
chr12:56742313|56743420	chr12	56742313	56743420	exon	GBM primary
chr12:69214105|69222711	chr12	69214105	69222711	exon	GBM primary
chr12:70671912|70704797	chr12	70671912	70704797	exon	GBM primary
chr12:83250789|83251359	chr12	83250789	83251359	exon	GBM primary
chr12:102433646|102439897	chr12	102433646	102439897	exon	GBM primary
chr12:105289052|105322472	chr12	105289052	105322472	exon	GBM primary
chr12:105321751|105322472	chr12	105321751	105322472	exon	GBM primary
chr12:110952855|111052207	chr12	110952855	111052207	intergenic_region	GBM primary
chr12:110956481|110957721	chr12	110956481	110957721	exon	GBM primary
chr12:111923075|111924628	chr12	111923075	111924628	exon	GBM primary
chr12:111990084|111990781	chr12	111990084	111990781	exon	GBM primary
chr12:112303054|112308984	chr12	112303054	112308984	exon	GBM primary
chr12:113705648|113707650	chr12	113705648	113707650	exon	GBM primary
chr12:116674626|116675510	chr12	116674626	116675510	exon	GBM primary
chr12:121706441|121708748	chr12	121706441	121708748	exon	GBM primary
chr12:122825300|122826244	chr12	122825300	122826244	exon	GBM primary
chr12:122861936|122865105	chr12	122861936	122865105	exon	GBM primary
chr12:123818600|123832680	chr12	123818600	123832680	exon	GBM primary
chr13:26974590|26975761	chr13	26974590	26975761	exon	GBM primary
chr13:33006926|33018263	chr13	33006926	33018263	exon	GBM primary
chr13:33006926|33054774	chr13	33006926	33054774	exon	GBM primary
chr13:46559432|46594692	chr13	46559432	46594692	exon	GBM primary
chr13:46577274|46594692	chr13	46577274	46594692	exon	GBM primary
chr13:53196124|53201713	chr13	53196124	53201713	exon	GBM primary
chr13:74980452|74980917	chr13	74980452	74980917	intergenic_region	GBM primary
chr14:23395342|23396869	chr14	23395342	23396869	exon	GBM primary
chr14:31185130|31204064	chr14	31185130	31204064	exon	GBM primary
chr14:56078737|56086030	chr14	56078737	56086030	exon	GBM primary
chr14:61503777|61518853	chr14	61503777	61518853	exon	GBM primary
chr14:73749067|73754022	chr14	73749067	73754022	exon	GBM primary
chr14:91947920|91952074	chr14	91947920	91952074	exon	GBM primary
chr14:103865288|103871604	chr14	103865288	103871604	intron	GBM primary
chr14:103907901|103908429	chr14	103907901	103908429	intron	GBM primary
chr14:103941330|103958371	chr14	103941330	103958371	exon	GBM primary
chr15:25650608|25660989	chr15	25650608	25660989	exon	GBM primary
chr15:32909951|32910856	chr15	32909951	32910856	intron	GBM primary
chr15:41988273|41991357	chr15	41988273	41991357	exon	GBM primary
chr15:51743842|51745838	chr15	51743842	51745838	exon	GBM primary
chr15:52058570|52069215	chr15	52058570	52069215	exon	GBM primary
chr15:57383987|57387361	chr15	57383987	57387361	intron	GBM primary
chr15:66007816|66048810	chr15	66007816	66048810	exon	GBM primary
chr15:66828271|66839043	chr15	66828271	66839043	exon	GBM primary
chr15:72858904|72862648	chr15	72858904	72862648	exon	GBM primary
chr15:75815462|75819602	chr15	75815462	75819602	exon	GBM primary
chr15:76146727|76175765	chr15	76146727	76175765	exon	GBM primary
chr15:76576098|76585041	chr15	76576098	76585041	exon	GBM primary
chr15:86848143|86860220	chr15	86848143	86860220	exon	GBM primary
chr15:93510555|93510743	chr15	93510555	93510743	exon	GBM primary
chr15:93540187|93541851	chr15	93540187	93541851	exon	GBM primary
chr15:93543742|93558139	chr15	93543742	93558139	exon	GBM primary
chr16:3900298|3901010	chr16	3900298	3901010	exon	GBM primary
chr16:15758593|15761296	chr16	15758593	15761296	exon	GBM primary
chr16:19656208|19663412	chr16	19656208	19663412	exon	GBM primary
chr16:30740287|30740893	chr16	30740287	30740893	exon	GBM primary
chr16:47252779|47347734	chr16	47252779	47347734	exon	GBM primary
chr16:68155890|68157024	chr16	68155890	68157024	exon	GBM primary
chr16:74493580|74497377	chr16	74493580	74497377	exon	GBM primary
chr16:88008654|88017865	chr16	88008654	88017865	exon	GBM primary
chr17:526773|530556	chr17	526773	530556	exon	GBM primary
chr17:5983691|5998543	chr17	5983691	5998543	exon	GBM primary
chr17:7849046|7849304	chr17	7849046	7849304	exon	GBM primary
chr17:9843443|9850300	chr17	9843443	9850300	exon	GBM primary
chr17:11958206|12016677	chr17	11958206	12016677	exon	GBM primary
chr17:19861327|19861884	chr17	19861327	19861884	exon	GBM primary
chr17:26490569|26499644	chr17	26490569	26499644	exon	GBM primary
chr17:27248706|27254081	chr17	27248706	27254081	exon	GBM primary
chr17:33390595|33393485	chr17	33390595	33393485	intron	GBM primary
chr17:38282436|38282659	chr17	38282436	38282659	exon	GBM primary
chr17:40652725|40653322	chr17	40652725	40653322	exon	GBM primary
chr17:40990748|40991397	chr17	40990748	40991397	exon	GBM primary
chr17:43552466|43553092	chr17	43552466	43553092	exon	GBM primary
chr17:44248221|44249598	chr17	44248221	44249598	exon	GBM primary
chr17:47388674|47390207	chr17	47388674	47390207	exon	GBM primary
chr17:48744915|48746889	chr17	48744915	48746889	exon	GBM primary
chr17:53016285|53024673	chr17	53016285	53024673	exon	GBM primary
chr17:57430576|57430887	chr17	57430576	57430887	exon	GBM primary
chr17:58538024|58539422	chr17	58538024	58539422	exon	GBM primary
chr17:62587202|62602758	chr17	62587202	62602758	exon	GBM primary
chr17:64023619|64026141	chr17	64023619	64026141	exon	GBM primary
chr17:64683229|64685165	chr17	64683229	64685165	exon	GBM primary
chr17:65906993|65909303	chr17	65906993	65909303	exon	GBM primary
chr17:78298830|78302277	chr17	78298830	78302277	exon	GBM primary
chr18:6237963|6264037	chr18	6237963	6264037	exon	GBM primary
chr18:9182380|9239554	chr18	9182380	9239554	exon	GBM primary
chr18:9775275|9815219	chr18	9775275	9815219	exon	GBM primary
chr18:12999420|13030607	chr18	12999420	13030607	exon	GBM primary
chr18:18597459|18597673	chr18	18597459	18597673	intron	GBM primary
chr18:19116003|19164401	chr18	19116003	19164401	exon	GBM primary
chr18:21644104|21649235	chr18	21644104	21649235	exon	GBM primary
chr18:21745029|21752447	chr18	21745029	21752447	exon	GBM primary
chr18:22775124|22902151	chr18	22775124	22902151	exon	GBM primary
chr18:29412047|29419420	chr18	29412047	29419420	exon	GBM primary
chr18:33606863|33613800	chr18	33606863	33613800	exon	GBM primary
chr18:39607407|39629569	chr18	39607407	39629569	exon	GBM primary
chr18:39623697|39629569	chr18	39623697	39629569	exon	GBM primary
chr18:42529846|42533305	chr18	42529846	42533305	exon	GBM primary
chr18:48189459|48190874	chr18	48189459	48190874	exon	GBM primary
chr18:55398646|55399255	chr18	55398646	55399255	exon	GBM primary
chr18:59157635|59174793	chr18	59157635	59174793	exon	GBM primary
chr19:1271328|1272050	chr19	1271328	1272050	exon	GBM primary
chr19:5598804|5604947	chr19	5598804	5604947	exon	GBM primary
chr19:6110404|6176454	chr19	6110404	6176454	exon	GBM primary
chr19:6697355|6697805	chr19	6697355	6697805	exon	GBM primary
chr19:9466333|9475624	chr19	9466333	9475624	exon	GBM primary
chr19:9763629|9801945	chr19	9763629	9801945	intergenic_region	GBM primary
chr19:11833769|11836142	chr19	11833769	11836142	exon	GBM primary
chr19:12189910|12190212	chr19	12189910	12190212	exon	GBM primary
chr19:12628559|12639510	chr19	12628559	12639510	intron	GBM primary
chr19:21281618|21349264	chr19	21281618	21349264	intergenic_region	GBM primary
chr19:33604673|33605325	chr19	33604673	33605325	exon	GBM primary
chr19:34706029|34706566	chr19	34706029	34706566	exon	GBM primary
chr19:52380535|52384130	chr19	52380535	52384130	exon	GBM primary
chr19:52785364|52786666	chr19	52785364	52786666	exon	GBM primary
chr19:52909160|52909896	chr19	52909160	52909896	exon	GBM primary
chr2:9079950|9098771	chr2	9079950	9098771	intron	GBM primary
chr2:9083316|9098771	chr2	9083316	9098771	exon	GBM primary
chr2:20478344|20527139	chr2	20478344	20527139	exon	GBM primary
chr2:24283684|24286652	chr2	24283684	24286652	intergenic_region	GBM primary
chr2:27822450|27824309	chr2	27822450	27824309	exon	GBM primary
chr2:28999717|29016863	chr2	28999717	29016863	exon	GBM primary
chr2:32703703|32707650	chr2	32703703	32707650	exon	GBM primary
chr2:39107320|39108719	chr2	39107320	39108719	exon	GBM primary
chr2:44021596|44032385	chr2	44021596	44032385	exon	GBM primary
chr2:48049357|48050499	chr2	48049357	48050499	exon	GBM primary
chr2:48555700|48573890	chr2	48555700	48573890	exon	GBM primary
chr2:53977920|53992722	chr2	53977920	53992722	exon	GBM primary
chr2:55582715|55616022	chr2	55582715	55616022	exon	GBM primary
chr2:61339657|61345251	chr2	61339657	61345251	intron	GBM primary
chr2:63206323|63223901	chr2	63206323	63223901	exon	GBM primary
chr2:63660879|63798760	chr2	63660879	63798760	exon	GBM primary
chr2:65318117|65325200	chr2	65318117	65325200	exon	GBM primary
chr2:69585461|69590802	chr2	69585461	69590802	exon	GBM primary
chr2:86088304|86090608	chr2	86088304	86090608	exon	GBM primary
chr2:100029193|100052403	chr2	100029193	100052403	exon	GBM primary
chr2:100078958|100081447	chr2	100078958	100081447	exon	GBM primary
chr2:101898321|101911643	chr2	101898321	101911643	exon	GBM primary
chr2:106739426|106782539	chr2	106739426	106782539	exon	GBM primary
chr2:122363277|122363756	chr2	122363277	122363756	exon	GBM primary
chr2:152646266|152648422	chr2	152646266	152648422	exon	GBM primary
chr2:170911970|170917953	chr2	170911970	170917953	exon	GBM primary
chr2:172305191|172314987	chr2	172305191	172314987	exon	GBM primary
chr2:173825488|173832172	chr2	173825488	173832172	exon	GBM primary
chr2:177161588|177202305	chr2	177161588	177202305	exon	GBM primary
chr2:179400459|179407088	chr2	179400459	179407088	exon	GBM primary
chr2:182786675|182793005	chr2	182786675	182793005	exon	GBM primary
chr2:191765290|191789319	chr2	191765290	191789319	exon	GBM primary
chr2:197735665|197763093	chr2	197735665	197763093	exon	GBM primary
chr2:197777606|197787849	chr2	197777606	197787849	intron	GBM primary
chr2:206986484|206987081	chr2	206986484	206987081	exon	GBM primary
chr2:208841375|208842310	chr2	208841375	208842310	exon	GBM primary
chr2:209150450|209153542	chr2	209150450	209153542	exon	GBM primary
chr2:210962810|211019335	chr2	210962810	211019335	exon	GBM primary
chr2:213914437|213921823	chr2	213914437	213921823	exon	GBM primary
chr2:215632206|215661841	chr2	215632206	215661841	exon	GBM primary
chr2:230701564|230744844	chr2	230701564	230744844	exon	GBM primary
chr2:231307652|231314970	chr2	231307652	231314970	exon	GBM primary
chr2:234296903|234299129	chr2	234296903	234299129	exon	GBM primary
chr20:2928628|2945848	chr20	2928628	2945848	exon	GBM primary
chr20:18278629|18287037	chr20	18278629	18287037	exon	GBM primary
chr20:33057853|33080402	chr20	33057853	33080402	exon	GBM primary
chr20:33302394|33303169	chr20	33302394	33303169	exon	GBM primary
chr20:39721112|39729993	chr20	39721112	39729993	exon	GBM primary
chr20:40161689|40179999	chr20	40161689	40179999	exon	GBM primary
chr20:47570093|47580435	chr20	47570093	47580435	exon	GBM primary
chr20:54956489|54961589	chr20	54956489	54961589	exon	GBM primary
chr21:16386665|16415895	chr21	16386665	16415895	exon	GBM primary
chr21:16386665|16417644	chr21	16386665	16417644	intron	GBM primary
chr21:30693542|30702014	chr21	30693542	30702014	exon	GBM primary
chr21:36206707|36231875	chr21	36206707	36231875	exon	GBM primary
chr21:38792601|38798083	chr21	38792601	38798083	exon	GBM primary
chr21:45165960|45168961	chr21	45165960	45168961	exon	GBM primary
chr22:18068708|18068995	chr22	18068708	18068995	intron	GBM primary
chr22:28290543|28310335	chr22	28290543	28310335	exon	GBM primary
chr22:28306952|28310335	chr22	28306952	28310335	exon	GBM primary
chr22:28910745|28915308	chr22	28910745	28915308	intron	GBM primary
chr22:30374431|30387659	chr22	30374431	30387659	exon	GBM primary
chr22:32108069|32113277	chr22	32108069	32113277	exon	GBM primary
chr22:41277774|41278181	chr22	41277774	41278181	exon	GBM primary
chr22:43222946|43231499	chr22	43222946	43231499	exon	GBM primary
chr22:46189425|46202902	chr22	46189425	46202902	intron	GBM primary
chr3:9792629|9793633	chr3	9792629	9793633	exon	GBM primary
chr3:11399892|11468400	chr3	11399892	11468400	exon	GBM primary
chr3:11849307|11851156	chr3	11849307	11851156	exon	GBM primary
chr3:23889275|23895463	chr3	23889275	23895463	intron	GBM primary
chr3:33725851|33738425	chr3	33725851	33738425	exon	GBM primary
chr3:37376544|37396678	chr3	37376544	37396678	exon	GBM primary
chr3:47108560|47139571	chr3	47108560	47139571	exon	GBM primary
chr3:51575514|51624575	chr3	51575514	51624575	exon	GBM primary
chr3:52771602|52775515	chr3	52771602	52775515	exon	GBM primary
chr3:56661065|56662642	chr3	56661065	56662642	exon	GBM primary
chr3:57627380|57632165	chr3	57627380	57632165	exon	GBM primary
chr3:61975299|61989171	chr3	61975299	61989171	exon	GBM primary
chr3:77147165|77147491	chr3	77147165	77147491	exon	GBM primary
chr3:107429299|107451870	chr3	107429299	107451870	exon	GBM primary
chr3:114487946|114488354	chr3	114487946	114488354	intron	GBM primary
chr3:125032152|125050082	chr3	125032152	125050082	exon	GBM primary
chr3:153935658|153958368	chr3	153935658	153958368	exon	GBM primary
chr3:160942718|160953000	chr3	160942718	160953000	exon	GBM primary
chr3:167240103|167339431	chr3	167240103	167339431	exon	GBM primary
chr3:167272438|167351320	chr3	167272438	167351320	exon	GBM primary
chr3:169840379|169843795	chr3	169840379	169843795	intron	GBM primary
chr3:170077487|170079217	chr3	170077487	170079217	exon	GBM primary
chr3:170893041|170912424	chr3	170893041	170912424	exon	GBM primary
chr3:182804481|182810333	chr3	182804481	182810333	exon	GBM primary
chr3:185797606|185798964	chr3	185797606	185798964	exon	GBM primary
chr3:196118684|196129890	chr3	196118684	196129890	exon	GBM primary
chr3:196214270|196215554	chr3	196214270	196215554	exon	GBM primary
chr3:196533450|196539722	chr3	196533450	196539722	exon	GBM primary
chr3:197592294|197602646	chr3	197592294	197602646	exon	GBM primary
chr4:2701407|2702271	chr4	2701407	2702271	exon	GBM primary
chr4:39839098|39843676	chr4	39839098	39843676	exon	GBM primary
chr4:39843568|39847500	chr4	39843568	39847500	exon	GBM primary
chr4:62800558|62863983	chr4	62800558	62863983	exon	GBM primary
chr4:71628236|71634378	chr4	71628236	71634378	exon	GBM primary
chr4:72102293|72121116	chr4	72102293	72121116	exon	GBM primary
chr4:72120937|72263370	chr4	72120937	72263370	exon	GBM primary
chr4:72352665|72363409	chr4	72352665	72363409	exon	GBM primary
chr4:73985879|73991029	chr4	73985879	73991029	exon	GBM primary
chr4:77045802|77065626	chr4	77045802	77065626	exon	GBM primary
chr4:79747191|79772210	chr4	79747191	79772210	exon	GBM primary
chr4:83799883|83802075	chr4	83799883	83802075	exon	GBM primary
chr4:83799883|83803093	chr4	83799883	83803093	exon	GBM primary
chr4:87693931|87696805	chr4	87693931	87696805	exon	GBM primary
chr4:87967318|87968746	chr4	87967318	87968746	exon	GBM primary
chr4:88359429|88375607	chr4	88359429	88375607	exon	GBM primary
chr4:89340454|89341580	chr4	89340454	89341580	intron	GBM primary
chr4:95494502|95507595	chr4	95494502	95507595	exon	GBM primary
chr4:103225474|103236987	chr4	103225474	103236987	exon	GBM primary
chr4:106367540|106377902	chr4	106367540	106377902	exon	GBM primary
chr4:106832306|106832889	chr4	106832306	106832889	intron	GBM primary
chr4:114381303|114430831	chr4	114381303	114430831	exon	GBM primary
chr4:128995615|129003460	chr4	128995615	129003460	exon	GBM primary
chr4:129809834|129867307	chr4	129809834	129867307	exon	GBM primary
chr4:146823318|146824367	chr4	146823318	146824367	exon	GBM primary
chr4:155593384|155614053	chr4	155593384	155614053	intron	GBM primary
chr4:166231705|166231902	chr4	166231705	166231902	exon	GBM primary
chr4:177070958|177073118	chr4	177070958	177073118	exon	GBM primary
chr4:187627717|187630999	chr4	187627717	187630999	exon	GBM primary
chr5:5441225|5444439	chr5	5441225	5444439	exon	GBM primary
chr5:13911495|13931353	chr5	13911495	13931353	exon	GBM primary
chr5:36982267|36986403	chr5	36982267	36986403	intron	GBM primary
chr5:38991051|39003724	chr5	38991051	39003724	exon	GBM primary
chr5:41927115|41930019	chr5	41927115	41930019	exon	GBM primary
chr5:54639159|54654526	chr5	54639159	54654526	exon	GBM primary
chr5:56542127|56545403	chr5	56542127	56545403	exon	GBM primary
chr5:58284320|58289292	chr5	58284320	58289292	exon	GBM primary
chr5:60768508|60768864	chr5	60768508	60768864	exon	GBM primary
chr5:64466444|64492978	chr5	64466444	64492978	exon	GBM primary
chr5:68651476|68651780	chr5	68651476	68651780	exon	GBM primary
chr5:70798426|70808255	chr5	70798426	70808255	exon	GBM primary
chr5:72151601|72179059	chr5	72151601	72179059	exon	GBM primary
chr5:74675162|74722303	chr5	74675162	74722303	exon	GBM primary
chr5:76414145|76414346	chr5	76414145	76414346	exon	GBM primary
chr5:77385217|77461496	chr5	77385217	77461496	exon	GBM primary
chr5:78692646|78752841	chr5	78692646	78752841	exon	GBM primary
chr5:78936674|78977884	chr5	78936674	78977884	exon	GBM primary
chr5:80063752|80088663	chr5	80063752	80088663	exon	GBM primary
chr5:80071513|80088663	chr5	80071513	80088663	exon	GBM primary
chr5:95099212|95119667	chr5	95099212	95119667	exon	GBM primary
chr5:122881111|122911657	chr5	122881111	122911657	exon	GBM primary
chr5:132428392|132435344	chr5	132428392	132435344	exon	GBM primary
chr5:134076753|134079742	chr5	134076753	134079742	exon	GBM primary
chr5:138699448|138700432	chr5	138699448	138700432	exon	GBM primary
chr5:142264863|142311690	chr5	142264863	142311690	exon	GBM primary
chr5:142416761|142437312	chr5	142416761	142437312	exon	GBM primary
chr5:145144494|145205763	chr5	145144494	145205763	exon	GBM primary
chr5:145176005|145205763	chr5	145176005	145205763	exon	GBM primary
chr5:162436796|162439294	chr5	162436796	162439294	exon	GBM primary
chr5:179688684|179707608	chr5	179688684	179707608	exon	GBM primary
chr6:2263835|2273651	chr6	2263835	2273651	exon	GBM primary
chr6:5404775|5431405	chr6	5404775	5431405	exon	GBM primary
chr6:7176888|7189555	chr6	7176888	7189555	exon	GBM primary
chr6:16586011|16658132	chr6	16586011	16658132	exon	GBM primary
chr6:32088548|32089125	chr6	32088548	32089125	exon	GBM primary
chr6:32487147|32548633	chr6	32487147	32548633	intergenic_region	GBM primary
chr6:36181657|36185787	chr6	36181657	36185787	exon	GBM primary
chr6:37336260|37344809	chr6	37336260	37344809	exon	GBM primary
chr6:47471016|47472494	chr6	47471016	47472494	intron	GBM primary
chr6:52935855|52941341	chr6	52935855	52941341	exon	GBM primary
chr6:69640451|69666701	chr6	69640451	69666701	exon	GBM primary
chr6:69943182|69949118	chr6	69943182	69949118	exon	GBM primary
chr6:76357447|76369123	chr6	76357447	76369123	exon	GBM primary
chr6:76412361|76412788	chr6	76412361	76412788	exon	GBM primary
chr6:99912480|99916494	chr6	99912480	99916494	exon	GBM primary
chr6:101246589|101253756	chr6	101246589	101253756	exon	GBM primary
chr6:108243001|108250718	chr6	108243001	108250718	exon	GBM primary
chr6:131466425|131490413	chr6	131466425	131490413	exon	GBM primary
chr6:131466425|131540948	chr6	131466425	131540948	exon	GBM primary
chr6:149833291|149862722	chr6	149833291	149862722	exon	GBM primary
chr6:149893421|149903739	chr6	149893421	149903739	exon	GBM primary
chr6:151669846|151674887	chr6	151669846	151674887	exon	GBM primary
chr6:157150361|157256710	chr6	157150361	157256710	exon	GBM primary
chr6:159001972|159010814	chr6	159001972	159010814	exon	GBM primary
chr6:159004986|159010814	chr6	159004986	159010814	exon	GBM primary
chr6:160103506|160109274	chr6	160103506	160109274	exon	GBM primary
chr7:2477439|2483381	chr7	2477439	2483381	exon	GBM primary
chr7:7472104|7477093	chr7	7472104	7477093	exon	GBM primary
chr7:11021999|11030474	chr7	11021999	11030474	exon	GBM primary
chr7:17885218|17890587	chr7	17885218	17890587	exon	GBM primary
chr7:17908030|17915413	chr7	17908030	17915413	exon	GBM primary
chr7:20406635|20420454	chr7	20406635	20420454	exon	GBM primary
chr7:24663282|24708279	chr7	24663282	24708279	exon	GBM primary
chr7:28527793|28610155	chr7	28527793	28610155	exon	GBM primary
chr7:30590252|30601744	chr7	30590252	30601744	exon	GBM primary
chr7:30590252|30614497	chr7	30590252	30614497	exon	GBM primary
chr7:33407379|33427756	chr7	33407379	33427756	exon	GBM primary
chr7:40027198|40027857	chr7	40027198	40027857	exon	GBM primary
chr7:54820019|54825287	chr7	54820019	54825287	exon	GBM primary
chr7:65595731|65599361	chr7	65595731	65599361	exon	GBM primary
chr7:69364272|69364484	chr7	69364272	69364484	exon	GBM primary
chr7:72193790|72209578	chr7	72193790	72209578	exon	GBM primary
chr7:72301272|72304508	chr7	72301272	72304508	exon	GBM primary
chr7:72873866|72884813	chr7	72873866	72884813	exon	GBM primary
chr7:77214860|77230123	chr7	77214860	77230123	exon	GBM primary
chr7:90355881|90356126	chr7	90355881	90356126	exon	GBM primary
chr7:91855034|91871451	chr7	91855034	91871451	exon	GBM primary
chr7:104714066|104717880	chr7	104714066	104717880	exon	GBM primary
chr7:108039880|108040037	chr7	108039880	108040037	exon	GBM primary
chr7:115750762|115752092	chr7	115750762	115752092	exon	GBM primary
chr7:123329096|123332921	chr7	123329096	123332921	exon	GBM primary
chr7:128281257|128289036	chr7	128281257	128289036	intergenic_region	GBM primary
chr7:129019479|129053529	chr7	129019479	129053529	exon	GBM primary
chr7:129019482|129053529	chr7	129019482	129053529	exon	GBM primary
chr7:135262544|135277940	chr7	135262544	135277940	exon	GBM primary
chr7:138943234|138951149	chr7	138943234	138951149	exon	GBM primary
chr7:139083345|139092096	chr7	139083345	139092096	exon	GBM primary
chr7:139083345|139094400	chr7	139083345	139094400	exon	GBM primary
chr7:148716084|148718239	chr7	148716084	148718239	exon	GBM primary
chr7:151932902|151948051	chr7	151932902	151948051	exon	GBM primary
chr7:153555575|153562137	chr7	153555575	153562137	intergenic_region	GBM primary
chr7:156619299|156629579	chr7	156619299	156629579	exon	GBM primary
chr7:158552177|158557544	chr7	158552177	158557544	exon	GBM primary
chr8:8849058|8851764	chr8	8849058	8851764	intergenic_region	GBM primary
chr8:17601113|17613470	chr8	17601113	17613470	exon	GBM primary
chr8:30032601|30038146	chr8	30032601	30038146	exon	GBM primary
chr8:37971710|37976881	chr8	37971710	37976881	exon	GBM primary
chr8:38103751|38119117	chr8	38103751	38119117	exon	GBM primary
chr8:38994176|39009067	chr8	38994176	39009067	exon	GBM primary
chr8:42259306|42260979	chr8	42259306	42260979	exon	GBM primary
chr8:48866180|48869991	chr8	48866180	48869991	exon	GBM primary
chr8:61707545|61714152	chr8	61707545	61714152	exon	GBM primary
chr8:67513933|67514758	chr8	67513933	67514758	exon	GBM primary
chr8:74600889|74652103	chr8	74600889	74652103	exon	GBM primary
chr8:87540764|87544808	chr8	87540764	87544808	exon	GBM primary
chr8:98698896|98703416	chr8	98698896	98703416	exon	GBM primary
chr8:101174507|101196961	chr8	101174507	101196961	exon	GBM primary
chr8:105080740|105161076	chr8	105080740	105161076	exon	GBM primary
chr8:107691438|107696587	chr8	107691438	107696587	exon	GBM primary
chr8:109462052|109462721	chr8	109462052	109462721	exon	GBM primary
chr8:109462052|109468159	chr8	109462052	109468159	exon	GBM primary
chr8:141582911|141595410	chr8	141582911	141595410	exon	GBM primary
chr8:141799573|141889736	chr8	141799573	141889736	exon	GBM primary
chr9:710804|713464	chr9	710804	713464	exon	GBM primary
chr9:33948372|33953472	chr9	33948372	33953472	exon	GBM primary
chr9:37424842|37426651	chr9	37424842	37426651	exon	GBM primary
chr9:86297866|86301070	chr9	86297866	86301070	exon	GBM primary
chr9:103204188|103204638	chr9	103204188	103204638	exon	GBM primary
chr9:114148657|114154104	chr9	114148657	114154104	exon	GBM primary
chr9:123924134|123928458	chr9	123924134	123928458	exon	GBM primary
chr9:130947826|130950213	chr9	130947826	130950213	exon	GBM primary
chrX:22231021|22263526	chrX	22231021	22263526	exon	GBM primary
chrX:24190832|24197887	chrX	24190832	24197887	exon	GBM primary
chrX:46510545|46513140	chrX	46510545	46513140	exon	GBM primary
chrX:53672263|53681075	chrX	53672263	53681075	exon	GBM primary
chrX:76907604|76912143	chrX	76907604	76912143	exon	GBM primary
chrX:77270159|77275895	chrX	77270159	77275895	exon	GBM primary
chrX:100296306|100297301	chrX	100296306	100297301	exon	GBM primary
chrX:101892924|101894461	chrX	101892924	101894461	exon	GBM primary
chrX:130877124|130928494	chrX	130877124	130928494	exon	GBM primary
chrX:130883334|130928494	chrX	130883334	130928494	exon	GBM primary
chrX:149631038|149639762	chrX	149631038	149639762	exon	GBM primary
chrX:149962164|149984551	chrX	149962164	149984551	exon	GBM primary
chr1:8601273|8617582	chr1	8601273	8617582	exon	GBM primary
chr1:9119725|9121568	chr1	9119725	9121568	intron	GBM primary
chr1:9991949|9995685	chr1	9991949	9995685	exon	GBM primary
chr1:10351140|10357304	chr1	10351140	10357304	exon	GBM primary
chr1:10500404|10502498	chr1	10500404	10502498	exon	GBM primary
chr1:11133991|11137005	chr1	11133991	11137005	exon	GBM primary
chr1:12335882|12338095	chr1	12335882	12338095	exon	GBM primary
chr1:15964802|15970145	chr1	15964802	15970145	exon	GBM primary
chr1:16044388|16047883	chr1	16044388	16047883	exon	GBM primary
chr1:21071237|21107033	chr1	21071237	21107033	exon	GBM primary
chr1:23397718|23398690	chr1	23397718	23398690	exon	GBM primary
chr1:28362055|28384605	chr1	28362055	28384605	exon	GBM primary
chr1:31465237|31468067	chr1	31465237	31468067	exon	GBM primary
chr1:35846860|35855699	chr1	35846860	35855699	exon	GBM primary
chr1:38327365|38335233	chr1	38327365	38335233	intron	GBM primary
chr1:39900086|39905172	chr1	39900086	39905172	exon	GBM primary
chr1:40654727|40668286	chr1	40654727	40668286	exon	GBM primary
chr1:51032749|51050483	chr1	51032749	51050483	exon	GBM primary
chr1:52981563|52992045	chr1	52981563	52992045	exon	GBM primary
chr1:66378928|66384518	chr1	66378928	66384518	exon	GBM primary
chr1:76269416|76276492	chr1	76269416	76276492	exon	GBM primary
chr1:84644860|84680000	chr1	84644860	84680000	exon	GBM primary
chr1:87181407|87208918	chr1	87181407	87208918	exon	GBM primary
chr1:104108057|104164515	chr1	104108057	104164515	intergenic_region	GBM primary
chr1:146747017|146757164	chr1	146747017	146757164	exon	GBM primary
chr1:149239868|149255307	chr1	149239868	149255307	intergenic_region	GBM primary
chr1:150464887|150469384	chr1	150464887	150469384	exon	GBM primary
chr1:151611364|151641111	chr1	151611364	151641111	exon	GBM primary
chr1:155429588|155452240	chr1	155429588	155452240	exon	GBM primary
chr1:172100315|172222822	chr1	172100315	172222822	exon	GBM primary
chr1:179955304|179966310	chr1	179955304	179966310	exon	GBM primary
chr1:193044950|193046180	chr1	193044950	193046180	exon	GBM primary
chr1:200729967|200784772	chr1	200729967	200784772	exon	GBM primary
chr1:212218002|212220759	chr1	212218002	212220759	exon	GBM primary
chr1:219366472|219385094	chr1	219366472	219385094	exon	GBM primary
chr1:223073123|223116674	chr1	223073123	223116674	intron	GBM primary
chr1:224918164|224922408	chr1	224918164	224922408	exon	GBM primary
chr1:231954075|231954896	chr1	231954075	231954896	exon	GBM primary
chr1:235498557|235506198	chr1	235498557	235506198	exon	GBM primary
chr1:235505023|235506198	chr1	235505023	235506198	exon	GBM primary
chr1:247302018|247323115	chr1	247302018	247323115	exon	GBM primary
chr1:247319708|247323169	chr1	247319708	247323169	exon	GBM primary
chr10:1118056|1126416	chr10	1118056	1126416	exon	GBM primary
chr10:3160974|3162236	chr10	3160974	3162236	exon	GBM primary
chr10:7262373|7327916	chr10	7262373	7327916	exon	GBM primary
chr10:7318854|7423911	chr10	7318854	7423911	exon	GBM primary
chr10:7405840|7423911	chr10	7405840	7423911	intron	GBM primary
chr10:7409611|7423911	chr10	7409611	7423911	exon	GBM primary
chr10:12123471|12155063	chr10	12123471	12155063	exon	GBM primary
chr10:13705453|13717044	chr10	13705453	13717044	exon	GBM primary
chr10:26800676|26830621	chr10	26800676	26830621	exon	GBM primary
chr10:43650345|43671480	chr10	43650345	43671480	exon	GBM primary
chr10:70246901|70253327	chr10	70246901	70253327	exon	GBM primary
chr10:70404455|70406762	chr10	70404455	70406762	exon	GBM primary
chr10:70497602|70502326	chr10	70497602	70502326	exon	GBM primary
chr10:70719562|70720005	chr10	70719562	70720005	exon	GBM primary
chr10:74100547|74100928	chr10	74100547	74100928	exon	GBM primary
chr10:75156277|75160615	chr10	75156277	75160615	exon	GBM primary
chr10:88212977|88220253	chr10	88212977	88220253	exon	GBM primary
chr10:94700484|94708136	chr10	94700484	94708136	exon	GBM primary
chr10:97141442|97170534	chr10	97141442	97170534	exon	GBM primary
chr10:103558599|103567658	chr10	103558599	103567658	exon	GBM primary
chr10:105199503|105200607	chr10	105199503	105200607	exon	GBM primary
chr10:114454636|114457250	chr10	114454636	114457250	intron	GBM primary
chr10:116879949|116925405	chr10	116879949	116925405	exon	GBM primary
chr10:121275021|121286936	chr10	121275021	121286936	exon	GBM primary
chr10:126370176|126370948	chr10	126370176	126370948	exon	GBM primary
chr10:126631026|126631876	chr10	126631026	126631876	exon	GBM primary
chr11:20075626|20083905	chr11	20075626	20083905	exon	GBM primary
chr11:20424465|20448411	chr11	20424465	20448411	exon	GBM primary
chr11:29404803|29405659	chr11	29404803	29405659	intron	GBM primary
chr11:33360303|33363232	chr11	33360303	33363232	exon	GBM primary
chr11:35250884|35251180	chr11	35250884	35251180	exon	GBM primary
chr11:47380395|47397280	chr11	47380395	47397280	exon	GBM primary
chr11:61205097|61205585	chr11	61205097	61205585	exon	GBM primary
chr11:73418465|73429763	chr11	73418465	73429763	exon	GBM primary
chr11:77330651|77340944	chr11	77330651	77340944	exon	GBM primary
chr11:85685751|85695016	chr11	85685751	85695016	exon	GBM primary
chr11:89106600|89135710	chr11	89106600	89135710	exon	GBM primary
chr11:94532556|94533477	chr11	94532556	94533477	exon	GBM primary
chr11:111907997|111910121	chr11	111907997	111910121	exon	GBM primary
chr11:116734384|116744352	chr11	116734384	116744352	exon	GBM primary
chr11:118626969|118629611	chr11	118626969	118629611	exon	GBM primary
chr12:9251977|9333728	chr12	9251977	9333728	intergenic_region	GBM primary
chr12:28408514|28544344	chr12	28408514	28544344	exon	GBM primary
chr12:29446233|29450133	chr12	29446233	29450133	exon	GBM primary
chr12:32458631|32459056	chr12	32458631	32459056	exon	GBM primary
chr12:32760891|32764217	chr12	32760891	32764217	exon	GBM primary
chr12:42768665|42792796	chr12	42768665	42792796	exon	GBM primary
chr12:44537328|44605170	chr12	44537328	44605170	exon	GBM primary
chr12:46319925|46322642	chr12	46319925	46322642	exon	GBM primary
chr12:46339032|46357971	chr12	46339032	46357971	exon	GBM primary
chr12:49491349|49491888	chr12	49491349	49491888	exon	GBM primary
chr12:50848097|50855130	chr12	50848097	50855130	exon	GBM primary
chr12:51173923|51203372	chr12	51173923	51203372	exon	GBM primary
chr12:56182859|56189860	chr12	56182859	56189860	exon	GBM primary
chr12:57789532|57791981	chr12	57789532	57791981	intron	GBM primary
chr12:57928839|57929628	chr12	57928839	57929628	exon	GBM primary
chr12:95602619|95605043	chr12	95602619	95605043	exon	GBM primary
chr12:96676287|96691499	chr12	96676287	96691499	exon	GBM primary
chr12:101365084|101381448	chr12	101365084	101381448	exon	GBM primary
chr12:110922883|110925748	chr12	110922883	110925748	exon	GBM primary
chr12:112116955|112121111	chr12	112116955	112121111	exon	GBM primary
chr12:112937421|112939147	chr12	112937421	112939147	intron	GBM primary
chr12:116668238|116675510	chr12	116668238	116675510	exon	GBM primary
chr12:121614950|121615249	chr12	121614950	121615249	exon	GBM primary
chr12:133310971|133312098	chr12	133310971	133312098	exon	GBM primary
chr13:20632715|20641530	chr13	20632715	20641530	exon	GBM primary
chr13:21955573|21999817	chr13	21955573	21999817	exon	GBM primary
chr13:28748409|28752072	chr13	28748409	28752072	exon	GBM primary
chr13:30854200|30857928	chr13	30854200	30857928	exon	GBM primary
chr13:36379836|36382457	chr13	36379836	36382457	exon	GBM primary
chr13:41133646|41134997	chr13	41133646	41134997	exon	GBM primary
chr13:41400642|41411021	chr13	41400642	41411021	exon	GBM primary
chr13:43528084|43544806	chr13	43528084	43544806	exon	GBM primary
chr13:48827944|48835457	chr13	48827944	48835457	exon	GBM primary
chr13:48947541|48955579	chr13	48947541	48955579	exon	GBM primary
chr13:53007797|53009017	chr13	53007797	53009017	exon	GBM primary
chr13:76195899|76335174	chr13	76195899	76335174	exon	GBM primary
chr13:78293667|78320990	chr13	78293667	78320990	exon	GBM primary
chr13:78318418|78327493	chr13	78318418	78327493	exon	GBM primary
chr13:96636058|96651561	chr13	96636058	96651561	exon	GBM primary
chr14:31596991|31641328	chr14	31596991	31641328	exon	GBM primary
chr14:33684388|33836474	chr14	33684388	33836474	exon	GBM primary
chr14:45587231|45599993	chr14	45587231	45599993	exon	GBM primary
chr14:50190592|50192487	chr14	50190592	50192487	exon	GBM primary
chr14:57803034|57819939	chr14	57803034	57819939	intergenic_region	GBM primary
chr14:64065474|64066691	chr14	64065474	64066691	exon	GBM primary
chr14:67768106|67770316	chr14	67768106	67770316	exon	GBM primary
chr14:68228083|68229536	chr14	68228083	68229536	exon	GBM primary
chr14:73614503|73614814	chr14	73614503	73614814	exon	GBM primary
chr14:97022184|97022750	chr14	97022184	97022750	exon	GBM primary
chr14:101402109|101415933	chr14	101402109	101415933	exon	GBM primary
chr14:102659800|102661457	chr14	102659800	102661457	exon	GBM primary
chr14:103470265|103478525	chr14	103470265	103478525	exon	GBM primary
chr15:24369722|24426402	chr15	24369722	24426402	intron	GBM primary
chr15:29362771|29362916	chr15	29362771	29362916	intron	GBM primary
chr15:34134065|34137263	chr15	34134065	34137263	exon	GBM primary
chr15:41361768|41379880	chr15	41361768	41379880	exon	GBM primary
chr15:44046022|44048964	chr15	44046022	44048964	exon	GBM primary
chr15:44624186|44630515	chr15	44624186	44630515	exon	GBM primary
chr15:44843074|44843720	chr15	44843074	44843720	exon	GBM primary
chr15:44898223|44900803	chr15	44898223	44900803	exon	GBM primary
chr15:50209131|50226379	chr15	50209131	50226379	exon	GBM primary
chr15:50330965|50339661	chr15	50330965	50339661	exon	GBM primary
chr15:59204762|59205895	chr15	59204762	59205895	exon	GBM primary
chr15:59323003|59323901	chr15	59323003	59323901	exon	GBM primary
chr15:63998979|64008672	chr15	63998979	64008672	exon	GBM primary
chr15:65266940|65275931	chr15	65266940	65275931	exon	GBM primary
chr15:67524152|67529158	chr15	67524152	67529158	exon	GBM primary
chr15:72300167|72320134	chr15	72300167	72320134	exon	GBM primary
chr15:75219107|75221573	chr15	75219107	75221573	exon	GBM primary
chr15:75782549|75819602	chr15	75782549	75819602	exon	GBM primary
chr15:77020750|77021078	chr15	77020750	77021078	intron	GBM primary
chr15:77759437|77764156	chr15	77759437	77764156	exon	GBM primary
chr15:81262803|81274523	chr15	81262803	81274523	exon	GBM primary
chr15:85656608|85669605	chr15	85656608	85669605	exon	GBM primary
chr15:85657104|85658718	chr15	85657104	85658718	exon	GBM primary
chr15:100185766|100215663	chr15	100185766	100215663	exon	GBM primary
chr15:100778356|100779029	chr15	100778356	100779029	intron	GBM primary
chr15:102241289|102255166	chr15	102241289	102255166	exon	GBM primary
chr16:929570|961079	chr16	929570	961079	exon	GBM primary
chr16:1403209|1404340	chr16	1403209	1404340	intron	GBM primary
chr16:11114050|11154879	chr16	11114050	11154879	exon	GBM primary
chr16:19619500|19628130	chr16	19619500	19628130	exon	GBM primary
chr16:19627436|19628130	chr16	19627436	19628130	exon	GBM primary
chr16:19775170|19775434	chr16	19775170	19775434	exon	GBM primary
chr16:22236975|22237296	chr16	22236975	22237296	exon	GBM primary
chr16:23113640|23131567	chr16	23113640	23131567	intron	GBM primary
chr16:23654276|23672602	chr16	23654276	23672602	exon	GBM primary
chr16:28177829|28181230	chr16	28177829	28181230	exon	GBM primary
chr16:29845054|29845387	chr16	29845054	29845387	exon	GBM primary
chr16:31373157|31374074	chr16	31373157	31374074	exon	GBM primary
chr16:46708226|46711310	chr16	46708226	46711310	exon	GBM primary
chr16:48290521|48337216	chr16	48290521	48337216	exon	GBM primary
chr16:48292529|48311390	chr16	48292529	48311390	exon	GBM primary
chr16:69317951|69318147	chr16	69317951	69318147	exon	GBM primary
chr16:83940592|83945972	chr16	83940592	83945972	exon	GBM primary
chr17:4186093|4200109	chr17	4186093	4200109	exon	GBM primary
chr17:25630393|25636298	chr17	25630393	25636298	exon	GBM primary
chr17:25630393|25637200	chr17	25630393	25637200	exon	GBM primary
chr17:29061915|29111910	chr17	29061915	29111910	exon	GBM primary
chr17:30267305|30293215	chr17	30267305	30293215	exon	GBM primary
chr17:35800606|35822225	chr17	35800606	35822225	exon	GBM primary
chr17:42984396|42984702	chr17	42984396	42984702	exon	GBM primary
chr17:45447803|45456619	chr17	45447803	45456619	exon	GBM primary
chr17:45479498|45492285	chr17	45479498	45492285	exon	GBM primary
chr17:45741525|45752148	chr17	45741525	45752148	exon	GBM primary
chr17:65528918|65574373	chr17	65528918	65574373	exon	GBM primary
chr17:65941525|65944422	chr17	65941525	65944422	exon	GBM primary
chr17:76082584|76083174	chr17	76082584	76083174	exon	GBM primary
chr18:2890559|2892484	chr18	2890559	2892484	exon	GBM primary
chr18:6213148|6312055	chr18	6213148	6312055	exon	GBM primary
chr18:10759480|10773627	chr18	10759480	10773627	exon	GBM primary
chr18:51686135|51731527	chr18	51686135	51731527	exon	GBM primary
chr18:51804073|51813781	chr18	51804073	51813781	exon	GBM primary
chr18:54426096|54448887	chr18	54426096	54448887	exon	GBM primary
chr18:56585503|56587865	chr18	56585503	56587865	exon	GBM primary
chr18:59739906|59770135	chr18	59739906	59770135	exon	GBM primary
chr18:60212035|60223530	chr18	60212035	60223530	exon	GBM primary
chr18:66678171|66721370	chr18	66678171	66721370	exon	GBM primary
chr18:67613970|67614669	chr18	67613970	67614669	exon	GBM primary
chr18:67788792|67795782	chr18	67788792	67795782	exon	GBM primary
chr18:74561482|74563895	chr18	74561482	74563895	exon	GBM primary
chr18:76953183|76974038	chr18	76953183	76974038	exon	GBM primary
chr19:1791749|1792134	chr19	1791749	1792134	exon	GBM primary
chr19:6702138|6702590	chr19	6702138	6702590	exon	GBM primary
chr19:8538548|8539128	chr19	8538548	8539128	exon	GBM primary
chr19:10883155|10887892	chr19	10883155	10887892	exon	GBM primary
chr19:12058329|12087979	chr19	12058329	12087979	intron	GBM primary
chr19:17265683|17266093	chr19	17265683	17266093	intron	GBM primary
chr19:18285850|18286507	chr19	18285850	18286507	exon	GBM primary
chr19:19750894|19751380	chr19	19750894	19751380	exon	GBM primary
chr19:34921481|34929671	chr19	34921481	34929671	exon	GBM primary
chr19:40391998|40406060	chr19	40391998	40406060	intron	GBM primary
chr19:41089304|41089623	chr19	41089304	41089623	exon	GBM primary
chr19:55086198|55143238	chr19	55086198	55143238	intergenic_region	GBM primary
chr2:24733838|24807429	chr2	24733838	24807429	intron	GBM primary
chr2:26350013|26350820	chr2	26350013	26350820	exon	GBM primary
chr2:29356521|29380213	chr2	29356521	29380213	exon	GBM primary
chr2:47202112|47206046	chr2	47202112	47206046	exon	GBM primary
chr2:55785911|55816092	chr2	55785911	55816092	exon	GBM primary
chr2:58275962|58316858	chr2	58275962	58316858	exon	GBM primary
chr2:58311224|58316858	chr2	58311224	58316858	exon	GBM primary
chr2:64083440|64085070	chr2	64083440	64085070	exon	GBM primary
chr2:64778577|64780543	chr2	64778577	64780543	exon	GBM primary
chr2:68413600|68415822	chr2	68413600	68415822	exon	GBM primary
chr2:71590283|71597135	chr2	71590283	71597135	exon	GBM primary
chr2:85270687|85276771	chr2	85270687	85276771	exon	GBM primary
chr2:96517442|96525822	chr2	96517442	96525822	exon	GBM primary
chr2:99271908|99294934	chr2	99271908	99294934	exon	GBM primary
chr2:100065798|100081447	chr2	100065798	100081447	exon	GBM primary
chr2:106774514|106782539	chr2	106774514	106782539	exon	GBM primary
chr2:109843289|109843823	chr2	109843289	109843823	intron	GBM primary
chr2:109945680|109964405	chr2	109945680	109964405	intron	GBM primary
chr2:120885264|120932580	chr2	120885264	120932580	exon	GBM primary
chr2:136505837|136519481	chr2	136505837	136519481	exon	GBM primary
chr2:168994598|169038600	chr2	168994598	169038600	exon	GBM primary
chr2:171973828|171974367	chr2	171973828	171974367	intron	GBM primary
chr2:173433469|173460751	chr2	173433469	173460751	exon	GBM primary
chr2:178305693|178326746	chr2	178305693	178326746	exon	GBM primary
chr2:201283973|201284219	chr2	201283973	201284219	exon	GBM primary
chr2:202010101|202014558	chr2	202010101	202014558	exon	GBM primary
chr2:211018219|211019335	chr2	211018219	211019335	exon	GBM primary
chr2:215645284|215661841	chr2	215645284	215661841	exon	GBM primary
chr2:231940225|231951895	chr2	231940225	231951895	exon	GBM primary
chr2:233612325|233626146	chr2	233612325	233626146	exon	GBM primary
chr20:21306917|21349228	chr20	21306917	21349228	exon	GBM primary
chr20:30995517|30997431	chr20	30995517	30997431	intron	GBM primary
chr20:32207323|32216241	chr20	32207323	32216241	exon	GBM primary
chr20:33001548|33030108	chr20	33001548	33030108	exon	GBM primary
chr20:58755108|58755971	chr20	58755108	58755971	intron	GBM primary
chr21:32537279|32575328	chr21	32537279	32575328	exon	GBM primary
chr21:35279645|35281515	chr21	35279645	35281515	exon	GBM primary
chr21:37711077|37717005	chr21	37711077	37717005	exon	GBM primary
chr21:37734481|37736557	chr21	37734481	37736557	exon	GBM primary
chr21:38480692|38520947	chr21	38480692	38520947	exon	GBM primary
chr21:38792601|38845182	chr21	38792601	38845182	exon	GBM primary
chr21:46275125|46281186	chr21	46275125	46281186	exon	GBM primary
chr21:47768926|47769734	chr21	47768926	47769734	exon	GBM primary
chr22:20009865|20011660	chr22	20009865	20011660	intron	GBM primary
chr22:41738533|41739580	chr22	41738533	41739580	exon	GBM primary
chr22:45574119|45574781	chr22	45574119	45574781	exon	GBM primary
chr22:46572650|46594488	chr22	46572650	46594488	exon	GBM primary
chr3:3178944|3186394	chr3	3178944	3186394	exon	GBM primary
chr3:5215702|5216099	chr3	5215702	5216099	exon	GBM primary
chr3:27490142|27493989	chr3	27490142	27493989	exon	GBM primary
chr3:32757717|32758729	chr3	32757717	32758729	exon	GBM primary
chr3:41265512|41278200	chr3	41265512	41278200	exon	GBM primary
chr3:47079156|47108608	chr3	47079156	47108608	exon	GBM primary
chr3:47098311|47103836	chr3	47098311	47103836	exon	GBM primary
chr3:47912303|47913590	chr3	47912303	47913590	exon	GBM primary
chr3:56600622|56601081	chr3	56600622	56601081	exon	GBM primary
chr3:56703728|56707753	chr3	56703728	56707753	exon	GBM primary
chr3:57276884|57301820	chr3	57276884	57301820	exon	GBM primary
chr3:93722503|93722752	chr3	93722503	93722752	exon	GBM primary
chr3:119219542|119232566	chr3	119219542	119232566	exon	GBM primary
chr3:119219542|119236162	chr3	119219542	119236162	exon	GBM primary
chr3:121366166|121376199	chr3	121366166	121376199	exon	GBM primary
chr3:132294616|132324049	chr3	132294616	132324049	exon	GBM primary
chr3:141272699|141278837	chr3	141272699	141278837	exon	GBM primary
chr3:145820542|145842016	chr3	145820542	145842016	exon	GBM primary
chr3:149563798|149589941	chr3	149563798	149589941	exon	GBM primary
chr3:168027093|168031964	chr3	168027093	168031964	exon	GBM primary
chr3:169840379|169847340	chr3	169840379	169847340	exon	GBM primary
chr3:169846472|169863309	chr3	169846472	169863309	exon	GBM primary
chr3:171965323|172003774	chr3	171965323	172003774	exon	GBM primary
chr3:178626310|178627494	chr3	178626310	178627494	intergenic_region	GBM primary
chr3:183368084|183390272	chr3	183368084	183390272	exon	GBM primary
chr3:188326949|188327632	chr3	188326949	188327632	exon	GBM primary
chr3:195063200|195066046	chr3	195063200	195066046	exon	GBM primary
chr3:195685883|195686957	chr3	195685883	195686957	intergenic_region	GBM primary
chr3:196831774|196846401	chr3	196831774	196846401	exon	GBM primary
chr3:196857398|196876667	chr3	196857398	196876667	exon	GBM primary
chr3:197557641|197593090	chr3	197557641	197593090	exon	GBM primary
chr4:1902353|1936989	chr4	1902353	1936989	exon	GBM primary
chr4:2181035|2230970	chr4	2181035	2230970	exon	GBM primary
chr4:2659530|2674099	chr4	2659530	2674099	exon	GBM primary
chr4:6925100|6925838	chr4	6925100	6925838	exon	GBM primary
chr4:10099335|10105610	chr4	10099335	10105610	exon	GBM primary
chr4:17961888|17974508	chr4	17961888	17974508	exon	GBM primary
chr4:25128886|25160729	chr4	25128886	25160729	exon	GBM primary
chr4:38091553|38104778	chr4	38091553	38104778	exon	GBM primary
chr4:38091553|38119813	chr4	38091553	38119813	exon	GBM primary
chr4:38828306|38831158	chr4	38828306	38831158	exon	GBM primary
chr4:39328183|39329376	chr4	39328183	39329376	exon	GBM primary
chr4:40936473|40947087	chr4	40936473	40947087	exon	GBM primary
chr4:52729603|52758017	chr4	52729603	52758017	exon	GBM primary
chr4:54292039|54310270	chr4	54292039	54310270	exon	GBM primary
chr4:62800558|62910267	chr4	62800558	62910267	exon	GBM primary
chr4:73944359|73958017	chr4	73944359	73958017	exon	GBM primary
chr4:87614740|87622954	chr4	87614740	87622954	exon	GBM primary
chr4:103635595|103647840	chr4	103635595	103647840	exon	GBM primary
chr4:106155054|106158508	chr4	106155054	106158508	exon	GBM primary
chr4:121675708|121732604	chr4	121675708	121732604	exon	GBM primary
chr4:128995615|128999117	chr4	128995615	128999117	exon	GBM primary
chr4:144336630|144387378	chr4	144336630	144387378	exon	GBM primary
chr4:144354644|144361535	chr4	144354644	144361535	exon	GBM primary
chr4:148778704|148803083	chr4	148778704	148803083	exon	GBM primary
chr4:148860976|148887990	chr4	148860976	148887990	exon	GBM primary
chr4:149398525|149465736	chr4	149398525	149465736	intergenic_region	GBM primary
chr4:154315414|154318485	chr4	154315414	154318485	exon	GBM primary
chr5:14316622|14336836	chr5	14316622	14336836	exon	GBM primary
chr5:36953720|36976504	chr5	36953720	36976504	exon	GBM primary
chr5:39201928|39203089	chr5	39201928	39203089	exon	GBM primary
chr5:52157281|52161651	chr5	52157281	52161651	exon	GBM primary
chr5:65317150|65350779	chr5	65317150	65350779	exon	GBM primary
chr5:68470704|68471364	chr5	68470704	68471364	exon	GBM primary
chr5:74041503|74046492	chr5	74041503	74046492	exon	GBM primary
chr5:76342172|76344097	chr5	76342172	76344097	exon	GBM primary
chr5:78914470|78915906	chr5	78914470	78915906	intron	GBM primary
chr5:80083384|80088663	chr5	80083384	80088663	exon	GBM primary
chr5:80911292|80946158	chr5	80911292	80946158	exon	GBM primary
chr5:82832826|82850857	chr5	82832826	82850857	exon	GBM primary
chr5:83356119|83362425	chr5	83356119	83362425	exon	GBM primary
chr5:107521818|107684231	chr5	107521818	107684231	exon	GBM primary
chr5:109049221|109139978	chr5	109049221	109139978	exon	GBM primary
chr5:109152974|109178162	chr5	109152974	109178162	exon	GBM primary
chr5:112321532|112339774	chr5	112321532	112339774	exon	GBM primary
chr5:121354955|121358102	chr5	121354955	121358102	exon	GBM primary
chr5:138145727|138163407	chr5	138145727	138163407	exon	GBM primary
chr5:138614016|138614818	chr5	138614016	138614818	exon	GBM primary
chr5:138994171|139003046	chr5	138994171	139003046	exon	GBM primary
chr5:142434004|142437312	chr5	142434004	142437312	exon	GBM primary
chr5:145083538|145205763	chr5	145083538	145205763	exon	GBM primary
chr5:153409049|153414527	chr5	153409049	153414527	exon	GBM primary
chr5:170610199|170632616	chr5	170610199	170632616	exon	GBM primary
chr5:172359439|172362313	chr5	172359439	172362313	exon	GBM primary
chr5:179976931|179980471	chr5	179976931	179980471	exon	GBM primary
chr6:29858023|29912393	chr6	29858023	29912393	intergenic_region	GBM primary
chr6:30618771|30619243	chr6	30618771	30619243	exon	GBM primary
chr6:30638187|30639051	chr6	30638187	30639051	exon	GBM primary
chr6:35280079|35280549	chr6	35280079	35280549	exon	GBM primary
chr6:42559889|42562042	chr6	42559889	42562042	exon	GBM primary
chr6:56466241|56479282	chr6	56466241	56479282	exon	GBM primary
chr6:57372288|57398317	chr6	57372288	57398317	exon	GBM primary
chr6:71136142|71162274	chr6	71136142	71162274	exon	GBM primary
chr6:82922424|82924546	chr6	82922424	82924546	exon	GBM primary
chr6:82923944|82924546	chr6	82923944	82924546	exon	GBM primary
chr6:83667031|83754378	chr6	83667031	83754378	exon	GBM primary
chr6:86267694|86284096	chr6	86267694	86284096	exon	GBM primary
chr6:89511283|89601634	chr6	89511283	89601634	exon	GBM primary
chr6:111583460|111585149	chr6	111583460	111585149	exon	GBM primary
chr6:118769567|118771033	chr6	118769567	118771033	intergenic_region	GBM primary
chr6:131276245|131277639	chr6	131276245	131277639	exon	GBM primary
chr6:136709531|136710655	chr6	136709531	136710655	exon	GBM primary
chr6:144843116|144844324	chr6	144843116	144844324	exon	GBM primary
chr6:155129204|155145512	chr6	155129204	155145512	exon	GBM primary
chr6:161469648|161471011	chr6	161469648	161471011	exon	GBM primary
chr7:12668726|12680142	chr7	12668726	12680142	exon	GBM primary
chr7:66273873|66275834	chr7	66273873	66275834	exon	GBM primary
chr7:77006165|77033932	chr7	77006165	77033932	exon	GBM primary
chr7:77789342|77814987	chr7	77789342	77814987	exon	GBM primary
chr7:81599991|81611943	chr7	81599991	81611943	exon	GBM primary
chr7:81689744|81714216	chr7	81689744	81714216	exon	GBM primary
chr7:90492490|90585132	chr7	90492490	90585132	exon	GBM primary
chr7:91924203|91936970	chr7	91924203	91936970	exon	GBM primary
chr7:91924203|91948826	chr7	91924203	91948826	exon	GBM primary
chr7:98988516|98988876	chr7	98988516	98988876	exon	GBM primary
chr7:102114808|102207530	chr7	102114808	102207530	intergenic_region	GBM primary
chr7:104730456|104731761	chr7	104730456	104731761	exon	GBM primary
chr7:105250976|105260768	chr7	105250976	105260768	exon	GBM primary
chr7:111448877|111474742	chr7	111448877	111474742	exon	GBM primary
chr7:111575595|111585853	chr7	111575595	111585853	exon	GBM primary
chr7:121568210|121651363	chr7	121568210	121651363	exon	GBM primary
chr7:127013396|127017383	chr7	127013396	127017383	exon	GBM primary
chr7:128220053|128232071	chr7	128220053	128232071	exon	GBM primary
chr7:129679304|129681313	chr7	129679304	129681313	intron	GBM primary
chr7:137304570|137374748	chr7	137304570	137374748	exon	GBM primary
chr7:138209986|138258387	chr7	138209986	138258387	exon	GBM primary
chr7:151181823|151195266	chr7	151181823	151195266	exon	GBM primary
chr8:38947566|38948865	chr8	38947566	38948865	exon	GBM primary
chr8:42211943|42229180	chr8	42211943	42229180	exon	GBM primary
chr8:61484605|61504528	chr8	61484605	61504528	exon	GBM primary
chr8:98703180|98731417	chr8	98703180	98731417	exon	GBM primary
chr8:101299729|101300495	chr8	101299729	101300495	exon	GBM primary
chr8:107695427|107726213	chr8	107695427	107726213	exon	GBM primary
chr8:131092148|131104389	chr8	131092148	131104389	exon	GBM primary
chr8:141745350|141762415	chr8	141745350	141762415	exon	GBM primary
chr8:141749117|141762415	chr8	141749117	141762415	exon	GBM primary
chr8:141828376|141889736	chr8	141828376	141889736	exon	GBM primary
chr8:142170731|142173528	chr8	142170731	142173528	exon	GBM primary
chr9:325671|340321	chr9	325671	340321	exon	GBM primary
chr9:3330259|3395596	chr9	3330259	3395596	exon	GBM primary
chr9:5968019|5969436	chr9	5968019	5969436	exon	GBM primary
chr9:6420912|6434173	chr9	6420912	6434173	exon	GBM primary
chr9:6493826|6500709	chr9	6493826	6500709	exon	GBM primary
chr9:20715321|20740339	chr9	20715321	20740339	exon	GBM primary
chr9:20715321|20823114	chr9	20715321	20823114	exon	GBM primary
chr9:20819795|20823114	chr9	20819795	20823114	exon	GBM primary
chr9:26861064|26884883	chr9	26861064	26884883	exon	GBM primary
chr9:33293678|33295425	chr9	33293678	33295425	intron	GBM primary
chr9:33956077|33963789	chr9	33956077	33963789	exon	GBM primary
chr9:33960824|33996331	chr9	33960824	33996331	exon	GBM primary
chr9:79244108|79259828	chr9	79244108	79259828	exon	GBM primary
chr9:86292642|86301070	chr9	86292642	86301070	exon	GBM primary
chr9:86294690|86301070	chr9	86294690	86301070	exon	GBM primary
chr9:88233898|88248289	chr9	88233898	88248289	exon	GBM primary
chr9:88437795|88455764	chr9	88437795	88455764	exon	GBM primary
chr9:88918001|88920154	chr9	88918001	88920154	exon	GBM primary
chr9:88920107|88924932	chr9	88920107	88924932	exon	GBM primary
chr9:95018962|95032265	chr9	95018962	95032265	exon	GBM primary
chr9:99098999|99114391	chr9	99098999	99114391	exon	GBM primary
chr9:99220661|99233376	chr9	99220661	99233376	exon	GBM primary
chr9:107645320|107651476	chr9	107645320	107651476	exon	GBM primary
chr9:111812563|111826847	chr9	111812563	111826847	exon	GBM primary
chr9:114842354|114860942	chr9	114842354	114860942	exon	GBM primary
chr9:129102787|129157976	chr9	129102787	129157976	exon	GBM primary
chr9:131196381|131196892	chr9	131196381	131196892	exon	GBM primary
chr9:140646783|140652463	chr9	140646783	140652463	exon	GBM primary
chrX:1395545|1395717	chrX	1395545	1395717	intron	GBM primary
chrX:19983162|19988416	chrX	19983162	19988416	exon	GBM primary
chrX:24197300|24197887	chrX	24197300	24197887	exon	GBM primary
chrX:53641495|53642796	chrX	53641495	53642796	exon	GBM primary
chrX:79962926|79975155	chrX	79962926	79975155	exon	GBM primary
chrX:117512382|117532433	chrX	117512382	117532433	exon	GBM primary
chrX:117788565|117788924	chrX	117788565	117788924	exon	GBM primary
chr1:14057495|14068652	chr1	14057495	14068652	exon	GBM primary
chr1:14961840|14962159	chr1	14961840	14962159	intron	GBM primary
chr1:16151769|16153982	chr1	16151769	16153982	intergenic_region	GBM primary
chr1:21097423|21100103	chr1	21097423	21100103	exon	GBM primary
chr1:21220010|21268823	chr1	21220010	21268823	exon	GBM primary
chr1:24976462|24978103	chr1	24976462	24978103	exon	GBM primary
chr1:46509326|46546422	chr1	46509326	46546422	exon	GBM primary
chr1:46521467|46546422	chr1	46521467	46546422	exon	GBM primary
chr1:51032749|51061888	chr1	51032749	51061888	exon	GBM primary
chr1:52698843|52705267	chr1	52698843	52705267	exon	GBM primary
chr1:52975268|52992045	chr1	52975268	52992045	exon	GBM primary
chr1:59147457|59148217	chr1	59147457	59148217	exon	GBM primary
chr1:64474977|64516388	chr1	64474977	64516388	exon	GBM primary
chr1:78167054|78178966	chr1	78167054	78178966	exon	GBM primary
chr1:82302570|82372915	chr1	82302570	82372915	exon	GBM primary
chr1:86590528|86611866	chr1	86590528	86611866	exon	GBM primary
chr1:91382197|91406866	chr1	91382197	91406866	exon	GBM primary
chr1:93029199|93104794	chr1	93029199	93104794	intron	GBM primary
chr1:113134147|113159517	chr1	113134147	113159517	exon	GBM primary
chr1:117944808|117948267	chr1	117944808	117948267	exon	GBM primary
chr1:118449128|118461358	chr1	118449128	118461358	exon	GBM primary
chr1:151031955|151032249	chr1	151031955	151032249	exon	GBM primary
chr1:151288049|151288985	chr1	151288049	151288985	exon	GBM primary
chr1:155644801|155649303	chr1	155644801	155649303	exon	GBM primary
chr1:155644801|155650247	chr1	155644801	155650247	exon	GBM primary
chr1:171493960|171502100	chr1	171493960	171502100	exon	GBM primary
chr1:172109620|172113577	chr1	172109620	172113577	exon	GBM primary
chr1:172520652|172560211	chr1	172520652	172560211	exon	GBM primary
chr1:185056684|185062408	chr1	185056684	185062408	exon	GBM primary
chr1:192997215|192998787	chr1	192997215	192998787	exon	GBM primary
chr1:197621365|197684204	chr1	197621365	197684204	exon	GBM primary
chr1:198201683|198233365	chr1	198201683	198233365	exon	GBM primary
chr1:213290659|213303232	chr1	213290659	213303232	exon	GBM primary
chr1:215342542|215345526	chr1	215342542	215345526	exon	GBM primary
chr1:232596633|232607274	chr1	232596633	232607274	exon	GBM primary
chr1:233270759|233372726	chr1	233270759	233372726	exon	GBM primary
chr1:235582788|235597595	chr1	235582788	235597595	exon	GBM primary
chr1:243471291|243504475	chr1	243471291	243504475	exon	GBM primary
chr1:245020900|245022676	chr1	245020900	245022676	exon	GBM primary
chr1:245770953|245775278	chr1	245770953	245775278	exon	GBM primary
chr10:225934|267296	chr10	225934	267296	exon	GBM primary
chr10:13158267|13164487	chr10	13158267	13164487	exon	GBM primary
chr10:15863655|15889942	chr10	15863655	15889942	exon	GBM primary
chr10:31749966|31791437	chr10	31749966	31791437	exon	GBM primary
chr10:32759992|32762951	chr10	32759992	32762951	exon	GBM primary
chr10:32854486|32873232	chr10	32854486	32873232	exon	GBM primary
chr10:34558585|34573173	chr10	34558585	34573173	exon	GBM primary
chr10:91511103|91522592	chr10	91511103	91522592	exon	GBM primary
chr10:96005703|96006378	chr10	96005703	96006378	exon	GBM primary
chr10:98303833|98336586	chr10	98303833	98336586	exon	GBM primary
chr10:125798031|125806240	chr10	125798031	125806240	exon	GBM primary
chr11:9451221|9452550	chr11	9451221	9452550	exon	GBM primary
chr11:30516843|30557722	chr11	30516843	30557722	exon	GBM primary
chr11:34093273|34098189	chr11	34093273	34098189	exon	GBM primary
chr11:34111726|34113603	chr11	34111726	34113603	exon	GBM primary
chr11:47647226|47648679	chr11	47647226	47648679	exon	GBM primary
chr11:48142555|48146738	chr11	48142555	48146738	exon	GBM primary
chr11:65267160|65267534	chr11	65267160	65267534	exon	GBM primary
chr11:77090286|77091039	chr11	77090286	77091039	exon	GBM primary
chr11:77336008|77336863	chr11	77336008	77336863	exon	GBM primary
chr11:77409532|77413540	chr11	77409532	77413540	exon	GBM primary
chr11:82917100|82947551	chr11	82917100	82947551	exon	GBM primary
chr11:118451961|118455359	chr11	118451961	118455359	exon	GBM primary
chr11:122646927|122647918	chr11	122646927	122647918	exon	GBM primary
chr12:1136914|1137738	chr12	1136914	1137738	exon	GBM primary
chr12:13364403|13367607	chr12	13364403	13367607	exon	GBM primary
chr12:15860486|15860772	chr12	15860486	15860772	intron	GBM primary
chr12:26208212|26220646	chr12	26208212	26220646	exon	GBM primary
chr12:66539621|66554952	chr12	66539621	66554952	exon	GBM primary
chr12:94562929|94580249	chr12	94562929	94580249	exon	GBM primary
chr12:95879655|95897937	chr12	95879655	95897937	exon	GBM primary
chr12:97886239|97924637	chr12	97886239	97924637	exon	GBM primary
chr12:104409108|104411994	chr12	104409108	104411994	intron	GBM primary
chr12:104413408|104415269	chr12	104413408	104415269	exon	GBM primary
chr13:33006926|33077302	chr13	33006926	33077302	intron	GBM primary
chr13:41400642|41429951	chr13	41400642	41429951	exon	GBM primary
chr13:41892942|41910892	chr13	41892942	41910892	exon	GBM primary
chr13:45725822|45781640	chr13	45725822	45781640	exon	GBM primary
chr13:50025689|50042096	chr13	50025689	50042096	exon	GBM primary
chr13:50279757|50280508	chr13	50279757	50280508	exon	GBM primary
chr13:51501543|51523641	chr13	51501543	51523641	exon	GBM primary
chr13:61013822|61109367	chr13	61013822	61109367	exon	GBM primary
chr13:96577934|96592345	chr13	96577934	96592345	exon	GBM primary
chr13:96622366|96651561	chr13	96622366	96651561	exon	GBM primary
chr13:99890681|99896878	chr13	99890681	99896878	exon	GBM primary
chr14:21825356|21829372	chr14	21825356	21829372	exon	GBM primary
chr14:23502577|23502883	chr14	23502577	23502883	exon	GBM primary
chr14:24679096|24681035	chr14	24679096	24681035	exon	GBM primary
chr14:31139462|31144271	chr14	31139462	31144271	exon	GBM primary
chr14:31841016|31844174	chr14	31841016	31844174	exon	GBM primary
chr14:35044962|35078948	chr14	35044962	35078948	exon	GBM primary
chr14:62187100|62188541	chr14	62187100	62188541	exon	GBM primary
chr14:73614503|73640415	chr14	73614503	73640415	exon	GBM primary
chr14:75513079|75516421	chr14	75513079	75516421	exon	GBM primary
chr14:91947920|91957146	chr14	91947920	91957146	exon	GBM primary
chr14:101402109|101417831	chr14	101402109	101417831	exon	GBM primary
chr14:103803014|103806140	chr14	103803014	103806140	exon	GBM primary
chr15:41648237|41669502	chr15	41648237	41669502	exon	GBM primary
chr15:44053622|44055404	chr15	44053622	44055404	exon	GBM primary
chr15:44907561|44912601	chr15	44907561	44912601	exon	GBM primary
chr15:49517402|49584734	chr15	49517402	49584734	exon	GBM primary
chr15:63824846|63855207	chr15	63824846	63855207	exon	GBM primary
chr15:65266940|65268893	chr15	65266940	65268893	exon	GBM primary
chr15:74963796|74967483	chr15	74963796	74967483	exon	GBM primary
chr15:75693071|75715164	chr15	75693071	75715164	exon	GBM primary
chr15:76566753|76588078	chr15	76566753	76588078	exon	GBM primary
chr15:77544709|77576372	chr15	77544709	77576372	exon	GBM primary
chr15:79748440|79761487	chr15	79748440	79761487	exon	GBM primary
chr15:80390758|80415142	chr15	80390758	80415142	exon	GBM primary
chr15:81271272|81274523	chr15	81271272	81274523	exon	GBM primary
chr15:90982564|90986710	chr15	90982564	90986710	exon	GBM primary
chr15:94841430|94858866	chr15	94841430	94858866	exon	GBM primary
chr15:101775287|101775782	chr15	101775287	101775782	exon	GBM primary
chr16:23424769|23428442	chr16	23424769	23428442	exon	GBM primary
chr16:48311249|48337216	chr16	48311249	48337216	exon	GBM primary
chr16:49764682|49765372	chr16	49764682	49765372	intron	GBM primary
chr16:49764682|49823457	chr16	49764682	49823457	exon	GBM primary
chr16:53289512|53308214	chr16	53289512	53308214	exon	GBM primary
chr16:58709844|58710250	chr16	58709844	58710250	exon	GBM primary
chr16:68909057|68914533	chr16	68909057	68914533	exon	GBM primary
chr17:526773|565135	chr17	526773	565135	exon	GBM primary
chr17:11998892|12016677	chr17	11998892	12016677	exon	GBM primary
chr17:15968184|15971435	chr17	15968184	15971435	exon	GBM primary
chr17:27809215|27838010	chr17	27809215	27838010	exon	GBM primary
chr17:27844471|27861318	chr17	27844471	27861318	exon	GBM primary
chr17:29061915|29086557	chr17	29061915	29086557	exon	GBM primary
chr17:29112937|29119590	chr17	29112937	29119590	exon	GBM primary
chr17:29508440|29509683	chr17	29508440	29509683	exon	GBM primary
chr17:37420428|37431353	chr17	37420428	37431353	exon	GBM primary
chr17:54926057|54933986	chr17	54926057	54933986	exon	GBM primary
chr17:58342773|58372162	chr17	58342773	58372162	exon	GBM primary
chr17:62817885|62818511	chr17	62817885	62818511	exon	GBM primary
chr17:67151160|67152066	chr17	67151160	67152066	exon	GBM primary
chr17:80721841|80739597	chr17	80721841	80739597	exon	GBM primary
chr18:12999420|13042333	chr18	12999420	13042333	exon	GBM primary
chr18:18571137|18572898	chr18	18571137	18572898	exon	GBM primary
chr18:19345733|19399607	chr18	19345733	19399607	exon	GBM primary
chr18:42281140|42449248	chr18	42281140	42449248	exon	GBM primary
chr18:45391430|45423180	chr18	45391430	45423180	exon	GBM primary
chr18:54423814|54426184	chr18	54423814	54426184	exon	GBM primary
chr19:3425104|3449137	chr19	3425104	3449137	exon	GBM primary
chr19:3425104|3452664	chr19	3425104	3452664	exon	GBM primary
chr19:5653126|5654467	chr19	5653126	5654467	exon	GBM primary
chr19:10883155|10897382	chr19	10883155	10897382	exon	GBM primary
chr19:14153265|14153601	chr19	14153265	14153601	exon	GBM primary
chr19:30476130|30477324	chr19	30476130	30477324	exon	GBM primary
chr19:34942886|34955036	chr19	34942886	34955036	exon	GBM primary
chr19:37656497|37660956	chr19	37656497	37660956	exon	GBM primary
chr19:45766371|45766625	chr19	45766371	45766625	exon	GBM primary
chr19:47919909|47920607	chr19	47919909	47920607	exon	GBM primary
chr19:49136701|49136912	chr19	49136701	49136912	exon	GBM primary
chr19:52876364|52877680	chr19	52876364	52877680	exon	GBM primary
chr2:9458653|9468040	chr2	9458653	9468040	exon	GBM primary
chr2:9667915|9676957	chr2	9667915	9676957	exon	GBM primary
chr2:11426665|11428575	chr2	11426665	11428575	intron	GBM primary
chr2:15691617|15698758	chr2	15691617	15698758	exon	GBM primary
chr2:24866835|24905997	chr2	24866835	24905997	exon	GBM primary
chr2:36623757|36706837	chr2	36623757	36706837	exon	GBM primary
chr2:37105034|37121176	chr2	37105034	37121176	exon	GBM primary
chr2:45773871|45780869	chr2	45773871	45780869	exon	GBM primary
chr2:45773871|45789895	chr2	45773871	45789895	exon	GBM primary
chr2:48063011|48066908	chr2	48063011	48066908	exon	GBM primary
chr2:54114396|54120936	chr2	54114396	54120936	exon	GBM primary
chr2:63660879|63667005	chr2	63660879	63667005	exon	GBM primary
chr2:68717322|68753374	chr2	68717322	68753374	exon	GBM primary
chr2:69297779|69304620	chr2	69297779	69304620	exon	GBM primary
chr2:71623271|71645769	chr2	71623271	71645769	exon	GBM primary
chr2:73659326|73800551	chr2	73659326	73800551	exon	GBM primary
chr2:73675090|73682422	chr2	73675090	73682422	exon	GBM primary
chr2:113258783|113260758	chr2	113258783	113260758	exon	GBM primary
chr2:120684174|120702816	chr2	120684174	120702816	exon	GBM primary
chr2:122514816|122519100	chr2	122514816	122519100	exon	GBM primary
chr2:128922304|128928858	chr2	128922304	128928858	exon	GBM primary
chr2:169547544|169574488	chr2	169547544	169574488	exon	GBM primary
chr2:175779786|175816930	chr2	175779786	175816930	exon	GBM primary
chr2:176844538|176860374	chr2	176844538	176860374	exon	GBM primary
chr2:189864011|189864303	chr2	189864011	189864303	exon	GBM primary
chr2:197777606|197786910	chr2	197777606	197786910	exon	GBM primary
chr2:200188526|200298237	chr2	200188526	200298237	exon	GBM primary
chr2:201194154|201305507	chr2	201194154	201305507	exon	GBM primary
chr2:203817282|203820481	chr2	203817282	203820481	exon	GBM primary
chr2:239090706|239103511	chr2	239090706	239103511	exon	GBM primary
chr20:8608941|8639351	chr20	8608941	8639351	exon	GBM primary
chr20:16336975|16362392	chr20	16336975	16362392	exon	GBM primary
chr20:19904668|19905338	chr20	19904668	19905338	intron	GBM primary
chr20:19970650|19977486	chr20	19970650	19977486	exon	GBM primary
chr20:34300941|34313077	chr20	34300941	34313077	exon	GBM primary
chr20:35409862|35410350	chr20	35409862	35410350	exon	GBM primary
chr20:36859604|36868127	chr20	36859604	36868127	exon	GBM primary
chr20:43545397|43547918	chr20	43545397	43547918	exon	GBM primary
chr20:51870038|51872983	chr20	51870038	51872983	exon	GBM primary
chr20:51870038|51873110	chr20	51870038	51873110	exon	GBM primary
chr20:54956489|54959380	chr20	54956489	54959380	exon	GBM primary
chr21:30698380|30702014	chr21	30698380	30702014	exon	GBM primary
chr21:34065482|34067592	chr21	34065482	34067592	intron	GBM primary
chr21:34793787|34805178	chr21	34793787	34805178	exon	GBM primary
chr21:38480692|38505066	chr21	38480692	38505066	exon	GBM primary
chr21:38844986|38868560	chr21	38844986	38868560	exon	GBM primary
chr21:47535786|47536728	chr21	47535786	47536728	exon	GBM primary
chr22:18165980|18185152	chr22	18165980	18185152	exon	GBM primary
chr22:19840563|19840819	chr22	19840563	19840819	intron	GBM primary
chr22:22153301|22162135	chr22	22153301	22162135	exon	GBM primary
chr22:32874968|32883815	chr22	32874968	32883815	exon	GBM primary
chr22:34157358|34252790	chr22	34157358	34252790	exon	GBM primary
chr22:41568503|41569788	chr22	41568503	41569788	exon	GBM primary
chr22:42204879|42209826	chr22	42204879	42209826	exon	GBM primary
chr22:46085592|46114373	chr22	46085592	46114373	exon	GBM primary
chr22:46493806|46505788	chr22	46493806	46505788	exon	GBM primary
chr3:17051166|17056403	chr3	17051166	17056403	exon	GBM primary
chr3:47960209|47963368	chr3	47960209	47963368	exon	GBM primary
chr3:50004903|50012825	chr3	50004903	50012825	exon	GBM primary
chr3:51575605|51624575	chr3	51575605	51624575	exon	GBM primary
chr3:52729944|52737887	chr3	52729944	52737887	exon	GBM primary
chr3:57875768|57882659	chr3	57875768	57882659	exon	GBM primary
chr3:61608137|61609229	chr3	61608137	61609229	intron	GBM primary
chr3:89259010|89259670	chr3	89259010	89259670	exon	GBM primary
chr3:110830877|110866331	chr3	110830877	110866331	exon	GBM primary
chr3:114412375|114436374	chr3	114412375	114436374	intron	GBM primary
chr3:124996570|125050082	chr3	124996570	125050082	exon	GBM primary
chr3:125279223|125301822	chr3	125279223	125301822	exon	GBM primary
chr3:128514203|128526514	chr3	128514203	128526514	exon	GBM primary
chr3:133876965|133914026	chr3	133876965	133914026	exon	GBM primary
chr3:142116171|142123918	chr3	142116171	142123918	exon	GBM primary
chr3:149238618|149245756	chr3	149238618	149245756	exon	GBM primary
chr3:160129708|160132305	chr3	160129708	160132305	exon	GBM primary
chr3:160134129|160135744	chr3	160134129	160135744	exon	GBM primary
chr3:169694734|169706147	chr3	169694734	169706147	exon	GBM primary
chr3:169831148|169854453	chr3	169831148	169854453	exon	GBM primary
chr3:169846472|169867032	chr3	169846472	169867032	exon	GBM primary
chr3:179437728|179439377	chr3	179437728	179439377	exon	GBM primary
chr3:195027240|195041542	chr3	195027240	195041542	exon	GBM primary
chr3:196817783|196846401	chr3	196817783	196846401	exon	GBM primary
chr4:5664834|5667376	chr4	5664834	5667376	exon	GBM primary
chr4:7870349|7873807	chr4	7870349	7873807	exon	GBM primary
chr4:53492185|53497311	chr4	53492185	53497311	exon	GBM primary
chr4:77917578|77952123	chr4	77917578	77952123	exon	GBM primary
chr4:79166387|79207693	chr4	79166387	79207693	exon	GBM primary
chr4:88986526|88989213	chr4	88986526	88989213	exon	GBM primary
chr4:103610731|103612114	chr4	103610731	103612114	exon	GBM primary
chr4:108603171|108622441	chr4	108603171	108622441	exon	GBM primary
chr4:108866126|108868693	chr4	108866126	108868693	exon	GBM primary
chr4:109858964|109895715	chr4	109858964	109895715	exon	GBM primary
chr4:119026173|119064839	chr4	119026173	119064839	exon	GBM primary
chr4:120189423|120193189	chr4	120189423	120193189	exon	GBM primary
chr4:139981478|139994721	chr4	139981478	139994721	exon	GBM primary
chr4:140058784|140089196	chr4	140058784	140089196	intron	GBM primary
chr4:140810511|140812121	chr4	140810511	140812121	exon	GBM primary
chr4:148406764|148441130	chr4	148406764	148441130	exon	GBM primary
chr4:148867768|148887990	chr4	148867768	148887990	exon	GBM primary
chr4:151223777|151412187	chr4	151223777	151412187	exon	GBM primary
chr4:151271144|151412187	chr4	151271144	151412187	exon	GBM primary
chr4:151356741|151412187	chr4	151356741	151412187	exon	GBM primary
chr4:151719233|151738409	chr4	151719233	151738409	exon	GBM primary
chr4:170428188|170459062	chr4	170428188	170459062	exon	GBM primary
chr4:183522077|183550042	chr4	183522077	183550042	exon	GBM primary
chr4:184930311|184932576	chr4	184930311	184932576	exon	GBM primary
chr5:14741936|14758707	chr5	14741936	14758707	exon	GBM primary
chr5:38510566|38530768	chr5	38510566	38530768	exon	GBM primary
chr5:49694941|49707217	chr5	49694941	49707217	exon	GBM primary
chr5:64747302|64769779	chr5	64747302	64769779	exon	GBM primary
chr5:76745585|76760634	chr5	76745585	76760634	exon	GBM primary
chr5:76758920|76760634	chr5	76758920	76760634	exon	GBM primary
chr5:79470777|79473886	chr5	79470777	79473886	exon	GBM primary
chr5:82832826|82868379	chr5	82832826	82868379	exon	GBM primary
chr5:95072593|95119667	chr5	95072593	95119667	exon	GBM primary
chr5:95084037|95119667	chr5	95084037	95119667	exon	GBM primary
chr5:107684100|107703654	chr5	107684100	107703654	exon	GBM primary
chr5:108203468|108233549	chr5	108203468	108233549	exon	GBM primary
chr5:127474289|127488497	chr5	127474289	127488497	exon	GBM primary
chr5:167915607|167924353	chr5	167915607	167924353	exon	GBM primary
chr5:176618885|176639196	chr5	176618885	176639196	exon	GBM primary
chr5:179136874|179147561	chr5	179136874	179147561	exon	GBM primary
chr6:22020568|22056919	chr6	22020568	22056919	exon	GBM primary
chr6:29855732|29910403	chr6	29855732	29910403	intergenic_region	GBM primary
chr6:35586873|35588051	chr6	35586873	35588051	exon	GBM primary
chr6:42171756|42173122	chr6	42171756	42173122	intergenic_region	GBM primary
chr6:42582809|42600642	chr6	42582809	42600642	exon	GBM primary
chr6:45459678|45480144	chr6	45459678	45480144	exon	GBM primary
chr6:57058640|57075243	chr6	57058640	57075243	exon	GBM primary
chr6:76331248|76333676	chr6	76331248	76333676	exon	GBM primary
chr6:76344423|76388643	chr6	76344423	76388643	exon	GBM primary
chr6:89554076|89563483	chr6	89554076	89563483	exon	GBM primary
chr6:90461150|90463341	chr6	90461150	90463341	exon	GBM primary
chr6:90556281|90566918	chr6	90556281	90566918	exon	GBM primary
chr6:101090457|101110412	chr6	101090457	101110412	exon	GBM primary
chr6:107031203|107050797	chr6	107031203	107050797	exon	GBM primary
chr6:107824861|107854814	chr6	107824861	107854814	exon	GBM primary
chr6:108225833|108246136	chr6	108225833	108246136	exon	GBM primary
chr6:111708968|111737675	chr6	111708968	111737675	exon	GBM primary
chr6:118556672|118606501	chr6	118556672	118606501	exon	GBM primary
chr6:132420071|132428056	chr6	132420071	132428056	intergenic_region	GBM primary
chr6:136468489|136476896	chr6	136468489	136476896	exon	GBM primary
chr6:136472298|136476896	chr6	136472298	136476896	exon	GBM primary
chr6:136597166|136597646	chr6	136597166	136597646	exon	GBM primary
chr6:136990421|137019820	chr6	136990421	137019820	exon	GBM primary
chr6:151116992|151122005	chr6	151116992	151122005	exon	GBM primary
chr6:155095123|155154543	chr6	155095123	155154543	exon	GBM primary
chr6:160467530|160469575	chr6	160467530	160469575	exon	GBM primary
chr6:161455291|161471011	chr6	161455291	161471011	exon	GBM primary
chr6:168910595|168949883	chr6	168910595	168949883	exon	GBM primary
chr7:23224689|23224917	chr7	23224689	23224917	exon	GBM primary
chr7:23643705|23651172	chr7	23643705	23651172	exon	GBM primary
chr7:24659671|24708279	chr7	24659671	24708279	exon	GBM primary
chr7:33055282|33066527	chr7	33055282	33066527	exon	GBM primary
chr7:35820819|35833632	chr7	35820819	35833632	exon	GBM primary
chr7:42079637|42088295	chr7	42079637	42088295	exon	GBM primary
chr7:42187825|42262894	chr7	42187825	42262894	exon	GBM primary
chr7:43635500|43647999	chr7	43635500	43647999	exon	GBM primary
chr7:47502249|47502551	chr7	47502249	47502551	intron	GBM primary
chr7:50737419|50823753	chr7	50737419	50823753	exon	GBM primary
chr7:66347880|66364190	chr7	66347880	66364190	intergenic_region	GBM primary
chr7:70227856|70231320	chr7	70227856	70231320	exon	GBM primary
chr7:77236552|77256992	chr7	77236552	77256992	exon	GBM primary
chr7:77378741|77394949	chr7	77378741	77394949	exon	GBM primary
chr7:82763566|82764972	chr7	82763566	82764972	exon	GBM primary
chr7:90376996|90492584	chr7	90376996	90492584	exon	GBM primary
chr7:91842509|91855996	chr7	91842509	91855996	exon	GBM primary
chr7:99506205|99507283	chr7	99506205	99507283	exon	GBM primary
chr7:104678573|104681470	chr7	104678573	104681470	exon	GBM primary
chr7:120764385|120782195	chr7	120764385	120782195	exon	GBM primary
chr7:131071879|131096142	chr7	131071879	131096142	exon	GBM primary
chr7:137586100|137600758	chr7	137586100	137600758	exon	GBM primary
chr7:139083345|139097326	chr7	139083345	139097326	exon	GBM primary
chr7:140402666|140404763	chr7	140402666	140404763	exon	GBM primary
chr7:151917608|151935911	chr7	151917608	151935911	exon	GBM primary
chr8:18725184|18730243	chr8	18725184	18730243	exon	GBM primary
chr8:30643727|30657271	chr8	30643727	30657271	exon	GBM primary
chr8:42761316|42805598	chr8	42761316	42805598	exon	GBM primary
chr8:48882358|48889426	chr8	48882358	48889426	exon	GBM primary
chr8:52773421|52773806	chr8	52773421	52773806	exon	GBM primary
chr8:72156838|72211955	chr8	72156838	72211955	exon	GBM primary
chr8:72181975|72246409	chr8	72181975	72246409	exon	GBM primary
chr8:82626153|82630459	chr8	82626153	82630459	exon	GBM primary
chr8:87381168|87393858	chr8	87381168	87393858	exon	GBM primary
chr8:103283362|103285000	chr8	103283362	103285000	exon	GBM primary
chr8:106431372|106456609	chr8	106431372	106456609	exon	GBM primary
chr8:116599228|116635985	chr8	116599228	116635985	exon	GBM primary
chr8:122640954|122641580	chr8	122640954	122641580	exon	GBM primary
chr8:141810558|141900868	chr8	141810558	141900868	exon	GBM primary
chr9:14639894|14680160	chr9	14639894	14680160	exon	GBM primary
chr9:16727795|16738483	chr9	16727795	16738483	exon	GBM primary
chr9:20923659|20933131	chr9	20923659	20933131	intron	GBM primary
chr9:33944363|33948585	chr9	33944363	33948585	exon	GBM primary
chr9:33986758|34017187	chr9	33986758	34017187	exon	GBM primary
chr9:77611363|77632364	chr9	77611363	77632364	exon	GBM primary
chr9:77631184|77632364	chr9	77631184	77632364	exon	GBM primary
chr9:88648197|88655783	chr9	88648197	88655783	exon	GBM primary
chr9:96233423|96259881	chr9	96233423	96259881	exon	GBM primary
chr9:102722199|102722437	chr9	102722199	102722437	exon	GBM primary
chr9:102814699|102822454	chr9	102814699	102822454	exon	GBM primary
chr9:113703701|113735838	chr9	113703701	113735838	exon	GBM primary
chr9:113734353|113773970	chr9	113734353	113773970	intron	GBM primary
chr9:115950073|115952858	chr9	115950073	115952858	exon	GBM primary
chr9:128691934|128697886	chr9	128691934	128697886	exon	GBM primary
chr9:130206308|130207528	chr9	130206308	130207528	exon	GBM primary
chr9:131669436|131671600	chr9	131669436	131671600	exon	GBM primary
chr9:137582758|137593179	chr9	137582758	137593179	exon	GBM primary
chrX:2209543|2343345	chrX	2209543	2343345	exon	GBM primary
chrX:6069036|6069812	chrX	6069036	6069812	exon	GBM primary
chrX:10031485|10066619	chrX	10031485	10066619	exon	GBM primary
chrX:14861782|14877456	chrX	14861782	14877456	exon	GBM primary
chrX:21869627|21871621	chrX	21869627	21871621	exon	GBM primary
chrX:37892787|37893261	chrX	37892787	37893261	exon	GBM primary
chrX:47705504|47755339	chrX	47705504	47755339	exon	GBM primary
chrX:53430498|53430825	chrX	53430498	53430825	exon	GBM primary
chrX:102071920|102100948	chrX	102071920	102100948	exon	GBM primary
chrX:104343496|104512224	chrX	104343496	104512224	intron	GBM primary
chrX:130877124|130919286	chrX	130877124	130919286	exon	GBM primary
chrX:154736559|154774938	chrX	154736559	154774938	exon	GBM primary
chr1:1735858|1749314	chr1	1735858	1749314	exon	GBM primary
chr1:8555123|8568734	chr1	8555123	8568734	exon	GBM primary
chr1:8555123|8674745	chr1	8555123	8674745	exon	GBM primary
chr1:21324094|21437876	chr1	21324094	21437876	exon	GBM primary
chr1:21377359|21437876	chr1	21377359	21437876	exon	GBM primary
chr1:22041882|22048257	chr1	22041882	22048257	exon	GBM primary
chr1:22404922|22413359	chr1	22404922	22413359	exon	GBM primary
chr1:25666965|25678184	chr1	25666965	25678184	exon	GBM primary
chr1:27267948|27268309	chr1	27267948	27268309	exon	GBM primary
chr1:28800066|28802803	chr1	28800066	28802803	exon	GBM primary
chr1:31465237|31479949	chr1	31465237	31479949	exon	GBM primary
chr1:32495899|32498935	chr1	32495899	32498935	exon	GBM primary
chr1:33409620|33411229	chr1	33409620	33411229	exon	GBM primary
chr1:34156332|34158656	chr1	34156332	34158656	intron	GBM primary
chr1:36826822|36828257	chr1	36826822	36828257	exon	GBM primary
chr1:41578955|41608784	chr1	41578955	41608784	exon	GBM primary
chr1:42041215|42050989	chr1	42041215	42050989	exon	GBM primary
chr1:42312054|42314706	chr1	42312054	42314706	intron	GBM primary
chr1:43239234|43241150	chr1	43239234	43241150	exon	GBM primary
chr1:46124700|46126897	chr1	46124700	46126897	exon	GBM primary
chr1:63042933|63052295	chr1	63042933	63052295	exon	GBM primary
chr1:78097535|78107340	chr1	78097535	78107340	exon	GBM primary
chr1:78267016|78280916	chr1	78267016	78280916	exon	GBM primary
chr1:78324623|78329713	chr1	78324623	78329713	exon	GBM primary
chr1:89236035|89237562	chr1	89236035	89237562	exon	GBM primary
chr1:94924163|94946162	chr1	94924163	94946162	exon	GBM primary
chr1:94964158|94972198	chr1	94964158	94972198	exon	GBM primary
chr1:144994591|145021167	chr1	144994591	145021167	exon	GBM primary
chr1:145592633|145595220	chr1	145592633	145595220	exon	GBM primary
chr1:147120048|147131890	chr1	147120048	147131890	exon	GBM primary
chr1:150413399|150418877	chr1	150413399	150418877	exon	GBM primary
chr1:156752074|156767133	chr1	156752074	156767133	exon	GBM primary
chr1:160287144|160302347	chr1	160287144	160302347	intron	GBM primary
chr1:169985603|170008429	chr1	169985603	170008429	exon	GBM primary
chr1:175996708|176015460	chr1	175996708	176015460	exon	GBM primary
chr1:176085760|176105683	chr1	176085760	176105683	exon	GBM primary
chr1:176118142|176153828	chr1	176118142	176153828	exon	GBM primary
chr1:176132005|176153828	chr1	176132005	176153828	exon	GBM primary
chr1:179012850|179023773	chr1	179012850	179023773	exon	GBM primary
chr1:179089325|179091002	chr1	179089325	179091002	exon	GBM primary
chr1:224918164|224927449	chr1	224918164	224927449	exon	GBM primary
chr1:229422233|229439747	chr1	229422233	229439747	exon	GBM primary
chr1:231672959|231678357	chr1	231672959	231678357	exon	GBM primary
chr1:233270759|233297109	chr1	233270759	233297109	exon	GBM primary
chr1:233296029|233344435	chr1	233296029	233344435	exon	GBM primary
chr1:233296029|233372726	chr1	233296029	233372726	exon	GBM primary
chr1:233313548|233344435	chr1	233313548	233344435	exon	GBM primary
chr1:233353645|233363117	chr1	233353645	233363117	exon	GBM primary
chr1:236332006|236347206	chr1	236332006	236347206	exon	GBM primary
chr1:240341221|240421332	chr1	240341221	240421332	exon	GBM primary
chr1:240370099|240555862	chr1	240370099	240555862	exon	GBM primary
chr10:225934|295028	chr10	225934	295028	exon	GBM primary
chr10:12123471|12162266	chr10	12123471	12162266	exon	GBM primary
chr10:12257739|12280484	chr10	12257739	12280484	exon	GBM primary
chr10:13322976|13337606	chr10	13322976	13337606	exon	GBM primary
chr10:22002701|22016857	chr10	22002701	22016857	exon	GBM primary
chr10:27052809|27059274	chr10	27052809	27059274	exon	GBM primary
chr10:27821436|27822923	chr10	27821436	27822923	exon	GBM primary
chr10:31644073|31750166	chr10	31644073	31750166	exon	GBM primary
chr10:32740520|32770710	chr10	32740520	32770710	exon	GBM primary
chr10:32832228|32912745	chr10	32832228	32912745	exon	GBM primary
chr10:35321363|35328010	chr10	35321363	35328010	exon	GBM primary
chr10:38242623|38246474	chr10	38242623	38246474	exon	GBM primary
chr10:49609655|49618211	chr10	49609655	49618211	exon	GBM primary
chr10:56077031|56138702	chr10	56077031	56138702	exon	GBM primary
chr10:70404455|70412351	chr10	70404455	70412351	exon	GBM primary
chr10:70666467|70679737	chr10	70666467	70679737	exon	GBM primary
chr10:71912019|71920825	chr10	71912019	71920825	exon	GBM primary
chr10:76729418|76748870	chr10	76729418	76748870	exon	GBM primary
chr10:94291505|94297307	chr10	94291505	94297307	exon	GBM primary
chr10:97098890|97106209	chr10	97098890	97106209	exon	GBM primary
chr10:97154758|97170534	chr10	97154758	97170534	exon	GBM primary
chr10:97154758|97192333	chr10	97154758	97192333	exon	GBM primary
chr10:98667022|98667504	chr10	98667022	98667504	exon	GBM primary
chr10:104117796|104119192	chr10	104117796	104119192	exon	GBM primary
chr10:118704435|118728223	chr10	118704435	118728223	exon	GBM primary
chr10:128768966|128788867	chr10	128768966	128788867	exon	GBM primary
chr10:128768966|128798571	chr10	128768966	128798571	exon	GBM primary
chr11:9225207|9229179	chr11	9225207	9229179	exon	GBM primary
chr11:16117542|16133472	chr11	16117542	16133472	intron	GBM primary
chr11:20959332|20982106	chr11	20959332	20982106	exon	GBM primary
chr11:22696396|22777499	chr11	22696396	22777499	exon	GBM primary
chr11:62650380|62653080	chr11	62650380	62653080	exon	GBM primary
chr11:70200407|70202360	chr11	70200407	70202360	exon	GBM primary
chr11:76174865|76183884	chr11	76174865	76183884	exon	GBM primary
chr11:82984690|82991303	chr11	82984690	82991303	exon	GBM primary
chr11:83770358|83784311	chr11	83770358	83784311	intron	GBM primary
chr11:94528177|94533477	chr11	94528177	94533477	exon	GBM primary
chr11:103173822|103229087	chr11	103173822	103229087	exon	GBM primary
chr11:108098322|108106561	chr11	108098322	108106561	exon	GBM primary
chr11:119155679|119156276	chr11	119155679	119156276	exon	GBM primary
chr11:128993341|128994789	chr11	128993341	128994789	exon	GBM primary
chr12:1399018|1553916	chr12	1399018	1553916	exon	GBM primary
chr12:9227156|9305939	chr12	9227156	9305939	intergenic_region	GBM primary
chr12:12332744|12356334	chr12	12332744	12356334	exon	GBM primary
chr12:14576843|14578407	chr12	14576843	14578407	exon	GBM primary
chr12:22637631|22659753	chr12	22637631	22659753	exon	GBM primary
chr12:26703180|26755639	chr12	26703180	26755639	exon	GBM primary
chr12:26731646|26755639	chr12	26731646	26755639	exon	GBM primary
chr12:27143383|27156323	chr12	27143383	27156323	exon	GBM primary
chr12:31542258|31545630	chr12	31542258	31545630	exon	GBM primary
chr12:31600472|31605410	chr12	31600472	31605410	exon	GBM primary
chr12:32861087|32866305	chr12	32861087	32866305	exon	GBM primary
chr12:41408030|41423021	chr12	41408030	41423021	exon	GBM primary
chr12:46622936|46637097	chr12	46622936	46637097	exon	GBM primary
chr12:49333438|49334971	chr12	49333438	49334971	exon	GBM primary
chr12:69983265|69985939	chr12	69983265	69985939	exon	GBM primary
chr12:70149164|70150443	chr12	70149164	70150443	exon	GBM primary
chr12:78334099|78415642	chr12	78334099	78415642	exon	GBM primary
chr12:89853415|89866052	chr12	89853415	89866052	exon	GBM primary
chr12:93192668|93202932	chr12	93192668	93202932	exon	GBM primary
chr12:99166820|99194903	chr12	99166820	99194903	exon	GBM primary
chr12:105597481|105605095	chr12	105597481	105605095	exon	GBM primary
chr12:111064167|111070364	chr12	111064167	111070364	exon	GBM primary
chr12:123645328|123687922	chr12	123645328	123687922	exon	GBM primary
chr12:124130002|124137282	chr12	124130002	124137282	exon	GBM primary
chr13:20576990|20580726	chr13	20576990	20580726	exon	GBM primary
chr13:21955573|21975824	chr13	21955573	21975824	exon	GBM primary
chr13:21974512|21995303	chr13	21974512	21995303	exon	GBM primary
chr13:30801549|30857928	chr13	30801549	30857928	exon	GBM primary
chr13:39338441|39358945	chr13	39338441	39358945	exon	GBM primary
chr13:41323274|41333242	chr13	41323274	41333242	exon	GBM primary
chr13:42860122|42882745	chr13	42860122	42882745	exon	GBM primary
chr13:49710539|49710737	chr13	49710539	49710737	exon	GBM primary
chr13:49742749|49752790	chr13	49742749	49752790	exon	GBM primary
chr13:51501543|51534307	chr13	51501543	51534307	exon	GBM primary
chr13:60407241|60413582	chr13	60407241	60413582	exon	GBM primary
chr13:73347822|73352518	chr13	73347822	73352518	exon	GBM primary
chr13:79932409|79946065	chr13	79932409	79946065	exon	GBM primary
chr13:96529533|96540225	chr13	96529533	96540225	exon	GBM primary
chr13:113170754|113181798	chr13	113170754	113181798	exon	GBM primary
chr14:33046326|33069998	chr14	33046326	33069998	exon	GBM primary
chr14:35438376|35441270	chr14	35438376	35441270	exon	GBM primary
chr14:39782544|39796226	chr14	39782544	39796226	exon	GBM primary
chr14:45478116|45501579	chr14	45478116	45501579	exon	GBM primary
chr14:50130033|50141145	chr14	50130033	50141145	exon	GBM primary
chr14:53558503|53570574	chr14	53558503	53570574	exon	GBM primary
chr14:57696452|57714430	chr14	57696452	57714430	exon	GBM primary
chr14:58785260|58796887	chr14	58785260	58796887	exon	GBM primary
chr14:62188227|62188541	chr14	62188227	62188541	exon	GBM primary
chr14:64465632|64489581	chr14	64465632	64489581	exon	GBM primary
chr14:67736418|67770316	chr14	67736418	67770316	exon	GBM primary
chr14:68151732|68157138	chr14	68151732	68157138	exon	GBM primary
chr14:71051534|71064494	chr14	71051534	71064494	exon	GBM primary
chr14:74358730|74376133	chr14	74358730	74376133	exon	GBM primary
chr14:79423585|79454484	chr14	79423585	79454484	exon	GBM primary
chr14:86494713|86508177	chr14	86494713	86508177	intron	GBM primary
chr14:88883055|88904247	chr14	88883055	88904247	exon	GBM primary
chr14:93760204|93762503	chr14	93760204	93762503	exon	GBM primary
chr14:93934017|93954101	chr14	93934017	93954101	exon	GBM primary
chr14:93934017|93963632	chr14	93934017	93963632	exon	GBM primary
chr15:38591574|38617010	chr15	38591574	38617010	exon	GBM primary
chr15:41999926|42005694	chr15	41999926	42005694	exon	GBM primary
chr15:50592986|50596330	chr15	50592986	50596330	exon	GBM primary
chr15:50878589|50884823	chr15	50878589	50884823	exon	GBM primary
chr15:54304845|54308083	chr15	54304845	54308083	exon	GBM primary
chr15:57523350|57526305	chr15	57523350	57526305	exon	GBM primary
chr15:65756099|65772737	chr15	65756099	65772737	exon	GBM primary
chr15:68434284|68439038	chr15	68434284	68439038	exon	GBM primary
chr15:68434284|68446033	chr15	68434284	68446033	exon	GBM primary
chr15:73854237|73866136	chr15	73854237	73866136	exon	GBM primary
chr15:75215989|75219228	chr15	75215989	75219228	exon	GBM primary
chr15:76152219|76165909	chr15	76152219	76165909	exon	GBM primary
chr15:78337242|78346529	chr15	78337242	78346529	exon	GBM primary
chr15:84228005|84257523	chr15	84228005	84257523	exon	GBM primary
chr15:91030186|91035943	chr15	91030186	91035943	exon	GBM primary
chr15:100211528|100215663	chr15	100211528	100215663	exon	GBM primary
chr15:101550655|101551042	chr15	101550655	101551042	exon	GBM primary
chr16:3786037|3795355	chr16	3786037	3795355	exon	GBM primary
chr16:17352845|17353355	chr16	17352845	17353355	exon	GBM primary
chr16:19627436|19693712	chr16	19627436	19693712	exon	GBM primary
chr16:23113640|23120102	chr16	23113640	23120102	intron	GBM primary
chr16:47531310|47581459	chr16	47531310	47581459	exon	GBM primary
chr16:53288350|53308214	chr16	53288350	53308214	exon	GBM primary
chr16:53913756|53922863	chr16	53913756	53922863	exon	GBM primary
chr16:66642212|66643906	chr16	66642212	66643906	exon	GBM primary
chr16:67644727|67646024	chr16	67644727	67646024	exon	GBM primary
chr16:68893787|68914533	chr16	68893787	68914533	exon	GBM primary
chr16:69189774|69201088	chr16	69189774	69201088	exon	GBM primary
chr16:71772845|71773244	chr16	71772845	71773244	exon	GBM primary
chr16:74949768|74950157	chr16	74949768	74950157	exon	GBM primary
chr16:81388010|81411307	chr16	81388010	81411307	exon	GBM primary
chr16:84766659|84779279	chr16	84766659	84779279	exon	GBM primary
chr16:84796595|84808831	chr16	84796595	84808831	exon	GBM primary
chr17:4186093|4210418	chr17	4186093	4210418	exon	GBM primary
chr17:5364259|5365866	chr17	5364259	5365866	exon	GBM primary
chr17:27975162|27994241	chr17	27975162	27994241	exon	GBM primary
chr17:29533258|29546136	chr17	29533258	29546136	exon	GBM primary
chr17:35640168|35646430	chr17	35640168	35646430	exon	GBM primary
chr17:40650942|40653322	chr17	40650942	40653322	exon	GBM primary
chr17:44143903|44172067	chr17	44143903	44172067	exon	GBM primary
chr17:45206759|45249430	chr17	45206759	45249430	exon	GBM primary
chr17:49067811|49075978	chr17	49067811	49075978	exon	GBM primary
chr17:57987923|57992064	chr17	57987923	57992064	exon	GBM primary
chr17:60111148|60112969	chr17	60111148	60112969	exon	GBM primary
chr17:61417462|61432751	chr17	61417462	61432751	exon	GBM primary
chr17:80858527|80869665	chr17	80858527	80869665	exon	GBM primary
chr18:6301902|6312055	chr18	6301902	6312055	exon	GBM primary
chr18:8624936|8638414	chr18	8624936	8638414	exon	GBM primary
chr18:12366964|12371690	chr18	12366964	12371690	exon	GBM primary
chr18:13681604|13682104	chr18	13681604	13682104	exon	GBM primary
chr18:32335940|32374214	chr18	32335940	32374214	exon	GBM primary
chr18:43667138|43667396	chr18	43667138	43667396	exon	GBM primary
chr18:44470543|44483598	chr18	44470543	44483598	exon	GBM primary
chr18:53017590|53131368	chr18	53017590	53131368	exon	GBM primary
chr18:75122668|75126098	chr18	75122668	75126098	intergenic_region	GBM primary
chr18:75123330|75162095	chr18	75123330	75162095	intergenic_region	GBM primary
chr18:76856476|76886375	chr18	76856476	76886375	exon	GBM primary
chr19:8002912|8006082	chr19	8002912	8006082	exon	GBM primary
chr19:9763629|9770143	chr19	9763629	9770143	exon	GBM primary
chr19:9763629|9771550	chr19	9763629	9771550	exon	GBM primary
chr19:15378227|15383944	chr19	15378227	15383944	exon	GBM primary
chr19:19356122|19359691	chr19	19356122	19359691	exon	GBM primary
chr19:20727425|20728782	chr19	20727425	20728782	exon	GBM primary
chr19:34922766|34955036	chr19	34922766	34955036	exon	GBM primary
chr19:37117032|37118448	chr19	37117032	37118448	exon	GBM primary
chr19:52364157|52380630	chr19	52364157	52380630	exon	GBM primary
chr19:52399725|52400231	chr19	52399725	52400231	exon	GBM primary
chr2:8910800|8917022	chr2	8910800	8917022	exon	GBM primary
chr2:11426665|11427862	chr2	11426665	11427862	exon	GBM primary
chr2:15601325|15618413	chr2	15601325	15618413	exon	GBM primary
chr2:15693550|15698758	chr2	15693550	15698758	exon	GBM primary
chr2:24080285|24111269	chr2	24080285	24111269	exon	GBM primary
chr2:24181171|24207701	chr2	24181171	24207701	exon	GBM primary
chr2:24777258|24816590	chr2	24777258	24816590	intron	GBM primary
chr2:24787164|24807429	chr2	24787164	24807429	exon	GBM primary
chr2:24787164|24881635	chr2	24787164	24881635	exon	GBM primary
chr2:24896235|24920667	chr2	24896235	24920667	exon	GBM primary
chr2:24962301|24975025	chr2	24962301	24975025	exon	GBM primary
chr2:26587170|26606215	chr2	26587170	26606215	exon	GBM primary
chr2:39564061|39564722	chr2	39564061	39564722	exon	GBM primary
chr2:42946128|42950175	chr2	42946128	42950175	exon	GBM primary
chr2:43939364|43965659	chr2	43939364	43965659	exon	GBM primary
chr2:43953411|43968182	chr2	43953411	43968182	exon	GBM primary
chr2:43969880|43973102	chr2	43969880	43973102	exon	GBM primary
chr2:43973005|43992865	chr2	43973005	43992865	exon	GBM primary
chr2:45925080|45928630	chr2	45925080	45928630	intron	GBM primary
chr2:49026445|49036780	chr2	49026445	49036780	intergenic_region	GBM primary
chr2:54146288|54154620	chr2	54146288	54154620	exon	GBM primary
chr2:55559702|55562300	chr2	55559702	55562300	exon	GBM primary
chr2:61709515|61717911	chr2	61709515	61717911	exon	GBM primary
chr2:70215874|70224020	chr2	70215874	70224020	exon	GBM primary
chr2:72692289|72707879	chr2	72692289	72707879	exon	GBM primary
chr2:86701899|86707485	chr2	86701899	86707485	exon	GBM primary
chr2:98430434|98435184	chr2	98430434	98435184	exon	GBM primary
chr2:111966065|111997573	chr2	111966065	111997573	exon	GBM primary
chr2:113057426|113089859	chr2	113057426	113089859	exon	GBM primary
chr2:121036194|121047333	chr2	121036194	121047333	exon	GBM primary
chr2:122260743|122287901	chr2	122260743	122287901	exon	GBM primary
chr2:136360070|136362586	chr2	136360070	136362586	exon	GBM primary
chr2:136389288|136437894	chr2	136389288	136437894	exon	GBM primary
chr2:136467003|136467801	chr2	136467003	136467801	exon	GBM primary
chr2:136527339|136528305	chr2	136527339	136528305	exon	GBM primary
chr2:141200073|141232906	chr2	141200073	141232906	exon	GBM primary
chr2:141806555|141819842	chr2	141806555	141819842	exon	GBM primary
chr2:153519117|153525784	chr2	153519117	153525784	exon	GBM primary
chr2:160025761|160027316	chr2	160025761	160027316	exon	GBM primary
chr2:168869144|168873605	chr2	168869144	168873605	exon	GBM primary
chr2:169018297|169023917	chr2	169018297	169023917	exon	GBM primary
chr2:171871361|171879639	chr2	171871361	171879639	exon	GBM primary
chr2:171872511|171872761	chr2	171872511	171872761	intron	GBM primary
chr2:171939291|171974367	chr2	171939291	171974367	exon	GBM primary
chr2:201281102|201284219	chr2	201281102	201284219	exon	GBM primary
chr2:201721405|201722812	chr2	201721405	201722812	exon	GBM primary
chr2:201994452|202014558	chr2	201994452	202014558	exon	GBM primary
chr2:215617171|215646233	chr2	215617171	215646233	exon	GBM primary
chr2:215617171|215661841	chr2	215617171	215661841	exon	GBM primary
chr2:215632206|215646233	chr2	215632206	215646233	exon	GBM primary
chr2:230723488|230744844	chr2	230723488	230744844	exon	GBM primary
chr2:231222520|231226412	chr2	231222520	231226412	exon	GBM primary
chr2:242265408|242275513	chr2	242265408	242275513	exon	GBM primary
chr20:31376660|31380576	chr20	31376660	31380576	exon	GBM primary
chr20:40141485|40179999	chr20	40141485	40179999	exon	GBM primary
chr20:41076860|41101202	chr20	41076860	41101202	exon	GBM primary
chr20:41671682|41675650	chr20	41671682	41675650	intron	GBM primary
chr20:45891032|45905539	chr20	45891032	45905539	exon	GBM primary
chr20:47708583|47711500	chr20	47708583	47711500	exon	GBM primary
chr21:40600426|40601362	chr21	40600426	40601362	exon	GBM primary
chr21:40619627|40630598	chr21	40619627	40630598	exon	GBM primary
chr21:44414958|44415453	chr21	44414958	44415453	intron	GBM primary
chr22:30374431|30394846	chr22	30374431	30394846	exon	GBM primary
chr22:32874968|32881196	chr22	32874968	32881196	exon	GBM primary
chr22:41521868|41536261	chr22	41521868	41536261	exon	GBM primary
chr22:46202839|46239613	chr22	46202839	46239613	exon	GBM primary
chr3:10077971|10081529	chr3	10077971	10081529	exon	GBM primary
chr3:27420740|27465643	chr3	27420740	27465643	exon	GBM primary
chr3:47651556|47719801	chr3	47651556	47719801	exon	GBM primary
chr3:47663697|47680270	chr3	47663697	47680270	exon	GBM primary
chr3:47770515|47814426	chr3	47770515	47814426	exon	GBM primary
chr3:50085678|50097179	chr3	50085678	50097179	exon	GBM primary
chr3:51575514|51586079	chr3	51575514	51586079	intron	GBM primary
chr3:52446827|52448603	chr3	52446827	52448603	exon	GBM primary
chr3:52960047|52962357	chr3	52960047	52962357	exon	GBM primary
chr3:56597712|56601081	chr3	56597712	56601081	exon	GBM primary
chr3:57832924|57857425	chr3	57832924	57857425	exon	GBM primary
chr3:67797195|67818857	chr3	67797195	67818857	exon	GBM primary
chr3:71733723|71748859	chr3	71733723	71748859	exon	GBM primary
chr3:110830877|110845182	chr3	110830877	110845182	exon	GBM primary
chr3:119219542|119222868	chr3	119219542	119222868	exon	GBM primary
chr3:125295033|125301822	chr3	125295033	125301822	exon	GBM primary
chr3:132400758|132411662	chr3	132400758	132411662	exon	GBM primary
chr3:134264428|134270854	chr3	134264428	134270854	exon	GBM primary
chr3:135745674|135789394	chr3	135745674	135789394	exon	GBM primary
chr3:142455221|142467302	chr3	142455221	142467302	exon	GBM primary
chr3:170841385|170912424	chr3	170841385	170912424	exon	GBM primary
chr3:170875249|170912424	chr3	170875249	170912424	exon	GBM primary
chr3:179310432|179316559	chr3	179310432	179316559	exon	GBM primary
chr3:180665653|180667131	chr3	180665653	180667131	exon	GBM primary
chr3:183056588|183107567	chr3	183056588	183107567	exon	GBM primary
chr3:183474316|183480067	chr3	183474316	183480067	exon	GBM primary
chr3:183558358|183585848	chr3	183558358	183585848	exon	GBM primary
chr3:185316200|185331196	chr3	185316200	185331196	exon	GBM primary
chr3:185335268|185341870	chr3	185335268	185341870	exon	GBM primary
chr3:188476420|188478070	chr3	188476420	188478070	intron	GBM primary
chr3:196778448|196793625	chr3	196778448	196793625	exon	GBM primary
chr4:2701407|2717831	chr4	2701407	2717831	exon	GBM primary
chr4:3188324|3190820	chr4	3188324	3190820	exon	GBM primary
chr4:17963526|17974508	chr4	17963526	17974508	exon	GBM primary
chr4:22342643|22394313	chr4	22342643	22394313	intergenic_region	GBM primary
chr4:25146396|25160729	chr4	25146396	25160729	exon	GBM primary
chr4:26614791|26641809	chr4	26614791	26641809	exon	GBM primary
chr4:36189073|36231267	chr4	36189073	36231267	exon	GBM primary
chr4:39734979|39747430	chr4	39734979	39747430	intron	GBM primary
chr4:39734979|39779430	chr4	39734979	39779430	intron	GBM primary
chr4:39739040|39779430	chr4	39739040	39779430	exon	GBM primary
chr4:39843568|39846421	chr4	39843568	39846421	exon	GBM primary
chr4:39874606|39891984	chr4	39874606	39891984	exon	GBM primary
chr4:39900009|39904080	chr4	39900009	39904080	exon	GBM primary
chr4:54265897|54310270	chr4	54265897	54310270	exon	GBM primary
chr4:62800558|62849321	chr4	62800558	62849321	exon	GBM primary
chr4:68499063|68527973	chr4	68499063	68527973	exon	GBM primary
chr4:72244436|72263370	chr4	72244436	72263370	intron	GBM primary
chr4:73984405|73991029	chr4	73984405	73991029	exon	GBM primary
chr4:74034646|74043250	chr4	74034646	74043250	exon	GBM primary
chr4:88983058|88987031	chr4	88983058	88987031	exon	GBM primary
chr4:88986526|88987031	chr4	88986526	88987031	exon	GBM primary
chr4:95506716|95539342	chr4	95506716	95539342	exon	GBM primary
chr4:103446669|103459113	chr4	103446669	103459113	exon	GBM primary
chr4:106291994|106377902	chr4	106291994	106377902	exon	GBM primary
chr4:121732525|121742500	chr4	121732525	121742500	exon	GBM primary
chr4:144359152|144361535	chr4	144359152	144361535	exon	GBM primary
chr4:154236637|154237151	chr4	154236637	154237151	exon	GBM primary
chr4:174305802|174325101	chr4	174305802	174325101	intergenic_region	GBM primary
chr4:185582928|185599548	chr4	185582928	185599548	exon	GBM primary
chr4:186168448|186209236	chr4	186168448	186209236	exon	GBM primary
chr5:11364808|11412181	chr5	11364808	11412181	exon	GBM primary
chr5:14673751|14681716	chr5	14673751	14681716	exon	GBM primary
chr5:37226406|37231151	chr5	37226406	37231151	exon	GBM primary
chr5:38496484|38512066	chr5	38496484	38512066	exon	GBM primary
chr5:38496484|38530768	chr5	38496484	38530768	exon	GBM primary
chr5:38991051|39021238	chr5	38991051	39021238	exon	GBM primary
chr5:50045985|50059076	chr5	50045985	50059076	exon	GBM primary
chr5:52942063|52954454	chr5	52942063	52954454	exon	GBM primary
chr5:54562966|54568003	chr5	54562966	54568003	exon	GBM primary
chr5:54623544|54675023	chr5	54623544	54675023	exon	GBM primary
chr5:56542127|56543042	chr5	56542127	56543042	exon	GBM primary
chr5:63496635|63513223	chr5	63496635	63513223	exon	GBM primary
chr5:65342181|65350779	chr5	65342181	65350779	exon	GBM primary
chr5:68651476|68662422	chr5	68651476	68662422	exon	GBM primary
chr5:74109665|74137504	chr5	74109665	74137504	exon	GBM primary
chr5:76342172|76344812	chr5	76342172	76344812	exon	GBM primary
chr5:78692646|78697878	chr5	78692646	78697878	exon	GBM primary
chr5:89783817|89793552	chr5	89783817	89793552	intron	GBM primary
chr5:98204199|98208259	chr5	98204199	98208259	exon	GBM primary
chr5:98215256|98217079	chr5	98215256	98217079	exon	GBM primary
chr5:102282541|102326105	chr5	102282541	102326105	exon	GBM primary
chr5:127510233|127518633	chr5	127510233	127518633	exon	GBM primary
chr5:131013396|131044965	chr5	131013396	131044965	exon	GBM primary
chr5:134002513|134007576	chr5	134002513	134007576	exon	GBM primary
chr5:138103014|138106357	chr5	138103014	138106357	intron	GBM primary
chr5:142434004|142513670	chr5	142434004	142513670	exon	GBM primary
chr5:153405959|153414527	chr5	153405959	153414527	exon	GBM primary
chr5:167915607|167929110	chr5	167915607	167929110	exon	GBM primary
chr5:170610203|170632616	chr5	170610203	170632616	exon	GBM primary
chr5:179132680|179137066	chr5	179132680	179137066	exon	GBM primary
chr6:43523573|43535091	chr6	43523573	43535091	exon	GBM primary
chr6:55966270|56006781	chr6	55966270	56006781	exon	GBM primary
chr6:56496009|56501450	chr6	56496009	56501450	exon	GBM primary
chr6:69703660|69785930	chr6	69703660	69785930	exon	GBM primary
chr6:72960033|72961071	chr6	72960033	72961071	exon	GBM primary
chr6:76368978|76388643	chr6	76368978	76388643	exon	GBM primary
chr6:76412361|76421132	chr6	76412361	76421132	exon	GBM primary
chr6:76532499|76542664	chr6	76532499	76542664	exon	GBM primary
chr6:99887645|99913012	chr6	99887645	99913012	exon	GBM primary
chr6:111208708|111211559	chr6	111208708	111211559	exon	GBM primary
chr6:116966877|116982009	chr6	116966877	116982009	exon	GBM primary
chr6:138655107|138656325	chr6	138655107	138656325	exon	GBM primary
chr6:139262472|139269050	chr6	139262472	139269050	exon	GBM primary
chr6:147588220|147637543	chr6	147588220	147637543	exon	GBM primary
chr6:149699154|149700654	chr6	149699154	149700654	exon	GBM primary
chr6:154743640|154754641	chr6	154743640	154754641	exon	GBM primary
chr6:155095123|155182132	chr6	155095123	155182132	intergenic_region	GBM primary
chr6:155095123|155265340	chr6	155095123	155265340	intergenic_region	GBM primary
chr6:157357969|157406039	chr6	157357969	157406039	exon	GBM primary
chr6:158850768|158852695	chr6	158850768	158852695	intron	GBM primary
chr7:8257935|8275635	chr7	8257935	8275635	exon	GBM primary
chr7:22330794|22357656	chr7	22330794	22357656	exon	GBM primary
chr7:73510952|73511519	chr7	73510952	73511519	exon	GBM primary
chr7:73770740|73771807	chr7	73770740	73771807	exon	GBM primary
chr7:77407655|77408131	chr7	77407655	77408131	exon	GBM primary
chr7:81598203|81611943	chr7	81598203	81611943	exon	GBM primary
chr7:86792555|86815296	chr7	86792555	86815296	exon	GBM primary
chr7:88291937|88371391	chr7	88291937	88371391	intergenic_region	GBM primary
chr7:92118607|92119225	chr7	92118607	92119225	exon	GBM primary
chr7:92146590|92147569	chr7	92146590	92147569	exon	GBM primary
chr7:92404010|92412438	chr7	92404010	92412438	intron	GBM primary
chr7:94218001|94259153	chr7	94218001	94259153	exon	GBM primary
chr7:102038067|102040095	chr7	102038067	102040095	exon	GBM primary
chr7:102039995|102045130	chr7	102039995	102045130	exon	GBM primary
chr7:102412856|102427916	chr7	102412856	102427916	exon	GBM primary
chr7:106921745|106938791	chr7	106921745	106938791	exon	GBM primary
chr7:107830089|107850049	chr7	107830089	107850049	exon	GBM primary
chr7:128218007|128278951	chr7	128218007	128278951	intergenic_region	GBM primary
chr7:129734735|129769416	chr7	129734735	129769416	exon	GBM primary
chr7:131113792|131163436	chr7	131113792	131163436	exon	GBM primary
chr7:138951079|138957186	chr7	138951079	138957186	exon	GBM primary
chr7:140434417|140508795	chr7	140434417	140508795	exon	GBM primary
chr7:140476712|140494267	chr7	140476712	140494267	exon	GBM primary
chr7:140494108|140508795	chr7	140494108	140508795	exon	GBM primary
chr7:152480272|152522207	chr7	152480272	152522207	exon	GBM primary
chr7:158552177|158591763	chr7	158552177	158591763	exon	GBM primary
chr7:158566032|158591763	chr7	158566032	158591763	exon	GBM primary
chr8:12955908|12958279	chr8	12955908	12958279	exon	GBM primary
chr8:26248759|26265892	chr8	26248759	26265892	exon	GBM primary
chr8:28866589|28876430	chr8	28866589	28876430	exon	GBM primary
chr8:30332295|30361953	chr8	30332295	30361953	exon	GBM primary
chr8:41832222|41845081	chr8	41832222	41845081	exon	GBM primary
chr8:42761316|42873637	chr8	42761316	42873637	exon	GBM primary
chr8:48809721|48842572	chr8	48809721	48842572	exon	GBM primary
chr8:51442737|51503477	chr8	51442737	51503477	exon	GBM primary
chr8:70650275|70674110	chr8	70650275	70674110	exon	GBM primary
chr8:90736857|90737869	chr8	90736857	90737869	exon	GBM primary
chr8:100443765|100494030	chr8	100443765	100494030	exon	GBM primary
chr8:101271335|101282241	chr8	101271335	101282241	exon	GBM primary
chr8:124089351|124154696	chr8	124089351	124154696	exon	GBM primary
chr8:130915558|130924761	chr8	130915558	130924761	exon	GBM primary
chr8:141710990|141716304	chr8	141710990	141716304	exon	GBM primary
chr8:141799573|141900868	chr8	141799573	141900868	exon	GBM primary
chr9:5954016|5988545	chr9	5954016	5988545	exon	GBM primary
chr9:8436592|8485324	chr9	8436592	8485324	exon	GBM primary
chr9:13136091|13147657	chr9	13136091	13147657	exon	GBM primary
chr9:19286767|19305525	chr9	19286767	19305525	exon	GBM primary
chr9:22046750|22056386	chr9	22046750	22056386	exon	GBM primary
chr9:22046750|22127401	chr9	22046750	22127401	exon	GBM primary
chr9:33944363|33956144	chr9	33944363	33956144	exon	GBM primary
chr9:33986758|33998862	chr9	33986758	33998862	exon	GBM primary
chr9:36351112|36353328	chr9	36351112	36353328	exon	GBM primary
chr9:36352739|36353328	chr9	36352739	36353328	exon	GBM primary
chr9:86395297|86421475	chr9	86395297	86421475	exon	GBM primary
chr9:88200378|88248289	chr9	88200378	88248289	exon	GBM primary
chr9:110062422|110068928	chr9	110062422	110068928	exon	GBM primary
chr9:110084264|110087285	chr9	110084264	110087285	exon	GBM primary
chr9:125042722|125054119	chr9	125042722	125054119	exon	GBM primary
chr9:127670656|127674305	chr9	127670656	127674305	exon	GBM primary
chr9:129143343|129157976	chr9	129143343	129157976	exon	GBM primary
chr9:134305477|134308181	chr9	134305477	134308181	exon	GBM primary
chr9:138741983|138758382	chr9	138741983	138758382	exon	GBM primary
chrX:16875717|16881223	chrX	16875717	16881223	exon	GBM primary
chrX:21534603|21627735	chrX	21534603	21627735	exon	GBM primary
chrX:64271342|64295792	chrX	64271342	64295792	intergenic_region	GBM primary
chrX:67266836|67273652	chrX	67266836	67273652	exon	GBM primary
chrX:67301543|67414340	chrX	67301543	67414340	intron	GBM primary
chrX:90669903|90673870	chrX	90669903	90673870	exon	GBM primary
chrX:117521303|117532433	chrX	117521303	117532433	exon	GBM primary
chrX:128692817|128709227	chrX	128692817	128709227	exon	GBM primary
chrX:130870155|130928494	chrX	130870155	130928494	intron	GBM primary
chrX:147743429|147744289	chrX	147743429	147744289	exon	GBM primary
chrY:16831339|16835149	chrY	16831339	16835149	exon	GBM primary
chrY:21203256|21207174	chrY	21203256	21207174	exon	GBM primary
chrY:21203256|21207177	chrY	21203256	21207177	exon	GBM primary
chr1:8568686|8617582	chr1	8568686	8617582	exon	GBM primary
chr1:15860732|15863309	chr1	15860732	15863309	exon	GBM primary
chr1:21231376|21268823	chr1	21231376	21268823	exon	GBM primary
chr1:21267984|21307720	chr1	21267984	21307720	exon	GBM primary
chr1:42730786|42744455	chr1	42730786	42744455	intron	GBM primary
chr1:44785300|44804994	chr1	44785300	44804994	exon	GBM primary
chr1:46093932|46126897	chr1	46093932	46126897	exon	GBM primary
chr1:53548451|53548613	chr1	53548451	53548613	intron	GBM primary
chr1:54506429|54513045	chr1	54506429	54513045	exon	GBM primary
chr1:61053709|61065922	chr1	61053709	61065922	exon	GBM primary
chr1:61228468|61292257	chr1	61228468	61292257	intron	GBM primary
chr1:63042933|63085664	chr1	63042933	63085664	exon	GBM primary
chr1:67411833|67428843	chr1	67411833	67428843	exon	GBM primary
chr1:76211491|76216231	chr1	76211491	76216231	exon	GBM primary
chr1:78324623|78332076	chr1	78324623	78332076	exon	GBM primary
chr1:84644860|84650865	chr1	84644860	84650865	exon	GBM primary
chr1:90033806|90050348	chr1	90033806	90050348	exon	GBM primary
chr1:90744179|90790167	chr1	90744179	90790167	intergenic_region	GBM primary
chr1:90843599|90866684	chr1	90843599	90866684	intergenic_region	GBM primary
chr1:93070864|93101893	chr1	93070864	93101893	exon	GBM primary
chr1:100960374|100964818	chr1	100960374	100964818	exon	GBM primary
chr1:117998707|118045592	chr1	117998707	118045592	intron	GBM primary
chr1:149931603|149936274	chr1	149931603	149936274	exon	GBM primary
chr1:151060666|151090615	chr1	151060666	151090615	exon	GBM primary
chr1:155327107|155327540	chr1	155327107	155327540	exon	GBM primary
chr1:155348072|155365344	chr1	155348072	155365344	exon	GBM primary
chr1:155385535|155408859	chr1	155385535	155408859	exon	GBM primary
chr1:155408118|155491409	chr1	155408118	155491409	exon	GBM primary
chr1:155891166|155891709	chr1	155891166	155891709	exon	GBM primary
chr1:155984752|155988159	chr1	155984752	155988159	exon	GBM primary
chr1:156303338|156304709	chr1	156303338	156304709	exon	GBM primary
chr1:171537386|171544267	chr1	171537386	171544267	exon	GBM primary
chr1:172525009|172539870	chr1	172525009	172539870	exon	GBM primary
chr1:176050288|176105683	chr1	176050288	176105683	exon	GBM primary
chr1:180366651|180464660	chr1	180366651	180464660	exon	GBM primary
chr1:193107215|193111196	chr1	193107215	193111196	exon	GBM primary
chr1:193202123|193205486	chr1	193202123	193205486	exon	GBM primary
chr1:197297552|197326143	chr1	197297552	197326143	exon	GBM primary
chr1:198190129|198233365	chr1	198190129	198233365	exon	GBM primary
chr1:200729967|200730226	chr1	200729967	200730226	exon	GBM primary
chr1:210003453|210004388	chr1	210003453	210004388	exon	GBM primary
chr1:213251038|213303232	chr1	213251038	213303232	exon	GBM primary
chr1:215749244|215752480	chr1	215749244	215752480	exon	GBM primary
chr1:223987601|223991154	chr1	223987601	223991154	exon	GBM primary
chr1:227192695|227204751	chr1	227192695	227204751	exon	GBM primary
chr1:229602381|229634053	chr1	229602381	229634053	exon	GBM primary
chr1:231954075|231954263	chr1	231954075	231954263	exon	GBM primary
chr1:232649603|232651354	chr1	232649603	232651354	exon	GBM primary
chr1:233270759|233344435	chr1	233270759	233344435	exon	GBM primary
chr1:235600637|235606226	chr1	235600637	235606226	exon	GBM primary
chr1:240341221|240374535	chr1	240341221	240374535	exon	GBM primary
chr1:240351507|240374535	chr1	240351507	240374535	exon	GBM primary
chr1:240421245|240555862	chr1	240421245	240555862	exon	GBM primary
chr1:243708812|243859018	chr1	243708812	243859018	exon	GBM primary
chr1:243776973|243801044	chr1	243776973	243801044	exon	GBM primary
chr1:243846499|244006584	chr1	243846499	244006584	intron	GBM primary
chr1:244715624|244724447	chr1	244715624	244724447	exon	GBM primary
chr1:246490503|246498776	chr1	246490503	246498776	exon	GBM primary
chr10:4872867|4951798	chr10	4872867	4951798	intergenic_region	GBM primary
chr10:5751493|5754881	chr10	5751493	5754881	exon	GBM primary
chr10:12272947|12280484	chr10	12272947	12280484	exon	GBM primary
chr10:15373206|15375567	chr10	15373206	15375567	intron	GBM primary
chr10:15838099|15889942	chr10	15838099	15889942	exon	GBM primary
chr10:21157593|21188379	chr10	21157593	21188379	exon	GBM primary
chr10:21169723|21188379	chr10	21169723	21188379	exon	GBM primary
chr10:21234267|21250708	chr10	21234267	21250708	intron	GBM primary
chr10:22171211|22209892	chr10	22171211	22209892	exon	GBM primary
chr10:25144247|25147338	chr10	25144247	25147338	exon	GBM primary
chr10:25684840|25701402	chr10	25684840	25701402	exon	GBM primary
chr10:27962889|27964483	chr10	27962889	27964483	exon	GBM primary
chr10:28872328|28884970	chr10	28872328	28884970	exon	GBM primary
chr10:32751611|32873232	chr10	32751611	32873232	exon	GBM primary
chr10:32761409|32807433	chr10	32761409	32807433	exon	GBM primary
chr10:34648075|34673182	chr10	34648075	34673182	exon	GBM primary
chr10:34661426|34673182	chr10	34661426	34673182	exon	GBM primary
chr10:34661426|34759191	chr10	34661426	34759191	exon	GBM primary
chr10:50708584|50714058	chr10	50708584	50714058	exon	GBM primary
chr10:61844360|61845011	chr10	61844360	61845011	exon	GBM primary
chr10:65369947|65379560	chr10	65369947	65379560	exon	GBM primary
chr10:70282495|70282956	chr10	70282495	70282956	intron	GBM primary
chr10:72604230|72619256	chr10	72604230	72619256	exon	GBM primary
chr10:93579027|93602148	chr10	93579027	93602148	exon	GBM primary
chr10:96201653|96234540	chr10	96201653	96234540	exon	GBM primary
chr10:97098890|97127456	chr10	97098890	97127456	exon	GBM primary
chr10:97141442|97192333	chr10	97141442	97192333	exon	GBM primary
chr10:97915083|97920158	chr10	97915083	97920158	exon	GBM primary
chr10:98667022|98704002	chr10	98667022	98704002	exon	GBM primary
chr10:102697159|102703885	chr10	102697159	102703885	exon	GBM primary
chr10:102697159|102710510	chr10	102697159	102710510	exon	GBM primary
chr10:105106995|105108756	chr10	105106995	105108756	exon	GBM primary
chr10:105900600|105924058	chr10	105900600	105924058	exon	GBM primary
chr10:114286846|114298089	chr10	114286846	114298089	exon	GBM primary
chr10:115657869|115668282	chr10	115657869	115668282	exon	GBM primary
chr10:116879949|117045907	chr10	116879949	117045907	exon	GBM primary
chr10:116975455|116980261	chr10	116975455	116980261	intron	GBM primary
chr10:117221451|117309046	chr10	117221451	117309046	exon	GBM primary
chr10:120460818|120489922	chr10	120460818	120489922	exon	GBM primary
chr10:121338238|121347760	chr10	121338238	121347760	exon	GBM primary
chr11:3794862|3797251	chr11	3794862	3797251	exon	GBM primary
chr11:13435077|13466728	chr11	13435077	13466728	exon	GBM primary
chr11:16068060|16077447	chr11	16068060	16077447	exon	GBM primary
chr11:16339992|16362798	chr11	16339992	16362798	exon	GBM primary
chr11:16339992|16497935	chr11	16339992	16497935	exon	GBM primary
chr11:24927537|25004839	chr11	24927537	25004839	exon	GBM primary
chr11:33307959|33308498	chr11	33307959	33308498	exon	GBM primary
chr11:45967391|45971032	chr11	45967391	45971032	exon	GBM primary
chr11:58317259|58318705	chr11	58317259	58318705	exon	GBM primary
chr11:66526514|66595835	chr11	66526514	66595835	exon	GBM primary
chr11:68350511|68363686	chr11	68350511	68363686	exon	GBM primary
chr11:70212631|70218640	chr11	70212631	70218640	intron	GBM primary
chr11:77394755|77404656	chr11	77394755	77404656	exon	GBM primary
chr11:77402204|77413540	chr11	77402204	77413540	exon	GBM primary
chr11:77409532|77433786	chr11	77409532	77433786	intron	GBM primary
chr11:77815026|77832220	chr11	77815026	77832220	exon	GBM primary
chr11:85701293|85742653	chr11	85701293	85742653	exon	GBM primary
chr11:93486848|93494891	chr11	93486848	93494891	exon	GBM primary
chr11:100730285|100792335	chr11	100730285	100792335	exon	GBM primary
chr11:102233627|102239279	chr11	102233627	102239279	exon	GBM primary
chr11:108046973|108047817	chr11	108046973	108047817	exon	GBM primary
chr11:108137898|108138069	chr11	108137898	108138069	exon	GBM primary
chr11:110007388|110008139	chr11	110007388	110008139	exon	GBM primary
chr11:110007388|110030215	chr11	110007388	110030215	exon	GBM primary
chr11:111622883|111624301	chr11	111622883	111624301	exon	GBM primary
chr11:118453894|118455359	chr11	118453894	118455359	exon	GBM primary
chr11:120907214|120930794	chr11	120907214	120930794	exon	GBM primary
chr11:128910823|129034322	chr11	128910823	129034322	exon	GBM primary
chr12:922808|939326	chr12	922808	939326	exon	GBM primary
chr12:1399018|1399178	chr12	1399018	1399178	exon	GBM primary
chr12:8866407|8866637	chr12	8866407	8866637	exon	GBM primary
chr12:9833519|9847565	chr12	9833519	9847565	exon	GBM primary
chr12:11273609|11276922	chr12	11273609	11276922	intron	GBM primary
chr12:12788711|12788908	chr12	12788711	12788908	exon	GBM primary
chr12:19406874|19413955	chr12	19406874	19413955	exon	GBM primary
chr12:31551109|31562318	chr12	31551109	31562318	exon	GBM primary
chr12:44136260|44142412	chr12	44136260	44142412	exon	GBM primary
chr12:46230372|46233279	chr12	46230372	46233279	exon	GBM primary
chr12:46633462|46637097	chr12	46633462	46637097	exon	GBM primary
chr12:46633462|46648719	chr12	46633462	46648719	exon	GBM primary
chr12:48849364|48853332	chr12	48849364	48853332	intergenic_region	GBM primary
chr12:50261137|50261403	chr12	50261137	50261403	exon	GBM primary
chr12:52077958|52081003	chr12	52077958	52081003	exon	GBM primary
chr12:80447737|80454962	chr12	80447737	80454962	intergenic_region	GBM primary
chr12:80447737|80477478	chr12	80447737	80477478	intergenic_region	GBM primary
chr12:82824672|82850599	chr12	82824672	82850599	exon	GBM primary
chr12:88898936|88939642	chr12	88898936	88939642	exon	GBM primary
chr12:88909311|88939642	chr12	88909311	88939642	exon	GBM primary
chr12:89996820|90036132	chr12	89996820	90036132	exon	GBM primary
chr12:96897664|96934765	chr12	96897664	96934765	exon	GBM primary
chr12:97041653|97057710	chr12	97041653	97057710	exon	GBM primary
chr12:97082694|97102581	chr12	97082694	97102581	exon	GBM primary
chr12:107236367|107237725	chr12	107236367	107237725	exon	GBM primary
chr12:112371690|112381173	chr12	112371690	112381173	exon	GBM primary
chr12:124123811|124137282	chr12	124123811	124137282	exon	GBM primary
chr12:124904503|124922542	chr12	124904503	124922542	exon	GBM primary
chr13:20600752|20611049	chr13	20600752	20611049	exon	GBM primary
chr13:28771322|28794515	chr13	28771322	28794515	exon	GBM primary
chr13:30801549|30815223	chr13	30801549	30815223	exon	GBM primary
chr13:33054727|33101669	chr13	33054727	33101669	exon	GBM primary
chr13:33091994|33096407	chr13	33091994	33096407	exon	GBM primary
chr13:41890982|41910892	chr13	41890982	41910892	exon	GBM primary
chr13:41943226|41946966	chr13	41943226	41946966	exon	GBM primary
chr13:42040959|42042974	chr13	42040959	42042974	exon	GBM primary
chr13:42869831|42882745	chr13	42869831	42882745	exon	GBM primary
chr13:44058145|44080362	chr13	44058145	44080362	intron	GBM primary
chr13:53231667|53233384	chr13	53231667	53233384	exon	GBM primary
chr13:76195899|76301234	chr13	76195899	76301234	exon	GBM primary
chr13:84376512|84389879	chr13	84376512	84389879	intergenic_region	GBM primary
chr13:100909849|101020828	chr13	100909849	101020828	exon	GBM primary
chr13:100959446|101020828	chr13	100959446	101020828	exon	GBM primary
chr13:101881744|101944717	chr13	101881744	101944717	exon	GBM primary
chr13:101910794|101944717	chr13	101910794	101944717	exon	GBM primary
chr13:101997617|102031004	chr13	101997617	102031004	exon	GBM primary
chr13:101997617|102051516	chr13	101997617	102051516	exon	GBM primary
chr13:101997652|102051516	chr13	101997652	102051516	exon	GBM primary
chr13:102029051|102051516	chr13	102029051	102051516	exon	GBM primary
chr13:103275227|103280274	chr13	103275227	103280274	exon	GBM primary
chr13:103459496|103486902	chr13	103459496	103486902	exon	GBM primary
chr13:111274563|111276626	chr13	111274563	111276626	exon	GBM primary
chr14:21930509|21931926	chr14	21930509	21931926	exon	GBM primary
chr14:31371742|31382863	chr14	31371742	31382863	exon	GBM primary
chr14:32559708|32615546	chr14	32559708	32615546	exon	GBM primary
chr14:32559708|32619239	chr14	32559708	32619239	exon	GBM primary
chr14:35261981|35331528	chr14	35261981	35331528	exon	GBM primary
chr14:37754523|37777724	chr14	37754523	37777724	exon	GBM primary
chr14:39620950|39628754	chr14	39620950	39628754	exon	GBM primary
chr14:39746138|39748741	chr14	39746138	39748741	exon	GBM primary
chr14:40124049|40125012	chr14	40124049	40125012	exon	GBM primary
chr14:40685486|40688495	chr14	40685486	40688495	intron	GBM primary
chr14:50175877|50210523	chr14	50175877	50210523	exon	GBM primary
chr14:50199422|50210523	chr14	50199422	50210523	exon	GBM primary
chr14:51107468|51111732	chr14	51107468	51111732	exon	GBM primary
chr14:58740697|58740853	chr14	58740697	58740853	exon	GBM primary
chr14:61545548|61550418	chr14	61545548	61550418	exon	GBM primary
chr14:71215546|71216798	chr14	71215546	71216798	exon	GBM primary
chr14:71492834|71502874	chr14	71492834	71502874	exon	GBM primary
chr14:106208230|106235896	chr14	106208230	106235896	intergenic_region	GBM primary
chr15:25490285|25493150	chr15	25490285	25493150	exon	GBM primary
chr15:35207239|35219339	chr15	35207239	35219339	exon	GBM primary
chr15:42851537|42853600	chr15	42851537	42853600	exon	GBM primary
chr15:43075617|43109295	chr15	43075617	43109295	exon	GBM primary
chr15:43086842|43109295	chr15	43086842	43109295	exon	GBM primary
chr15:43120126|43170882	chr15	43120126	43170882	exon	GBM primary
chr15:43122136|43132631	chr15	43122136	43132631	exon	GBM primary
chr15:44620883|44630515	chr15	44620883	44630515	exon	GBM primary
chr15:45059429|45059793	chr15	45059429	45059793	exon	GBM primary
chr15:49867208|49882204	chr15	49867208	49882204	exon	GBM primary
chr15:50330965|50399205	chr15	50330965	50399205	exon	GBM primary
chr15:50657039|50659387	chr15	50657039	50659387	exon	GBM primary
chr15:52338027|52342334	chr15	52338027	52342334	exon	GBM primary
chr15:52876942|52885933	chr15	52876942	52885933	exon	GBM primary
chr15:56681516|56687032	chr15	56681516	56687032	exon	GBM primary
chr15:66044717|66053776	chr15	66044717	66053776	exon	GBM primary
chr15:67956935|67995746	chr15	67956935	67995746	exon	GBM primary
chr15:68434284|68457142	chr15	68434284	68457142	exon	GBM primary
chr15:69855455|69863243	chr15	69855455	69863243	exon	GBM primary
chr15:72324835|72338975	chr15	72324835	72338975	exon	GBM primary
chr15:77544709|77578846	chr15	77544709	77578846	exon	GBM primary
chr15:77638884|77657567	chr15	77638884	77657567	exon	GBM primary
chr15:85081763|85089508	chr15	85081763	85089508	exon	GBM primary
chr15:85081763|85098301	chr15	85081763	85098301	exon	GBM primary
chr15:93480748|93482948	chr15	93480748	93482948	exon	GBM primary
chr16:3586122|3586994	chr16	3586122	3586994	exon	GBM primary
chr16:7629779|7657340	chr16	7629779	7657340	exon	GBM primary
chr16:11063018|11076848	chr16	11063018	11076848	exon	GBM primary
chr16:11988811|11990642	chr16	11988811	11990642	exon	GBM primary
chr16:14680175|14711507	chr16	14680175	14711507	exon	GBM primary
chr16:19234367|19236160	chr16	19234367	19236160	exon	GBM primary
chr16:19639959|19663412	chr16	19639959	19663412	exon	GBM primary
chr16:19656208|19693712	chr16	19656208	19693712	exon	GBM primary
chr16:19741752|19746772	chr16	19741752	19746772	exon	GBM primary
chr16:19745020|19746772	chr16	19745020	19746772	exon	GBM primary
chr16:27224906|27226329	chr16	27224906	27226329	exon	GBM primary
chr16:47531310|47614269	chr16	47531310	47614269	exon	GBM primary
chr16:66759731|66763002	chr16	66759731	66763002	exon	GBM primary
chr16:68893787|68896964	chr16	68893787	68896964	exon	GBM primary
chr16:70260673|70279519	chr16	70260673	70279519	exon	GBM primary
chr16:71218768|71220821	chr16	71218768	71220821	exon	GBM primary
chr16:71748415|71748704	chr16	71748415	71748704	exon	GBM primary
chr16:74123793|74125897	chr16	74123793	74125897	intron	GBM primary
chr16:89291127|89292039	chr16	89291127	89292039	exon	GBM primary
chr17:953290|1028702	chr17	953290	1028702	exon	GBM primary
chr17:2297337|2298748	chr17	2297337	2298748	exon	GBM primary
chr17:3969741|3976050	chr17	3969741	3976050	exon	GBM primary
chr17:15881114|15890682	chr17	15881114	15890682	exon	GBM primary
chr17:16216861|16221222	chr17	16216861	16221222	exon	GBM primary
chr17:27778473|27778698	chr17	27778473	27778698	exon	GBM primary
chr17:28011581|28030080	chr17	28011581	28030080	exon	GBM primary
chr17:30498062|30503232	chr17	30498062	30503232	exon	GBM primary
chr17:30498062|30510291	chr17	30498062	30510291	exon	GBM primary
chr17:35797839|35804870	chr17	35797839	35804870	exon	GBM primary
chr17:37453380|37499494	chr17	37453380	37499494	exon	GBM primary
chr17:37455243|37499494	chr17	37455243	37499494	exon	GBM primary
chr17:40879653|40880970	chr17	40879653	40880970	exon	GBM primary
chr17:42984396|42984606	chr17	42984396	42984606	exon	GBM primary
chr17:49059885|49063139	chr17	49059885	49063139	exon	GBM primary
chr17:49059885|49064598	chr17	49059885	49064598	exon	GBM primary
chr17:53108529|53124515	chr17	53108529	53124515	exon	GBM primary
chr17:54926057|54934026	chr17	54926057	54934026	intron	GBM primary
chr17:57141716|57161450	chr17	57141716	57161450	exon	GBM primary
chr17:71289290|71299211	chr17	71289290	71299211	intron	GBM primary
chr18:18963471|18983955	chr18	18963471	18983955	exon	GBM primary
chr18:20555116|20581692	chr18	20555116	20581692	exon	GBM primary
chr18:48444480|48466756	chr18	48444480	48466756	exon	GBM primary
chr18:48573290|48593557	chr18	48573290	48593557	exon	GBM primary
chr18:59203726|59212377	chr18	59203726	59212377	exon	GBM primary
chr18:74561482|74583781	chr18	74561482	74583781	exon	GBM primary
chr18:74561482|74587620	chr18	74561482	74587620	exon	GBM primary
chr18:76953183|77067234	chr18	76953183	77067234	exon	GBM primary
chr19:8604616|8604944	chr19	8604616	8604944	intron	GBM primary
chr19:12256073|12257039	chr19	12256073	12257039	exon	GBM primary
chr19:12360793|12361183	chr19	12360793	12361183	exon	GBM primary
chr19:53036161|53036574	chr19	53036161	53036574	intron	GBM primary
chr2:10784446|10808849	chr2	10784446	10808849	exon	GBM primary
chr2:15542292|15567918	chr2	15542292	15567918	exon	GBM primary
chr2:20507739|20527139	chr2	20507739	20527139	exon	GBM primary
chr2:24181171|24199945	chr2	24181171	24199945	exon	GBM primary
chr2:24205766|24207701	chr2	24205766	24207701	exon	GBM primary
chr2:24786773|24807429	chr2	24786773	24807429	intron	GBM primary
chr2:26022254|26068432	chr2	26022254	26068432	exon	GBM primary
chr2:32361632|32372327	chr2	32361632	32372327	exon	GBM primary
chr2:32602656|32631625	chr2	32602656	32631625	exon	GBM primary
chr2:38156405|38231359	chr2	38156405	38231359	exon	GBM primary
chr2:43939364|43992865	chr2	43939364	43992865	exon	GBM primary
chr2:44021596|44028848	chr2	44021596	44028848	exon	GBM primary
chr2:45773871|45812913	chr2	45773871	45812913	exon	GBM primary
chr2:54119945|54120936	chr2	54119945	54120936	exon	GBM primary
chr2:55040369|55155888	chr2	55040369	55155888	exon	GBM primary
chr2:61118818|61128218	chr2	61118818	61128218	exon	GBM primary
chr2:61295984|61297635	chr2	61295984	61297635	exon	GBM primary
chr2:61570950|61577828	chr2	61570950	61577828	exon	GBM primary
chr2:64800080|64812679	chr2	64800080	64812679	exon	GBM primary
chr2:65228582|65237897	chr2	65228582	65237897	exon	GBM primary
chr2:70451686|70457986	chr2	70451686	70457986	exon	GBM primary
chr2:71653590|71654544	chr2	71653590	71654544	exon	GBM primary
chr2:73659257|73717285	chr2	73659257	73717285	intron	GBM primary
chr2:74938015|74938370	chr2	74938015	74938370	intergenic_region	GBM primary
chr2:85595809|85596953	chr2	85595809	85596953	exon	GBM primary
chr2:86386659|86389202	chr2	86386659	86389202	exon	GBM primary
chr2:98430434|98449889	chr2	98430434	98449889	exon	GBM primary
chr2:99271908|99343030	chr2	99271908	99343030	exon	GBM primary
chr2:110901119|110919274	chr2	110901119	110919274	exon	GBM primary
chr2:113057426|113069514	chr2	113057426	113069514	exon	GBM primary
chr2:113057426|113082774	chr2	113057426	113082774	exon	GBM primary
chr2:120830754|120836157	chr2	120830754	120836157	exon	GBM primary
chr2:122363277|122392781	chr2	122363277	122392781	intron	GBM primary
chr2:135093788|135119979	chr2	135093788	135119979	exon	GBM primary
chr2:136505837|136528305	chr2	136505837	136528305	exon	GBM primary
chr2:141055377|141093407	chr2	141055377	141093407	exon	GBM primary
chr2:152988628|152992117	chr2	152988628	152992117	exon	GBM primary
chr2:159857592|159867952	chr2	159857592	159867952	intron	GBM primary
chr2:168869144|168986268	chr2	168869144	168986268	exon	GBM primary
chr2:170505692|170531550	chr2	170505692	170531550	exon	GBM primary
chr2:172305191|172333460	chr2	172305191	172333460	exon	GBM primary
chr2:174819601|174820960	chr2	174819601	174820960	exon	GBM primary
chr2:183859567|183860566	chr2	183859567	183860566	exon	GBM primary
chr2:186815371|186817629	chr2	186815371	186817629	intergenic_region	GBM primary
chr2:186946057|186951097	chr2	186946057	186951097	intergenic_region	GBM primary
chr2:190559707|190609514	chr2	190559707	190609514	exon	GBM primary
chr2:196544756|196593073	chr2	196544756	196593073	exon	GBM primary
chr2:196821985|196852953	chr2	196821985	196852953	exon	GBM primary
chr2:196912076|196915973	chr2	196912076	196915973	exon	GBM primary
chr2:197872530|197873755	chr2	197872530	197873755	exon	GBM primary
chr2:201784945|201807870	chr2	201784945	201807870	exon	GBM primary
chr2:203676469|203693739	chr2	203676469	203693739	exon	GBM primary
chr2:204231600|204291992	chr2	204231600	204291992	exon	GBM primary
chr2:205969150|205990461	chr2	205969150	205990461	exon	GBM primary
chr2:212285166|212295825	chr2	212285166	212295825	exon	GBM primary
chr2:214174783|214228869	chr2	214174783	214228869	exon	GBM primary
chr2:215609791|215661841	chr2	215609791	215661841	exon	GBM primary
chr2:227729320|227732034	chr2	227729320	227732034	exon	GBM primary
chr2:228195342|228212100	chr2	228195342	228212100	exon	GBM primary
chr2:233651860|233660931	chr2	233651860	233660931	exon	GBM primary
chr2:242346952|242375953	chr2	242346952	242375953	exon	GBM primary
chr20:1433138|1438919	chr20	1433138	1438919	exon	GBM primary
chr20:3925824|3955047	chr20	3925824	3955047	exon	GBM primary
chr20:10536879|10541468	chr20	10536879	10541468	exon	GBM primary
chr20:39830697|39897723	chr20	39830697	39897723	exon	GBM primary
chr20:40141485|40143591	chr20	40141485	40143591	exon	GBM primary
chr20:45855946|45865260	chr20	45855946	45865260	exon	GBM primary
chr20:50286536|50307358	chr20	50286536	50307358	exon	GBM primary
chr20:50290692|50307358	chr20	50290692	50307358	exon	GBM primary
chr20:52773708|52788209	chr20	52773708	52788209	exon	GBM primary
chr21:22652898|22664561	chr21	22652898	22664561	exon	GBM primary
chr21:27922638|27940360	chr21	27922638	27940360	exon	GBM primary
chr21:38792601|38802702	chr21	38792601	38802702	exon	GBM primary
chr21:40587163|40590586	chr21	40587163	40590586	exon	GBM primary
chr21:40596334|40601362	chr21	40596334	40601362	exon	GBM primary
chr21:41081418|41082119	chr21	41081418	41082119	intron	GBM primary
chr22:22160139|22162135	chr22	22160139	22162135	exon	GBM primary
chr22:28269726|28310335	chr22	28269726	28310335	exon	GBM primary
chr22:38891801|38897285	chr22	38891801	38897285	exon	GBM primary
chr22:41265003|41278181	chr22	41265003	41278181	exon	GBM primary
chr22:41531817|41536261	chr22	41531817	41536261	exon	GBM primary
chr22:43435786|43442579	chr22	43435786	43442579	exon	GBM primary
chr22:44107355|44161273	chr22	44107355	44161273	exon	GBM primary
chr3:3194140|3215945	chr3	3194140	3215945	exon	GBM primary
chr3:3209318|3216953	chr3	3209318	3216953	exon	GBM primary
chr3:13170805|13171025	chr3	13170805	13171025	intron	GBM primary
chr3:17413567|17470011	chr3	17413567	17470011	exon	GBM primary
chr3:17549966|17628049	chr3	17549966	17628049	exon	GBM primary
chr3:23541099|23574192	chr3	23541099	23574192	exon	GBM primary
chr3:27424644|27465643	chr3	27424644	27465643	exon	GBM primary
chr3:31617888|31621588	chr3	31617888	31621588	exon	GBM primary
chr3:37323449|37343823	chr3	37323449	37343823	exon	GBM primary
chr3:42218306|42230616	chr3	42218306	42230616	exon	GBM primary
chr3:47147487|47158244	chr3	47147487	47158244	exon	GBM primary
chr3:47762156|47787483	chr3	47762156	47787483	exon	GBM primary
chr3:56694759|56695045	chr3	56694759	56695045	exon	GBM primary
chr3:57827026|57835543	chr3	57827026	57835543	exon	GBM primary
chr3:100560842|100567719	chr3	100560842	100567719	exon	GBM primary
chr3:101374948|101391057	chr3	101374948	101391057	exon	GBM primary
chr3:106556469|106558439	chr3	106556469	106558439	exon	GBM primary
chr3:108366790|108391503	chr3	108366790	108391503	exon	GBM primary
chr3:117651167|117653287	chr3	117651167	117653287	intron	GBM primary
chr3:117651213|117653287	chr3	117651213	117653287	intron	GBM primary
chr3:119582266|119624699	chr3	119582266	119624699	exon	GBM primary
chr3:130881252|130907418	chr3	130881252	130907418	intron	GBM primary
chr3:132217970|132219757	chr3	132217970	132219757	exon	GBM primary
chr3:136096502|136141886	chr3	136096502	136141886	exon	GBM primary
chr3:136117591|136141886	chr3	136117591	136141886	exon	GBM primary
chr3:138244332|138256189	chr3	138244332	138256189	exon	GBM primary
chr3:141772957|141820683	chr3	141772957	141820683	exon	GBM primary
chr3:142455221|142512802	chr3	142455221	142512802	intron	GBM primary
chr3:155547477|155551830	chr3	155547477	155551830	exon	GBM primary
chr3:167217941|167254788	chr3	167217941	167254788	exon	GBM primary
chr3:167217941|167345080	chr3	167217941	167345080	exon	GBM primary
chr3:167272438|167284682	chr3	167272438	167284682	exon	GBM primary
chr3:167272438|167345080	chr3	167272438	167345080	exon	GBM primary
chr3:167272438|167351325	chr3	167272438	167351325	intron	GBM primary
chr3:167293706|167322256	chr3	167293706	167322256	exon	GBM primary
chr3:167293706|167345080	chr3	167293706	167345080	exon	GBM primary
chr3:167293706|167351320	chr3	167293706	167351320	exon	GBM primary
chr3:167319915|167345080	chr3	167319915	167345080	exon	GBM primary
chr3:167319915|167351320	chr3	167319915	167351320	exon	GBM primary
chr3:167754624|167759262	chr3	167754624	167759262	exon	GBM primary
chr3:169831148|169867032	chr3	169831148	169867032	exon	GBM primary
chr3:170875249|170885059	chr3	170875249	170885059	exon	GBM primary
chr3:179096129|179109892	chr3	179096129	179109892	exon	GBM primary
chr3:179310432|179319578	chr3	179310432	179319578	exon	GBM primary
chr3:180651122|180653019	chr3	180651122	180653019	exon	GBM primary
chr3:181335734|181356124	chr3	181335734	181356124	intron	GBM primary
chr3:182923664|182925611	chr3	182923664	182925611	exon	GBM primary
chr3:183368084|183369064	chr3	183368084	183369064	exon	GBM primary
chr3:185155235|185184751	chr3	185155235	185184751	exon	GBM primary
chr3:195027240|195053852	chr3	195027240	195053852	exon	GBM primary
chr3:195101738|195112876	chr3	195101738	195112876	exon	GBM primary
chr3:195686054|195686957	chr3	195686054	195686957	intergenic_region	GBM primary
chr4:4239554|4248070	chr4	4239554	4248070	exon	GBM primary
chr4:7000812|7006651	chr4	7000812	7006651	exon	GBM primary
chr4:16289334|16324659	chr4	16289334	16324659	intergenic_region	GBM primary
chr4:25334805|25335610	chr4	25334805	25335610	exon	GBM primary
chr4:26622235|26721747	chr4	26622235	26721747	exon	GBM primary
chr4:39739040|39776553	chr4	39739040	39776553	exon	GBM primary
chr4:42505467|42526864	chr4	42505467	42526864	exon	GBM primary
chr4:54249940|54256040	chr4	54249940	54256040	exon	GBM primary
chr4:54249940|54310270	chr4	54249940	54310270	exon	GBM primary
chr4:62800558|62813994	chr4	62800558	62813994	exon	GBM primary
chr4:62862009|62910267	chr4	62862009	62910267	exon	GBM primary
chr4:68594258|68595888	chr4	68594258	68595888	exon	GBM primary
chr4:68594258|68598063	chr4	68594258	68598063	exon	GBM primary
chr4:72102293|72222904	chr4	72102293	72222904	exon	GBM primary
chr4:72313363|72352735	chr4	72313363	72352735	exon	GBM primary
chr4:72332161|72352735	chr4	72332161	72352735	exon	GBM primary
chr4:75040223|75126926	chr4	75040223	75126926	intron	GBM primary
chr4:79966129|80007416	chr4	79966129	80007416	intron	GBM primary
chr4:80006381|80007416	chr4	80006381	80007416	intron	GBM primary
chr4:87607863|87622954	chr4	87607863	87622954	exon	GBM primary
chr4:95444875|95507595	chr4	95444875	95507595	exon	GBM primary
chr4:95539155|95561601	chr4	95539155	95561601	exon	GBM primary
chr4:96025559|96052663	chr4	96025559	96052663	exon	GBM primary
chr4:103501692|103504114	chr4	103501692	103504114	exon	GBM primary
chr4:103853281|103870584	chr4	103853281	103870584	exon	GBM primary
chr4:106345353|106377902	chr4	106345353	106377902	exon	GBM primary
chr4:114530308|114600652	chr4	114530308	114600652	intron	GBM primary
chr4:121675708|121742500	chr4	121675708	121742500	exon	GBM primary
chr4:122725777|122731254	chr4	122725777	122731254	exon	GBM primary
chr4:128995615|129019485	chr4	128995615	129019485	exon	GBM primary
chr4:129214089|129411604	chr4	129214089	129411604	intron	GBM primary
chr4:133996499|134018038	chr4	133996499	134018038	exon	GBM primary
chr4:139993020|139994721	chr4	139993020	139994721	exon	GBM primary
chr4:140037803|140060651	chr4	140037803	140060651	exon	GBM primary
chr4:146791397|146824367	chr4	146791397	146824367	exon	GBM primary
chr4:159747068|159756628	chr4	159747068	159756628	exon	GBM primary
chr4:170345704|170384546	chr4	170345704	170384546	exon	GBM primary
chr4:170398275|170477246	chr4	170398275	170477246	exon	GBM primary
chr4:170498079|170523829	chr4	170498079	170523829	exon	GBM primary
chr4:185580494|185599548	chr4	185580494	185599548	exon	GBM primary
chr5:8783547|8783823	chr5	8783547	8783823	intergenic_region	GBM primary
chr5:54763697|54786942	chr5	54763697	54786942	exon	GBM primary
chr5:56526673|56527148	chr5	56526673	56527148	exon	GBM primary
chr5:65288538|65310553	chr5	65288538	65310553	exon	GBM primary
chr5:68180845|68265746	chr5	68180845	68265746	intergenic_region	GBM primary
chr5:70797389|70808255	chr5	70797389	70808255	exon	GBM primary
chr5:78936674|78964851	chr5	78936674	78964851	exon	GBM primary
chr5:79745410|79770649	chr5	79745410	79770649	exon	GBM primary
chr5:87577859|87588460	chr5	87577859	87588460	exon	GBM primary
chr5:87577859|87706011	chr5	87577859	87706011	exon	GBM primary
chr5:88201026|88261732	chr5	88201026	88261732	exon	GBM primary
chr5:93978978|93990457	chr5	93978978	93990457	exon	GBM primary
chr5:95072593|95099324	chr5	95072593	95099324	exon	GBM primary
chr5:95242227|95255249	chr5	95242227	95255249	exon	GBM primary
chr5:98307559|98335461	chr5	98307559	98335461	intergenic_region	GBM primary
chr5:109049221|109091157	chr5	109049221	109091157	exon	GBM primary
chr5:112116487|112137080	chr5	112116487	112137080	exon	GBM primary
chr5:130515788|130522802	chr5	130515788	130522802	exon	GBM primary
chr5:133638281|133695782	chr5	133638281	133695782	exon	GBM primary
chr5:133647983|133686118	chr5	133647983	133686118	exon	GBM primary
chr5:137093556|137094709	chr5	137093556	137094709	intergenic_region	GBM primary
chr5:137284644|137284873	chr5	137284644	137284873	exon	GBM primary
chr5:137893091|137903411	chr5	137893091	137903411	exon	GBM primary
chr5:139213287|139219755	chr5	139213287	139219755	exon	GBM primary
chr5:145634506|145638156	chr5	145634506	145638156	exon	GBM primary
chr5:146070691|146080705	chr5	146070691	146080705	exon	GBM primary
chr5:146741080|146763517	chr5	146741080	146763517	exon	GBM primary
chr5:159462147|159478190	chr5	159462147	159478190	exon	GBM primary
chr5:172535627|172539382	chr5	172535627	172539382	exon	GBM primary
chr5:176468127|176471534	chr5	176468127	176471534	exon	GBM primary
chr5:178312615|178358327	chr5	178312615	178358327	intergenic_region	GBM primary
chr5:179665332|179668155	chr5	179665332	179668155	exon	GBM primary
chr6:17661884|17676001	chr6	17661884	17676001	exon	GBM primary
chr6:17665470|17669777	chr6	17665470	17669777	exon	GBM primary
chr6:19113538|19114514	chr6	19113538	19114514	intergenic_region	GBM primary
chr6:25482485|25500463	chr6	25482485	25500463	exon	GBM primary
chr6:28239632|28240564	chr6	28239632	28240564	exon	GBM primary
chr6:30202135|30222241	chr6	30202135	30222241	exon	GBM primary
chr6:41020004|41023738	chr6	41020004	41023738	intron	GBM primary
chr6:42941741|42942776	chr6	42941741	42942776	exon	GBM primary
chr6:43286040|43286823	chr6	43286040	43286823	intron	GBM primary
chr6:47494364|47522502	chr6	47494364	47522502	intron	GBM primary
chr6:54013854|54034370	chr6	54013854	54034370	exon	GBM primary
chr6:70042815|70071404	chr6	70042815	70071404	exon	GBM primary
chr6:71185113|71212494	chr6	71185113	71212494	exon	GBM primary
chr6:74175932|74176329	chr6	74175932	74176329	exon	GBM primary
chr6:76357447|76388643	chr6	76357447	76388643	exon	GBM primary
chr6:86328536|86329135	chr6	86328536	86329135	exon	GBM primary
chr6:87947191|87947991	chr6	87947191	87947991	intron	GBM primary
chr6:109977959|109996959	chr6	109977959	109996959	exon	GBM primary
chr6:110448672|110481935	chr6	110448672	110481935	exon	GBM primary
chr6:111708968|111795679	chr6	111708968	111795679	intron	GBM primary
chr6:111708968|111795682	chr6	111708968	111795682	intron	GBM primary
chr6:117010483|117026323	chr6	117010483	117026323	exon	GBM primary
chr6:118786562|118845083	chr6	118786562	118845083	exon	GBM primary
chr6:125366357|125379252	chr6	125366357	125379252	exon	GBM primary
chr6:143792098|143795993	chr6	143792098	143795993	exon	GBM primary
chr6:146185524|146216113	chr6	146185524	146216113	exon	GBM primary
chr6:146240484|146254314	chr6	146240484	146254314	exon	GBM primary
chr6:148789681|148808851	chr6	148789681	148808851	exon	GBM primary
chr6:149997396|150001593	chr6	149997396	150001593	exon	GBM primary
chr6:152560668|152583323	chr6	152560668	152583323	exon	GBM primary
chr6:170852689|170858201	chr6	170852689	170858201	exon	GBM primary
chr7:8043538|8064444	chr7	8043538	8064444	exon	GBM primary
chr7:24659671|24690331	chr7	24659671	24690331	exon	GBM primary
chr7:24659671|24720139	chr7	24659671	24720139	exon	GBM primary
chr7:24663282|24690331	chr7	24663282	24690331	exon	GBM primary
chr7:24663282|24720139	chr7	24663282	24720139	exon	GBM primary
chr7:30661009|30662078	chr7	30661009	30662078	exon	GBM primary
chr7:32672155|32678977	chr7	32672155	32678977	exon	GBM primary
chr7:33390831|33427756	chr7	33390831	33427756	exon	GBM primary
chr7:40027198|40102699	chr7	40027198	40102699	exon	GBM primary
chr7:65705312|65713633	chr7	65705312	65713633	intron	GBM primary
chr7:66262361|66270383	chr7	66262361	66270383	exon	GBM primary
chr7:86547758|86556232	chr7	86547758	86556232	exon	GBM primary
chr7:92086866|92120789	chr7	92086866	92120789	intergenic_region	GBM primary
chr7:92881966|92953044	chr7	92881966	92953044	exon	GBM primary
chr7:97820040|97823884	chr7	97820040	97823884	exon	GBM primary
chr7:100004317|100022759	chr7	100004317	100022759	exon	GBM primary
chr7:102962379|102963241	chr7	102962379	102963241	exon	GBM primary
chr7:105738136|105739728	chr7	105738136	105739728	exon	GBM primary
chr7:121838004|121841450	chr7	121838004	121841450	intergenic_region	GBM primary
chr7:128282271|128289036	chr7	128282271	128289036	intergenic_region	GBM primary
chr7:129588155|129588393	chr7	129588155	129588393	intron	GBM primary
chr7:151868349|151875095	chr7	151868349	151875095	exon	GBM primary
chr8:27995215|28019595	chr8	27995215	28019595	exon	GBM primary
chr8:28821328|28876430	chr8	28821328	28876430	exon	GBM primary
chr8:38194823|38205733	chr8	38194823	38205733	exon	GBM primary
chr8:54882952|54923052	chr8	54882952	54923052	exon	GBM primary
chr8:61653818|61693989	chr8	61653818	61693989	exon	GBM primary
chr8:67922950|67925331	chr8	67922950	67925331	exon	GBM primary
chr8:68999959|69058587	chr8	68999959	69058587	exon	GBM primary
chr8:70667659|70674110	chr8	70667659	70674110	exon	GBM primary
chr8:90600120|90608741	chr8	90600120	90608741	intergenic_region	GBM primary
chr8:90659968|90737869	chr8	90659968	90737869	intron	GBM primary
chr8:92998352|93029591	chr8	92998352	93029591	exon	GBM primary
chr8:94798451|94828743	chr8	94798451	94828743	exon	GBM primary
chr8:95879368|95888717	chr8	95879368	95888717	exon	GBM primary
chr8:99538970|99608397	chr8	99538970	99608397	exon	GBM primary
chr8:101271335|101300495	chr8	101271335	101300495	exon	GBM primary
chr8:101276262|101312879	chr8	101276262	101312879	exon	GBM primary
chr8:106431372|106573709	chr8	106431372	106573709	exon	GBM primary
chr8:130861489|130883742	chr8	130861489	130883742	exon	GBM primary
chr9:3647338|3651867	chr9	3647338	3651867	intron	GBM primary
chr9:3856009|3932470	chr9	3856009	3932470	exon	GBM primary
chr9:3879427|3932470	chr9	3879427	3932470	exon	GBM primary
chr9:13205035|13250371	chr9	13205035	13250371	exon	GBM primary
chr9:19288594|19300329	chr9	19288594	19300329	exon	GBM primary
chr9:20715321|20789607	chr9	20715321	20789607	exon	GBM primary
chr9:20907149|20916936	chr9	20907149	20916936	exon	GBM primary
chr9:20923659|20933102	chr9	20923659	20933102	exon	GBM primary
chr9:25527946|25622101	chr9	25527946	25622101	intergenic_region	GBM primary
chr9:25581479|25582635	chr9	25581479	25582635	intergenic_region	GBM primary
chr9:26424107|26426587	chr9	26424107	26426587	intergenic_region	GBM primary
chr9:26424107|26569673	chr9	26424107	26569673	intergenic_region	GBM primary
chr9:27009018|27018685	chr9	27009018	27018685	exon	GBM primary
chr9:33886879|33900269	chr9	33886879	33900269	exon	GBM primary
chr9:33948372|33963789	chr9	33948372	33963789	exon	GBM primary
chr9:33953283|33973235	chr9	33953283	33973235	exon	GBM primary
chr9:33971649|33998862	chr9	33971649	33998862	exon	GBM primary
chr9:35236466|35243361	chr9	35236466	35243361	exon	GBM primary
chr9:78638654|78641953	chr9	78638654	78641953	exon	GBM primary
chr9:79244108|79251473	chr9	79244108	79251473	exon	GBM primary
chr9:79251387|79259825	chr9	79251387	79259825	exon	GBM primary
chr9:79952171|79986065	chr9	79952171	79986065	exon	GBM primary
chr9:80409379|80412564	chr9	80409379	80412564	exon	GBM primary
chr9:80708567|80709341	chr9	80708567	80709341	intergenic_region	GBM primary
chr9:86354616|86383885	chr9	86354616	86383885	exon	GBM primary
chr9:86354620|86383885	chr9	86354620	86383885	exon	GBM primary
chr9:87105574|87112661	chr9	87105574	87112661	intron	GBM primary
chr9:87112384|87136140	chr9	87112384	87136140	exon	GBM primary
chr9:87193686|87226912	chr9	87193686	87226912	intron	GBM primary
chr9:87193686|87237658	chr9	87193686	87237658	intron	GBM primary
chr9:87198112|87226912	chr9	87198112	87226912	exon	GBM primary
chr9:87317074|87342874	chr9	87317074	87342874	exon	GBM primary
chr9:87325552|87367000	chr9	87325552	87367000	exon	GBM primary
chr9:87635121|87683434	chr9	87635121	87683434	intergenic_region	GBM primary
chr9:88190230|88248289	chr9	88190230	88248289	exon	GBM primary
chr9:88284400|88327481	chr9	88284400	88327481	exon	GBM primary
chr9:88627961|88633736	chr9	88627961	88633736	exon	GBM primary
chr9:91009042|91010687	chr9	91009042	91010687	intron	GBM primary
chr9:103261047|103312442	chr9	103261047	103312442	exon	GBM primary
chr9:111954069|111962614	chr9	111954069	111962614	intron	GBM primary
chr9:123593609|123595734	chr9	123593609	123595734	exon	GBM primary
chr9:125719290|125782738	chr9	125719290	125782738	exon	GBM primary
chr9:125751576|125752492	chr9	125751576	125752492	exon	GBM primary
chr9:125832629|125852664	chr9	125832629	125852664	exon	GBM primary
chr9:129154345|129184227	chr9	129154345	129184227	exon	GBM primary
chr9:130594677|130595493	chr9	130594677	130595493	intron	GBM primary
chr9:132719639|132720832	chr9	132719639	132720832	exon	GBM primary
chr9:136277419|136278041	chr9	136277419	136278041	exon	GBM primary
chr9:140074633|140074836	chr9	140074633	140074836	exon	GBM primary
chrX:18525055|18528974	chrX	18525055	18528974	exon	GBM primary
chrX:19068924|19069099	chrX	19068924	19069099	intron	GBM primary
chrX:21250789|21255086	chrX	21250789	21255086	intron	GBM primary
chrX:21549974|21627735	chrX	21549974	21627735	exon	GBM primary
chrX:37245852|37285253	chrX	37245852	37285253	exon	GBM primary
chrX:37265462|37285253	chrX	37265462	37285253	exon	GBM primary
chrX:53246325|53247580	chrX	53246325	53247580	exon	GBM primary
chrX:53588717|53589890	chrX	53588717	53589890	exon	GBM primary
chrX:67331696|67339174	chrX	67331696	67339174	exon	GBM primary
chrX:67412761|67421552	chrX	67412761	67421552	exon	GBM primary
chrX:67494580|67518938	chrX	67494580	67518938	exon	GBM primary
chrX:106769812|106773741	chrX	106769812	106773741	exon	GBM primary
chrX:110385324|110406955	chrX	110385324	110406955	exon	GBM primary
chrX:117676688|117680079	chrX	117676688	117680079	exon	GBM primary
chrX:131415123|131417060	chrX	131415123	131417060	intron	GBM primary
chrX:134679348|134683730	chrX	134679348	134683730	exon	GBM primary
chrX:134679348|134686071	chrX	134679348	134686071	exon	GBM primary
chrX:138897037|138908982	chrX	138897037	138908982	exon	GBM primary
chrX:149761067|149787612	chrX	149761067	149787612	exon	GBM primary
chrX:149761067|149818374	chrX	149761067	149818374	exon	GBM primary
chrY:21901414|21903743	chrY	21901414	21903743	exon	GBM primary
chrY:22669238|22683186	chrY	22669238	22683186	exon	GBM primary
chr1:16263658|16264501	chr1	16263658	16264501	exon	GBM primary
chr1:21091870|21100103	chr1	21091870	21100103	exon	GBM primary
chr1:39816457|39824936	chr1	39816457	39824936	exon	GBM primary
chr1:52293468|52299842	chr1	52293468	52299842	exon	GBM primary
chr1:65095038|65107652	chr1	65095038	65107652	exon	GBM primary
chr1:65234339|65255197	chr1	65234339	65255197	exon	GBM primary
chr1:74701786|74737392	chr1	74701786	74737392	exon	GBM primary
chr1:154207067|154218851	chr1	154207067	154218851	exon	GBM primary
chr1:155896467|155896947	chr1	155896467	155896947	exon	GBM primary
chr1:166151080|166154584	chr1	166151080	166154584	intergenic_region	GBM primary
chr1:168032859|168037701	chr1	168032859	168037701	exon	GBM primary
chr1:184853767|184868442	chr1	184853767	184868442	exon	GBM primary
chr1:201823723|201828122	chr1	201823723	201828122	exon	GBM primary
chr1:202742246|202746222	chr1	202742246	202746222	exon	GBM primary
chr1:203151859|203152919	chr1	203151859	203152919	exon	GBM primary
chr1:204494612|204501374	chr1	204494612	204501374	exon	GBM primary
chr1:224553581|224559125	chr1	224553581	224559125	exon	GBM primary
chr1:243456393|243542165	chr1	243456393	243542165	exon	GBM primary
chr10:88811340|88827914	chr10	88811340	88827914	exon	GBM primary
chr11:46515158|46534363	chr11	46515158	46534363	exon	GBM primary
chr11:65267906|65268121	chr11	65267906	65268121	exon	GBM primary
chr11:114316701|114352071	chr11	114316701	114352071	intergenic_region	GBM primary
chr12:2973486|2975687	chr12	2973486	2975687	exon	GBM primary
chr12:22796697|22826594	chr12	22796697	22826594	exon	GBM primary
chr12:26922282|26943160	chr12	26922282	26943160	intron	GBM primary
chr12:27807655|27809663	chr12	27807655	27809663	exon	GBM primary
chr12:28603094|28637098	chr12	28603094	28637098	exon	GBM primary
chr12:51402259|51404549	chr12	51402259	51404549	exon	GBM primary
chr12:70773977|70775374	chr12	70773977	70775374	intron	GBM primary
chr12:90013776|90029028	chr12	90013776	90029028	exon	GBM primary
chr12:102107868|102110590	chr12	102107868	102110590	exon	GBM primary
chr12:110893391|110895439	chr12	110893391	110895439	exon	GBM primary
chr13:24796957|24798720	chr13	24796957	24798720	exon	GBM primary
chr13:25051839|25067871	chr13	25051839	25067871	exon	GBM primary
chr13:45580337|45594563	chr13	45580337	45594563	exon	GBM primary
chr14:32586346|32621734	chr14	32586346	32621734	exon	GBM primary
chr14:35036892|35037219	chr14	35036892	35037219	exon	GBM primary
chr14:35565764|35568590	chr14	35565764	35568590	exon	GBM primary
chr14:50616726|50619891	chr14	50616726	50619891	exon	GBM primary
chr14:51489553|51492078	chr14	51489553	51492078	exon	GBM primary
chr14:76330010|76368567	chr14	76330010	76368567	exon	GBM primary
chr14:76633006|76662315	chr14	76633006	76662315	exon	GBM primary
chr14:89628045|89629313	chr14	89628045	89629313	exon	GBM primary
chr14:104139351|104139768	chr14	104139351	104139768	exon	GBM primary
chr15:30053342|30092905	chr15	30053342	30092905	exon	GBM primary
chr15:34048507|34061373	chr15	34048507	34061373	exon	GBM primary
chr15:50875286|50884823	chr15	50875286	50884823	exon	GBM primary
chr15:75693071|75705386	chr15	75693071	75705386	exon	GBM primary
chr15:85223944|85234875	chr15	85223944	85234875	exon	GBM primary
chr16:16218646|16219768	chr16	16218646	16219768	exon	GBM primary
chr17:26092561|26093614	chr17	26092561	26093614	exon	GBM primary
chr17:34864901|34867294	chr17	34864901	34867294	exon	GBM primary
chr17:44064406|44074030	chr17	44064406	44074030	exon	GBM primary
chr17:58342773|58348842	chr17	58342773	58348842	exon	GBM primary
chr17:61681894|61683800	chr17	61681894	61683800	exon	GBM primary
chr17:62515439|62522318	chr17	62515439	62522318	exon	GBM primary
chr17:66872601|66877352	chr17	66872601	66877352	exon	GBM primary
chr18:196637|204692	chr18	196637	204692	exon	GBM primary
chr18:9208655|9221997	chr18	9208655	9221997	exon	GBM primary
chr18:19144164|19148055	chr18	19144164	19148055	exon	GBM primary
chr18:56363598|56367823	chr18	56363598	56367823	exon	GBM primary
chr19:10368898|10369361	chr19	10368898	10369361	exon	GBM primary
chr19:11978121|12088246	chr19	11978121	12088246	intergenic_region	GBM primary
chr19:44570217|44586258	chr19	44570217	44586258	exon	GBM primary
chr19:47998807|48006759	chr19	47998807	48006759	exon	GBM primary
chr2:24531486|24538093	chr2	24531486	24538093	exon	GBM primary
chr2:24777258|24807429	chr2	24777258	24807429	exon	GBM primary
chr2:32312561|32314674	chr2	32312561	32314674	exon	GBM primary
chr2:45704132|45780869	chr2	45704132	45780869	exon	GBM primary
chr2:97808377|97877478	chr2	97808377	97877478	exon	GBM primary
chr2:110321943|110323436	chr2	110321943	110323436	exon	GBM primary
chr2:145182363|145187593	chr2	145182363	145187593	exon	GBM primary
chr2:165793860|165796066	chr2	165793860	165796066	exon	GBM primary
chr2:174987908|175006728	chr2	174987908	175006728	exon	GBM primary
chr2:206165254|206166425	chr2	206165254	206166425	exon	GBM primary
chr2:219328029|219330899	chr2	219328029	219330899	exon	GBM primary
chr2:232879545|232894790	chr2	232879545	232894790	exon	GBM primary
chr20:16506737|16509085	chr20	16506737	16509085	exon	GBM primary
chr20:23370583|23383709	chr20	23370583	23383709	exon	GBM primary
chr20:35159340|35160552	chr20	35159340	35160552	intron	GBM primary
chr20:48256215|48257202	chr20	48256215	48257202	exon	GBM primary
chr20:50329505|50346517	chr20	50329505	50346517	exon	GBM primary
chr22:29517345|29521404	chr22	29517345	29521404	exon	GBM primary
chr22:32206507|32211198	chr22	32206507	32211198	exon	GBM primary
chr22:46096162|46136418	chr22	46096162	46136418	exon	GBM primary
chr3:9804598|9804897	chr3	9804598	9804897	exon	GBM primary
chr3:47466975|47470160	chr3	47466975	47470160	exon	GBM primary
chr3:49362135|49363278	chr3	49362135	49363278	exon	GBM primary
chr3:52794811|52797640	chr3	52794811	52797640	exon	GBM primary
chr3:64785141|64795526	chr3	64785141	64795526	exon	GBM primary
chr3:71739161|71748859	chr3	71739161	71748859	exon	GBM primary
chr3:169831148|169840532	chr3	169831148	169840532	exon	GBM primary
chr3:171830242|171851336	chr3	171830242	171851336	exon	GBM primary
chr4:2951661|2952972	chr4	2951661	2952972	exon	GBM primary
chr4:56277781|56290810	chr4	56277781	56290810	exon	GBM primary
chr4:72313363|72363409	chr4	72313363	72363409	exon	GBM primary
chr4:76725287|76726456	chr4	76725287	76726456	exon	GBM primary
chr4:79747191|79786874	chr4	79747191	79786874	exon	GBM primary
chr4:114582869|114600652	chr4	114582869	114600652	intron	GBM primary
chr4:144336630|144361535	chr4	144336630	144361535	exon	GBM primary
chr4:151119154|151125041	chr4	151119154	151125041	exon	GBM primary
chr4:178274462|178274882	chr4	178274462	178274882	exon	GBM primary
chr5:37115062|37121886	chr5	37115062	37121886	exon	GBM primary
chr5:131915009|131925529	chr5	131915009	131925529	exon	GBM primary
chr5:132262813|132270633	chr5	132262813	132270633	exon	GBM primary
chr6:25482485|25495443	chr6	25482485	25495443	exon	GBM primary
chr6:42630996|42633983	chr6	42630996	42633983	exon	GBM primary
chr6:56997840|57013491	chr6	56997840	57013491	exon	GBM primary
chr6:82920531|82922510	chr6	82920531	82922510	exon	GBM primary
chr6:89793472|89794362	chr6	89793472	89794362	exon	GBM primary
chr6:90571845|90581107	chr6	90571845	90581107	exon	GBM primary
chr6:109286183|109310048	chr6	109286183	109310048	intergenic_region	GBM primary
chr6:111201190|111208794	chr6	111201190	111208794	intron	GBM primary
chr6:117013218|117026323	chr6	117013218	117026323	exon	GBM primary
chr6:131481199|131540948	chr6	131481199	131540948	exon	GBM primary
chr6:155063090|155099179	chr6	155063090	155099179	exon	GBM primary
chr7:24659671|24733467	chr7	24659671	24733467	exon	GBM primary
chr7:35006506|35013217	chr7	35006506	35013217	exon	GBM primary
chr7:35006506|35029553	chr7	35006506	35029553	exon	GBM primary
chr7:44739740|44741214	chr7	44739740	44741214	exon	GBM primary
chr7:56049903|56062681	chr7	56049903	56062681	exon	GBM primary
chr7:56052540|56065142	chr7	56052540	56065142	exon	GBM primary
chr7:56062587|56065142	chr7	56062587	56065142	exon	GBM primary
chr7:56150971|56151408	chr7	56150971	56151408	exon	GBM primary
chr7:65817492|65821858	chr7	65817492	65821858	exon	GBM primary
chr7:75182752|75183825	chr7	75182752	75183825	exon	GBM primary
chr7:107836205|107850049	chr7	107836205	107850049	exon	GBM primary
chr7:156549087|156619438	chr7	156549087	156619438	exon	GBM primary
chr7:158704241|158711560	chr7	158704241	158711560	exon	GBM primary
chr8:27463929|27466494	chr8	27463929	27466494	exon	GBM primary
chr8:28013459|28019595	chr8	28013459	28019595	exon	GBM primary
chr8:90672524|90673132	chr8	90672524	90673132	intron	GBM primary
chr8:101271335|101277013	chr8	101271335	101277013	exon	GBM primary
chr8:117668095|117671219	chr8	117668095	117671219	exon	GBM primary
chr8:133622412|133627343	chr8	133622412	133627343	exon	GBM primary
chr9:4117768|4286523	chr9	4117768	4286523	exon	GBM primary
chr9:35228012|35243361	chr9	35228012	35243361	exon	GBM primary
chr9:77767048|77783182	chr9	77767048	77783182	intergenic_region	GBM primary
chr9:79829245|79842401	chr9	79829245	79842401	exon	GBM primary
chr9:99060698|99071408	chr9	99060698	99071408	exon	GBM primary
chr9:123586772|123594223	chr9	123586772	123594223	exon	GBM primary
chr9:123924134|123924549	chr9	123924134	123924549	exon	GBM primary
chr9:125639750|125645658	chr9	125639750	125645658	exon	GBM primary
chr9:128103456|128109220	chr9	128103456	128109220	exon	GBM primary
chr9:134312007|134314448	chr9	134312007	134314448	exon	GBM primary
chr9:138758302|138774924	chr9	138758302	138774924	exon	GBM primary
chrX:2871184|2876476	chrX	2871184	2876476	exon	GBM primary
chrX:9659619|9661459	chrX	9659619	9661459	exon	GBM primary
chr1:1417925|1455686	chr1	1417925	1455686	intergenic_region	GBM primary
chr1:1572443|1635434	chr1	1572443	1635434	intergenic_region	GBM primary
chr1:1747195|1770677	chr1	1747195	1770677	exon	GBM primary
chr1:7895822|7897209	chr1	7895822	7897209	exon	GBM primary
chr1:8525985|8674745	chr1	8525985	8674745	exon	GBM primary
chr1:8555123|8601377	chr1	8555123	8601377	exon	GBM primary
chr1:8674620|8716500	chr1	8674620	8716500	exon	GBM primary
chr1:10032076|10041228	chr1	10032076	10041228	exon	GBM primary
chr1:10204998|10211619	chr1	10204998	10211619	exon	GBM primary
chr1:14608666|14611276	chr1	14608666	14611276	intron	GBM primary
chr1:15956820|15978390	chr1	15956820	15978390	exon	GBM primary
chr1:16891302|16893846	chr1	16891302	16893846	exon	GBM primary
chr1:21083659|21103243	chr1	21083659	21103243	exon	GBM primary
chr1:21102217|21102498	chr1	21102217	21102498	exon	GBM primary
chr1:21205816|21231464	chr1	21205816	21231464	exon	GBM primary
chr1:21220010|21308901	chr1	21220010	21308901	exon	GBM primary
chr1:21276496|21307720	chr1	21276496	21307720	exon	GBM primary
chr1:21295967|21308901	chr1	21295967	21308901	exon	GBM primary
chr1:21306827|21329301	chr1	21306827	21329301	exon	GBM primary
chr1:21324094|21415706	chr1	21324094	21415706	exon	GBM primary
chr1:21327692|21329301	chr1	21327692	21329301	exon	GBM primary
chr1:22041882|22050588	chr1	22041882	22050588	exon	GBM primary
chr1:23381562|23395644	chr1	23381562	23395644	exon	GBM primary
chr1:24840804|24841057	chr1	24840804	24841057	exon	GBM primary
chr1:24993306|24996806	chr1	24993306	24996806	exon	GBM primary
chr1:25773253|25783322	chr1	25773253	25783322	exon	GBM primary
chr1:26581662|26586293	chr1	26581662	26586293	exon	GBM primary
chr1:28800066|28800663	chr1	28800066	28800663	exon	GBM primary
chr1:29313943|29323831	chr1	29313943	29323831	exon	GBM primary
chr1:29474592|29481422	chr1	29474592	29481422	exon	GBM primary
chr1:31478700|31479949	chr1	31478700	31479949	exon	GBM primary
chr1:34204741|34209207	chr1	34204741	34209207	exon	GBM primary
chr1:35569896|35576048	chr1	35569896	35576048	exon	GBM primary
chr1:35862153|35865177	chr1	35862153	35865177	exon	GBM primary
chr1:35944567|35944813	chr1	35944567	35944813	exon	GBM primary
chr1:38820192|38820768	chr1	38820192	38820768	intergenic_region	GBM primary
chr1:40656444|40668286	chr1	40656444	40668286	exon	GBM primary
chr1:40980187|40981590	chr1	40980187	40981590	exon	GBM primary
chr1:42693554|42744343	chr1	42693554	42744343	exon	GBM primary
chr1:42730786|42776781	chr1	42730786	42776781	exon	GBM primary
chr1:42946132|43055154	chr1	42946132	43055154	exon	GBM primary
chr1:42948334|42964587	chr1	42948334	42964587	exon	GBM primary
chr1:42948334|43076761	chr1	42948334	43076761	exon	GBM primary
chr1:43829613|43831294	chr1	43829613	43831294	exon	GBM primary
chr1:44750507|44804994	chr1	44750507	44804994	exon	GBM primary
chr1:44877653|44881895	chr1	44877653	44881895	intron	GBM primary
chr1:46032241|46032692	chr1	46032241	46032692	exon	GBM primary
chr1:46774773|46775988	chr1	46774773	46775988	exon	GBM primary
chr1:48860939|48878823	chr1	48860939	48878823	exon	GBM primary
chr1:49328038|49332902	chr1	49328038	49332902	intron	GBM primary
chr1:50956260|51001129	chr1	50956260	51001129	exon	GBM primary
chr1:51253672|51267349	chr1	51253672	51267349	exon	GBM primary
chr1:51860053|51875368	chr1	51860053	51875368	exon	GBM primary
chr1:58971732|59000003	chr1	58971732	59000003	exon	GBM primary
chr1:60366637|60381772	chr1	60366637	60381772	exon	GBM primary
chr1:61553821|61578015	chr1	61553821	61578015	intron	GBM primary
chr1:63269390|63286880	chr1	63269390	63286880	exon	GBM primary
chr1:63269390|63307218	chr1	63269390	63307218	exon	GBM primary
chr1:63269390|63332269	chr1	63269390	63332269	intergenic_region	GBM primary
chr1:63286810|63300523	chr1	63286810	63300523	exon	GBM primary
chr1:65234339|65280523	chr1	65234339	65280523	exon	GBM primary
chr1:65455118|65460771	chr1	65455118	65460771	exon	GBM primary
chr1:66713143|66731770	chr1	66713143	66731770	exon	GBM primary
chr1:70509637|70555502	chr1	70509637	70555502	exon	GBM primary
chr1:70518709|70555502	chr1	70518709	70555502	exon	GBM primary
chr1:70518709|70573509	chr1	70518709	70573509	exon	GBM primary
chr1:70758071|70771973	chr1	70758071	70771973	exon	GBM primary
chr1:70766447|70781249	chr1	70766447	70781249	exon	GBM primary
chr1:76205665|76216231	chr1	76205665	76216231	exon	GBM primary
chr1:78098800|78107340	chr1	78098800	78107340	exon	GBM primary
chr1:78267016|78272786	chr1	78267016	78272786	exon	GBM primary
chr1:82421561|82451039	chr1	82421561	82451039	exon	GBM primary
chr1:84369762|84399449	chr1	84369762	84399449	exon	GBM primary
chr1:84383287|84408362	chr1	84383287	84408362	exon	GBM primary
chr1:84644860|84663507	chr1	84644860	84663507	exon	GBM primary
chr1:85121515|85136991	chr1	85121515	85136991	exon	GBM primary
chr1:86578250|86611866	chr1	86578250	86611866	exon	GBM primary
chr1:87181407|87208119	chr1	87181407	87208119	exon	GBM primary
chr1:89206671|89226059	chr1	89206671	89226059	exon	GBM primary
chr1:89206671|89237562	chr1	89206671	89237562	exon	GBM primary
chr1:91403042|91447927	chr1	91403042	91447927	exon	GBM primary
chr1:92786156|92811471	chr1	92786156	92811471	exon	GBM primary
chr1:93191155|93202184	chr1	93191155	93202184	intron	GBM primary
chr1:95609447|95639445	chr1	95609447	95639445	exon	GBM primary
chr1:97981282|98039526	chr1	97981282	98039526	exon	GBM primary
chr1:98144651|98165103	chr1	98144651	98165103	exon	GBM primary
chr1:99753521|99767453	chr1	99753521	99767453	exon	GBM primary
chr1:100335956|100343384	chr1	100335956	100343384	exon	GBM primary
chr1:100617941|100638926	chr1	100617941	100638926	exon	GBM primary
chr1:107866904|107867544	chr1	107866904	107867544	exon	GBM primary
chr1:109294879|109302707	chr1	109294879	109302707	exon	GBM primary
chr1:109336204|109342927	chr1	109336204	109342927	exon	GBM primary
chr1:109884636|109888500	chr1	109884636	109888500	exon	GBM primary
chr1:110207633|110233186	chr1	110207633	110233186	intergenic_region	GBM primary
chr1:112269989|112270426	chr1	112269989	112270426	exon	GBM primary
chr1:113140593|113159517	chr1	113140593	113159517	exon	GBM primary
chr1:113143416|113153625	chr1	113143416	113153625	exon	GBM primary
chr1:114248512|114254735	chr1	114248512	114254735	exon	GBM primary
chr1:115262200|115263338	chr1	115262200	115263338	exon	GBM primary
chr1:115262200|115280693	chr1	115262200	115280693	exon	GBM primary
chr1:118003111|118045592	chr1	118003111	118045592	exon	GBM primary
chr1:118413069|118463047	chr1	118413069	118463047	exon	GBM primary
chr1:145015860|145021167	chr1	145015860	145021167	exon	GBM primary
chr1:146724278|146728216	chr1	146724278	146728216	exon	GBM primary
chr1:146737591|146740537	chr1	146737591	146740537	exon	GBM primary
chr1:150997087|150999803	chr1	150997087	150999803	exon	GBM primary
chr1:151395873|151414681	chr1	151395873	151414681	exon	GBM primary
chr1:153637696|153641033	chr1	153637696	153641033	exon	GBM primary
chr1:155348072|155385714	chr1	155348072	155385714	exon	GBM primary
chr1:155365250|155408859	chr1	155365250	155408859	exon	GBM primary
chr1:155582209|155717687	chr1	155582209	155717687	intergenic_region	GBM primary
chr1:155642351|155649303	chr1	155642351	155649303	exon	GBM primary
chr1:155734791|155736500	chr1	155734791	155736500	exon	GBM primary
chr1:155747413|155753880	chr1	155747413	155753880	exon	GBM primary
chr1:155874102|155874595	chr1	155874102	155874595	exon	GBM primary
chr1:156290630|156304709	chr1	156290630	156304709	exon	GBM primary
chr1:160293221|160302347	chr1	160293221	160302347	exon	GBM primary
chr1:167734820|167742605	chr1	167734820	167742605	exon	GBM primary
chr1:168050423|168052510	chr1	168050423	168052510	exon	GBM primary
chr1:169199956|169256646	chr1	169199956	169256646	exon	GBM primary
chr1:171492360|171502100	chr1	171492360	171502100	exon	GBM primary
chr1:172100315|172277979	chr1	172100315	172277979	exon	GBM primary
chr1:172356273|172357949	chr1	172356273	172357949	exon	GBM primary
chr1:173593926|173596298	chr1	173593926	173596298	exon	GBM primary
chr1:173961893|173962273	chr1	173961893	173962273	exon	GBM primary
chr1:174244971|174363283	chr1	174244971	174363283	exon	GBM primary
chr1:174931220|174936569	chr1	174931220	174936569	intron	GBM primary
chr1:176104146|176133027	chr1	176104146	176133027	exon	GBM primary
chr1:176118142|176133027	chr1	176118142	176133027	exon	GBM primary
chr1:176524543|176526377	chr1	176524543	176526377	exon	GBM primary
chr1:178425856|178436556	chr1	178425856	178436556	exon	GBM primary
chr1:180971742|180974599	chr1	180971742	180974599	exon	GBM primary
chr1:186359843|186400481	chr1	186359843	186400481	intergenic_region	GBM primary
chr1:197509094|197522242	chr1	197509094	197522242	exon	GBM primary
chr1:200729967|200801973	chr1	200729967	200801973	exon	GBM primary
chr1:201816407|201817722	chr1	201816407	201817722	exon	GBM primary
chr1:201821232|201828122	chr1	201821232	201828122	exon	GBM primary
chr1:201826224|201828122	chr1	201826224	201828122	exon	GBM primary
chr1:201970504|201972589	chr1	201970504	201972589	exon	GBM primary
chr1:202724399|202729701	chr1	202724399	202729701	exon	GBM primary
chr1:202724399|202733273	chr1	202724399	202733273	exon	GBM primary
chr1:205588085|205589966	chr1	205588085	205589966	exon	GBM primary
chr1:211092982|211094309	chr1	211092982	211094309	intron	GBM primary
chr1:211192125|211264032	chr1	211192125	211264032	exon	GBM primary
chr1:211192206|211192598	chr1	211192206	211192598	exon	GBM primary
chr1:213046020|213062599	chr1	213046020	213062599	exon	GBM primary
chr1:213246212|213341316	chr1	213246212	213341316	exon	GBM primary
chr1:213302870|213349835	chr1	213302870	213349835	exon	GBM primary
chr1:213341201|213349835	chr1	213341201	213349835	exon	GBM primary
chr1:215759838|215768813	chr1	215759838	215768813	exon	GBM primary
chr1:219366424|219392054	chr1	219366424	219392054	intergenic_region	GBM primary
chr1:219366424|219414650	chr1	219366424	219414650	intergenic_region	GBM primary
chr1:220771673|220792097	chr1	220771673	220792097	exon	GBM primary
chr1:225190485|225284941	chr1	225190485	225284941	exon	GBM primary
chr1:225742608|225755116	chr1	225742608	225755116	exon	GBM primary
chr1:227216358|227223308	chr1	227216358	227223308	exon	GBM primary
chr1:227348244|227400920	chr1	227348244	227400920	exon	GBM primary
chr1:230313964|230339036	chr1	230313964	230339036	exon	GBM primary
chr1:230798887|230800333	chr1	230798887	230800333	exon	GBM primary
chr1:230798887|230807386	chr1	230798887	230807386	exon	GBM primary
chr1:231079552|231097049	chr1	231079552	231097049	exon	GBM primary
chr1:235316021|235318427	chr1	235316021	235318427	exon	GBM primary
chr1:235377084|235388090	chr1	235377084	235388090	exon	GBM primary
chr1:235600637|235605197	chr1	235600637	235605197	exon	GBM primary
chr1:235993526|235996967	chr1	235993526	235996967	exon	GBM primary
chr1:236332006|236343328	chr1	236332006	236343328	exon	GBM primary
chr1:237550581|237632487	chr1	237550581	237632487	exon	GBM primary
chr1:237729867|237732619	chr1	237729867	237732619	exon	GBM primary
chr1:240341221|240351562	chr1	240341221	240351562	exon	GBM primary
chr1:240341221|240458183	chr1	240341221	240458183	exon	GBM primary
chr1:240351507|240458183	chr1	240351507	240458183	exon	GBM primary
chr1:240370099|240519208	chr1	240370099	240519208	exon	GBM primary
chr1:240966204|240990472	chr1	240966204	240990472	exon	GBM primary
chr1:243433394|243542165	chr1	243433394	243542165	exon	GBM primary
chr1:243433407|243589860	chr1	243433407	243589860	exon	GBM primary
chr1:243456393|243493994	chr1	243456393	243493994	exon	GBM primary
chr1:243456393|243589860	chr1	243456393	243589860	exon	GBM primary
chr1:243468015|243507633	chr1	243468015	243507633	exon	GBM primary
chr1:243480057|243542165	chr1	243480057	243542165	exon	GBM primary
chr1:243480057|243589860	chr1	243480057	243589860	exon	GBM primary
chr1:243708812|243778463	chr1	243708812	243778463	exon	GBM primary
chr1:243708812|243801044	chr1	243708812	243801044	exon	GBM primary
chr1:243727022|243828185	chr1	243727022	243828185	exon	GBM primary
chr1:243776973|243828185	chr1	243776973	243828185	exon	GBM primary
chr1:243809195|244006584	chr1	243809195	244006584	exon	GBM primary
chr1:246078832|246093239	chr1	246078832	246093239	exon	GBM primary
chr1:246778021|246894114	chr1	246778021	246894114	intergenic_region	GBM primary
chr1:248023919|248031365	chr1	248023919	248031365	exon	GBM primary
chr10:225934|255988	chr10	225934	255988	exon	GBM primary
chr10:1118056|1142186	chr10	1118056	1142186	exon	GBM primary
chr10:1125951|1126416	chr10	1125951	1126416	exon	GBM primary
chr10:4872867|4915499	chr10	4872867	4915499	intergenic_region	GBM primary
chr10:7262373|7318951	chr10	7262373	7318951	exon	GBM primary
chr10:7290510|7327916	chr10	7290510	7327916	exon	GBM primary
chr10:7820801|7822270	chr10	7820801	7822270	exon	GBM primary
chr10:7840953|7844817	chr10	7840953	7844817	exon	GBM primary
chr10:10379790|10383156	chr10	10379790	10383156	intergenic_region	GBM primary
chr10:12039671|12056183	chr10	12039671	12056183	exon	GBM primary
chr10:12442015|12445368	chr10	12442015	12445368	intron	GBM primary
chr10:13169745|13178897	chr10	13169745	13178897	exon	GBM primary
chr10:15875629|15885271	chr10	15875629	15885271	exon	GBM primary
chr10:16794538|16824083	chr10	16794538	16824083	exon	GBM primary
chr10:17199440|17210916	chr10	17199440	17210916	exon	GBM primary
chr10:18266831|18292287	chr10	18266831	18292287	exon	GBM primary
chr10:24508555|24508838	chr10	24508555	24508838	exon	GBM primary
chr10:24813252|24817048	chr10	24813252	24817048	exon	GBM primary
chr10:24908402|24924032	chr10	24908402	24924032	exon	GBM primary
chr10:24918925|24924032	chr10	24918925	24924032	exon	GBM primary
chr10:25226113|25231365	chr10	25226113	25231365	exon	GBM primary
chr10:26789748|26802589	chr10	26789748	26802589	exon	GBM primary
chr10:27328894|27350171	chr10	27328894	27350171	exon	GBM primary
chr10:30392686|30399760	chr10	30392686	30399760	intron	GBM primary
chr10:30611320|30630569	chr10	30611320	30630569	exon	GBM primary
chr10:31749966|31750166	chr10	31749966	31750166	exon	GBM primary
chr10:32740520|32873232	chr10	32740520	32873232	exon	GBM primary
chr10:32740520|32912745	chr10	32740520	32912745	exon	GBM primary
chr10:32750720|32873232	chr10	32750720	32873232	intron	GBM primary
chr10:35349802|35360267	chr10	35349802	35360267	exon	GBM primary
chr10:35818901|35842113	chr10	35818901	35842113	exon	GBM primary
chr10:45953233|45959775	chr10	45953233	45959775	exon	GBM primary
chr10:46121399|46135411	chr10	46121399	46135411	exon	GBM primary
chr10:50701163|50714058	chr10	50701163	50714058	exon	GBM primary
chr10:52193236|52226692	chr10	52193236	52226692	exon	GBM primary
chr10:52193236|52350007	chr10	52193236	52350007	exon	GBM primary
chr10:52220433|52226692	chr10	52220433	52226692	exon	GBM primary
chr10:52220433|52350007	chr10	52220433	52350007	exon	GBM primary
chr10:61844360|61848116	chr10	61844360	61848116	exon	GBM primary
chr10:65140078|65140242	chr10	65140078	65140242	exon	GBM primary
chr10:69714352|69773943	chr10	69714352	69773943	exon	GBM primary
chr10:69748420|69773943	chr10	69748420	69773943	exon	GBM primary
chr10:70115110|70145885	chr10	70115110	70145885	exon	GBM primary
chr10:70243177|70266475	chr10	70243177	70266475	exon	GBM primary
chr10:70411603|70441245	chr10	70411603	70441245	exon	GBM primary
chr10:70696692|70703013	chr10	70696692	70703013	exon	GBM primary
chr10:75214170|75239275	chr10	75214170	75239275	exon	GBM primary
chr10:75576781|75583842	chr10	75576781	75583842	exon	GBM primary
chr10:75579290|75583842	chr10	75579290	75583842	exon	GBM primary
chr10:76602358|76603236	chr10	76602358	76603236	exon	GBM primary
chr10:80870195|80921890	chr10	80870195	80921890	intron	GBM primary
chr10:86130770|86133571	chr10	86130770	86133571	exon	GBM primary
chr10:86177527|86185649	chr10	86177527	86185649	exon	GBM primary
chr10:88211724|88221044	chr10	88211724	88221044	exon	GBM primary
chr10:93711160|93726514	chr10	93711160	93726514	exon	GBM primary
chr10:93841077|93940776	chr10	93841077	93940776	exon	GBM primary
chr10:93902786|93940776	chr10	93902786	93940776	exon	GBM primary
chr10:96201653|96203180	chr10	96201653	96203180	intron	GBM primary
chr10:96207392|96234540	chr10	96207392	96234540	intron	GBM primary
chr10:98303833|98325183	chr10	98303833	98325183	exon	GBM primary
chr10:98703870|98711953	chr10	98703870	98711953	exon	GBM primary
chr10:99148009|99148381	chr10	99148009	99148381	exon	GBM primary
chr10:103432672|103436193	chr10	103432672	103436193	exon	GBM primary
chr10:103649169|103717489	chr10	103649169	103717489	exon	GBM primary
chr10:103699620|103717489	chr10	103699620	103717489	exon	GBM primary
chr10:104183025|104183474	chr10	104183025	104183474	exon	GBM primary
chr10:108458972|108469099	chr10	108458972	108469099	exon	GBM primary
chr10:116247717|116251637	chr10	116247717	116251637	exon	GBM primary
chr10:116603500|116608496	chr10	116603500	116608496	exon	GBM primary
chr10:116719485|116734144	chr10	116719485	116734144	exon	GBM primary
chr10:116873772|116931050	chr10	116873772	116931050	intron	GBM primary
chr10:116873772|116975638	chr10	116873772	116975638	intron	GBM primary
chr10:116879949|117001514	chr10	116879949	117001514	exon	GBM primary
chr10:116879949|117027921	chr10	116879949	117027921	exon	GBM primary
chr10:116879949|117061553	chr10	116879949	117061553	exon	GBM primary
chr10:116975455|117027921	chr10	116975455	117027921	exon	GBM primary
chr10:116975455|117075246	chr10	116975455	117075246	exon	GBM primary
chr10:116975455|117093929	chr10	116975455	117093929	exon	GBM primary
chr10:117040865|117075246	chr10	117040865	117075246	exon	GBM primary
chr10:117221485|117228839	chr10	117221485	117228839	exon	GBM primary
chr10:120445495|120489922	chr10	120445495	120489922	exon	GBM primary
chr10:121663596|121668642	chr10	121663596	121668642	exon	GBM primary
chr10:123274631|123310973	chr10	123274631	123310973	exon	GBM primary
chr10:123549684|123683844	chr10	123549684	123683844	exon	GBM primary
chr10:126370176|126384781	chr10	126370176	126384781	exon	GBM primary
chr10:127693453|127697119	chr10	127693453	127697119	exon	GBM primary
chr10:128192526|128202508	chr10	128192526	128202508	exon	GBM primary
chr11:2368776|2369026	chr11	2368776	2369026	intron	GBM primary
chr11:2991033|3000467	chr11	2991033	3000467	exon	GBM primary
chr11:3752621|3756554	chr11	3752621	3756554	exon	GBM primary
chr11:3752621|3774638	chr11	3752621	3774638	exon	GBM primary
chr11:9983504|10024236	chr11	9983504	10024236	exon	GBM primary
chr11:10011044|10024236	chr11	10011044	10024236	exon	GBM primary
chr11:13424715|13443385	chr11	13424715	13443385	exon	GBM primary
chr11:13725705|13725893	chr11	13725705	13725893	intron	GBM primary
chr11:14480078|14498561	chr11	14480078	14498561	exon	GBM primary
chr11:14793483|14810788	chr11	14793483	14810788	exon	GBM primary
chr11:16117542|16208501	chr11	16117542	16208501	exon	GBM primary
chr11:16119155|16208501	chr11	16119155	16208501	exon	GBM primary
chr11:16133349|16208501	chr11	16133349	16208501	exon	GBM primary
chr11:17153463|17167489	chr11	17153463	17167489	exon	GBM primary
chr11:17981017|18029623	chr11	17981017	18029623	exon	GBM primary
chr11:18010144|18029623	chr11	18010144	18029623	exon	GBM primary
chr11:18105082|18111057	chr11	18105082	18111057	exon	GBM primary
chr11:18305342|18308257	chr11	18305342	18308257	exon	GBM primary
chr11:19901415|19914140	chr11	19901415	19914140	exon	GBM primary
chr11:22225350|22261230	chr11	22225350	22261230	exon	GBM primary
chr11:22242643|22284589	chr11	22242643	22284589	exon	GBM primary
chr11:34107611|34113603	chr11	34107611	34113603	exon	GBM primary
chr11:34978931|35006275	chr11	34978931	35006275	exon	GBM primary
chr11:44129233|44135851	chr11	44129233	44135851	exon	GBM primary
chr11:45986866|46001517	chr11	45986866	46001517	exon	GBM primary
chr11:46515158|46529920	chr11	46515158	46529920	exon	GBM primary
chr11:46832557|46842819	chr11	46832557	46842819	exon	GBM primary
chr11:47744528|47744868	chr11	47744528	47744868	exon	GBM primary
chr11:47774468|47776216	chr11	47774468	47776216	exon	GBM primary
chr11:59406521|59410508	chr11	59406521	59410508	exon	GBM primary
chr11:61205097|61213703	chr11	61205097	61213703	exon	GBM primary
chr11:62502854|62505962	chr11	62502854	62505962	exon	GBM primary
chr11:63426233|63426724	chr11	63426233	63426724	exon	GBM primary
chr11:65266744|65266894	chr11	65266744	65266894	exon	GBM primary
chr11:65266744|65266983	chr11	65266744	65266983	exon	GBM primary
chr11:66515850|66526567	chr11	66515850	66526567	exon	GBM primary
chr11:67934449|67957619	chr11	67934449	67957619	exon	GBM primary
chr11:67942485|67953395	chr11	67942485	67953395	exon	GBM primary
chr11:68272613|68305359	chr11	68272613	68305359	exon	GBM primary
chr11:68286969|68305359	chr11	68286969	68305359	exon	GBM primary
chr11:68334482|68363686	chr11	68334482	68363686	exon	GBM primary
chr11:70505933|70507783	chr11	70505933	70507783	exon	GBM primary
chr11:72598515|72613683	chr11	72598515	72613683	exon	GBM primary
chr11:73843889|73850873	chr11	73843889	73850873	exon	GBM primary
chr11:74921407|74936147	chr11	74921407	74936147	intron	GBM primary
chr11:77051691|77091039	chr11	77051691	77091039	exon	GBM primary
chr11:77060284|77103586	chr11	77060284	77103586	exon	GBM primary
chr11:77336008|77340944	chr11	77336008	77340944	exon	GBM primary
chr11:77383087|77404656	chr11	77383087	77404656	exon	GBM primary
chr11:77402204|77404656	chr11	77402204	77404656	exon	GBM primary
chr11:77404552|77413540	chr11	77404552	77413540	exon	GBM primary
chr11:78176922|78204241	chr11	78176922	78204241	exon	GBM primary
chr11:82046727|82067670	chr11	82046727	82067670	intron	GBM primary
chr11:83243751|83344368	chr11	83243751	83344368	exon	GBM primary
chr11:84991578|84996409	chr11	84991578	84996409	intron	GBM primary
chr11:85685751|85714494	chr11	85685751	85714494	exon	GBM primary
chr11:85707869|85718626	chr11	85707869	85718626	exon	GBM primary
chr11:85723324|85742653	chr11	85723324	85742653	exon	GBM primary
chr11:86778736|86782657	chr11	86778736	86782657	exon	GBM primary
chr11:89133185|89135710	chr11	89133185	89135710	exon	GBM primary
chr11:93480463|93490631	chr11	93480463	93490631	exon	GBM primary
chr11:93480463|93493024	chr11	93480463	93493024	exon	GBM primary
chr11:93521167|93535138	chr11	93521167	93535138	exon	GBM primary
chr11:93523740|93527201	chr11	93523740	93527201	exon	GBM primary
chr11:93523740|93535138	chr11	93523740	93535138	exon	GBM primary
chr11:94163077|94194202	chr11	94163077	94194202	exon	GBM primary
chr11:94219090|94224131	chr11	94219090	94224131	exon	GBM primary
chr11:100168357|100179200	chr11	100168357	100179200	exon	GBM primary
chr11:103173822|103187349	chr11	103173822	103187349	exon	GBM primary
chr11:104415427|104415877	chr11	104415427	104415877	exon	GBM primary
chr11:107286935|107304475	chr11	107286935	107304475	exon	GBM primary
chr11:107916997|107925682	chr11	107916997	107925682	exon	GBM primary
chr11:108168014|108202764	chr11	108168014	108202764	exon	GBM primary
chr11:110118428|110150481	chr11	110118428	110150481	exon	GBM primary
chr11:111859729|111866870	chr11	111859729	111866870	exon	GBM primary
chr11:113073101|113085233	chr11	113073101	113085233	exon	GBM primary
chr11:117109317|117110576	chr11	117109317	117110576	exon	GBM primary
chr11:117150624|117150975	chr11	117150624	117150975	exon	GBM primary
chr11:118422501|118423050	chr11	118422501	118423050	exon	GBM primary
chr11:118629483|118634015	chr11	118629483	118634015	exon	GBM primary
chr11:120328430|120343836	chr11	120328430	120343836	exon	GBM primary
chr11:125104941|125109624	chr11	125104941	125109624	exon	GBM primary
chr11:128932175|128936763	chr11	128932175	128936763	exon	GBM primary
chr11:128993341|129034322	chr11	128993341	129034322	exon	GBM primary
chr12:401925|465703	chr12	401925	465703	exon	GBM primary
chr12:1289706|1299218	chr12	1289706	1299218	exon	GBM primary
chr12:1399018|1519619	chr12	1399018	1519619	exon	GBM primary
chr12:1480999|1553916	chr12	1480999	1553916	exon	GBM primary
chr12:2613602|2622150	chr12	2613602	2622150	exon	GBM primary
chr12:6696550|6697588	chr12	6696550	6697588	exon	GBM primary
chr12:7556131|7586290	chr12	7556131	7586290	exon	GBM primary
chr12:10572963|10588009	chr12	10572963	10588009	intron	GBM primary
chr12:10999644|11001006	chr12	10999644	11001006	exon	GBM primary
chr12:13208485|13232943	chr12	13208485	13232943	exon	GBM primary
chr12:13906251|13906849	chr12	13906251	13906849	exon	GBM primary
chr12:15784376|15803940	chr12	15784376	15803940	exon	GBM primary
chr12:19496257|19501453	chr12	19496257	19501453	exon	GBM primary
chr12:19511162|19519043	chr12	19511162	19519043	exon	GBM primary
chr12:22646157|22659753	chr12	22646157	22659753	exon	GBM primary
chr12:23998917|24048958	chr12	23998917	24048958	exon	GBM primary
chr12:26564253|26596583	chr12	26564253	26596583	exon	GBM primary
chr12:27521195|27524380	chr12	27521195	27524380	intron	GBM primary
chr12:27809549|27813878	chr12	27809549	27813878	exon	GBM primary
chr12:27867713|27890541	chr12	27867713	27890541	exon	GBM primary
chr12:28458582|28544344	chr12	28458582	28544344	exon	GBM primary
chr12:31568301|31595859	chr12	31568301	31595859	exon	GBM primary
chr12:31600472|31613315	chr12	31600472	31613315	exon	GBM primary
chr12:32458631|32481489	chr12	32458631	32481489	exon	GBM primary
chr12:32729200|32764217	chr12	32729200	32764217	exon	GBM primary
chr12:32734894|32764217	chr12	32734894	32764217	exon	GBM primary
chr12:41946458|41967744	chr12	41946458	41967744	exon	GBM primary
chr12:45059267|45108524	chr12	45059267	45108524	exon	GBM primary
chr12:45097509|45108524	chr12	45097509	45108524	exon	GBM primary
chr12:45875094|45875854	chr12	45875094	45875854	intergenic_region	GBM primary
chr12:47610005|47610472	chr12	47610005	47610472	exon	GBM primary
chr12:51879571|51883735	chr12	51879571	51883735	exon	GBM primary
chr12:53421566|53421972	chr12	53421566	53421972	exon	GBM primary
chr12:57064059|57066849	chr12	57064059	57066849	exon	GBM primary
chr12:57682640|57690334	chr12	57682640	57690334	exon	GBM primary
chr12:61874709|61875397	chr12	61874709	61875397	intergenic_region	GBM primary
chr12:64485056|64509673	chr12	64485056	64509673	exon	GBM primary
chr12:66597491|66611015	chr12	66597491	66611015	exon	GBM primary
chr12:78388583|78452895	chr12	78388583	78452895	exon	GBM primary
chr12:79611283|79693331	chr12	79611283	79693331	exon	GBM primary
chr12:79679567|79693331	chr12	79679567	79693331	exon	GBM primary
chr12:81719556|81778023	chr12	81719556	81778023	exon	GBM primary
chr12:83250789|83324324	chr12	83250789	83324324	exon	GBM primary
chr12:85443964|85444785	chr12	85443964	85444785	intron	GBM primary
chr12:88504979|88524995	chr12	88504979	88524995	exon	GBM primary
chr12:91069070|91073722	chr12	91069070	91073722	exon	GBM primary
chr12:94637714|94645304	chr12	94637714	94645304	exon	GBM primary
chr12:95650926|95690034	chr12	95650926	95690034	exon	GBM primary
chr12:95688048|95690034	chr12	95688048	95690034	exon	GBM primary
chr12:97178495|97222866	chr12	97178495	97222866	exon	GBM primary
chr12:99145133|99225914	chr12	99145133	99225914	exon	GBM primary
chr12:99166820|99201696	chr12	99166820	99201696	exon	GBM primary
chr12:99166820|99225914	chr12	99166820	99225914	exon	GBM primary
chr12:99192712|99225914	chr12	99192712	99225914	exon	GBM primary
chr12:101316004|101336313	chr12	101316004	101336313	exon	GBM primary
chr12:102116946|102124414	chr12	102116946	102124414	exon	GBM primary
chr12:102150990|102164935	chr12	102150990	102164935	exon	GBM primary
chr12:105238250|105322472	chr12	105238250	105322472	exon	GBM primary
chr12:105385490|105389804	chr12	105385490	105389804	exon	GBM primary
chr12:107080662|107144571	chr12	107080662	107144571	exon	GBM primary
chr12:107114537|107126863	chr12	107114537	107126863	exon	GBM primary
chr12:108600066|108626672	chr12	108600066	108626672	exon	GBM primary
chr12:109210814|109217137	chr12	109210814	109217137	exon	GBM primary
chr12:109926377|109945540	chr12	109926377	109945540	exon	GBM primary
chr12:110376185|110377052	chr12	110376185	110377052	exon	GBM primary
chr12:110565165|110600870	chr12	110565165	110600870	exon	GBM primary
chr12:110566755|110570441	chr12	110566755	110570441	exon	GBM primary
chr12:111907912|111924628	chr12	111907912	111924628	exon	GBM primary
chr12:111923069|111948386	chr12	111923069	111948386	exon	GBM primary
chr12:111923075|111948386	chr12	111923075	111948386	exon	GBM primary
chr12:111947353|111993723	chr12	111947353	111993723	exon	GBM primary
chr12:111962996|111990781	chr12	111962996	111990781	exon	GBM primary
chr12:112301134|112304035	chr12	112301134	112304035	intron	GBM primary
chr12:112888122|112892484	chr12	112888122	112892484	exon	GBM primary
chr12:112939948|112944226	chr12	112939948	112944226	exon	GBM primary
chr12:113559314|113568746	chr12	113559314	113568746	exon	GBM primary
chr12:123262038|123265877	chr12	123262038	123265877	exon	GBM primary
chr12:123678933|123707674	chr12	123678933	123707674	exon	GBM primary
chr12:124904503|124915333	chr12	124904503	124915333	exon	GBM primary
chr12:126847171|126848752	chr12	126847171	126848752	exon	GBM primary
chr12:129429871|129442188	chr12	129429871	129442188	exon	GBM primary
chr12:130015604|130015750	chr12	130015604	130015750	exon	GBM primary
chr12:130184355|130185243	chr12	130184355	130185243	exon	GBM primary
chr12:130884224|130907106	chr12	130884224	130907106	exon	GBM primary
chr12:131297502|131311812	chr12	131297502	131311812	exon	GBM primary
chr13:20325411|20333558	chr13	20325411	20333558	exon	GBM primary
chr13:21974512|21987911	chr13	21974512	21987911	exon	GBM primary
chr13:26114457|26117540	chr13	26114457	26117540	exon	GBM primary
chr13:26144905|26163837	chr13	26144905	26163837	exon	GBM primary
chr13:26343184|26349097	chr13	26343184	26349097	exon	GBM primary
chr13:26402256|26413762	chr13	26402256	26413762	exon	GBM primary
chr13:26911704|26928017	chr13	26911704	26928017	exon	GBM primary
chr13:30829584|30857928	chr13	30829584	30857928	exon	GBM primary
chr13:30857753|30857928	chr13	30857753	30857928	exon	GBM primary
chr13:31789188|31860956	chr13	31789188	31860956	exon	GBM primary
chr13:33006926|33095586	chr13	33006926	33095586	exon	GBM primary
chr13:33012789|33018263	chr13	33012789	33018263	exon	GBM primary
chr13:33109906|33111164	chr13	33109906	33111164	exon	GBM primary
chr13:40268771|40301685	chr13	40268771	40301685	exon	GBM primary
chr13:41517088|41518061	chr13	41517088	41518061	exon	GBM primary
chr13:41890982|41905505	chr13	41890982	41905505	exon	GBM primary
chr13:42335264|42407667	chr13	42335264	42407667	exon	GBM primary
chr13:42385361|42393522	chr13	42385361	42393522	exon	GBM primary
chr13:42439872|42461497	chr13	42439872	42461497	exon	GBM primary
chr13:42742576|42764661	chr13	42742576	42764661	exon	GBM primary
chr13:47297356|47308133	chr13	47297356	47308133	exon	GBM primary
chr13:48989836|48996926	chr13	48989836	48996926	exon	GBM primary
chr13:53232534|53239868	chr13	53232534	53239868	exon	GBM primary
chr13:61013822|61068709	chr13	61013822	61068709	exon	GBM primary
chr13:73342923|73351631	chr13	73342923	73351631	exon	GBM primary
chr13:73409381|73505405	chr13	73409381	73505405	exon	GBM primary
chr13:73428195|73514072	chr13	73428195	73514072	intron	GBM primary
chr13:77779391|77818086	chr13	77779391	77818086	exon	GBM primary
chr13:95813443|95840796	chr13	95813443	95840796	exon	GBM primary
chr13:99500846|99508285	chr13	99500846	99508285	exon	GBM primary
chr13:100861586|100925600	chr13	100861586	100925600	exon	GBM primary
chr13:100953714|101020828	chr13	100953714	101020828	exon	GBM primary
chr13:100953714|101101559	chr13	100953714	101101559	exon	GBM primary
chr13:101725936|101763577	chr13	101725936	101763577	exon	GBM primary
chr13:101936284|101944717	chr13	101936284	101944717	exon	GBM primary
chr13:102521075|102527646	chr13	102521075	102527646	exon	GBM primary
chr14:21870116|21871822	chr14	21870116	21871822	exon	GBM primary
chr14:23395342|23396023	chr14	23395342	23396023	exon	GBM primary
chr14:31371742|31380368	chr14	31371742	31380368	exon	GBM primary
chr14:31404369|31425448	chr14	31404369	31425448	exon	GBM primary
chr14:33684388|33684632	chr14	33684388	33684632	exon	GBM primary
chr14:37754523|37838829	chr14	37754523	37838829	exon	GBM primary
chr14:39627489|39628754	chr14	39627489	39628754	exon	GBM primary
chr14:39746138|39764233	chr14	39746138	39764233	exon	GBM primary
chr14:40111917|40125012	chr14	40111917	40125012	exon	GBM primary
chr14:45464949|45481278	chr14	45464949	45481278	exon	GBM primary
chr14:45478116|45523752	chr14	45478116	45523752	exon	GBM primary
chr14:50262509|50267414	chr14	50262509	50267414	exon	GBM primary
chr14:50262509|50298079	chr14	50262509	50298079	exon	GBM primary
chr14:50269171|50272851	chr14	50269171	50272851	exon	GBM primary
chr14:50605330|50625364	chr14	50605330	50625364	exon	GBM primary
chr14:50615003|50616948	chr14	50615003	50616948	intron	GBM primary
chr14:50626149|50628327	chr14	50626149	50628327	exon	GBM primary
chr14:51210134|51211083	chr14	51210134	51211083	exon	GBM primary
chr14:52936755|53011089	chr14	52936755	53011089	exon	GBM primary
chr14:56113691|56117136	chr14	56113691	56117136	exon	GBM primary
chr14:57051719|57103316	chr14	57051719	57103316	exon	GBM primary
chr14:60069783|60076950	chr14	60069783	60076950	exon	GBM primary
chr14:61262935|61285565	chr14	61262935	61285565	exon	GBM primary
chr14:61278705|61346553	chr14	61278705	61346553	exon	GBM primary
chr14:65922339|66028484	chr14	65922339	66028484	exon	GBM primary
chr14:66188493|66200099	chr14	66188493	66200099	exon	GBM primary
chr14:70633356|70635201	chr14	70633356	70635201	exon	GBM primary
chr14:71511850|71524441	chr14	71511850	71524441	exon	GBM primary
chr14:71880665|72056087	chr14	71880665	72056087	exon	GBM primary
chr14:73614503|73616258	chr14	73614503	73616258	intron	GBM primary
chr14:74495887|74512833	chr14	74495887	74512833	exon	GBM primary
chr14:75506614|75509180	chr14	75506614	75509180	exon	GBM primary
chr14:81297487|81307112	chr14	81297487	81307112	exon	GBM primary
chr14:89178615|89221015	chr14	89178615	89221015	exon	GBM primary
chr14:89202708|89221015	chr14	89202708	89221015	exon	GBM primary
chr14:90397885|90398971	chr14	90397885	90398971	exon	GBM primary
chr14:91409422|91467503	chr14	91409422	91467503	exon	GBM primary
chr14:91444650|91467503	chr14	91444650	91467503	exon	GBM primary
chr14:92170896|92185822	chr14	92170896	92185822	exon	GBM primary
chr14:93730131|93730339	chr14	93730131	93730339	exon	GBM primary
chr14:93933044|93954101	chr14	93933044	93954101	intron	GBM primary
chr14:96807859|96813678	chr14	96807859	96813678	exon	GBM primary
chr14:101438599|101449879	chr14	101438599	101449879	exon	GBM primary
chr14:102368056|102372866	chr14	102368056	102372866	exon	GBM primary
chr14:102661275|102676199	chr14	102661275	102676199	exon	GBM primary
chr14:102746985|102749929	chr14	102746985	102749929	intron	GBM primary
chr14:103336522|103342862	chr14	103336522	103342862	exon	GBM primary
chr14:103894724|103928798	chr14	103894724	103928798	exon	GBM primary
chr14:104219337|104220581	chr14	104219337	104220581	exon	GBM primary
chr14:104245082|104263855	chr14	104245082	104263855	exon	GBM primary
chr14:106092109|106208722	chr14	106092109	106208722	intergenic_region	GBM primary
chr15:25207261|25227584	chr15	25207261	25227584	exon	GBM primary
chr15:25214512|25215450	chr15	25214512	25215450	intron	GBM primary
chr15:25284858|25287662	chr15	25284858	25287662	intron	GBM primary
chr15:25464075|25524031	chr15	25464075	25524031	exon	GBM primary
chr15:27571956|27574035	chr15	27571956	27574035	exon	GBM primary
chr15:28389019|28391490	chr15	28389019	28391490	exon	GBM primary
chr15:29881430|29882570	chr15	29881430	29882570	intergenic_region	GBM primary
chr15:32815230|32825569	chr15	32815230	32825569	exon	GBM primary
chr15:33256308|33261678	chr15	33256308	33261678	exon	GBM primary
chr15:33357158|33381175	chr15	33357158	33381175	exon	GBM primary
chr15:33445249|33447246	chr15	33445249	33447246	exon	GBM primary
chr15:33876596|33893753	chr15	33876596	33893753	exon	GBM primary
chr15:39909936|40034101	chr15	39909936	40034101	exon	GBM primary
chr15:41377567|41379880	chr15	41377567	41379880	exon	GBM primary
chr15:41854746|41857339	chr15	41854746	41857339	exon	GBM primary
chr15:43122136|43164956	chr15	43122136	43164956	exon	GBM primary
chr15:43164809|43170882	chr15	43164809	43170882	exon	GBM primary
chr15:43242460|43258484	chr15	43242460	43258484	exon	GBM primary
chr15:43720214|43733781	chr15	43720214	43733781	exon	GBM primary
chr15:44671888|44673174	chr15	44671888	44673174	exon	GBM primary
chr15:45025448|45025602	chr15	45025448	45025602	exon	GBM primary
chr15:49917310|49926991	chr15	49917310	49926991	exon	GBM primary
chr15:50592986|50601995	chr15	50592986	50601995	exon	GBM primary
chr15:50741597|50751359	chr15	50741597	50751359	exon	GBM primary
chr15:50940884|50955243	chr15	50940884	50955243	exon	GBM primary
chr15:51012137|51041943	chr15	51012137	51041943	exon	GBM primary
chr15:51675982|51705561	chr15	51675982	51705561	intergenic_region	GBM primary
chr15:52161414|52194233	chr15	52161414	52194233	exon	GBM primary
chr15:54527228|54542642	chr15	54527228	54542642	exon	GBM primary
chr15:55724695|55759359	chr15	55724695	55759359	exon	GBM primary
chr15:57743698|57754090	chr15	57743698	57754090	exon	GBM primary
chr15:58913670|58936177	chr15	58913670	58936177	exon	GBM primary
chr15:58932976|58957396	chr15	58932976	58957396	exon	GBM primary
chr15:59179174|59179739	chr15	59179174	59179739	exon	GBM primary
chr15:59487660|59510286	chr15	59487660	59510286	exon	GBM primary
chr15:63953952|63961897	chr15	63953952	63961897	exon	GBM primary
chr15:64410316|64415745	chr15	64410316	64415745	exon	GBM primary
chr15:65994643|65995346	chr15	65994643	65995346	exon	GBM primary
chr15:66007816|66053776	chr15	66007816	66053776	exon	GBM primary
chr15:66021410|66048810	chr15	66021410	66048810	exon	GBM primary
chr15:66030045|66031213	chr15	66030045	66031213	exon	GBM primary
chr15:67956935|68040939	chr15	67956935	68040939	exon	GBM primary
chr15:67956935|68065090	chr15	67956935	68065090	exon	GBM primary
chr15:69502655|69553668	chr15	69502655	69553668	exon	GBM primary
chr15:69548133|69553668	chr15	69548133	69553668	exon	GBM primary
chr15:70983638|70991999	chr15	70983638	70991999	exon	GBM primary
chr15:72244118|72302788	chr15	72244118	72302788	exon	GBM primary
chr15:72810408|72864506	chr15	72810408	72864506	exon	GBM primary
chr15:73064124|73067438	chr15	73064124	73067438	exon	GBM primary
chr15:74948074|74948409	chr15	74948074	74948409	exon	GBM primary
chr15:76146727|76165909	chr15	76146727	76165909	exon	GBM primary
chr15:77020936|77046289	chr15	77020936	77046289	exon	GBM primary
chr15:79748440|79750787	chr15	79748440	79750787	exon	GBM primary
chr15:83819967|83826793	chr15	83819967	83826793	exon	GBM primary
chr15:83819967|83832827	chr15	83819967	83832827	exon	GBM primary
chr15:84228005|84245493	chr15	84228005	84245493	exon	GBM primary
chr15:85607601|85610435	chr15	85607601	85610435	exon	GBM primary
chr15:85619093|85626875	chr15	85619093	85626875	exon	GBM primary
chr15:88472422|88483984	chr15	88472422	88483984	exon	GBM primary
chr15:91795049|91811835	chr15	91795049	91811835	exon	GBM primary
chr15:91795049|91836401	chr15	91795049	91836401	exon	GBM primary
chr15:93480748|93499879	chr15	93480748	93499879	exon	GBM primary
chr15:93496587|93499879	chr15	93496587	93499879	exon	GBM primary
chr15:93552375|93563488	chr15	93552375	93563488	exon	GBM primary
chr15:94039463|94041986	chr15	94039463	94041986	exon	GBM primary
chr15:96877305|96880764	chr15	96877305	96880764	exon	GBM primary
chr15:99250791|99251336	chr15	99250791	99251336	exon	GBM primary
chr15:100871094|100874385	chr15	100871094	100874385	intron	GBM primary
chr15:101929669|101970268	chr15	101929669	101970268	exon	GBM primary
chr16:148143|150507	chr16	148143	150507	exon	GBM primary
chr16:1675974|1691188	chr16	1675974	1691188	exon	GBM primary
chr16:3799628|3820933	chr16	3799628	3820933	exon	GBM primary
chr16:4516154|4519466	chr16	4516154	4519466	exon	GBM primary
chr16:5092096|5092968	chr16	5092096	5092968	exon	GBM primary
chr16:8952207|8953192	chr16	8952207	8953192	exon	GBM primary
chr16:9200053|9200351	chr16	9200053	9200351	exon	GBM primary
chr16:14028049|14029600	chr16	14028049	14029600	exon	GBM primary
chr16:14687158|14698083	chr16	14687158	14698083	exon	GBM primary
chr16:14720963|14721193	chr16	14720963	14721193	exon	GBM primary
chr16:15091610|15092262	chr16	15091610	15092262	exon	GBM primary
chr16:15494644|15503671	chr16	15494644	15503671	exon	GBM primary
chr16:15675074|15677095	chr16	15675074	15677095	exon	GBM primary
chr16:17448956|17451907	chr16	17448956	17451907	exon	GBM primary
chr16:21272575|21273479	chr16	21272575	21273479	exon	GBM primary
chr16:22360600|22361170	chr16	22360600	22361170	exon	GBM primary
chr16:24572933|24576186	chr16	24572933	24576186	exon	GBM primary
chr16:25139796|25162936	chr16	25139796	25162936	exon	GBM primary
chr16:30495148|30495584	chr16	30495148	30495584	exon	GBM primary
chr16:31733947|31765221	chr16	31733947	31765221	exon	GBM primary
chr16:47292543|47347734	chr16	47292543	47347734	exon	GBM primary
chr16:48290521|48311390	chr16	48290521	48311390	exon	GBM primary
chr16:48381418|48382201	chr16	48381418	48382201	exon	GBM primary
chr16:53269097|53288517	chr16	53269097	53288517	exon	GBM primary
chr16:53913756|53968021	chr16	53913756	53968021	exon	GBM primary
chr16:56110060|56111056	chr16	56110060	56111056	intergenic_region	GBM primary
chr16:56385296|56388993	chr16	56385296	56388993	exon	GBM primary
chr16:57197913|57207781	chr16	57197913	57207781	exon	GBM primary
chr16:58749918|58753159	chr16	58749918	58753159	exon	GBM primary
chr16:68155890|68191971	chr16	68155890	68191971	exon	GBM primary
chr16:68900982|68914533	chr16	68900982	68914533	exon	GBM primary
chr16:69279505|69318147	chr16	69279505	69318147	exon	GBM primary
chr16:70289631|70302282	chr16	70289631	70302282	exon	GBM primary
chr16:70292883|70296427	chr16	70292883	70296427	exon	GBM primary
chr16:70294947|70296427	chr16	70294947	70296427	exon	GBM primary
chr16:70358488|70359591	chr16	70358488	70359591	exon	GBM primary
chr16:71692136|71713438	chr16	71692136	71713438	exon	GBM primary
chr16:71779047|71779517	chr16	71779047	71779517	exon	GBM primary
chr16:72130721|72130908	chr16	72130721	72130908	exon	GBM primary
chr16:74972048|74976724	chr16	74972048	74976724	exon	GBM primary
chr16:75445723|75448593	chr16	75445723	75448593	exon	GBM primary
chr16:81385188|81411307	chr16	81385188	81411307	exon	GBM primary
chr17:1540003|1540356	chr17	1540003	1540356	exon	GBM primary
chr17:3953002|3954337	chr17	3953002	3954337	exon	GBM primary
chr17:11958206|11999011	chr17	11958206	11999011	exon	GBM primary
chr17:12812214|12832363	chr17	12812214	12832363	exon	GBM primary
chr17:13936869|13937733	chr17	13936869	13937733	intron	GBM primary
chr17:15905229|15909882	chr17	15905229	15909882	exon	GBM primary
chr17:18198017|18210280	chr17	18198017	18210280	exon	GBM primary
chr17:20107646|20109249	chr17	20107646	20109249	intron	GBM primary
chr17:20107646|20135718	chr17	20107646	20135718	exon	GBM primary
chr17:20135071|20135718	chr17	20135071	20135718	exon	GBM primary
chr17:26490569|26512291	chr17	26490569	26512291	exon	GBM primary
chr17:27837882|27844674	chr17	27837882	27844674	exon	GBM primary
chr17:27962986|27999147	chr17	27962986	27999147	exon	GBM primary
chr17:28011581|28022541	chr17	28011581	28022541	exon	GBM primary
chr17:28593903|28613920	chr17	28593903	28613920	exon	GBM primary
chr17:28811232|28819771	chr17	28811232	28819771	exon	GBM primary
chr17:29483001|29490394	chr17	29483001	29490394	exon	GBM primary
chr17:29483001|29497015	chr17	29483001	29497015	exon	GBM primary
chr17:29483001|29509683	chr17	29483001	29509683	exon	GBM primary
chr17:30315339|30315516	chr17	30315339	30315516	exon	GBM primary
chr17:31415881|31439085	chr17	31415881	31439085	exon	GBM primary
chr17:32365034|32365524	chr17	32365034	32365524	exon	GBM primary
chr17:35800606|35825645	chr17	35800606	35825645	exon	GBM primary
chr17:35936439|35945538	chr17	35936439	35945538	exon	GBM primary
chr17:36517594|36533668	chr17	36517594	36533668	exon	GBM primary
chr17:36933940|36943173	chr17	36933940	36943173	exon	GBM primary
chr17:37373063|37373426	chr17	37373063	37373426	exon	GBM primary
chr17:37575970|37580074	chr17	37575970	37580074	exon	GBM primary
chr17:37579580|37584043	chr17	37579580	37584043	exon	GBM primary
chr17:37595418|37599881	chr17	37595418	37599881	exon	GBM primary
chr17:37840850|37842272	chr17	37840850	37842272	exon	GBM primary
chr17:40762126|40811570	chr17	40762126	40811570	intergenic_region	GBM primary
chr17:40855758|40882936	chr17	40855758	40882936	exon	GBM primary
chr17:44055741|44074030	chr17	44055741	44074030	exon	GBM primary
chr17:44143903|44145033	chr17	44143903	44145033	exon	GBM primary
chr17:45673719|45691091	chr17	45673719	45691091	exon	GBM primary
chr17:46189393|46190763	chr17	46189393	46190763	exon	GBM primary
chr17:49048068|49064598	chr17	49048068	49064598	exon	GBM primary
chr17:49062284|49072894	chr17	49062284	49072894	exon	GBM primary
chr17:49118862|49157065	chr17	49118862	49157065	exon	GBM primary
chr17:49294695|49302570	chr17	49294695	49302570	exon	GBM primary
chr17:49340635|49365564	chr17	49340635	49365564	exon	GBM primary
chr17:53108529|53158544	chr17	53108529	53158544	exon	GBM primary
chr17:53478830|53481229	chr17	53478830	53481229	exon	GBM primary
chr17:54921380|54923170	chr17	54921380	54923170	exon	GBM primary
chr17:57125044|57134415	chr17	57125044	57134415	exon	GBM primary
chr17:57808782|57851305	chr17	57808782	57851305	intron	GBM primary
chr17:58284382|58286904	chr17	58284382	58286904	exon	GBM primary
chr17:58700882|58711338	chr17	58700882	58711338	exon	GBM primary
chr17:61228631|61278318	chr17	61228631	61278318	exon	GBM primary
chr17:61228631|61315438	chr17	61228631	61315438	exon	GBM primary
chr17:61228631|61345234	chr17	61228631	61345234	exon	GBM primary
chr17:61271352|61315438	chr17	61271352	61315438	exon	GBM primary
chr17:61833600|61843554	chr17	61833600	61843554	exon	GBM primary
chr17:61838274|61843554	chr17	61838274	61843554	exon	GBM primary
chr17:62289934|62291602	chr17	62289934	62291602	exon	GBM primary
chr17:63739186|63746842	chr17	63739186	63746842	exon	GBM primary
chr17:64001808|64066119	chr17	64001808	64066119	exon	GBM primary
chr17:64492319|64510584	chr17	64492319	64510584	intron	GBM primary
chr17:64509454|64510852	chr17	64509454	64510852	intron	GBM primary
chr17:65924471|65936772	chr17	65924471	65936772	exon	GBM primary
chr17:67270100|67280213	chr17	67270100	67280213	exon	GBM primary
chr17:71231615|71233134	chr17	71231615	71233134	exon	GBM primary
chr17:73951647|73952028	chr17	73951647	73952028	exon	GBM primary
chr17:74308951|74309972	chr17	74308951	74309972	exon	GBM primary
chr17:76000251|76005778	chr17	76000251	76005778	intron	GBM primary
chr17:76082584|76089844	chr17	76082584	76089844	exon	GBM primary
chr17:79536042|79539114	chr17	79536042	79539114	exon	GBM primary
chr17:79571574|79575848	chr17	79571574	79575848	exon	GBM primary
chr17:80141650|80146295	chr17	80141650	80146295	exon	GBM primary
chr17:80721841|80726442	chr17	80721841	80726442	exon	GBM primary
chr18:6237963|6244587	chr18	6237963	6244587	exon	GBM primary
chr18:6237963|6312055	chr18	6237963	6312055	exon	GBM primary
chr18:6263946|6312055	chr18	6263946	6312055	exon	GBM primary
chr18:8113484|8143777	chr18	8113484	8143777	exon	GBM primary
chr18:9182380|9208801	chr18	9182380	9208801	exon	GBM primary
chr18:9204474|9211782	chr18	9204474	9211782	exon	GBM primary
chr18:9204474|9239554	chr18	9204474	9239554	exon	GBM primary
chr18:9208655|9239554	chr18	9208655	9239554	exon	GBM primary
chr18:9931807|9937063	chr18	9931807	9937063	exon	GBM primary
chr18:12122302|12132070	chr18	12122302	12132070	intergenic_region	GBM primary
chr18:12463350|12464957	chr18	12463350	12464957	exon	GBM primary
chr18:12535475|12635095	chr18	12535475	12635095	exon	GBM primary
chr18:19116003|19148055	chr18	19116003	19148055	exon	GBM primary
chr18:19345733|19348713	chr18	19345733	19348713	exon	GBM primary
chr18:19371335|19383975	chr18	19371335	19383975	exon	GBM primary
chr18:21087949|21089243	chr18	21087949	21089243	exon	GBM primary
chr18:21776089|21819346	chr18	21776089	21819346	exon	GBM primary
chr18:21805006|21819346	chr18	21805006	21819346	exon	GBM primary
chr18:21860806|21921622	chr18	21860806	21921622	exon	GBM primary
chr18:29691717|29704808	chr18	29691717	29704808	exon	GBM primary
chr18:29691717|29706763	chr18	29691717	29706763	exon	GBM primary
chr18:31673429|31692661	chr18	31673429	31692661	intron	GBM primary
chr18:32335940|32346005	chr18	32335940	32346005	exon	GBM primary
chr18:32650159|32682123	chr18	32650159	32682123	exon	GBM primary
chr18:32902352|32907027	chr18	32902352	32907027	exon	GBM primary
chr18:39573234|39609405	chr18	39573234	39609405	exon	GBM primary
chr18:39595440|39609405	chr18	39595440	39609405	exon	GBM primary
chr18:42281140|42281797	chr18	42281140	42281797	exon	GBM primary
chr18:42281140|42339068	chr18	42281140	42339068	intron	GBM primary
chr18:43702433|43705757	chr18	43702433	43705757	exon	GBM primary
chr18:45391430|45396935	chr18	45391430	45396935	exon	GBM primary
chr18:46783380|46812986	chr18	46783380	46812986	exon	GBM primary
chr18:46783380|46906128	chr18	46783380	46906128	exon	GBM primary
chr18:46889531|46906128	chr18	46889531	46906128	exon	GBM primary
chr18:48189277|48190874	chr18	48189277	48190874	intron	GBM primary
chr18:48444480|48458730	chr18	48444480	48458730	exon	GBM primary
chr18:51797730|51804225	chr18	51797730	51804225	exon	GBM primary
chr18:51797730|51809385	chr18	51797730	51809385	exon	GBM primary
chr18:52937062|52946887	chr18	52937062	52946887	exon	GBM primary
chr18:54398614|54426184	chr18	54398614	54426184	exon	GBM primary
chr18:54483262|54547396	chr18	54483262	54547396	exon	GBM primary
chr18:54591153|54606624	chr18	54591153	54606624	exon	GBM primary
chr18:56598878|56606853	chr18	56598878	56606853	exon	GBM primary
chr18:59203726|59206378	chr18	59203726	59206378	exon	GBM primary
chr18:72342923|72493458	chr18	72342923	72493458	exon	GBM primary
chr18:74561482|74593468	chr18	74561482	74593468	exon	GBM primary
chr18:74711736|74713546	chr18	74711736	74713546	intron	GBM primary
chr18:76953183|77013541	chr18	76953183	77013541	exon	GBM primary
chr18:76953183|77014467	chr18	76953183	77014467	exon	GBM primary
chr18:76953183|77037196	chr18	76953183	77037196	exon	GBM primary
chr19:5641605|5641957	chr19	5641605	5641957	exon	GBM primary
chr19:5941632|5957984	chr19	5941632	5957984	exon	GBM primary
chr19:9677012|9679758	chr19	9677012	9679758	exon	GBM primary
chr19:9770055|9804496	chr19	9770055	9804496	intergenic_region	GBM primary
chr19:11978121|12014780	chr19	11978121	12014780	intergenic_region	GBM primary
chr19:15072814|15073157	chr19	15072814	15073157	exon	GBM primary
chr19:17881234|17881705	chr19	17881234	17881705	exon	GBM primary
chr19:20828490|20829211	chr19	20828490	20829211	exon	GBM primary
chr19:21587931|21588658	chr19	21587931	21588658	exon	GBM primary
chr19:22157531|22171711	chr19	22157531	22171711	exon	GBM primary
chr19:23541232|23557566	chr19	23541232	23557566	exon	GBM primary
chr19:24288742|24289445	chr19	24288742	24289445	exon	GBM primary
chr19:30462100|30503438	chr19	30462100	30503438	exon	GBM primary
chr19:30476130|30503438	chr19	30476130	30503438	exon	GBM primary
chr19:32843735|32851524	chr19	32843735	32851524	exon	GBM primary
chr19:33113328|33116872	chr19	33113328	33116872	exon	GBM primary
chr19:34922766|34957919	chr19	34922766	34957919	exon	GBM primary
chr19:34942886|34957919	chr19	34942886	34957919	exon	GBM primary
chr19:38198815|38202593	chr19	38198815	38202593	exon	GBM primary
chr19:45781181|45781873	chr19	45781181	45781873	exon	GBM primary
chr19:46832464|46834530	chr19	46832464	46834530	exon	GBM primary
chr19:47421745|47425613	chr19	47421745	47425613	intergenic_region	GBM primary
chr19:52876364|52909896	chr19	52876364	52909896	intergenic_region	GBM primary
chr19:53577393|53578436	chr19	53577393	53578436	exon	GBM primary
chr19:53883975|53887309	chr19	53883975	53887309	exon	GBM primary
chr19:55105662|55142084	chr19	55105662	55142084	intergenic_region	GBM primary
chr19:55144467|55209724	chr19	55144467	55209724	intergenic_region	GBM primary
chr19:57088081|57089646	chr19	57088081	57089646	exon	GBM primary
chr19:58436991|58439415	chr19	58436991	58439415	exon	GBM primary
chr19:58436991|58441925	chr19	58436991	58441925	exon	GBM primary
chr19:58772217|58775042	chr19	58772217	58775042	exon	GBM primary
chr2:1926064|1927035	chr2	1926064	1927035	exon	GBM primary
chr2:2840691|2842060	chr2	2840691	2842060	exon	GBM primary
chr2:8383695|8452979	chr2	8383695	8452979	exon	GBM primary
chr2:9458653|9475308	chr2	9458653	9475308	exon	GBM primary
chr2:10928823|10933328	chr2	10928823	10933328	exon	GBM primary
chr2:15514732|15567918	chr2	15514732	15567918	exon	GBM primary
chr2:19071406|19125164	chr2	19071406	19125164	intergenic_region	GBM primary
chr2:24021008|24046439	chr2	24021008	24046439	exon	GBM primary
chr2:24080285|24108699	chr2	24080285	24108699	exon	GBM primary
chr2:24360779|24384483	chr2	24360779	24384483	exon	GBM primary
chr2:24787164|24816590	chr2	24787164	24816590	intron	GBM primary
chr2:24866835|24896332	chr2	24866835	24896332	exon	GBM primary
chr2:26486248|26500028	chr2	26486248	26500028	exon	GBM primary
chr2:29356521|29368233	chr2	29356521	29368233	exon	GBM primary
chr2:30682418|30791042	chr2	30682418	30791042	exon	GBM primary
chr2:30748453|30756180	chr2	30748453	30756180	exon	GBM primary
chr2:32323870|32341281	chr2	32323870	32341281	exon	GBM primary
chr2:32323870|32353548	chr2	32323870	32353548	exon	GBM primary
chr2:32399132|32409407	chr2	32399132	32409407	exon	GBM primary
chr2:32701281|32707650	chr2	32701281	32707650	exon	GBM primary
chr2:32822818|32836649	chr2	32822818	32836649	exon	GBM primary
chr2:32858943|32865477	chr2	32858943	32865477	exon	GBM primary
chr2:33505106|33540336	chr2	33505106	33540336	exon	GBM primary
chr2:36808433|36818154	chr2	36808433	36818154	exon	GBM primary
chr2:39656989|39657167	chr2	39656989	39657167	intron	GBM primary
chr2:40366541|40405633	chr2	40366541	40405633	exon	GBM primary
chr2:40387905|40405633	chr2	40387905	40405633	exon	GBM primary
chr2:40655615|40657444	chr2	40655615	40657444	exon	GBM primary
chr2:44549870|44573529	chr2	44549870	44573529	exon	GBM primary
chr2:48018066|48023202	chr2	48018066	48023202	exon	GBM primary
chr2:48036297|48050499	chr2	48036297	48050499	exon	GBM primary
chr2:48059488|48066908	chr2	48059488	48066908	exon	GBM primary
chr2:48678147|48692781	chr2	48678147	48692781	exon	GBM primary
chr2:48725632|48738607	chr2	48725632	48738607	exon	GBM primary
chr2:50692580|50733755	chr2	50692580	50733755	exon	GBM primary
chr2:50699436|50847321	chr2	50699436	50847321	exon	GBM primary
chr2:50723043|50733755	chr2	50723043	50733755	exon	GBM primary
chr2:50847160|50850753	chr2	50847160	50850753	exon	GBM primary
chr2:58386785|58393009	chr2	58386785	58393009	exon	GBM primary
chr2:58425714|58459247	chr2	58425714	58459247	exon	GBM primary
chr2:58449077|58457009	chr2	58449077	58457009	exon	GBM primary
chr2:59212573|59250117	chr2	59212573	59250117	intron	GBM primary
chr2:61406116|61413632	chr2	61406116	61413632	exon	GBM primary
chr2:61719170|61722748	chr2	61719170	61722748	exon	GBM primary
chr2:62227836|62228117	chr2	62227836	62228117	exon	GBM primary
chr2:62974530|62998527	chr2	62974530	62998527	exon	GBM primary
chr2:63711738|63798760	chr2	63711738	63798760	exon	GBM primary
chr2:68717322|68839379	chr2	68717322	68839379	exon	GBM primary
chr2:69736363|69754451	chr2	69736363	69754451	exon	GBM primary
chr2:70076784|70092107	chr2	70076784	70092107	exon	GBM primary
chr2:70451686|70463307	chr2	70451686	70463307	exon	GBM primary
chr2:70486492|70488518	chr2	70486492	70488518	exon	GBM primary
chr2:71590283|71607695	chr2	71590283	71607695	exon	GBM primary
chr2:73659326|73682422	chr2	73659326	73682422	exon	GBM primary
chr2:73761951|73800551	chr2	73761951	73800551	exon	GBM primary
chr2:73784347|73800551	chr2	73784347	73800551	exon	GBM primary
chr2:86768240|86769435	chr2	86768240	86769435	exon	GBM primary
chr2:96579856|96581919	chr2	96579856	96581919	exon	GBM primary
chr2:96585481|96587558	chr2	96585481	96587558	intron	GBM primary
chr2:100046302|100081447	chr2	100046302	100081447	exon	GBM primary
chr2:100055063|100081447	chr2	100055063	100081447	exon	GBM primary
chr2:101905435|101911643	chr2	101905435	101911643	exon	GBM primary
chr2:102472439|102476326	chr2	102472439	102476326	exon	GBM primary
chr2:105900773|105915162	chr2	105900773	105915162	exon	GBM primary
chr2:110342703|110350696	chr2	110342703	110350696	exon	GBM primary
chr2:114202541|114212355	chr2	114202541	114212355	exon	GBM primary
chr2:115093170|115111770	chr2	115093170	115111770	intergenic_region	GBM primary
chr2:115108751|115111770	chr2	115108751	115111770	intergenic_region	GBM primary
chr2:116066815|116101488	chr2	116066815	116101488	exon	GBM primary
chr2:120634899|120640199	chr2	120634899	120640199	exon	GBM primary
chr2:120634899|120643458	chr2	120634899	120643458	exon	GBM primary
chr2:120690000|120704150	chr2	120690000	120704150	exon	GBM primary
chr2:120885264|120903865	chr2	120885264	120903865	exon	GBM primary
chr2:120885264|120932576	chr2	120885264	120932576	exon	GBM primary
chr2:120889194|120903865	chr2	120889194	120903865	exon	GBM primary
chr2:124979282|124999970	chr2	124979282	124999970	exon	GBM primary
chr2:128520636|128528578	chr2	128520636	128528578	exon	GBM primary
chr2:131688525|131704208	chr2	131688525	131704208	exon	GBM primary
chr2:135075100|135076310	chr2	135075100	135076310	exon	GBM primary
chr2:135624112|135626611	chr2	135624112	135626611	intron	GBM primary
chr2:135847221|135851263	chr2	135847221	135851263	intron	GBM primary
chr2:136071059|136103205	chr2	136071059	136103205	exon	GBM primary
chr2:136402949|136437894	chr2	136402949	136437894	exon	GBM primary
chr2:136432902|136467801	chr2	136432902	136467801	exon	GBM primary
chr2:136505837|136537955	chr2	136505837	136537955	exon	GBM primary
chr2:141739729|141819842	chr2	141739729	141819842	exon	GBM primary
chr2:141806555|141806791	chr2	141806555	141806791	exon	GBM primary
chr2:152709962|152717334	chr2	152709962	152717334	exon	GBM primary
chr2:157406120|157414094	chr2	157406120	157414094	exon	GBM primary
chr2:159459582|159490801	chr2	159459582	159490801	exon	GBM primary
chr2:160193973|160252345	chr2	160193973	160252345	exon	GBM primary
chr2:163360953|163374668	chr2	163360953	163374668	exon	GBM primary
chr2:163741116|163790609	chr2	163741116	163790609	intergenic_region	GBM primary
chr2:165548731|165561615	chr2	165548731	165561615	exon	GBM primary
chr2:168869144|168931741	chr2	168869144	168931741	exon	GBM primary
chr2:168920010|168931741	chr2	168920010	168931741	exon	GBM primary
chr2:168931492|168986268	chr2	168931492	168986268	exon	GBM primary
chr2:168986051|169023917	chr2	168986051	169023917	exon	GBM primary
chr2:168994598|168997268	chr2	168994598	168997268	exon	GBM primary
chr2:170338761|170356130	chr2	170338761	170356130	exon	GBM primary
chr2:170387097|170401345	chr2	170387097	170401345	exon	GBM primary
chr2:170871791|170917953	chr2	170871791	170917953	exon	GBM primary
chr2:172182351|172187208	chr2	172182351	172187208	exon	GBM primary
chr2:182760757|182780141	chr2	182760757	182780141	exon	GBM primary
chr2:183799480|183848110	chr2	183799480	183848110	exon	GBM primary
chr2:187604955|187618776	chr2	187604955	187618776	exon	GBM primary
chr2:190593386|190620046	chr2	190593386	190620046	intron	GBM primary
chr2:190618642|190619071	chr2	190618642	190619071	exon	GBM primary
chr2:197084763|197085665	chr2	197084763	197085665	exon	GBM primary
chr2:197135917|197172809	chr2	197135917	197172809	exon	GBM primary
chr2:200188526|200246543	chr2	200188526	200246543	exon	GBM primary
chr2:202625604|202626541	chr2	202625604	202626541	exon	GBM primary
chr2:203156948|203157127	chr2	203156948	203157127	intron	GBM primary
chr2:203419975|203421254	chr2	203419975	203421254	exon	GBM primary
chr2:203676469|203686204	chr2	203676469	203686204	exon	GBM primary
chr2:203817282|203826149	chr2	203817282	203826149	exon	GBM primary
chr2:203974873|203991649	chr2	203974873	203991649	exon	GBM primary
chr2:204231600|204267457	chr2	204231600	204267457	exon	GBM primary
chr2:206992521|207006793	chr2	206992521	207006793	exon	GBM primary
chr2:206992521|207014649	chr2	206992521	207014649	exon	GBM primary
chr2:207013744|207017234	chr2	207013744	207017234	exon	GBM primary
chr2:207705831|207744164	chr2	207705831	207744164	intergenic_region	GBM primary
chr2:207705831|207746615	chr2	207705831	207746615	intergenic_region	GBM primary
chr2:207731421|207746615	chr2	207731421	207746615	intergenic_region	GBM primary
chr2:210906411|210907856	chr2	210906411	210907856	intron	GBM primary
chr2:210968828|211019335	chr2	210968828	211019335	exon	GBM primary
chr2:215632206|215657169	chr2	215632206	215657169	exon	GBM primary
chr2:217005909|217012999	chr2	217005909	217012999	exon	GBM primary
chr2:221186822|221189955	chr2	221186822	221189955	intron	GBM primary
chr2:221495100|221498849	chr2	221495100	221498849	exon	GBM primary
chr2:221605004|221605371	chr2	221605004	221605371	intergenic_region	GBM primary
chr2:221618333|221720593	chr2	221618333	221720593	intergenic_region	GBM primary
chr2:236649607|236659132	chr2	236649607	236659132	exon	GBM primary
chr2:240929491|240961757	chr2	240929491	240961757	exon	GBM primary
chr2:242079936|242082489	chr2	242079936	242082489	exon	GBM primary
chr2:242343243|242347030	chr2	242343243	242347030	exon	GBM primary
chr2:242343243|242350545	chr2	242343243	242350545	exon	GBM primary
chr2:242346952|242352836	chr2	242346952	242352836	exon	GBM primary
chr2:242651393|242662686	chr2	242651393	242662686	exon	GBM primary
chr20:2097312|2098061	chr20	2097312	2098061	exon	GBM primary
chr20:2944918|2969120	chr20	2944918	2969120	exon	GBM primary
chr20:11955689|11979844	chr20	11955689	11979844	intergenic_region	GBM primary
chr20:16292980|16362775	chr20	16292980	16362775	exon	GBM primary
chr20:19560644|19566188	chr20	19560644	19566188	exon	GBM primary
chr20:25666203|25667102	chr20	25666203	25667102	exon	GBM primary
chr20:32996457|33001685	chr20	32996457	33001685	exon	GBM primary
chr20:33954360|33971936	chr20	33954360	33971936	exon	GBM primary
chr20:34241450|34246936	chr20	34241450	34246936	exon	GBM primary
chr20:34302107|34326939	chr20	34302107	34326939	exon	GBM primary
chr20:34309662|34320057	chr20	34309662	34320057	exon	GBM primary
chr20:34389413|34459751	chr20	34389413	34459751	exon	GBM primary
chr20:34430495|34459751	chr20	34430495	34459751	exon	GBM primary
chr20:35693827|35696589	chr20	35693827	35696589	exon	GBM primary
chr20:35832288|35838568	chr20	35832288	35838568	exon	GBM primary
chr20:37612342|37623523	chr20	37612342	37623523	exon	GBM primary
chr20:39741422|39742795	chr20	39741422	39742795	exon	GBM primary
chr20:39830697|39833706	chr20	39830697	39833706	exon	GBM primary
chr20:40141485|40162209	chr20	40141485	40162209	exon	GBM primary
chr20:41100906|41101202	chr20	41100906	41101202	exon	GBM primary
chr20:43132456|43141635	chr20	43132456	43141635	exon	GBM primary
chr20:44049168|44049333	chr20	44049168	44049333	exon	GBM primary
chr20:45874752|45875261	chr20	45874752	45875261	exon	GBM primary
chr20:47567860|47570327	chr20	47567860	47570327	exon	GBM primary
chr20:47707279|47711500	chr20	47707279	47711500	exon	GBM primary
chr20:48744512|48746227	chr20	48744512	48746227	exon	GBM primary
chr20:49518554|49535318	chr20	49518554	49535318	intron	GBM primary
chr20:50704931|50715126	chr20	50704931	50715126	exon	GBM primary
chr20:51601494|51601941	chr20	51601494	51601941	intron	GBM primary
chr20:52601826|52612589	chr20	52601826	52612589	exon	GBM primary
chr20:57470667|57480535	chr20	57470667	57480535	exon	GBM primary
chr20:57574398|57574864	chr20	57574398	57574864	intron	GBM primary
chr20:58426623|58436553	chr20	58426623	58436553	intergenic_region	GBM primary
chr21:17150223|17214859	chr21	17150223	17214859	exon	GBM primary
chr21:17172076|17205867	chr21	17172076	17205867	exon	GBM primary
chr21:26825503|26838789	chr21	26825503	26838789	intergenic_region	GBM primary
chr21:27326904|27372497	chr21	27326904	27372497	exon	GBM primary
chr21:27423316|27425664	chr21	27423316	27425664	exon	GBM primary
chr21:27462259|27484463	chr21	27462259	27484463	exon	GBM primary
chr21:30945371|30945942	chr21	30945371	30945942	intron	GBM primary
chr21:34713305|34715982	chr21	34713305	34715982	exon	GBM primary
chr21:34787195|34805178	chr21	34787195	34805178	exon	GBM primary
chr21:34906885|34907626	chr21	34906885	34907626	exon	GBM primary
chr21:34906885|34911662	chr21	34906885	34911662	exon	GBM primary
chr21:37619815|37633030	chr21	37619815	37633030	exon	GBM primary
chr21:38126481|38139586	chr21	38126481	38139586	exon	GBM primary
chr21:38792601|38868560	chr21	38792601	38868560	exon	GBM primary
chr21:40578034|40601362	chr21	40578034	40601362	exon	GBM primary
chr21:40585407|40601362	chr21	40585407	40601362	exon	GBM primary
chr21:42064736|42080697	chr21	42064736	42080697	exon	GBM primary
chr22:22055265|22065197	chr22	22055265	22065197	exon	GBM primary
chr22:24025912|24037704	chr22	24025912	24037704	exon	GBM primary
chr22:26000344|26040632	chr22	26000344	26040632	exon	GBM primary
chr22:26853825|26854543	chr22	26853825	26854543	exon	GBM primary
chr22:30366965|30394846	chr22	30366965	30394846	exon	GBM primary
chr22:32154532|32174154	chr22	32154532	32174154	exon	GBM primary
chr22:32664275|32669494	chr22	32664275	32669494	exon	GBM primary
chr22:34157358|34161940	chr22	34157358	34161940	intron	GBM primary
chr22:36914810|36915584	chr22	36914810	36915584	exon	GBM primary
chr22:38889715|38897285	chr22	38889715	38897285	exon	GBM primary
chr22:39534641|39537441	chr22	39534641	39537441	exon	GBM primary
chr22:40513059|40552186	chr22	40513059	40552186	exon	GBM primary
chr22:41277774|41282519	chr22	41277774	41282519	exon	GBM primary
chr22:41303591|41322467	chr22	41303591	41322467	exon	GBM primary
chr22:41734317|41735195	chr22	41734317	41735195	exon	GBM primary
chr3:361366|370037	chr3	361366	370037	exon	GBM primary
chr3:1337285|1339675	chr3	1337285	1339675	exon	GBM primary
chr3:4452549|4461830	chr3	4452549	4461830	exon	GBM primary
chr3:8977555|8983488	chr3	8977555	8983488	exon	GBM primary
chr3:12353879|12434251	chr3	12353879	12434251	exon	GBM primary
chr3:12353879|12458653	chr3	12353879	12458653	exon	GBM primary
chr3:13042961|13043569	chr3	13042961	13043569	intron	GBM primary
chr3:15271949|15282360	chr3	15271949	15282360	exon	GBM primary
chr3:15452752|15457449	chr3	15452752	15457449	exon	GBM primary
chr3:16336363|16345099	chr3	16336363	16345099	exon	GBM primary
chr3:17425405|17550097	chr3	17425405	17550097	exon	GBM primary
chr3:18419662|18462483	chr3	18419662	18462483	exon	GBM primary
chr3:20017093|20017661	chr3	20017093	20017661	exon	GBM primary
chr3:23942299|23942540	chr3	23942299	23942540	exon	GBM primary
chr3:23952302|23952941	chr3	23952302	23952941	exon	GBM primary
chr3:24338717|24359985	chr3	24338717	24359985	exon	GBM primary
chr3:27510402|27513093	chr3	27510402	27513093	intron	GBM primary
chr3:32745360|32778982	chr3	32745360	32778982	exon	GBM primary
chr3:32750162|32769362	chr3	32750162	32769362	exon	GBM primary
chr3:32774915|32778982	chr3	32774915	32778982	exon	GBM primary
chr3:33557515|33580434	chr3	33557515	33580434	exon	GBM primary
chr3:33623313|33638226	chr3	33623313	33638226	exon	GBM primary
chr3:33661095|33673866	chr3	33661095	33673866	exon	GBM primary
chr3:35721279|35732497	chr3	35721279	35732497	exon	GBM primary
chr3:37170554|37190529	chr3	37170554	37190529	exon	GBM primary
chr3:39554874|39559276	chr3	39554874	39559276	exon	GBM primary
chr3:41831153|41877463	chr3	41831153	41877463	exon	GBM primary
chr3:43373661|43384970	chr3	43373661	43384970	exon	GBM primary
chr3:43591212|43607219	chr3	43591212	43607219	exon	GBM primary
chr3:47079156|47103836	chr3	47079156	47103836	exon	GBM primary
chr3:47125210|47147610	chr3	47125210	47147610	exon	GBM primary
chr3:47651556|47663831	chr3	47651556	47663831	exon	GBM primary
chr3:47676680|47719801	chr3	47676680	47719801	exon	GBM primary
chr3:47747899|47755980	chr3	47747899	47755980	exon	GBM primary
chr3:47908736|47919013	chr3	47908736	47919013	exon	GBM primary
chr3:48585965|48587667	chr3	48585965	48587667	exon	GBM primary
chr3:51350275|51367654	chr3	51350275	51367654	exon	GBM primary
chr3:53908238|53910107	chr3	53908238	53910107	exon	GBM primary
chr3:55922417|55984588	chr3	55922417	55984588	exon	GBM primary
chr3:55922417|56026278	chr3	55922417	56026278	exon	GBM primary
chr3:56658507|56707753	chr3	56658507	56707753	exon	GBM primary
chr3:56771213|56779490	chr3	56771213	56779490	exon	GBM primary
chr3:62423779|62464091	chr3	62423779	62464091	exon	GBM primary
chr3:62431440|62467544	chr3	62431440	62467544	exon	GBM primary
chr3:62631397|62648069	chr3	62631397	62648069	exon	GBM primary
chr3:63819739|63825449	chr3	63819739	63825449	exon	GBM primary
chr3:67718637|67801084	chr3	67718637	67801084	intron	GBM primary
chr3:71090479|71102924	chr3	71090479	71102924	exon	GBM primary
chr3:71733723|71777774	chr3	71733723	71777774	exon	GBM primary
chr3:77614105|77651642	chr3	77614105	77651642	exon	GBM primary
chr3:89456419|89499520	chr3	89456419	89499520	exon	GBM primary
chr3:100565216|100581229	chr3	100565216	100581229	exon	GBM primary
chr3:100986355|101023156	chr3	100986355	101023156	exon	GBM primary
chr3:101535639|101540594	chr3	101535639	101540594	exon	GBM primary
chr3:105412338|105439094	chr3	105412338	105439094	exon	GBM primary
chr3:110863746|110911260	chr3	110863746	110911260	exon	GBM primary
chr3:113207792|113225452	chr3	113207792	113225452	exon	GBM primary
chr3:120871324|120959354	chr3	120871324	120959354	exon	GBM primary
chr3:120973742|120998803	chr3	120973742	120998803	exon	GBM primary
chr3:121097563|121100379	chr3	121097563	121100379	exon	GBM primary
chr3:124996570|125032500	chr3	124996570	125032500	exon	GBM primary
chr3:130711795|130720188	chr3	130711795	130720188	exon	GBM primary
chr3:131181593|131190123	chr3	131181593	131190123	exon	GBM primary
chr3:136085785|136221621	chr3	136085785	136221621	exon	GBM primary
chr3:136136727|136221621	chr3	136136727	136221621	exon	GBM primary
chr3:138038320|138043938	chr3	138038320	138043938	intron	GBM primary
chr3:138218952|138251412	chr3	138218952	138251412	exon	GBM primary
chr3:138338553|138347998	chr3	138338553	138347998	exon	GBM primary
chr3:139138399|139179529	chr3	139138399	139179529	intron	GBM primary
chr3:141697362|141811969	chr3	141697362	141811969	exon	GBM primary
chr3:149563798|149619949	chr3	149563798	149619949	exon	GBM primary
chr3:150280329|150286079	chr3	150280329	150286079	exon	GBM primary
chr3:150881680|150911453	chr3	150881680	150911453	exon	GBM primary
chr3:155545971|155560408	chr3	155545971	155560408	exon	GBM primary
chr3:155551257|155560408	chr3	155551257	155560408	exon	GBM primary
chr3:155611307|155629068	chr3	155611307	155629068	exon	GBM primary
chr3:165163831|165229439	chr3	165163831	165229439	intron	GBM primary
chr3:167742314|167750640	chr3	167742314	167750640	exon	GBM primary
chr3:169840379|169854453	chr3	169840379	169854453	exon	GBM primary
chr3:169854207|169896726	chr3	169854207	169896726	exon	GBM primary
chr3:169863211|169896726	chr3	169863211	169896726	exon	GBM primary
chr3:170906491|170946010	chr3	170906491	170946010	exon	GBM primary
chr3:171944661|171969331	chr3	171944661	171969331	exon	GBM primary
chr3:173322069|173323383	chr3	173322069	173323383	exon	GBM primary
chr3:174236867|174268427	chr3	174236867	174268427	intron	GBM primary
chr3:179131200|179138715	chr3	179131200	179138715	exon	GBM primary
chr3:179576850|179597911	chr3	179576850	179597911	exon	GBM primary
chr3:182545908|182554962	chr3	182545908	182554962	exon	GBM primary
chr3:183035856|183107567	chr3	183035856	183107567	exon	GBM primary
chr3:183361268|183382827	chr3	183361268	183382827	exon	GBM primary
chr3:183368084|183371877	chr3	183368084	183371877	intron	GBM primary
chr3:183368084|183382827	chr3	183368084	183382827	exon	GBM primary
chr3:183432932|183446639	chr3	183432932	183446639	exon	GBM primary
chr3:183435439|183446639	chr3	183435439	183446639	exon	GBM primary
chr3:183471914|183474477	chr3	183471914	183474477	exon	GBM primary
chr3:184542333|184552530	chr3	184542333	184552530	exon	GBM primary
chr3:184566859|184588593	chr3	184566859	184588593	exon	GBM primary
chr3:184631307|184689540	chr3	184631307	184689540	exon	GBM primary
chr3:185155235|185161424	chr3	185155235	185161424	exon	GBM primary
chr3:191074877|191078948	chr3	191074877	191078948	exon	GBM primary
chr3:192053150|192078327	chr3	192053150	192078327	exon	GBM primary
chr3:194154501|194175121	chr3	194154501	194175121	exon	GBM primary
chr3:194169186|194175121	chr3	194169186	194175121	exon	GBM primary
chr3:196118684|196134264	chr3	196118684	196134264	exon	GBM primary
chr3:196198511|196215554	chr3	196198511	196215554	exon	GBM primary
chr3:196210641|196215554	chr3	196210641	196215554	exon	GBM primary
chr3:196533450|196534785	chr3	196533450	196534785	exon	GBM primary
chr3:196802708|196846401	chr3	196802708	196846401	exon	GBM primary
chr3:196812451|196846401	chr3	196812451	196846401	exon	GBM primary
chr3:196831774|196876667	chr3	196831774	196876667	exon	GBM primary
chr3:196863413|196876667	chr3	196863413	196876667	exon	GBM primary
chr3:196882540|196888609	chr3	196882540	196888609	intron	GBM primary
chr3:197541779|197559188	chr3	197541779	197559188	exon	GBM primary
chr3:197557641|197566268	chr3	197557641	197566268	exon	GBM primary
chr4:1219148|1235307	chr4	1219148	1235307	exon	GBM primary
chr4:1902353|1906105	chr4	1902353	1906105	exon	GBM primary
chr4:1902353|1932497	chr4	1902353	1932497	exon	GBM primary
chr4:1905943|1936989	chr4	1905943	1936989	exon	GBM primary
chr4:2172406|2230970	chr4	2172406	2230970	exon	GBM primary
chr4:2492064|2498848	chr4	2492064	2498848	exon	GBM primary
chr4:2492064|2502465	chr4	2492064	2502465	exon	GBM primary
chr4:2659530|2661781	chr4	2659530	2661781	exon	GBM primary
chr4:2911066|2928402	chr4	2911066	2928402	exon	GBM primary
chr4:2986240|3024178	chr4	2986240	3024178	exon	GBM primary
chr4:2986240|3031136	chr4	2986240	3031136	exon	GBM primary
chr4:2993942|3009555	chr4	2993942	3009555	exon	GBM primary
chr4:4314768|4317697	chr4	4314768	4317697	exon	GBM primary
chr4:4762273|4766180	chr4	4762273	4766180	intergenic_region	GBM primary
chr4:9642695|9643074	chr4	9642695	9643074	intergenic_region	GBM primary
chr4:16587545|16597498	chr4	16587545	16597498	exon	GBM primary
chr4:17503342|17510986	chr4	17503342	17510986	exon	GBM primary
chr4:17910717|17974508	chr4	17910717	17974508	exon	GBM primary
chr4:20706089|20715162	chr4	20706089	20715162	exon	GBM primary
chr4:26614791|26668027	chr4	26614791	26668027	exon	GBM primary
chr4:26685297|26721747	chr4	26685297	26721747	exon	GBM primary
chr4:36109187|36195269	chr4	36109187	36195269	exon	GBM primary
chr4:38055820|38104778	chr4	38055820	38104778	exon	GBM primary
chr4:39747372|39779430	chr4	39747372	39779430	exon	GBM primary
chr4:40936473|40947090	chr4	40936473	40947090	exon	GBM primary
chr4:41015600|41016415	chr4	41015600	41016415	exon	GBM primary
chr4:42003633|42025401	chr4	42003633	42025401	exon	GBM primary
chr4:42487513|42558057	chr4	42487513	42558057	exon	GBM primary
chr4:42505467|42546003	chr4	42505467	42546003	exon	GBM primary
chr4:44295421|44325662	chr4	44295421	44325662	intron	GBM primary
chr4:46966987|46981115	chr4	46966987	46981115	exon	GBM primary
chr4:48686690|48712715	chr4	48686690	48712715	exon	GBM primary
chr4:52740437|52758017	chr4	52740437	52758017	exon	GBM primary
chr4:54249940|54319300	chr4	54249940	54319300	exon	GBM primary
chr4:54292039|54319300	chr4	54292039	54319300	exon	GBM primary
chr4:54294194|54310270	chr4	54294194	54310270	exon	GBM primary
chr4:57462666|57470388	chr4	57462666	57470388	intergenic_region	GBM primary
chr4:62775278|62813994	chr4	62775278	62813994	exon	GBM primary
chr4:75937635|75938360	chr4	75937635	75938360	exon	GBM primary
chr4:77084378|77087454	chr4	77084378	77087454	exon	GBM primary
chr4:77917578|77941823	chr4	77917578	77941823	exon	GBM primary
chr4:80007250|80007416	chr4	80007250	80007416	exon	GBM primary
chr4:83799883|83803090	chr4	83799883	83803090	exon	GBM primary
chr4:85781565|85818163	chr4	85781565	85818163	exon	GBM primary
chr4:85818064|85853516	chr4	85818064	85853516	exon	GBM primary
chr4:87622394|87656899	chr4	87622394	87656899	exon	GBM primary
chr4:87643365|87656899	chr4	87643365	87656899	exon	GBM primary
chr4:88026780|88036451	chr4	88026780	88036451	exon	GBM primary
chr4:88104355|88116842	chr4	88104355	88116842	exon	GBM primary
chr4:88959403|88973310	chr4	88959403	88973310	exon	GBM primary
chr4:91229395|91234198	chr4	91229395	91234198	exon	GBM primary
chr4:101982244|102004420	chr4	101982244	102004420	exon	GBM primary
chr4:103610731|103635718	chr4	103610731	103635718	exon	GBM primary
chr4:103644028|103647840	chr4	103644028	103647840	exon	GBM primary
chr4:104577351|104579560	chr4	104577351	104579560	exon	GBM primary
chr4:105439734|105440611	chr4	105439734	105440611	intron	GBM primary
chr4:110412483|110416012	chr4	110412483	110416012	exon	GBM primary
chr4:113483527|113545032	chr4	113483527	113545032	exon	GBM primary
chr4:114095572|114120265	chr4	114095572	114120265	exon	GBM primary
chr4:114284494|114296102	chr4	114284494	114296102	exon	GBM primary
chr4:115540579|115544858	chr4	115540579	115544858	exon	GBM primary
chr4:118974911|119036115	chr4	118974911	119036115	exon	GBM primary
chr4:121631464|121742500	chr4	121631464	121742500	exon	GBM primary
chr4:128995615|129035897	chr4	128995615	129035897	exon	GBM primary
chr4:129042981|129083472	chr4	129042981	129083472	exon	GBM primary
chr4:129857810|129880932	chr4	129857810	129880932	exon	GBM primary
chr4:129857810|129891623	chr4	129857810	129891623	exon	GBM primary
chr4:133906667|134018038	chr4	133906667	134018038	intergenic_region	GBM primary
chr4:140046318|140069251	chr4	140046318	140069251	intron	GBM primary
chr4:144336630|144391055	chr4	144336630	144391055	exon	GBM primary
chr4:144354644|144387378	chr4	144354644	144387378	exon	GBM primary
chr4:144359152|144387378	chr4	144359152	144387378	exon	GBM primary
chr4:144753713|144787229	chr4	144753713	144787229	exon	GBM primary
chr4:144780169|144890532	chr4	144780169	144890532	exon	GBM primary
chr4:144780169|144908035	chr4	144780169	144908035	intron	GBM primary
chr4:148554916|148555732	chr4	148554916	148555732	exon	GBM primary
chr4:151114290|151125041	chr4	151114290	151125041	exon	GBM primary
chr4:151656410|151738409	chr4	151656410	151738409	exon	GBM primary
chr4:152095822|152108615	chr4	152095822	152108615	exon	GBM primary
chr4:153750777|153793716	chr4	153750777	153793716	exon	GBM primary
chr4:156617908|156643344	chr4	156617908	156643344	exon	GBM primary
chr4:159772473|159791621	chr4	159772473	159791621	exon	GBM primary
chr4:160107794|160131735	chr4	160107794	160131735	exon	GBM primary
chr4:160159961|160162520	chr4	160159961	160162520	exon	GBM primary
chr4:169630179|169633074	chr4	169630179	169633074	exon	GBM primary
chr4:170057469|170057771	chr4	170057469	170057771	exon	GBM primary
chr4:170384394|170459062	chr4	170384394	170459062	exon	GBM primary
chr4:170428188|170477246	chr4	170428188	170477246	exon	GBM primary
chr4:177070958|177098805	chr4	177070958	177098805	exon	GBM primary
chr4:178274462|178281831	chr4	178274462	178281831	exon	GBM primary
chr4:183522077|183575046	chr4	183522077	183575046	exon	GBM primary
chr5:751248|840712	chr5	751248	840712	intergenic_region	GBM primary
chr5:6604251|6605521	chr5	6604251	6605521	exon	GBM primary
chr5:6623327|6625782	chr5	6623327	6625782	exon	GBM primary
chr5:7712969|7757699	chr5	7712969	7757699	exon	GBM primary
chr5:11199560|11201648	chr5	11199560	11201648	intron	GBM primary
chr5:14330887|14336836	chr5	14330887	14336836	exon	GBM primary
chr5:21491430|21497305	chr5	21491430	21497305	exon	GBM primary
chr5:32403211|32404202	chr5	32403211	32404202	exon	GBM primary
chr5:36211946|36227667	chr5	36211946	36227667	exon	GBM primary
chr5:36953720|36986403	chr5	36953720	36986403	exon	GBM primary
chr5:37006459|37052668	chr5	37006459	37052668	exon	GBM primary
chr5:43122141|43139411	chr5	43122141	43139411	exon	GBM primary
chr5:54941617|54960691	chr5	54941617	54960691	exon	GBM primary
chr5:58476421|58511794	chr5	58476421	58511794	exon	GBM primary
chr5:61745754|61747760	chr5	61745754	61747760	exon	GBM primary
chr5:64096075|64100213	chr5	64096075	64100213	exon	GBM primary
chr5:65076006|65084311	chr5	65076006	65084311	exon	GBM primary
chr5:68400458|68417722	chr5	68400458	68417722	exon	GBM primary
chr5:70798426|70806978	chr5	70798426	70806978	exon	GBM primary
chr5:70888753|70900295	chr5	70888753	70900295	exon	GBM primary
chr5:72354260|72373320	chr5	72354260	72373320	exon	GBM primary
chr5:72374007|72378652	chr5	72374007	72378652	exon	GBM primary
chr5:74842835|74848416	chr5	74842835	74848416	exon	GBM primary
chr5:76394480|76396216	chr5	76394480	76396216	exon	GBM primary
chr5:77385217|77512061	chr5	77385217	77512061	exon	GBM primary
chr5:80388620|80409739	chr5	80388620	80409739	exon	GBM primary
chr5:80932376|80946158	chr5	80932376	80946158	exon	GBM primary
chr5:90083888|90089960	chr5	90083888	90089960	intron	GBM primary
chr5:90261232|90281339	chr5	90261232	90281339	exon	GBM primary
chr5:93111865|93120205	chr5	93111865	93120205	exon	GBM primary
chr5:94114815|94248681	chr5	94114815	94248681	exon	GBM primary
chr5:94114815|94253678	chr5	94114815	94253678	exon	GBM primary
chr5:94224584|94248681	chr5	94224584	94248681	exon	GBM primary
chr5:95084037|95103870	chr5	95084037	95103870	exon	GBM primary
chr5:95242227|95268417	chr5	95242227	95268417	exon	GBM primary
chr5:96093148|96103703	chr5	96093148	96103703	exon	GBM primary
chr5:96320784|96350799	chr5	96320784	96350799	exon	GBM primary
chr5:108103794|108134090	chr5	108103794	108134090	exon	GBM primary
chr5:108103794|108171508	chr5	108103794	108171508	exon	GBM primary
chr5:108103794|108295048	chr5	108103794	108295048	exon	GBM primary
chr5:108203468|108207913	chr5	108203468	108207913	exon	GBM primary
chr5:108203468|108295048	chr5	108203468	108295048	exon	GBM primary
chr5:109049221|109110666	chr5	109049221	109110666	exon	GBM primary
chr5:109049221|109125228	chr5	109049221	109125228	exon	GBM primary
chr5:109049221|109159538	chr5	109049221	109159538	exon	GBM primary
chr5:109091030|109110666	chr5	109091030	109110666	exon	GBM primary
chr5:109103236|109139978	chr5	109103236	109139978	exon	GBM primary
chr5:109103236|109159538	chr5	109103236	109159538	exon	GBM primary
chr5:109103236|109183491	chr5	109103236	109183491	exon	GBM primary
chr5:109117097|109139978	chr5	109117097	109139978	exon	GBM primary
chr5:109152974|109183491	chr5	109152974	109183491	exon	GBM primary
chr5:109756198|109765802	chr5	109756198	109765802	exon	GBM primary
chr5:110679722|110730480	chr5	110679722	110730480	exon	GBM primary
chr5:112090570|112116600	chr5	112090570	112116600	exon	GBM primary
chr5:112102023|112151290	chr5	112102023	112151290	exon	GBM primary
chr5:112111326|112137080	chr5	112111326	112137080	exon	GBM primary
chr5:112128143|112128674	chr5	112128143	112128674	intron	GBM primary
chr5:112321532|112337371	chr5	112321532	112337371	exon	GBM primary
chr5:123974826|124036962	chr5	123974826	124036962	exon	GBM primary
chr5:125939262|125939875	chr5	125939262	125939875	exon	GBM primary
chr5:127448506|127497492	chr5	127448506	127497492	exon	GBM primary
chr5:127449904|127477673	chr5	127449904	127477673	exon	GBM primary
chr5:127466759|127471500	chr5	127466759	127471500	exon	GBM primary
chr5:128861977|128864370	chr5	128861977	128864370	exon	GBM primary
chr5:130775274|130797781	chr5	130775274	130797781	exon	GBM primary
chr5:132034863|132039311	chr5	132034863	132039311	exon	GBM primary
chr5:132034863|132052676	chr5	132034863	132052676	exon	GBM primary
chr5:133534777|133541822	chr5	133534777	133541822	exon	GBM primary
chr5:135483521|135489852	chr5	135483521	135489852	exon	GBM primary
chr5:137027974|137056273	chr5	137027974	137056273	exon	GBM primary
chr5:137320946|137354835	chr5	137320946	137354835	exon	GBM primary
chr5:137342679|137356886	chr5	137342679	137356886	exon	GBM primary
chr5:137721711|137735701	chr5	137721711	137735701	exon	GBM primary
chr5:137904614|137906830	chr5	137904614	137906830	exon	GBM primary
chr5:138979957|139003046	chr5	138979957	139003046	exon	GBM primary
chr5:139818046|139828890	chr5	139818046	139828890	exon	GBM primary
chr5:139819704|139825560	chr5	139819704	139825560	exon	GBM primary
chr5:142258939|142292858	chr5	142258939	142292858	exon	GBM primary
chr5:142258939|142311690	chr5	142258939	142311690	exon	GBM primary
chr5:142416761|142526946	chr5	142416761	142526946	exon	GBM primary
chr5:142513532|142526946	chr5	142513532	142526946	exon	GBM primary
chr5:145144494|145202697	chr5	145144494	145202697	exon	GBM primary
chr5:145197457|145205763	chr5	145197457	145205763	exon	GBM primary
chr5:147774277|147784385	chr5	147774277	147784385	exon	GBM primary
chr5:147774277|147796767	chr5	147774277	147796767	exon	GBM primary
chr5:151990127|151990640	chr5	151990127	151990640	intergenic_region	GBM primary
chr5:153085257|153085627	chr5	153085257	153085627	exon	GBM primary
chr5:153143994|153149975	chr5	153143994	153149975	exon	GBM primary
chr5:153429117|153433649	chr5	153429117	153433649	exon	GBM primary
chr5:154777190|154778444	chr5	154777190	154778444	intergenic_region	GBM primary
chr5:159520108|159521072	chr5	159520108	159521072	exon	GBM primary
chr5:160757890|160763776	chr5	160757890	160763776	exon	GBM primary
chr5:170823221|170823744	chr5	170823221	170823744	intron	GBM primary
chr5:175716657|175717958	chr5	175716657	175717958	exon	GBM primary
chr5:176636637|176639196	chr5	176636637	176639196	exon	GBM primary
chr5:177046079|177059739	chr5	177046079	177059739	exon	GBM primary
chr6:592469|619543	chr6	592469	619543	exon	GBM primary
chr6:7181357|7189555	chr6	7181357	7189555	exon	GBM primary
chr6:13632602|13659064	chr6	13632602	13659064	exon	GBM primary
chr6:15615498|15627706	chr6	15615498	15627706	exon	GBM primary
chr6:16586011|16753578	chr6	16586011	16753578	exon	GBM primary
chr6:16586011|16754322	chr6	16586011	16754322	exon	GBM primary
chr6:17539500|17543374	chr6	17539500	17543374	exon	GBM primary
chr6:20781376|20846409	chr6	20781376	20846409	exon	GBM primary
chr6:24416625|24418806	chr6	24416625	24418806	exon	GBM primary
chr6:24475349|24480187	chr6	24475349	24480187	exon	GBM primary
chr6:25515903|25520565	chr6	25515903	25520565	exon	GBM primary
chr6:29857484|29912174	chr6	29857484	29912174	intergenic_region	GBM primary
chr6:32487941|32548633	chr6	32487941	32548633	intergenic_region	GBM primary
chr6:34574332|34614575	chr6	34574332	34614575	exon	GBM primary
chr6:35586873|35610620	chr6	35586873	35610620	exon	GBM primary
chr6:36126425|36126718	chr6	36126425	36126718	exon	GBM primary
chr6:39507779|39513464	chr6	39507779	39513464	exon	GBM primary
chr6:39507779|39564036	chr6	39507779	39564036	exon	GBM primary
chr6:42571326|42574389	chr6	42571326	42574389	exon	GBM primary
chr6:42629922|42633983	chr6	42629922	42633983	exon	GBM primary
chr6:44971390|45073743	chr6	44971390	45073743	exon	GBM primary
chr6:53133885|53160505	chr6	53133885	53160505	exon	GBM primary
chr6:54001513|54013925	chr6	54001513	54013925	exon	GBM primary
chr6:54001513|54095715	chr6	54001513	54095715	exon	GBM primary
chr6:54013854|54095715	chr6	54013854	54095715	exon	GBM primary
chr6:54025165|54095715	chr6	54025165	54095715	exon	GBM primary
chr6:56846509|56857353	chr6	56846509	56857353	exon	GBM primary
chr6:56846509|56880151	chr6	56846509	56880151	exon	GBM primary
chr6:56917767|56917946	chr6	56917767	56917946	exon	GBM primary
chr6:62316195|62407158	chr6	62316195	62407158	intergenic_region	GBM primary
chr6:62362160|62390965	chr6	62362160	62390965	intergenic_region	GBM primary
chr6:62362160|62442669	chr6	62362160	62442669	intergenic_region	GBM primary
chr6:64404471|64410356	chr6	64404471	64410356	exon	GBM primary
chr6:69640451|69703854	chr6	69640451	69703854	exon	GBM primary
chr6:69653722|69728391	chr6	69653722	69728391	exon	GBM primary
chr6:69703660|69759238	chr6	69703660	69759238	exon	GBM primary
chr6:69728283|69785930	chr6	69728283	69785930	exon	GBM primary
chr6:70447834|70462248	chr6	70447834	70462248	exon	GBM primary
chr6:70447834|70500364	chr6	70447834	70500364	exon	GBM primary
chr6:71136142|71212494	chr6	71136142	71212494	exon	GBM primary
chr6:71381776|71501472	chr6	71381776	71501472	intron	GBM primary
chr6:73001637|73043538	chr6	73001637	73043538	exon	GBM primary
chr6:73016961|73023375	chr6	73016961	73023375	exon	GBM primary
chr6:74320123|74354326	chr6	74320123	74354326	exon	GBM primary
chr6:76344423|76412788	chr6	76344423	76412788	exon	GBM primary
chr6:82923944|82930430	chr6	82923944	82930430	exon	GBM primary
chr6:82933785|82941559	chr6	82933785	82941559	exon	GBM primary
chr6:86227474|86243518	chr6	86227474	86243518	exon	GBM primary
chr6:94120219|94124485	chr6	94120219	94124485	exon	GBM primary
chr6:101214441|101296583	chr6	101214441	101296583	exon	GBM primary
chr6:102067968|102134228	chr6	102067968	102134228	intron	GBM primary
chr6:110086216|110113867	chr6	110086216	110113867	exon	GBM primary
chr6:111067329|111106812	chr6	111067329	111106812	intron	GBM primary
chr6:111493898|111527938	chr6	111493898	111527938	exon	GBM primary
chr6:121491551|121563485	chr6	121491551	121563485	exon	GBM primary
chr6:128385903|128411137	chr6	128385903	128411137	exon	GBM primary
chr6:128540067|128718833	chr6	128540067	128718833	exon	GBM primary
chr6:131206236|131277639	chr6	131206236	131277639	exon	GBM primary
chr6:131919427|131929211	chr6	131919427	131929211	exon	GBM primary
chr6:132411586|132428056	chr6	132411586	132428056	intergenic_region	GBM primary
chr6:134301220|134305809	chr6	134301220	134305809	exon	GBM primary
chr6:136693639|136710655	chr6	136693639	136710655	exon	GBM primary
chr6:136698893|136710655	chr6	136698893	136710655	exon	GBM primary
chr6:136704809|136710655	chr6	136704809	136710655	exon	GBM primary
chr6:136958463|137019820	chr6	136958463	137019820	exon	GBM primary
chr6:137015278|137041727	chr6	137015278	137041727	exon	GBM primary
chr6:143141170|143158184	chr6	143141170	143158184	intron	GBM primary
chr6:145992375|146007432	chr6	145992375	146007432	exon	GBM primary
chr6:146209156|146216113	chr6	146209156	146216113	exon	GBM primary
chr6:147322577|147440613	chr6	147322577	147440613	exon	GBM primary
chr6:147560306|147599340	chr6	147560306	147599340	exon	GBM primary
chr6:149691045|149700654	chr6	149691045	149700654	exon	GBM primary
chr6:150092298|150117636	chr6	150092298	150117636	exon	GBM primary
chr6:152570296|152577900	chr6	152570296	152577900	exon	GBM primary
chr6:152650865|152653025	chr6	152650865	152653025	exon	GBM primary
chr6:152949400|152949689	chr6	152949400	152949689	exon	GBM primary
chr6:157405796|157431695	chr6	157405796	157431695	exon	GBM primary
chr6:158922710|158925210	chr6	158922710	158925210	exon	GBM primary
chr6:158994452|159010814	chr6	158994452	159010814	exon	GBM primary
chr6:161567556|161587449	chr6	161567556	161587449	exon	GBM primary
chr6:163899812|163956157	chr6	163899812	163956157	exon	GBM primary
chr6:163956014|163956157	chr6	163956014	163956157	exon	GBM primary
chr6:167356507|167366036	chr6	167356507	167366036	exon	GBM primary
chr6:167424301|167447459	chr6	167424301	167447459	exon	GBM primary
chr6:167435897|167458064	chr6	167435897	167458064	exon	GBM primary
chr6:168307851|168319780	chr6	168307851	168319780	intron	GBM primary
chr6:170162525|170168267	chr6	170162525	170168267	exon	GBM primary
chr6:170626458|170639638	chr6	170626458	170639638	exon	GBM primary
chr7:618893|647089	chr7	618893	647089	exon	GBM primary
chr7:5023302|5028808	chr7	5023302	5028808	exon	GBM primary
chr7:5087664|5097410	chr7	5087664	5097410	exon	GBM primary
chr7:6624647|6624891	chr7	6624647	6624891	exon	GBM primary
chr7:6854395|6862991	chr7	6854395	6862991	exon	GBM primary
chr7:7273934|7283381	chr7	7273934	7283381	exon	GBM primary
chr7:8043538|8110761	chr7	8043538	8110761	exon	GBM primary
chr7:14517786|14712652	chr7	14517786	14712652	exon	GBM primary
chr7:14613837|14653038	chr7	14613837	14653038	exon	GBM primary
chr7:14647059|14758310	chr7	14647059	14758310	exon	GBM primary
chr7:14712554|14775819	chr7	14712554	14775819	exon	GBM primary
chr7:14758167|14775819	chr7	14758167	14775819	exon	GBM primary
chr7:17251946|17326140	chr7	17251946	17326140	intron	GBM primary
chr7:17929986|17937069	chr7	17929986	17937069	exon	GBM primary
chr7:18705836|18706099	chr7	18705836	18706099	exon	GBM primary
chr7:22259485|22306631	chr7	22259485	22306631	exon	GBM primary
chr7:22306583|22357656	chr7	22306583	22357656	exon	GBM primary
chr7:26883649|26894509	chr7	26883649	26894509	exon	GBM primary
chr7:27668990|27689252	chr7	27668990	27689252	exon	GBM primary
chr7:27788137|27809453	chr7	27788137	27809453	exon	GBM primary
chr7:27934839|28031600	chr7	27934839	28031600	exon	GBM primary
chr7:30818048|30821828	chr7	30818048	30821828	exon	GBM primary
chr7:32584306|32594208	chr7	32584306	32594208	exon	GBM primary
chr7:32695599|32718742	chr7	32695599	32718742	exon	GBM primary
chr7:33134451|33185976	chr7	33134451	33185976	intergenic_region	GBM primary
chr7:33388680|33573788	chr7	33388680	33573788	exon	GBM primary
chr7:33976901|34014396	chr7	33976901	34014396	exon	GBM primary
chr7:35903162|35913385	chr7	35903162	35913385	exon	GBM primary
chr7:35919433|35930403	chr7	35919433	35930403	exon	GBM primary
chr7:38050523|38053183	chr7	38050523	38053183	intron	GBM primary
chr7:38247048|38259261	chr7	38247048	38259261	exon	GBM primary
chr7:40027198|40037263	chr7	40027198	40037263	exon	GBM primary
chr7:43429736|43447330	chr7	43429736	43447330	intron	GBM primary
chr7:44684926|44687358	chr7	44684926	44687358	exon	GBM primary
chr7:48258951|48288948	chr7	48258951	48288948	exon	GBM primary
chr7:65915058|65946586	chr7	65915058	65946586	exon	GBM primary
chr7:66019572|66032646	chr7	66019572	66032646	intron	GBM primary
chr7:66038372|66041916	chr7	66038372	66041916	exon	GBM primary
chr7:66038372|66041919	chr7	66038372	66041919	exon	GBM primary
chr7:72159677|72209578	chr7	72159677	72209578	exon	GBM primary
chr7:73114708|73115261	chr7	73114708	73115261	exon	GBM primary
chr7:75633076|75643205	chr7	75633076	75643205	exon	GBM primary
chr7:77200395|77221573	chr7	77200395	77221573	exon	GBM primary
chr7:77755011|77814987	chr7	77755011	77814987	exon	GBM primary
chr7:77885260|77975360	chr7	77885260	77975360	exon	GBM primary
chr7:86223627|86226362	chr7	86223627	86226362	intergenic_region	GBM primary
chr7:86468155|86479860	chr7	86468155	86479860	exon	GBM primary
chr7:87369107|87370895	chr7	87369107	87370895	exon	GBM primary
chr7:90355881|90547039	chr7	90355881	90547039	exon	GBM primary
chr7:90585012|90613556	chr7	90585012	90613556	exon	GBM primary
chr7:91659209|91674527	chr7	91659209	91674527	exon	GBM primary
chr7:91752434|91761186	chr7	91752434	91761186	exon	GBM primary
chr7:91924203|91991587	chr7	91924203	91991587	exon	GBM primary
chr7:91924203|92000921	chr7	91924203	92000921	exon	GBM primary
chr7:92146590|92148392	chr7	92146590	92148392	exon	GBM primary
chr7:92921015|92926555	chr7	92921015	92926555	exon	GBM primary
chr7:94740571|94791283	chr7	94740571	94791283	exon	GBM primary
chr7:95457369|95625385	chr7	95457369	95625385	exon	GBM primary
chr7:99923314|99926642	chr7	99923314	99926642	intron	GBM primary
chr7:102398301|102427916	chr7	102398301	102427916	exon	GBM primary
chr7:102743498|102769239	chr7	102743498	102769239	exon	GBM primary
chr7:102768930|102769239	chr7	102768930	102769239	exon	GBM primary
chr7:104377122|104377358	chr7	104377122	104377358	exon	GBM primary
chr7:106826246|106827126	chr7	106826246	106827126	exon	GBM primary
chr7:107824685|107825058	chr7	107824685	107825058	exon	GBM primary
chr7:107847972|107880614	chr7	107847972	107880614	exon	GBM primary
chr7:122019422|122047750	chr7	122019422	122047750	exon	GBM primary
chr7:122019422|122056218	chr7	122019422	122056218	exon	GBM primary
chr7:127344893|127361454	chr7	127344893	127361454	exon	GBM primary
chr7:128388627|128399906	chr7	128388627	128399906	exon	GBM primary
chr7:128914121|129019590	chr7	128914121	129019590	intron	GBM primary
chr7:131113792|131151174	chr7	131113792	131151174	exon	GBM primary
chr7:131193710|131196192	chr7	131193710	131196192	exon	GBM primary
chr7:131252144|131257267	chr7	131252144	131257267	intergenic_region	GBM primary
chr7:132659929|132709387	chr7	132659929	132709387	exon	GBM primary
chr7:133002038|133059756	chr7	133002038	133059756	exon	GBM primary
chr7:137148235|137294355	chr7	137148235	137294355	exon	GBM primary
chr7:137148235|137308300	chr7	137148235	137308300	exon	GBM primary
chr7:137363303|137374748	chr7	137363303	137374748	exon	GBM primary
chr7:137597737|137600758	chr7	137597737	137600758	exon	GBM primary
chr7:138199957|138223548	chr7	138199957	138223548	exon	GBM primary
chr7:138203934|138235925	chr7	138203934	138235925	exon	GBM primary
chr7:138203934|138255748	chr7	138203934	138255748	exon	GBM primary
chr7:138261118|138264277	chr7	138261118	138264277	exon	GBM primary
chr7:138865838|138872285	chr7	138865838	138872285	exon	GBM primary
chr7:138921751|138969320	chr7	138921751	138969320	exon	GBM primary
chr7:139056133|139097326	chr7	139056133	139097326	exon	GBM primary
chr7:139746684|139757834	chr7	139746684	139757834	exon	GBM primary
chr7:140476712|140487384	chr7	140476712	140487384	exon	GBM primary
chr7:140481376|140494267	chr7	140481376	140494267	exon	GBM primary
chr7:140482821|140487384	chr7	140482821	140487384	exon	GBM primary
chr7:141310995|141333780	chr7	141310995	141333780	exon	GBM primary
chr7:142696784|142736578	chr7	142696784	142736578	intergenic_region	GBM primary
chr7:149191295|149318263	chr7	149191295	149318263	intergenic_region	GBM primary
chr7:149930124|149934697	chr7	149930124	149934697	intergenic_region	GBM primary
chr7:151960101|152012423	chr7	151960101	152012423	exon	GBM primary
chr7:152007051|152027824	chr7	152007051	152027824	exon	GBM primary
chr7:156516806|156619438	chr7	156516806	156619438	exon	GBM primary
chr7:158672375|158698782	chr7	158672375	158698782	exon	GBM primary
chr8:478895|481576	chr8	478895	481576	intron	GBM primary
chr8:8779799|8780260	chr8	8779799	8780260	intergenic_region	GBM primary
chr8:10159044|10177499	chr8	10159044	10177499	exon	GBM primary
chr8:15508206|15531345	chr8	15508206	15531345	exon	GBM primary
chr8:16955967|16977910	chr8	16955967	16977910	exon	GBM primary
chr8:17063164|17067989	chr8	17063164	17067989	exon	GBM primary
chr8:17188659|17230749	chr8	17188659	17230749	exon	GBM primary
chr8:17532695|17542051	chr8	17532695	17542051	exon	GBM primary
chr8:17808124|17810695	chr8	17808124	17810695	exon	GBM primary
chr8:18430038|18432795	chr8	18430038	18432795	exon	GBM primary
chr8:22332467|22355625	chr8	22332467	22355625	exon	GBM primary
chr8:25161771|25166441	chr8	25161771	25166441	exon	GBM primary
chr8:27382879|27394372	chr8	27382879	27394372	exon	GBM primary
chr8:28821328|28828036	chr8	28821328	28828036	exon	GBM primary
chr8:28821328|28837673	chr8	28821328	28837673	exon	GBM primary
chr8:31873764|31887001	chr8	31873764	31887001	intron	GBM primary
chr8:32453346|32463201	chr8	32453346	32463201	exon	GBM primary
chr8:38105231|38111236	chr8	38105231	38111236	exon	GBM primary
chr8:38205015|38205733	chr8	38205015	38205733	exon	GBM primary
chr8:38677040|38678153	chr8	38677040	38678153	exon	GBM primary
chr8:41832222|41839472	chr8	41832222	41839472	exon	GBM primary
chr8:42294507|42330172	chr8	42294507	42330172	exon	GBM primary
chr8:42329620|42330172	chr8	42329620	42330172	exon	GBM primary
chr8:51351103|51415440	chr8	51351103	51415440	exon	GBM primary
chr8:52744004|52773806	chr8	52744004	52773806	exon	GBM primary
chr8:53028835|53085143	chr8	53028835	53085143	exon	GBM primary
chr8:53055490|53092872	chr8	53055490	53092872	exon	GBM primary
chr8:53124639|53142637	chr8	53124639	53142637	exon	GBM primary
chr8:62489331|62557191	chr8	62489331	62557191	exon	GBM primary
chr8:62546242|62566219	chr8	62546242	62566219	exon	GBM primary
chr8:62588699|62596747	chr8	62588699	62596747	exon	GBM primary
chr8:64098706|64100303	chr8	64098706	64100303	exon	GBM primary
chr8:66691955|66695078	chr8	66691955	66695078	exon	GBM primary
chr8:68200190|68214701	chr8	68200190	68214701	exon	GBM primary
chr8:68939457|68950527	chr8	68939457	68950527	exon	GBM primary
chr8:68950394|68973014	chr8	68950394	68973014	exon	GBM primary
chr8:68999959|69009436	chr8	68999959	69009436	exon	GBM primary
chr8:71495399|71512317	chr8	71495399	71512317	exon	GBM primary
chr8:71550050|71556478	chr8	71550050	71556478	exon	GBM primary
chr8:71587053|71619388	chr8	71587053	71619388	exon	GBM primary
chr8:74495005|74652103	chr8	74495005	74652103	exon	GBM primary
chr8:74585342|74621397	chr8	74585342	74621397	exon	GBM primary
chr8:75272372|75275288	chr8	75272372	75275288	exon	GBM primary
chr8:91333419|91372231	chr8	91333419	91372231	intron	GBM primary
chr8:93017344|93029591	chr8	93017344	93029591	exon	GBM primary
chr8:95866033|95871860	chr8	95866033	95871860	exon	GBM primary
chr8:97318672|97343323	chr8	97318672	97343323	exon	GBM primary
chr8:97847201|97892233	chr8	97847201	97892233	exon	GBM primary
chr8:100994165|101078524	chr8	100994165	101078524	exon	GBM primary
chr8:101074819|101092583	chr8	101074819	101092583	exon	GBM primary
chr8:101232507|101243516	chr8	101232507	101243516	exon	GBM primary
chr8:104417004|104420012	chr8	104417004	104420012	exon	GBM primary
chr8:105105699|105161076	chr8	105105699	105161076	exon	GBM primary
chr8:106573591|106646585	chr8	106573591	106646585	exon	GBM primary
chr8:116616100|116635985	chr8	116616100	116635985	exon	GBM primary
chr8:116631359|116635985	chr8	116631359	116635985	exon	GBM primary
chr8:118830674|118847790	chr8	118830674	118847790	exon	GBM primary
chr8:119388021|119391939	chr8	119388021	119391939	exon	GBM primary
chr8:120768246|120803699	chr8	120768246	120803699	exon	GBM primary
chr8:124089351|124117704	chr8	124089351	124117704	exon	GBM primary
chr8:124089351|124121860	chr8	124089351	124121860	exon	GBM primary
chr8:124089351|124157095	chr8	124089351	124157095	exon	GBM primary
chr8:126159323|126207514	chr8	126159323	126207514	intron	GBM primary
chr8:133595941|133673873	chr8	133595941	133673873	exon	GBM primary
chr8:133848785|133856563	chr8	133848785	133856563	exon	GBM primary
chr8:135612679|135622898	chr8	135612679	135622898	exon	GBM primary
chr8:136533480|136561143	chr8	136533480	136561143	exon	GBM primary
chr8:136533480|136569830	chr8	136533480	136569830	exon	GBM primary
chr8:136533480|136594316	chr8	136533480	136594316	exon	GBM primary
chr8:136533480|136619280	chr8	136533480	136619280	exon	GBM primary
chr8:136554897|136569830	chr8	136554897	136569830	exon	GBM primary
chr8:136554897|136594316	chr8	136554897	136594316	exon	GBM primary
chr8:136554897|136619280	chr8	136554897	136619280	exon	GBM primary
chr8:136657302|136660841	chr8	136657302	136660841	exon	GBM primary
chr8:141595218|141616013	chr8	141595218	141616013	intron	GBM primary
chr8:141771264|141874498	chr8	141771264	141874498	exon	GBM primary
chr8:141799573|141813749	chr8	141799573	141813749	exon	GBM primary
chr8:141799573|141874498	chr8	141799573	141874498	exon	GBM primary
chr9:734748|740934	chr9	734748	740934	exon	GBM primary
chr9:3248032|3293258	chr9	3248032	3293258	exon	GBM primary
chr9:3288131|3330517	chr9	3288131	3330517	exon	GBM primary
chr9:3420788|3490345	chr9	3420788	3490345	intron	GBM primary
chr9:3932360|3937189	chr9	3932360	3937189	exon	GBM primary
chr9:4823548|4833228	chr9	4823548	4833228	exon	GBM primary
chr9:4823548|4849550	chr9	4823548	4849550	exon	GBM primary
chr9:6493826|6499931	chr9	6493826	6499931	exon	GBM primary
chr9:8389232|8521546	chr9	8389232	8521546	exon	GBM primary
chr9:8404537|8492979	chr9	8404537	8492979	exon	GBM primary
chr9:8449725|8492979	chr9	8449725	8492979	exon	GBM primary
chr9:13168365|13250371	chr9	13168365	13250371	exon	GBM primary
chr9:14146688|14155892	chr9	14146688	14155892	exon	GBM primary
chr9:14146688|14307519	chr9	14146688	14307519	exon	GBM primary
chr9:14987891|14990343	chr9	14987891	14990343	exon	GBM primary
chr9:15563976|15594170	chr9	15563976	15594170	exon	GBM primary
chr9:17330630|17342442	chr9	17330630	17342442	exon	GBM primary
chr9:19070217|19096767	chr9	19070217	19096767	exon	GBM primary
chr9:19423860|19424839	chr9	19423860	19424839	exon	GBM primary
chr9:19423860|19435082	chr9	19423860	19435082	exon	GBM primary
chr9:19520892|19597277	chr9	19520892	19597277	exon	GBM primary
chr9:20353523|20365742	chr9	20353523	20365742	exon	GBM primary
chr9:20819795|20874806	chr9	20819795	20874806	exon	GBM primary
chr9:33953283|34017187	chr9	33953283	34017187	exon	GBM primary
chr9:33956856|33973235	chr9	33956856	33973235	intron	GBM primary
chr9:33971649|34017187	chr9	33971649	34017187	exon	GBM primary
chr9:34220906|34242106	chr9	34220906	34242106	exon	GBM primary
chr9:35295693|35313986	chr9	35295693	35313986	exon	GBM primary
chr9:35546427|35548532	chr9	35546427	35548532	exon	GBM primary
chr9:36052262|36065621	chr9	36052262	36065621	exon	GBM primary
chr9:36369716|36390613	chr9	36369716	36390613	exon	GBM primary
chr9:37126309|37126939	chr9	37126309	37126939	exon	GBM primary
chr9:37780655|37784060	chr9	37780655	37784060	exon	GBM primary
chr9:78682871|78711018	chr9	78682871	78711018	exon	GBM primary
chr9:79318253|79328637	chr9	79318253	79328637	exon	GBM primary
chr9:79996892|80022523	chr9	79996892	80022523	exon	GBM primary
chr9:86276692|86284242	chr9	86276692	86284242	exon	GBM primary
chr9:86293356|86297981	chr9	86293356	86297981	exon	GBM primary
chr9:87635121|87637632	chr9	87635121	87637632	exon	GBM primary
chr9:88190230|88211364	chr9	88190230	88211364	exon	GBM primary
chr9:88190230|88261333	chr9	88190230	88261333	exon	GBM primary
chr9:88211277|88248289	chr9	88211277	88248289	exon	GBM primary
chr9:88233898|88257858	chr9	88233898	88257858	exon	GBM primary
chr9:88233898|88275888	chr9	88233898	88275888	exon	GBM primary
chr9:88284400|88296250	chr9	88284400	88296250	exon	GBM primary
chr9:88292351|88307728	chr9	88292351	88307728	exon	GBM primary
chr9:88574708|88611492	chr9	88574708	88611492	exon	GBM primary
chr9:88648197|88661487	chr9	88648197	88661487	exon	GBM primary
chr9:95018962|95048121	chr9	95018962	95048121	exon	GBM primary
chr9:95030456|95032265	chr9	95030456	95032265	exon	GBM primary
chr9:97717459|97741709	chr9	97717459	97741709	exon	GBM primary
chr9:99106186|99114391	chr9	99106186	99114391	exon	GBM primary
chr9:99126746|99130587	chr9	99126746	99130587	exon	GBM primary
chr9:100132204|100133988	chr9	100132204	100133988	exon	GBM primary
chr9:101147922|101168423	chr9	101147922	101168423	exon	GBM primary
chr9:101542471|101544855	chr9	101542471	101544855	exon	GBM primary
chr9:103261047|103323802	chr9	103261047	103323802	exon	GBM primary
chr9:103261047|103339237	chr9	103261047	103339237	exon	GBM primary
chr9:109734286|109746690	chr9	109734286	109746690	exon	GBM primary
chr9:111843119|111870850	chr9	111843119	111870850	exon	GBM primary
chr9:112898407|112900819	chr9	112898407	112900819	exon	GBM primary
chr9:114195513|114206774	chr9	114195513	114206774	exon	GBM primary
chr9:114332371|114348445	chr9	114332371	114348445	exon	GBM primary
chr9:115336337|115337531	chr9	115336337	115337531	exon	GBM primary
chr9:117399270|117401006	chr9	117399270	117401006	exon	GBM primary
chr9:123199573|123210404	chr9	123199573	123210404	exon	GBM primary
chr9:125719290|125761045	chr9	125719290	125761045	exon	GBM primary
chr9:126519982|126531842	chr9	126519982	126531842	exon	GBM primary
chr9:126519982|126554909	chr9	126519982	126554909	exon	GBM primary
chr9:129102787|129246311	chr9	129102787	129246311	exon	GBM primary
chr9:129724504|129831635	chr9	129724504	129831635	exon	GBM primary
chr9:130101924|130104613	chr9	130101924	130104613	exon	GBM primary
chr9:132984929|132988783	chr9	132984929	132988783	exon	GBM primary
chr9:134308004|134330553	chr9	134308004	134330553	exon	GBM primary
chr9:134518626|134526336	chr9	134518626	134526336	exon	GBM primary
chr9:135917474|135919313	chr9	135917474	135919313	exon	GBM primary
chrX:322140|323067	chrX	322140	323067	exon	GBM primary
chrX:2184781|2343345	chrX	2184781	2343345	exon	GBM primary
chrX:2632463|2644414	chrX	2632463	2644414	exon	GBM primary
chrX:10031485|10035530	chrX	10031485	10035530	exon	GBM primary
chrX:10031485|10047844	chrX	10031485	10047844	exon	GBM primary
chrX:13684436|13698717	chrX	13684436	13698717	exon	GBM primary
chrX:16870169|16871965	chrX	16870169	16871965	exon	GBM primary
chrX:17047649|17121902	chrX	17047649	17121902	exon	GBM primary
chrX:17092237|17121902	chrX	17092237	17121902	exon	GBM primary
chrX:17121841|17157084	chrX	17121841	17157084	exon	GBM primary
chrX:17151947|17157084	chrX	17151947	17157084	exon	GBM primary
chrX:18593474|18598088	chrX	18593474	18598088	exon	GBM primary
chrX:19701941|19713859	chrX	19701941	19713859	exon	GBM primary
chrX:19953927|19988416	chrX	19953927	19988416	exon	GBM primary
chrX:19968871|19988416	chrX	19968871	19988416	exon	GBM primary
chrX:24593247|24608291	chrX	24593247	24608291	exon	GBM primary
chrX:32305646|32366645	chrX	32305646	32366645	exon	GBM primary
chrX:32456358|32509635	chrX	32456358	32509635	exon	GBM primary
chrX:53432177|53432323	chrX	53432177	53432323	exon	GBM primary
chrX:53641495|53644407	chrX	53641495	53644407	exon	GBM primary
chrX:54013511|54014377	chrX	54013511	54014377	exon	GBM primary
chrX:64708526|64719869	chrX	64708526	64719869	exon	GBM primary
chrX:70587349|70680653	chrX	70587349	70680653	exon	GBM primary
chrX:71681854|71715118	chrX	71681854	71715118	exon	GBM primary
chrX:76776266|76778879	chrX	76776266	76778879	exon	GBM primary
chrX:76812922|76920267	chrX	76812922	76920267	exon	GBM primary
chrX:76888695|76912143	chrX	76888695	76912143	exon	GBM primary
chrX:76888695|76940498	chrX	76888695	76940498	exon	GBM primary
chrX:76907604|76919047	chrX	76907604	76919047	exon	GBM primary
chrX:76918871|76920267	chrX	76918871	76920267	exon	GBM primary
chrX:84322133|84329397	chrX	84322133	84329397	exon	GBM primary
chrX:85233771|85282561	chrX	85233771	85282561	exon	GBM primary
chrX:91131780|91134272	chrX	91131780	91134272	exon	GBM primary
chrX:102094729|102160665	chrX	102094729	102160665	intergenic_region	GBM primary
chrX:102733064|102785825	chrX	102733064	102785825	intergenic_region	GBM primary
chrX:109263580|109352374	chrX	109263580	109352374	intron	GBM primary
chrX:110366305|110395675	chrX	110366305	110395675	exon	GBM primary
chrX:110385324|110395675	chrX	110385324	110395675	exon	GBM primary
chrX:110385324|110439868	chrX	110385324	110439868	exon	GBM primary
chrX:110390965|110416309	chrX	110390965	110416309	exon	GBM primary
chrX:112048175|112059105	chrX	112048175	112059105	exon	GBM primary
chrX:114357090|114364762	chrX	114357090	114364762	exon	GBM primary
chrX:117576207|117578457	chrX	117576207	117578457	exon	GBM primary
chrX:118544153|118560317	chrX	118544153	118560317	exon	GBM primary
chrX:128166327|128256170	chrX	128166327	128256170	intergenic_region	GBM primary
chrX:128250587|128256170	chrX	128250587	128256170	intergenic_region	GBM primary
chrX:130845679|130928494	chrX	130845679	130928494	exon	GBM primary
chrX:133607389|133627620	chrX	133607389	133627620	exon	GBM primary
chrX:133607389|133632714	chrX	133607389	133632714	exon	GBM primary
chrX:145997908|146036693	chrX	145997908	146036693	intergenic_region	GBM primary
chrX:147733520|147744289	chrX	147733520	147744289	exon	GBM primary
chrX:154645236|154649223	chrX	154645236	154649223	intergenic_region	GBM primary
chrY:4924930|4968748	chrY	4924930	4968748	exon	GBM primary
chrY:14798442|14821476	chrY	14798442	14821476	exon	GBM primary
chrY:14832522|14870572	chrY	14832522	14870572	exon	GBM primary
chrY:15024875|15026561	chrY	15024875	15026561	exon	GBM primary
chr1:1417518|1454370	chr1	1417518	1454370	intergenic_region	GBM primary
chr1:15768943|15770050	chr1	15768943	15770050	exon	GBM primary
chr1:29088812|29090062	chr1	29088812	29090062	intron	GBM primary
chr1:29474592|29475738	chr1	29474592	29475738	exon	GBM primary
chr1:32697345|32697785	chr1	32697345	32697785	exon	GBM primary
chr1:36636572|36639079	chr1	36636572	36639079	exon	GBM primary
chr1:39752958|39753234	chr1	39752958	39753234	exon	GBM primary
chr1:41514362|41541123	chr1	41514362	41541123	exon	GBM primary
chr1:51829538|51831701	chr1	51829538	51831701	exon	GBM primary
chr1:54273329|54291609	chr1	54273329	54291609	exon	GBM primary
chr1:87181407|87190088	chr1	87181407	87190088	exon	GBM primary
chr1:94341824|94343418	chr1	94341824	94343418	exon	GBM primary
chr1:98015116|98060722	chr1	98015116	98060722	exon	GBM primary
chr1:108690901|108703915	chr1	108690901	108703915	exon	GBM primary
chr1:110217369|110233186	chr1	110217369	110233186	intron	GBM primary
chr1:114372214|114377061	chr1	114372214	114377061	exon	GBM primary
chr1:167734820|167745403	chr1	167734820	167745403	exon	GBM primary
chr1:224868660|224922408	chr1	224868660	224922408	exon	GBM primary
chr10:13891757|13891937	chr10	13891757	13891937	intron	GBM primary
chr10:70085239|70090412	chr10	70085239	70090412	intron	GBM primary
chr10:72462068|72468534	chr10	72462068	72468534	exon	GBM primary
chr10:76910272|76928416	chr10	76910272	76928416	exon	GBM primary
chr10:86177527|86198463	chr10	86177527	86198463	exon	GBM primary
chr10:93185038|93221941	chr10	93185038	93221941	exon	GBM primary
chr10:95140976|95148911	chr10	95140976	95148911	exon	GBM primary
chr11:581492|611692	chr11	581492	611692	exon	GBM primary
chr11:3777946|3778768	chr11	3777946	3778768	intron	GBM primary
chr11:8832794|8860897	chr11	8832794	8860897	exon	GBM primary
chr11:9416999|9417736	chr11	9416999	9417736	intron	GBM primary
chr11:62303417|62304039	chr11	62303417	62304039	exon	GBM primary
chr11:65270588|65272490	chr11	65270588	65272490	exon	GBM primary
chr11:74554395|74559507	chr11	74554395	74559507	exon	GBM primary
chr11:89155070|89185063	chr11	89155070	89185063	exon	GBM primary
chr11:106810186|106810904	chr11	106810186	106810904	exon	GBM primary
chr11:106849345|106856857	chr11	106849345	106856857	exon	GBM primary
chr11:118994278|118997835	chr11	118994278	118997835	intron	GBM primary
chr12:42958285|42961595	chr12	42958285	42961595	intron	GBM primary
chr12:44238427|44338145	chr12	44238427	44338145	exon	GBM primary
chr12:48477374|48491907	chr12	48477374	48491907	exon	GBM primary
chr12:80317747|80318318	chr12	80317747	80318318	intron	GBM primary
chr12:82763166|82796909	chr12	82763166	82796909	intron	GBM primary
chr12:99071203|99080651	chr12	99071203	99080651	exon	GBM primary
chr12:102301964|102308010	chr12	102301964	102308010	exon	GBM primary
chr12:112757029|112757546	chr12	112757029	112757546	exon	GBM primary
chr12:122218778|122219098	chr12	122218778	122219098	exon	GBM primary
chr13:45985497|45986073	chr13	45985497	45986073	exon	GBM primary
chr13:110827687|110829071	chr13	110827687	110829071	exon	GBM primary
chr13:110828973|110829253	chr13	110828973	110829253	exon	GBM primary
chr14:68166732|68197649	chr14	68166732	68197649	intergenic_region	GBM primary
chr14:73555757|73556163	chr14	73555757	73556163	intron	GBM primary
chr14:73576409|73577231	chr14	73576409	73577231	intron	GBM primary
chr14:75016566|75022396	chr14	75016566	75022396	exon	GBM primary
chr14:89041037|89076147	chr14	89041037	89076147	exon	GBM primary
chr14:106610727|106721319	chr14	106610727	106721319	intergenic_region	GBM primary
chr14:106692079|106845627	chr14	106692079	106845627	intergenic_region	GBM primary
chr15:41364047|41366763	chr15	41364047	41366763	exon	GBM primary
chr15:44411102|44419973	chr15	44411102	44419973	intron	GBM primary
chr15:57119722|57142384	chr15	57119722	57142384	exon	GBM primary
chr15:60648118|60656722	chr15	60648118	60656722	exon	GBM primary
chr15:66021410|66031213	chr15	66021410	66031213	exon	GBM primary
chr15:85657104|85661070	chr15	85657104	85661070	exon	GBM primary
chr15:89656956|89698765	chr15	89656956	89698765	exon	GBM primary
chr15:90984738|90986710	chr15	90984738	90986710	exon	GBM primary
chr15:93521464|93528903	chr15	93521464	93528903	exon	GBM primary
chr15:93543742|93552553	chr15	93543742	93552553	exon	GBM primary
chr16:12293458|12371893	chr16	12293458	12371893	exon	GBM primary
chr16:21973781|21987564	chr16	21973781	21987564	exon	GBM primary
chr16:27445668|27449008	chr16	27445668	27449008	exon	GBM primary
chr16:28499912|28500707	chr16	28499912	28500707	exon	GBM primary
chr16:30675536|30677862	chr16	30675536	30677862	exon	GBM primary
chr16:31308835|31309275	chr16	31308835	31309275	exon	GBM primary
chr16:53288434|53289557	chr16	53288434	53289557	exon	GBM primary
chr16:70598968|70601439	chr16	70598968	70601439	exon	GBM primary
chr16:72984368|72994093	chr16	72984368	72994093	exon	GBM primary
chr16:75188030|75188790	chr16	75188030	75188790	intron	GBM primary
chr16:85667520|85667738	chr16	85667520	85667738	exon	GBM primary
chr16:88061089|88071617	chr16	88061089	88071617	exon	GBM primary
chr17:19921300|20013875	chr17	19921300	20013875	exon	GBM primary
chr17:27975162|27999147	chr17	27975162	27999147	exon	GBM primary
chr17:49278953|49280589	chr17	49278953	49280589	exon	GBM primary
chr17:57128575|57134415	chr17	57128575	57134415	exon	GBM primary
chr17:57987923|58022879	chr17	57987923	58022879	exon	GBM primary
chr17:65887960|65890281	chr17	65887960	65890281	exon	GBM primary
chr17:78237373|78247203	chr17	78237373	78247203	exon	GBM primary
chr17:79660684|79661883	chr17	79660684	79661883	exon	GBM primary
chr18:48453980|48454710	chr18	48453980	48454710	intron	GBM primary
chr18:60015401|60017170	chr18	60015401	60017170	exon	GBM primary
chr19:3660964|3661999	chr19	3660964	3661999	exon	GBM primary
chr19:10103503|10104482	chr19	10103503	10104482	exon	GBM primary
chr19:11289021|11289396	chr19	11289021	11289396	exon	GBM primary
chr19:14023136|14024451	chr19	14023136	14024451	exon	GBM primary
chr19:14854232|14854596	chr19	14854232	14854596	exon	GBM primary
chr19:15295106|15296490	chr19	15295106	15296490	exon	GBM primary
chr19:17212470|17213367	chr19	17212470	17213367	exon	GBM primary
chr19:17465956|17466281	chr19	17465956	17466281	intron	GBM primary
chr19:18258253|18258434	chr19	18258253	18258434	exon	GBM primary
chr19:18648411|18649243	chr19	18648411	18649243	exon	GBM primary
chr19:18648411|18649246	chr19	18648411	18649246	exon	GBM primary
chr19:40392316|40408135	chr19	40392316	40408135	intron	GBM primary
chr19:41211001|41211352	chr19	41211001	41211352	exon	GBM primary
chr19:52403346|52521747	chr19	52403346	52521747	intergenic_region	GBM primary
chr19:54784318|54823640	chr19	54784318	54823640	intergenic_region	GBM primary
chr19:55105906|55142558	chr19	55105906	55142558	intergenic_region	GBM primary
chr19:55107244|55143688	chr19	55107244	55143688	intergenic_region	GBM primary
chr2:24103509|24108699	chr2	24103509	24108699	exon	GBM primary
chr2:26292443|26292669	chr2	26292443	26292669	intron	GBM primary
chr2:38812786|38818790	chr2	38812786	38818790	exon	GBM primary
chr2:40760329|40785593	chr2	40760329	40785593	intron	GBM primary
chr2:61339653|61345251	chr2	61339653	61345251	intron	GBM primary
chr2:97866071|97873743	chr2	97866071	97873743	exon	GBM primary
chr2:112702537|112705144	chr2	112702537	112705144	exon	GBM primary
chr2:160604316|160609082	chr2	160604316	160609082	exon	GBM primary
chr2:203817282|203818857	chr2	203817282	203818857	exon	GBM primary
chr2:203921150|203922176	chr2	203921150	203922176	exon	GBM primary
chr2:203959755|203960596	chr2	203959755	203960596	intron	GBM primary
chr2:216238045|216256537	chr2	216238045	216256537	exon	GBM primary
chr2:238256450|238262046	chr2	238256450	238262046	exon	GBM primary
chr2:242541311|242542494	chr2	242541311	242542494	exon	GBM primary
chr20:3199163|3199640	chr20	3199163	3199640	exon	GBM primary
chr20:17928130|17937681	chr20	17928130	17937681	exon	GBM primary
chr20:18122852|18123563	chr20	18122852	18123563	exon	GBM primary
chr20:19978311|19978717	chr20	19978311	19978717	intron	GBM primary
chr20:32617575|32619410	chr20	32617575	32619410	intron	GBM primary
chr20:50133323|50140649	chr20	50133323	50140649	exon	GBM primary
chr20:57242546|57248767	chr20	57242546	57248767	exon	GBM primary
chr20:62407031|62422143	chr20	62407031	62422143	exon	GBM primary
chr21:42545596|42546151	chr21	42545596	42546151	intron	GBM primary
chr22:25363868|25375411	chr22	25363868	25375411	intron	GBM primary
chr22:29090020|29091861	chr22	29090020	29091861	exon	GBM primary
chr22:42204879|42206295	chr22	42204879	42206295	exon	GBM primary
chr22:42912017|42973104	chr22	42912017	42973104	intergenic_region	GBM primary
chr22:50899115|50899662	chr22	50899115	50899662	exon	GBM primary
chr3:10192660|10195026	chr3	10192660	10195026	intergenic_region	GBM primary
chr3:15073886|15076316	chr3	15073886	15076316	exon	GBM primary
chr3:27423359|27423850	chr3	27423359	27423850	intron	GBM primary
chr3:50131153|50143142	chr3	50131153	50143142	exon	GBM primary
chr3:50142510|50143142	chr3	50142510	50143142	exon	GBM primary
chr3:128984392|128985942	chr3	128984392	128985942	exon	GBM primary
chr3:136136727|136141886	chr3	136136727	136141886	exon	GBM primary
chr3:171969050|171979873	chr3	171969050	171979873	intron	GBM primary
chr3:195785155|195787118	chr3	195785155	195787118	exon	GBM primary
chr4:26741486|26766359	chr4	26741486	26766359	intergenic_region	GBM primary
chr4:38791691|38792852	chr4	38791691	38792852	intergenic_region	GBM primary
chr4:42424824|42509171	chr4	42424824	42509171	exon	GBM primary
chr4:52714371|52765544	chr4	52714371	52765544	exon	GBM primary
chr4:79780738|79786874	chr4	79780738	79786874	exon	GBM primary
chr4:87718027|87720357	chr4	87718027	87720357	exon	GBM primary
chr4:103635595|103675152	chr4	103635595	103675152	exon	GBM primary
chr4:122760786|122776716	chr4	122760786	122776716	exon	GBM primary
chr4:146744574|146779620	chr4	146744574	146779620	intron	GBM primary
chr5:130766552|130778230	chr5	130766552	130778230	exon	GBM primary
chr5:133493398|133509713	chr5	133493398	133509713	exon	GBM primary
chr5:137013234|137045545	chr5	137013234	137045545	exon	GBM primary
chr5:142252965|142254736	chr5	142252965	142254736	exon	GBM primary
chr5:176618885|176631293	chr5	176618885	176631293	exon	GBM primary
chr6:16658007|16753578	chr6	16658007	16753578	exon	GBM primary
chr6:17671288|17672025	chr6	17671288	17672025	intron	GBM primary
chr6:29795824|29910403	chr6	29795824	29910403	intergenic_region	GBM primary
chr6:144772506|144780490	chr6	144772506	144780490	exon	GBM primary
chr6:158504461|158505206	chr6	158504461	158505206	exon	GBM primary
chr6:158870028|158873300	chr6	158870028	158873300	exon	GBM primary
chr7:23015829|23023664	chr7	23015829	23023664	exon	GBM primary
chr7:23015829|23030758	chr7	23015829	23030758	exon	GBM primary
chr7:32969690|33139048	chr7	32969690	33139048	intergenic_region	GBM primary
chr7:33028119|33028264	chr7	33028119	33028264	exon	GBM primary
chr7:48109448|48127396	chr7	48109448	48127396	intergenic_region	GBM primary
chr7:50737419|50742355	chr7	50737419	50742355	exon	GBM primary
chr7:73752778|73753334	chr7	73752778	73753334	exon	GBM primary
chr7:86792811|86803985	chr7	86792811	86803985	exon	GBM primary
chr7:94047036|94047864	chr7	94047036	94047864	exon	GBM primary
chr7:94047043|94049596	chr7	94047043	94049596	exon	GBM primary
chr7:121644668|121650436	chr7	121644668	121650436	exon	GBM primary
chr7:128231904|128249633	chr7	128231904	128249633	exon	GBM primary
chr7:133868486|133886328	chr7	133868486	133886328	exon	GBM primary
chr7:150167917|150168361	chr7	150167917	150168361	intron	GBM primary
chr8:18490123|18490316	chr8	18490123	18490316	exon	GBM primary
chr8:23391715|23394463	chr8	23391715	23394463	intron	GBM primary
chr8:37734627|37735069	chr8	37734627	37735069	exon	GBM primary
chr8:42878257|42878690	chr8	42878257	42878690	exon	GBM primary
chr8:82612539|82612981	chr8	82612539	82612981	intergenic_region	GBM primary
chr8:100587886|100597745	chr8	100587886	100597745	intron	GBM primary
chr8:132952746|132958880	chr8	132952746	132958880	exon	GBM primary
chr8:144770832|144772293	chr8	144770832	144772293	exon	GBM primary
chr9:33351558|33354890	chr9	33351558	33354890	exon	GBM primary
chr9:100780571|100788733	chr9	100780571	100788733	intergenic_region	GBM primary
chr9:115024715|115060196	chr9	115024715	115060196	exon	GBM primary
chr9:127064215|127089724	chr9	127064215	127089724	exon	GBM primary
chr9:130695284|130696192	chr9	130695284	130696192	intergenic_region	GBM primary
chr9:136657012|136657594	chr9	136657012	136657594	intron	GBM primary
chrX:1404671|1409402	chrX	1404671	1409402	exon	GBM primary
chrX:24828015|24861794	chrX	24828015	24861794	exon	GBM primary
chrX:106319470|106320471	chrX	106319470	106320471	intron	GBM primary
chrX:135806007|135806759	chrX	135806007	135806759	intron	GBM primary
chr1:1430865|1464711	chr1	1430865	1464711	intergenic_region	GBM primary
chr1:8674620|8684439	chr1	8674620	8684439	exon	GBM primary
chr1:9236203|9236380	chr1	9236203	9236380	intron	GBM primary
chr1:14095613|14109326	chr1	14095613	14109326	exon	GBM primary
chr1:14104913|14109326	chr1	14104913	14109326	exon	GBM primary
chr1:15976215|15978390	chr1	15976215	15978390	exon	GBM primary
chr1:24140680|24147083	chr1	24140680	24147083	exon	GBM primary
chr1:28354300|28369161	chr1	28354300	28369161	exon	GBM primary
chr1:35846860|35871069	chr1	35846860	35871069	exon	GBM primary
chr1:35881067|35881315	chr1	35881067	35881315	exon	GBM primary
chr1:36872981|36876194	chr1	36872981	36876194	intergenic_region	GBM primary
chr1:40872408|40875507	chr1	40872408	40875507	exon	GBM primary
chr1:42693554|42789498	chr1	42693554	42789498	exon	GBM primary
chr1:51926763|51930998	chr1	51926763	51930998	exon	GBM primary
chr1:52973571|52973733	chr1	52973571	52973733	intron	GBM primary
chr1:53420412|53427301	chr1	53420412	53427301	exon	GBM primary
chr1:87188223|87190088	chr1	87188223	87190088	exon	GBM primary
chr1:98015116|98039526	chr1	98015116	98039526	exon	GBM primary
chr1:98144651|98187227	chr1	98144651	98187227	exon	GBM primary
chr1:98144651|98206035	chr1	98144651	98206035	exon	GBM primary
chr1:107885891|107937948	chr1	107885891	107937948	intron	GBM primary
chr1:109427897|109446876	chr1	109427897	109446876	exon	GBM primary
chr1:110203787|110233186	chr1	110203787	110233186	intergenic_region	GBM primary
chr1:113134147|113140708	chr1	113134147	113140708	exon	GBM primary
chr1:113140593|113143470	chr1	113140593	113143470	exon	GBM primary
chr1:114367764|114377061	chr1	114367764	114377061	exon	GBM primary
chr1:114391162|114397671	chr1	114391162	114397671	exon	GBM primary
chr1:151630711|151641111	chr1	151630711	151641111	exon	GBM primary
chr1:153569585|153569934	chr1	153569585	153569934	intron	GBM primary
chr1:153784207|153800824	chr1	153784207	153800824	exon	GBM primary
chr1:155385535|155429689	chr1	155385535	155429689	exon	GBM primary
chr1:155691308|155695810	chr1	155691308	155695810	exon	GBM primary
chr1:155695173|155695810	chr1	155695173	155695810	exon	GBM primary
chr1:162546567|162570693	chr1	162546567	162570693	intergenic_region	GBM primary
chr1:168007609|168014465	chr1	168007609	168014465	exon	GBM primary
chr1:169767998|169792613	chr1	169767998	169792613	exon	GBM primary
chr1:172011149|172100428	chr1	172011149	172100428	exon	GBM primary
chr1:172520652|172548407	chr1	172520652	172548407	exon	GBM primary
chr1:179271812|179307031	chr1	179271812	179307031	exon	GBM primary
chr1:179306972|179310445	chr1	179306972	179310445	exon	GBM primary
chr1:179869261|179877808	chr1	179869261	179877808	exon	GBM primary
chr1:193107215|193121574	chr1	193107215	193121574	exon	GBM primary
chr1:197611841|197684204	chr1	197611841	197684204	exon	GBM primary
chr1:201821232|201826322	chr1	201821232	201826322	exon	GBM primary
chr1:202718073|202736188	chr1	202718073	202736188	exon	GBM primary
chr1:212590581|212590818	chr1	212590581	212590818	intergenic_region	GBM primary
chr1:219366472|219414650	chr1	219366472	219414650	intergenic_region	GBM primary
chr1:222897434|222898897	chr1	222897434	222898897	exon	GBM primary
chr1:225140372|225195246	chr1	225140372	225195246	exon	GBM primary
chr1:226352490|226353701	chr1	226352490	226353701	exon	GBM primary
chr1:235357328|235377341	chr1	235357328	235377341	exon	GBM primary
chr1:236966728|236969533	chr1	236966728	236969533	exon	GBM primary
chr1:243362362|243388623	chr1	243362362	243388623	exon	GBM primary
chr1:243468015|243589860	chr1	243468015	243589860	exon	GBM primary
chr1:243493842|243507633	chr1	243493842	243507633	exon	GBM primary
chr1:243504341|243589860	chr1	243504341	243589860	exon	GBM primary
chr1:247320302|247323115	chr1	247320302	247323115	exon	GBM primary
chr10:930387|931700	chr10	930387	931700	exon	GBM primary
chr10:5827105|5842668	chr10	5827105	5842668	exon	GBM primary
chr10:5827815|5842668	chr10	5827815	5842668	exon	GBM primary
chr10:7262373|7269899	chr10	7262373	7269899	exon	GBM primary
chr10:12159672|12162266	chr10	12159672	12162266	exon	GBM primary
chr10:18898774|18905222	chr10	18898774	18905222	exon	GBM primary
chr10:25160927|25231365	chr10	25160927	25231365	exon	GBM primary
chr10:26789748|26800835	chr10	26789748	26800835	exon	GBM primary
chr10:27415625|27425314	chr10	27415625	27425314	exon	GBM primary
chr10:31644076|31676195	chr10	31644076	31676195	exon	GBM primary
chr10:33093943|33113532	chr10	33093943	33113532	exon	GBM primary
chr10:33502197|33502451	chr10	33502197	33502451	exon	GBM primary
chr10:35846023|35846424	chr10	35846023	35846424	intron	GBM primary
chr10:45465642|45467296	chr10	45465642	45467296	exon	GBM primary
chr10:52193236|52279681	chr10	52193236	52279681	exon	GBM primary
chr10:69817760|69823434	chr10	69817760	69823434	intron	GBM primary
chr10:79346075|79347629	chr10	79346075	79347629	exon	GBM primary
chr10:95436410|95447206	chr10	95436410	95447206	exon	GBM primary
chr10:99196948|99197507	chr10	99196948	99197507	exon	GBM primary
chr10:101937890|101939004	chr10	101937890	101939004	exon	GBM primary
chr10:102107847|102108092	chr10	102107847	102108092	exon	GBM primary
chr10:102683735|102685776	chr10	102683735	102685776	exon	GBM primary
chr10:112645011|112650428	chr10	112645011	112650428	exon	GBM primary
chr10:122273423|122280607	chr10	122273423	122280607	exon	GBM primary
chr10:128795012|128798571	chr10	128795012	128798571	exon	GBM primary
chr11:755879|760253	chr11	755879	760253	exon	GBM primary
chr11:3725976|3727857	chr11	3725976	3727857	intron	GBM primary
chr11:9441958|9446809	chr11	9441958	9446809	exon	GBM primary
chr11:22242643|22261230	chr11	22242643	22261230	exon	GBM primary
chr11:60150602|60160259	chr11	60150602	60160259	exon	GBM primary
chr11:65271200|65272066	chr11	65271200	65272066	exon	GBM primary
chr11:66407171|66407594	chr11	66407171	66407594	exon	GBM primary
chr11:73418465|73441868	chr11	73418465	73441868	exon	GBM primary
chr11:82984690|82989872	chr11	82984690	82989872	exon	GBM primary
chr11:85692788|85695016	chr11	85692788	85695016	exon	GBM primary
chr11:85720259|85721479	chr11	85720259	85721479	intron	GBM primary
chr11:95942618|95943498	chr11	95942618	95943498	intron	GBM primary
chr11:102076624|102098312	chr11	102076624	102098312	exon	GBM primary
chr11:102932567|102937296	chr11	102932567	102937296	exon	GBM primary
chr11:103086450|103093815	chr11	103086450	103093815	exon	GBM primary
chr11:103092759|103093815	chr11	103092759	103093815	exon	GBM primary
chr11:108137898|108142133	chr11	108137898	108142133	exon	GBM primary
chr11:113933933|113935290	chr11	113933933	113935290	exon	GBM primary
chr12:459787|475270	chr12	459787	475270	exon	GBM primary
chr12:6442235|6443410	chr12	6442235	6443410	exon	GBM primary
chr12:11199619|11273779	chr12	11199619	11273779	exon	GBM primary
chr12:14609495|14619524	chr12	14609495	14619524	exon	GBM primary
chr12:22622643|22637822	chr12	22622643	22637822	exon	GBM primary
chr12:24985657|24989530	chr12	24985657	24989530	exon	GBM primary
chr12:27802943|27809663	chr12	27802943	27809663	exon	GBM primary
chr12:28544237|28605587	chr12	28544237	28605587	exon	GBM primary
chr12:29492784|29494151	chr12	29492784	29494151	exon	GBM primary
chr12:50385781|50386438	chr12	50385781	50386438	exon	GBM primary
chr12:50385781|50396083	chr12	50385781	50396083	exon	GBM primary
chr12:51495718|51497986	chr12	51495718	51497986	exon	GBM primary
chr12:56692126|56692547	chr12	56692126	56692547	intron	GBM primary
chr12:72163580|72167802	chr12	72163580	72167802	exon	GBM primary
chr12:89996820|89998123	chr12	89996820	89998123	exon	GBM primary
chr12:93192668|93192862	chr12	93192668	93192862	exon	GBM primary
chr12:94562933|94580249	chr12	94562933	94580249	exon	GBM primary
chr12:94603366|94621011	chr12	94603366	94621011	exon	GBM primary
chr12:94613792|94621011	chr12	94613792	94621011	exon	GBM primary
chr12:96688777|96694138	chr12	96688777	96694138	exon	GBM primary
chr12:96707099|96728643	chr12	96707099	96728643	exon	GBM primary
chr12:97015368|97038107	chr12	97015368	97038107	exon	GBM primary
chr12:105514333|105514982	chr12	105514333	105514982	exon	GBM primary
chr12:109509417|109511337	chr12	109509417	109511337	exon	GBM primary
chr12:112321385|112321572	chr12	112321385	112321572	exon	GBM primary
chr12:121220458|121229360	chr12	121220458	121229360	exon	GBM primary
chr12:121592588|121593950	chr12	121592588	121593950	exon	GBM primary
chr12:122380440|122386967	chr12	122380440	122386967	exon	GBM primary
chr13:20638591|20657916	chr13	20638591	20657916	exon	GBM primary
chr13:21006241|21063635	chr13	21006241	21063635	exon	GBM primary
chr13:21976936|22028709	chr13	21976936	22028709	intron	GBM primary
chr13:41515057|41518061	chr13	41515057	41518061	exon	GBM primary
chr13:45112671|45114072	chr13	45112671	45114072	exon	GBM primary
chr13:50025689|50026045	chr13	50025689	50026045	exon	GBM primary
chr13:52971367|52972329	chr13	52971367	52972329	exon	GBM primary
chr13:52992127|53001354	chr13	52992127	53001354	exon	GBM primary
chr13:61013822|61034674	chr13	61013822	61034674	exon	GBM primary
chr13:96375496|96377506	chr13	96375496	96377506	exon	GBM primary
chr13:100953714|100982925	chr13	100953714	100982925	exon	GBM primary
chr14:20871536|20874559	chr14	20871536	20874559	exon	GBM primary
chr14:24680621|24681035	chr14	24680621	24681035	exon	GBM primary
chr14:31424826|31425448	chr14	31424826	31425448	exon	GBM primary
chr14:32809592|32903023	chr14	32809592	32903023	intron	GBM primary
chr14:39623415|39627606	chr14	39623415	39627606	exon	GBM primary
chr14:50266193|50298079	chr14	50266193	50298079	exon	GBM primary
chr14:53339517|53348187	chr14	53339517	53348187	exon	GBM primary
chr14:61275043|61346553	chr14	61275043	61346553	exon	GBM primary
chr14:62188227|62205091	chr14	62188227	62205091	exon	GBM primary
chr14:67431908|67539688	chr14	67431908	67539688	intron	GBM primary
chr14:70081073|70086193	chr14	70081073	70086193	intron	GBM primary
chr14:71970329|71996087	chr14	71970329	71996087	intron	GBM primary
chr14:73459851|73460065	chr14	73459851	73460065	exon	GBM primary
chr14:75269259|75287840	chr14	75269259	75287840	exon	GBM primary
chr14:75567695|75568468	chr14	75567695	75568468	exon	GBM primary
chr14:81223236|81244390	chr14	81223236	81244390	exon	GBM primary
chr14:86494713|86537311	chr14	86494713	86537311	intron	GBM primary
chr14:92592466|92609638	chr14	92592466	92609638	exon	GBM primary
chr14:100317190|100331983	chr14	100317190	100331983	exon	GBM primary
chr14:101403740|101415933	chr14	101403740	101415933	exon	GBM primary
chr14:103918255|103923549	chr14	103918255	103923549	exon	GBM primary
chr14:106109960|106134902	chr14	106109960	106134902	intergenic_region	GBM primary
chr14:106518808|106552592	chr14	106518808	106552592	intergenic_region	GBM primary
chr15:22835916|22842183	chr15	22835916	22842183	exon	GBM primary
chr15:24584786|24780953	chr15	24584786	24780953	intron	GBM primary
chr15:24620751|24780953	chr15	24620751	24780953	intron	GBM primary
chr15:28505923|28508315	chr15	28505923	28508315	exon	GBM primary
chr15:29101768|29105143	chr15	29101768	29105143	intergenic_region	GBM primary
chr15:33218375|33384404	chr15	33218375	33384404	intron	GBM primary
chr15:33256308|33384404	chr15	33256308	33384404	intron	GBM primary
chr15:33357158|33384404	chr15	33357158	33384404	intron	GBM primary
chr15:34536175|34628953	chr15	34536175	34628953	exon	GBM primary
chr15:42804031|42807552	chr15	42804031	42807552	exon	GBM primary
chr15:43627143|43628024	chr15	43627143	43628024	exon	GBM primary
chr15:44269507|44270070	chr15	44269507	44270070	intron	GBM primary
chr15:44425697|44426756	chr15	44425697	44426756	intron	GBM primary
chr15:47101019|47257557	chr15	47101019	47257557	intergenic_region	GBM primary
chr15:50923614|50955243	chr15	50923614	50955243	exon	GBM primary
chr15:51039692|51041067	chr15	51039692	51041067	exon	GBM primary
chr15:52073241|52075025	chr15	52073241	52075025	exon	GBM primary
chr15:52668544|52672105	chr15	52668544	52672105	exon	GBM primary
chr15:59189314|59193486	chr15	59189314	59193486	exon	GBM primary
chr15:60745802|60758912	chr15	60745802	60758912	exon	GBM primary
chr15:63824846|63829355	chr15	63824846	63829355	exon	GBM primary
chr15:64404772|64415745	chr15	64404772	64415745	exon	GBM primary
chr15:64744242|64745304	chr15	64744242	64745304	intron	GBM primary
chr15:70949269|70957153	chr15	70949269	70957153	exon	GBM primary
chr15:72338065|72338975	chr15	72338065	72338975	exon	GBM primary
chr15:72810408|72848248	chr15	72810408	72848248	exon	GBM primary
chr15:76161292|76165909	chr15	76161292	76165909	exon	GBM primary
chr15:76580187|76585041	chr15	76580187	76585041	exon	GBM primary
chr15:78837211|78839040	chr15	78837211	78839040	exon	GBM primary
chr15:85607601|85626875	chr15	85607601	85626875	exon	GBM primary
chr15:90982564|91009668	chr15	90982564	91009668	exon	GBM primary
chr15:91029262|91030814	chr15	91029262	91030814	exon	GBM primary
chr15:91256398|91258273	chr15	91256398	91258273	exon	GBM primary
chr15:94899366|94945248	chr15	94899366	94945248	exon	GBM primary
chr16:4029117|4033441	chr16	4029117	4033441	exon	GBM primary
chr16:11114050|11220003	chr16	11114050	11220003	exon	GBM primary
chr16:11940358|11940700	chr16	11940358	11940700	exon	GBM primary
chr16:12320720|12321466	chr16	12320720	12321466	intron	GBM primary
chr16:14700341|14711507	chr16	14700341	14711507	exon	GBM primary
chr16:14700341|14721193	chr16	14700341	14721193	exon	GBM primary
chr16:16218646|16225792	chr16	16218646	16225792	exon	GBM primary
chr16:30510395|30510810	chr16	30510395	30510810	exon	GBM primary
chr16:50321823|50322261	chr16	50321823	50322261	exon	GBM primary
chr16:56422281|56423287	chr16	56422281	56423287	intron	GBM primary
chr16:58594116|58594266	chr16	58594116	58594266	exon	GBM primary
chr16:69279505|69294163	chr16	69279505	69294163	exon	GBM primary
chr16:72122886|72124685	chr16	72122886	72124685	exon	GBM primary
chr16:88052034|88071617	chr16	88052034	88071617	exon	GBM primary
chr17:953290|1003975	chr17	953290	1003975	exon	GBM primary
chr17:3349766|3352443	chr17	3349766	3352443	exon	GBM primary
chr17:4355396|4356500	chr17	4355396	4356500	intron	GBM primary
chr17:18485972|18486837	chr17	18485972	18486837	exon	GBM primary
chr17:18768782|18769265	chr17	18768782	18769265	exon	GBM primary
chr17:27809215|27844674	chr17	27809215	27844674	exon	GBM primary
chr17:28822444|28847039	chr17	28822444	28847039	exon	GBM primary
chr17:28934570|28937960	chr17	28934570	28937960	exon	GBM primary
chr17:40532924|40536606	chr17	40532924	40536606	intron	GBM primary
chr17:40879653|40882936	chr17	40879653	40882936	exon	GBM primary
chr17:41242961|41246877	chr17	41242961	41246877	exon	GBM primary
chr17:45695716|45696530	chr17	45695716	45696530	exon	GBM primary
chr17:47882725|47888936	chr17	47882725	47888936	exon	GBM primary
chr17:58346811|58348842	chr17	58346811	58348842	exon	GBM primary
chr17:60061532|60062451	chr17	60061532	60062451	exon	GBM primary
chr17:61841376|61843554	chr17	61841376	61843554	exon	GBM primary
chr17:62465140|62465559	chr17	62465140	62465559	intergenic_region	GBM primary
chr17:74283273|74286158	chr17	74283273	74286158	exon	GBM primary
chr17:80828100|80869665	chr17	80828100	80869665	exon	GBM primary
chr18:18586312|18588155	chr18	18586312	18588155	exon	GBM primary
chr18:21860806|21957499	chr18	21860806	21957499	exon	GBM primary
chr18:44681170|44683908	chr18	44681170	44683908	exon	GBM primary
chr18:60206914|60217693	chr18	60206914	60217693	exon	GBM primary
chr18:61018121|61030101	chr18	61018121	61030101	exon	GBM primary
chr18:76856476|76936907	chr18	76856476	76936907	exon	GBM primary
chr19:1032391|1032695	chr19	1032391	1032695	exon	GBM primary
chr19:4418017|4423871	chr19	4418017	4423871	exon	GBM primary
chr19:5650989|5654467	chr19	5650989	5654467	exon	GBM primary
chr19:8520289|8539128	chr19	8520289	8539128	exon	GBM primary
chr19:8601136|8604912	chr19	8601136	8604912	exon	GBM primary
chr19:9767223|9770143	chr19	9767223	9770143	exon	GBM primary
chr19:9767223|9771497	chr19	9767223	9771497	exon	GBM primary
chr19:11024553|11027453	chr19	11024553	11027453	exon	GBM primary
chr19:12511882|12544011	chr19	12511882	12544011	intron	GBM primary
chr19:12790271|12791139	chr19	12790271	12791139	exon	GBM primary
chr19:40540857|40542533	chr19	40540857	40542533	exon	GBM primary
chr19:42509875|42510962	chr19	42509875	42510962	exon	GBM primary
chr19:42621402|42664544	chr19	42621402	42664544	exon	GBM primary
chr19:44768467|44771114	chr19	44768467	44771114	exon	GBM primary
chr19:45916935|45917292	chr19	45916935	45917292	exon	GBM primary
chr19:51957938|52000230	chr19	51957938	52000230	intergenic_region	GBM primary
chr19:53138319|53311386	chr19	53138319	53311386	intergenic_region	GBM primary
chr19:53714234|53716922	chr19	53714234	53716922	exon	GBM primary
chr19:53957904|53990012	chr19	53957904	53990012	intergenic_region	GBM primary
chr19:57058877|57061974	chr19	57058877	57061974	exon	GBM primary
chr19:58262153|58281246	chr19	58262153	58281246	intergenic_region	GBM primary
chr2:15629018|15651474	chr2	15629018	15651474	exon	GBM primary
chr2:15644269|15679480	chr2	15644269	15679480	exon	GBM primary
chr2:20467058|20468141	chr2	20467058	20468141	intron	GBM primary
chr2:24046128|24046439	chr2	24046128	24046439	exon	GBM primary
chr2:24493540|24498718	chr2	24493540	24498718	exon	GBM primary
chr2:26587170|26596497	chr2	26587170	26596497	exon	GBM primary
chr2:32664576|32679010	chr2	32664576	32679010	exon	GBM primary
chr2:44145164|44153100	chr2	44145164	44153100	exon	GBM primary
chr2:55376723|55378338	chr2	55376723	55378338	intergenic_region	GBM primary
chr2:61009020|61010344	chr2	61009020	61010344	exon	GBM primary
chr2:61014082|61019424	chr2	61014082	61019424	exon	GBM primary
chr2:61505300|61512092	chr2	61505300	61512092	exon	GBM primary
chr2:61552510|61566816	chr2	61552510	61566816	exon	GBM primary
chr2:61610404|61622368	chr2	61610404	61622368	exon	GBM primary
chr2:69565030|69565697	chr2	69565030	69565697	exon	GBM primary
chr2:73315178|73316443	chr2	73315178	73316443	exon	GBM primary
chr2:101874253|101883341	chr2	101874253	101883341	exon	GBM primary
chr2:112686697|112705144	chr2	112686697	112705144	exon	GBM primary
chr2:114486978|114493435	chr2	114486978	114493435	exon	GBM primary
chr2:120658294|120692534	chr2	120658294	120692534	exon	GBM primary
chr2:135010666|135076310	chr2	135010666	135076310	exon	GBM primary
chr2:168869144|168921891	chr2	168869144	168921891	exon	GBM primary
chr2:168994598|169023917	chr2	168994598	169023917	exon	GBM primary
chr2:170802798|170885958	chr2	170802798	170885958	exon	GBM primary
chr2:176835492|176860374	chr2	176835492	176860374	exon	GBM primary
chr2:186815371|186951097	chr2	186815371	186951097	intergenic_region	GBM primary
chr2:186903058|186951097	chr2	186903058	186951097	intergenic_region	GBM primary
chr2:192225357|192229002	chr2	192225357	192229002	exon	GBM primary
chr2:203644113|203684622	chr2	203644113	203684622	exon	GBM primary
chr2:204058518|204064170	chr2	204058518	204064170	exon	GBM primary
chr2:210880697|210885788	chr2	210880697	210885788	exon	GBM primary
chr2:219093461|219104207	chr2	219093461	219104207	exon	GBM primary
chr2:219249870|219252678	chr2	219249870	219252678	exon	GBM primary
chr2:224758951|224760347	chr2	224758951	224760347	exon	GBM primary
chr2:230723488|230725247	chr2	230723488	230725247	exon	GBM primary
chr2:231305191|231314970	chr2	231305191	231314970	exon	GBM primary
chr2:239082175|239093928	chr2	239082175	239093928	exon	GBM primary
chr2:240929491|240954277	chr2	240929491	240954277	exon	GBM primary
chr2:242099747|242102816	chr2	242099747	242102816	exon	GBM primary
chr2:243056790|243081039	chr2	243056790	243081039	exon	GBM primary
chr20:3277508|3278822	chr20	3277508	3278822	exon	GBM primary
chr20:24523656|24524213	chr20	24523656	24524213	exon	GBM primary
chr20:39867328|39897723	chr20	39867328	39897723	exon	GBM primary
chr20:47685252|47686834	chr20	47685252	47686834	exon	GBM primary
chr20:62407031|62436817	chr20	62407031	62436817	intron	GBM primary
chr21:16340618|16415895	chr21	16340618	16415895	exon	GBM primary
chr21:16363522|16415895	chr21	16363522	16415895	exon	GBM primary
chr21:34931536|34945761	chr21	34931536	34945761	exon	GBM primary
chr21:47904670|47918746	chr21	47904670	47918746	exon	GBM primary
chr22:18080960|18082861	chr22	18080960	18082861	exon	GBM primary
chr22:22024202|22029404	chr22	22024202	22029404	exon	GBM primary
chr22:23029445|23089953	chr22	23029445	23089953	intergenic_region	GBM primary
chr22:23029445|23192390	chr22	23029445	23192390	intergenic_region	GBM primary
chr22:26068263|26091181	chr22	26068263	26091181	exon	GBM primary
chr22:30057194|30064435	chr22	30057194	30064435	exon	GBM primary
chr22:42910112|42970824	chr22	42910112	42970824	intergenic_region	GBM primary
chr22:50848988|50849806	chr22	50848988	50849806	intron	GBM primary
chr3:11850991|11871338	chr3	11850991	11871338	exon	GBM primary
chr3:15000664|15003999	chr3	15000664	15003999	exon	GBM primary
chr3:15271949|15275480	chr3	15271949	15275480	exon	GBM primary
chr3:23287975|23302343	chr3	23287975	23302343	intron	GBM primary
chr3:32576003|32587457	chr3	32576003	32587457	exon	GBM primary
chr3:32582529|32587457	chr3	32582529	32587457	exon	GBM primary
chr3:37162983|37190529	chr3	37162983	37190529	exon	GBM primary
chr3:37291189|37315092	chr3	37291189	37315092	intron	GBM primary
chr3:43341246|43373802	chr3	43341246	43373802	exon	GBM primary
chr3:44670557|44672713	chr3	44670557	44672713	exon	GBM primary
chr3:47912348|47913590	chr3	47912348	47913590	exon	GBM primary
chr3:55640808|55768942	chr3	55640808	55768942	exon	GBM primary
chr3:67546222|67548719	chr3	67546222	67548719	exon	GBM primary
chr3:128514203|128532314	chr3	128514203	128532314	exon	GBM primary
chr3:129599152|129599405	chr3	129599152	129599405	exon	GBM primary
chr3:142496474|142503882	chr3	142496474	142503882	exon	GBM primary
chr3:149546484|149589941	chr3	149546484	149589941	intron	GBM primary
chr3:149563798|149613347	chr3	149563798	149613347	exon	GBM primary
chr3:152882555|152965320	chr3	152882555	152965320	intergenic_region	GBM primary
chr3:156411809|156413814	chr3	156411809	156413814	exon	GBM primary
chr3:160131261|160132305	chr3	160131261	160132305	exon	GBM primary
chr3:171830242|172016577	chr3	171830242	172016577	exon	GBM primary
chr3:171965323|172016577	chr3	171965323	172016577	exon	GBM primary
chr3:180685839|180688146	chr3	180685839	180688146	exon	GBM primary
chr3:188925165|188956698	chr3	188925165	188956698	exon	GBM primary
chr3:196118684|196120490	chr3	196118684	196120490	exon	GBM primary
chr3:196541322|196545027	chr3	196541322	196545027	exon	GBM primary
chr4:1902353|1920350	chr4	1902353	1920350	exon	GBM primary
chr4:1902353|1941505	chr4	1902353	1941505	exon	GBM primary
chr4:3005958|3024178	chr4	3005958	3024178	exon	GBM primary
chr4:6995911|7002978	chr4	6995911	7002978	exon	GBM primary
chr4:36148918|36231267	chr4	36148918	36231267	exon	GBM primary
chr4:36212012|36216102	chr4	36212012	36216102	exon	GBM primary
chr4:38022212|38029500	chr4	38022212	38029500	exon	GBM primary
chr4:39077585|39088347	chr4	39077585	39088347	exon	GBM primary
chr4:40567882|40568913	chr4	40567882	40568913	intron	GBM primary
chr4:40596275|40598817	chr4	40596275	40598817	intron	GBM primary
chr4:40892381|40947090	chr4	40892381	40947090	exon	GBM primary
chr4:42618050|42629126	chr4	42618050	42629126	exon	GBM primary
chr4:56269403|56284152	chr4	56269403	56284152	exon	GBM primary
chr4:68374532|68385220	chr4	68374532	68385220	exon	GBM primary
chr4:83795764|83803093	chr4	83795764	83803093	exon	GBM primary
chr4:88983058|88989213	chr4	88983058	88989213	exon	GBM primary
chr4:95446477|95448302	chr4	95446477	95448302	intron	GBM primary
chr4:96163580|96256782	chr4	96163580	96256782	exon	GBM primary
chr4:110580167|110581521	chr4	110580167	110581521	exon	GBM primary
chr4:114223923|114264298	chr4	114223923	114264298	exon	GBM primary
chr4:141456887|141464740	chr4	141456887	141464740	exon	GBM primary
chr4:151682935|151729550	chr4	151682935	151729550	exon	GBM primary
chr4:153332455|153391140	chr4	153332455	153391140	intron	GBM primary
chr4:159158677|159165501	chr4	159158677	159165501	exon	GBM primary
chr4:166021780|166024248	chr4	166021780	166024248	exon	GBM primary
chr4:186168448|186188309	chr4	186168448	186188309	exon	GBM primary
chr5:14270934|14280545	chr5	14270934	14280545	exon	GBM primary
chr5:14673751|14693203	chr5	14673751	14693203	exon	GBM primary
chr5:34179118|34182972	chr5	34179118	34182972	exon	GBM primary
chr5:37115062|37120442	chr5	37115062	37120442	exon	GBM primary
chr5:40852276|40854198	chr5	40852276	40854198	exon	GBM primary
chr5:43150802|43152199	chr5	43150802	43152199	intron	GBM primary
chr5:65000106|65004385	chr5	65000106	65004385	exon	GBM primary
chr5:65307877|65324171	chr5	65307877	65324171	exon	GBM primary
chr5:72285254|72286691	chr5	72285254	72286691	exon	GBM primary
chr5:73136305|73136585	chr5	73136305	73136585	exon	GBM primary
chr5:78251118|78265015	chr5	78251118	78265015	exon	GBM primary
chr5:82815168|82850857	chr5	82815168	82850857	exon	GBM primary
chr5:93386436|93392908	chr5	93386436	93392908	intron	GBM primary
chr5:108203468|108219219	chr5	108203468	108219219	exon	GBM primary
chr5:109152974|109159538	chr5	109152974	109159538	exon	GBM primary
chr5:109178029|109191035	chr5	109178029	109191035	exon	GBM primary
chr5:115627214|115639380	chr5	115627214	115639380	exon	GBM primary
chr5:118433674|118440953	chr5	118433674	118440953	exon	GBM primary
chr5:123979204|124036962	chr5	123979204	124036962	exon	GBM primary
chr5:131034610|131044965	chr5	131034610	131044965	exon	GBM primary
chr5:132262813|132273432	chr5	132262813	132273432	exon	GBM primary
chr5:170626674|170648844	chr5	170626674	170648844	exon	GBM primary
chr5:173371970|173380275	chr5	173371970	173380275	exon	GBM primary
chr5:176468127|176477937	chr5	176468127	176477937	exon	GBM primary
chr6:3410422|3416089	chr6	3410422	3416089	exon	GBM primary
chr6:13579683|13584457	chr6	13579683	13584457	exon	GBM primary
chr6:20781376|20874661	chr6	20781376	20874661	intron	GBM primary
chr6:25605040|25606501	chr6	25605040	25606501	exon	GBM primary
chr6:32522467|32548633	chr6	32522467	32548633	intergenic_region	GBM primary
chr6:36492118|36507984	chr6	36492118	36507984	exon	GBM primary
chr6:38384468|38388373	chr6	38384468	38388373	intron	GBM primary
chr6:56989532|57006893	chr6	56989532	57006893	exon	GBM primary
chr6:71136142|71138122	chr6	71136142	71138122	exon	GBM primary
chr6:111281617|111283708	chr6	111281617	111283708	exon	GBM primary
chr6:118801034|118805021	chr6	118801034	118805021	exon	GBM primary
chr6:144835045|144838084	chr6	144835045	144838084	exon	GBM primary
chr6:146125508|146127557	chr6	146125508	146127557	exon	GBM primary
chr6:147395941|147440613	chr6	147395941	147440613	exon	GBM primary
chr6:160196202|160197304	chr6	160196202	160197304	exon	GBM primary
chr7:5564456|5564749	chr7	5564456	5564749	intergenic_region	GBM primary
chr7:5680785|5692141	chr7	5680785	5692141	exon	GBM primary
chr7:6150756|6155154	chr7	6150756	6155154	exon	GBM primary
chr7:12617167|12620846	chr7	12617167	12620846	exon	GBM primary
chr7:30395344|30430651	chr7	30395344	30430651	intergenic_region	GBM primary
chr7:37256250|37272799	chr7	37256250	37272799	exon	GBM primary
chr7:40121489|40121773	chr7	40121489	40121773	intron	GBM primary
chr7:50771518|50773020	chr7	50771518	50773020	exon	GBM primary
chr7:50771518|50778687	chr7	50771518	50778687	exon	GBM primary
chr7:50771518|50823753	chr7	50771518	50823753	exon	GBM primary
chr7:54820019|54823574	chr7	54820019	54823574	exon	GBM primary
chr7:63796637|63797360	chr7	63796637	63797360	exon	GBM primary
chr7:72178579|72209578	chr7	72178579	72209578	exon	GBM primary
chr7:77210744|77227218	chr7	77210744	77227218	exon	GBM primary
chr7:90001469|90007525	chr7	90001469	90007525	exon	GBM primary
chr7:104925456|104937980	chr7	104925456	104937980	intron	GBM primary
chr7:140055468|140069482	chr7	140055468	140069482	exon	GBM primary
chr7:151900019|151904513	chr7	151900019	151904513	exon	GBM primary
chr8:13356558|13357705	chr8	13356558	13357705	exon	GBM primary
chr8:17570723|17573410	chr8	17570723	17573410	exon	GBM primary
chr8:17570723|17581342	chr8	17570723	17581342	exon	GBM primary
chr8:17814113|17851128	chr8	17814113	17851128	exon	GBM primary
chr8:17820610|17824679	chr8	17820610	17824679	exon	GBM primary
chr8:22368599|22370945	chr8	22368599	22370945	exon	GBM primary
chr8:28827560|28876430	chr8	28827560	28876430	exon	GBM primary
chr8:37971710|37978667	chr8	37971710	37978667	exon	GBM primary
chr8:38282027|38283763	chr8	38282027	38283763	exon	GBM primary
chr8:38793512|38801355	chr8	38793512	38801355	exon	GBM primary
chr8:38801307|38803739	chr8	38801307	38803739	exon	GBM primary
chr8:38879162|38880844	chr8	38879162	38880844	exon	GBM primary
chr8:42761316|42785315	chr8	42761316	42785315	exon	GBM primary
chr8:42914235|42940539	chr8	42914235	42940539	exon	GBM primary
chr8:42924698|42927450	chr8	42924698	42927450	exon	GBM primary
chr8:61693559|61720831	chr8	61693559	61720831	exon	GBM primary
chr8:62448903|62453547	chr8	62448903	62453547	intron	GBM primary
chr8:62531537|62596747	chr8	62531537	62596747	exon	GBM primary
chr8:71071740|71075089	chr8	71071740	71075089	exon	GBM primary
chr8:97892026|97892233	chr8	97892026	97892233	exon	GBM primary
chr8:100443765|100568881	chr8	100443765	100568881	exon	GBM primary
chr8:101287181|101300495	chr8	101287181	101300495	exon	GBM primary
chr8:103405787|103406398	chr8	103405787	103406398	intron	GBM primary
chr8:141856359|141874498	chr8	141856359	141874498	exon	GBM primary
chr8:142152030|142153630	chr8	142152030	142153630	intron	GBM primary
chr9:16435553|16437522	chr9	16435553	16437522	exon	GBM primary
chr9:33960824|33963789	chr9	33960824	33963789	exon	GBM primary
chr9:34338711|34339164	chr9	34338711	34339164	exon	GBM primary
chr9:72892226|72901187	chr9	72892226	72901187	exon	GBM primary
chr9:72962529|72962954	chr9	72962529	72962954	exon	GBM primary
chr9:77692075|77695857	chr9	77692075	77695857	intron	GBM primary
chr9:88918001|88919862	chr9	88918001	88919862	exon	GBM primary
chr9:88957990|88961395	chr9	88957990	88961395	exon	GBM primary
chr9:95618093|95618600	chr9	95618093	95618600	exon	GBM primary
chr9:98690361|98718295	chr9	98690361	98718295	exon	GBM primary
chr9:100092436|100093049	chr9	100092436	100093049	exon	GBM primary
chr9:107620803|107666052	chr9	107620803	107666052	exon	GBM primary
chr9:110062422|110074018	chr9	110062422	110074018	exon	GBM primary
chr9:110062422|110087285	chr9	110062422	110087285	exon	GBM primary
chr9:114840818|114842445	chr9	114840818	114842445	exon	GBM primary
chr9:127733649|127762269	chr9	127733649	127762269	exon	GBM primary
chr9:128419930|128434922	chr9	128419930	128434922	exon	GBM primary
chr9:129102787|129184227	chr9	129102787	129184227	exon	GBM primary
chr9:129796710|129831635	chr9	129796710	129831635	exon	GBM primary
chr9:134274139|134275940	chr9	134274139	134275940	intron	GBM primary
chr9:139341307|139342613	chr9	139341307	139342613	exon	GBM primary
chrX:100290602|100297301	chrX	100290602	100297301	exon	GBM primary
chrX:106331666|106332069	chrX	106331666	106332069	exon	GBM primary
chrX:117528018|117538407	chrX	117528018	117538407	exon	GBM primary
chrX:117874980|117910474	chrX	117874980	117910474	exon	GBM primary
chrX:135323319|135326954	chrX	135323319	135326954	exon	GBM primary
chrY:15392251|15392473	chrY	15392251	15392473	intron	GBM primary
chr1:21097423|21106404	chr1	21097423	21106404	exon	GBM primary
chr1:21267984|21308901	chr1	21267984	21308901	exon	GBM primary
chr1:21295967|21329280	chr1	21295967	21329280	exon	GBM primary
chr1:28800066|28807116	chr1	28800066	28807116	exon	GBM primary
chr1:29313943|29314417	chr1	29313943	29314417	exon	GBM primary
chr1:34112248|34118061	chr1	34112248	34118061	exon	GBM primary
chr1:48917224|48918803	chr1	48917224	48918803	exon	GBM primary
chr1:51910561|51913773	chr1	51910561	51913773	exon	GBM primary
chr1:53675251|53677501	chr1	53675251	53677501	intron	GBM primary
chr1:57252848|57258476	chr1	57252848	57258476	exon	GBM primary
chr1:63042933|63091072	chr1	63042933	63091072	exon	GBM primary
chr1:63944435|63974241	chr1	63944435	63974241	exon	GBM primary
chr1:67411833|67425426	chr1	67411833	67425426	exon	GBM primary
chr1:70761813|70781249	chr1	70761813	70781249	exon	GBM primary
chr1:87181407|87200862	chr1	87181407	87200862	exon	GBM primary
chr1:93683295|93692006	chr1	93683295	93692006	exon	GBM primary
chr1:94685814|94697199	chr1	94685814	94697199	exon	GBM primary
chr1:94924163|94956803	chr1	94924163	94956803	exon	GBM primary
chr1:100476921|100483371	chr1	100476921	100483371	exon	GBM primary
chr1:110203787|110214205	chr1	110203787	110214205	exon	GBM primary
chr1:155186175|155206260	chr1	155186175	155206260	intergenic_region	GBM primary
chr1:161071838|161072165	chr1	161071838	161072165	exon	GBM primary
chr1:161748034|161753886	chr1	161748034	161753886	exon	GBM primary
chr1:169446393|169446995	chr1	169446393	169446995	exon	GBM primary
chr1:174241552|174274265	chr1	174241552	174274265	exon	GBM primary
chr1:223305817|223310605	chr1	223305817	223310605	exon	GBM primary
chr1:240286479|240374535	chr1	240286479	240374535	exon	GBM primary
chr1:246754814|246755243	chr1	246754814	246755243	exon	GBM primary
chr10:5843170|5843426	chr10	5843170	5843426	intron	GBM primary
chr10:20290704|20357168	chr10	20290704	20357168	exon	GBM primary
chr10:34739245|34806087	chr10	34739245	34806087	exon	GBM primary
chr10:70218861|70229920	chr10	70218861	70229920	exon	GBM primary
chr10:70506918|70507323	chr10	70506918	70507323	exon	GBM primary
chr10:75331179|75336119	chr10	75331179	75336119	exon	GBM primary
chr10:103789395|103793096	chr10	103789395	103793096	exon	GBM primary
chr10:117159890|117228839	chr10	117159890	117228839	intron	GBM primary
chr11:309013|314356	chr11	309013	314356	intron	GBM primary
chr11:34104372|34111003	chr11	34104372	34111003	exon	GBM primary
chr11:34969053|34999729	chr11	34969053	34999729	exon	GBM primary
chr11:61296792|61298645	chr11	61296792	61298645	intron	GBM primary
chr11:77451776|77475734	chr11	77451776	77475734	exon	GBM primary
chr11:85707869|85712201	chr11	85707869	85712201	exon	GBM primary
chr11:101946604|101952012	chr11	101946604	101952012	exon	GBM primary
chr11:128628010|128651918	chr11	128628010	128651918	exon	GBM primary
chr11:134153631|134215023	chr11	134153631	134215023	intergenic_region	GBM primary
chr12:2064598|2077076	chr12	2064598	2077076	exon	GBM primary
chr12:3046797|3047451	chr12	3046797	3047451	exon	GBM primary
chr12:26208169|26220646	chr12	26208169	26220646	exon	GBM primary
chr12:57682792|57690334	chr12	57682792	57690334	exon	GBM primary
chr12:82070570|82081364	chr12	82070570	82081364	intron	GBM primary
chr12:90003714|90005149	chr12	90003714	90005149	exon	GBM primary
chr12:104514178|104522295	chr12	104514178	104522295	exon	GBM primary
chr12:107177775|107219598	chr12	107177775	107219598	exon	GBM primary
chr12:110426768|110429565	chr12	110426768	110429565	exon	GBM primary
chr13:21305980|21311944	chr13	21305980	21311944	exon	GBM primary
chr13:36666930|36677261	chr13	36666930	36677261	intron	GBM primary
chr13:36822743|36830304	chr13	36822743	36830304	intron	GBM primary
chr13:79942865|79946065	chr13	79942865	79946065	exon	GBM primary
chr13:112742360|112752788	chr13	112742360	112752788	intergenic_region	GBM primary
chr13:114265311|114277601	chr13	114265311	114277601	exon	GBM primary
chr14:35565764|35577442	chr14	35565764	35577442	exon	GBM primary
chr14:67431908|67525503	chr14	67431908	67525503	exon	GBM primary
chr14:69302815|69349309	chr14	69302815	69349309	intergenic_region	GBM primary
chr14:89934265|89941768	chr14	89934265	89941768	intron	GBM primary
chr14:99723808|99724173	chr14	99723808	99724173	exon	GBM primary
chr15:35560294|35575607	chr15	35560294	35575607	intron	GBM primary
chr15:41756969|41763547	chr15	41756969	41763547	exon	GBM primary
chr15:43724392|43724875	chr15	43724392	43724875	exon	GBM primary
chr15:55706608|55706858	chr15	55706608	55706858	intron	GBM primary
chr15:55786889|55788193	chr15	55786889	55788193	intron	GBM primary
chr15:56680670|56704634	chr15	56680670	56704634	exon	GBM primary
chr15:63821213|63829355	chr15	63821213	63829355	exon	GBM primary
chr15:66015186|66025156	chr15	66015186	66025156	exon	GBM primary
chr15:66727365|66729230	chr15	66727365	66729230	exon	GBM primary
chr15:73052748|73067438	chr15	73052748	73067438	exon	GBM primary
chr15:74892842|74893754	chr15	74892842	74893754	intron	GBM primary
chr15:75703833|75705386	chr15	75703833	75705386	exon	GBM primary
chr15:77544709|77657567	chr15	77544709	77657567	exon	GBM primary
chr15:91256374|91258273	chr15	91256374	91258273	exon	GBM primary
chr15:100138635|100173378	chr15	100138635	100173378	exon	GBM primary
chr16:3799628|3820987	chr16	3799628	3820987	exon	GBM primary
chr16:53289512|53297009	chr16	53289512	53297009	exon	GBM primary
chr16:53337632|53342766	chr16	53337632	53342766	exon	GBM primary
chr16:56419831|56423287	chr16	56419831	56423287	exon	GBM primary
chr16:57201005|57207781	chr16	57201005	57207781	exon	GBM primary
chr16:71701081|71715808	chr16	71701081	71715808	exon	GBM primary
chr16:81346333|81346725	chr16	81346333	81346725	exon	GBM primary
chr17:7402358|7402810	chr17	7402358	7402810	exon	GBM primary
chr17:8397051|8398559	chr17	8397051	8398559	exon	GBM primary
chr17:16004564|16005119	chr17	16004564	16005119	exon	GBM primary
chr17:16042322|16047010	chr17	16042322	16047010	exon	GBM primary
chr17:33805094|33807214	chr17	33805094	33807214	exon	GBM primary
chr17:40058743|40060154	chr17	40058743	40060154	intron	GBM primary
chr17:46187329|46195399	chr17	46187329	46195399	intron	GBM primary
chr17:49097520|49098726	chr17	49097520	49098726	exon	GBM primary
chr17:62567916|62577109	chr17	62567916	62577109	exon	GBM primary
chr17:73238417|73239651	chr17	73238417	73239651	exon	GBM primary
chr17:76075476|76089844	chr17	76075476	76089844	exon	GBM primary
chr17:76830291|76830616	chr17	76830291	76830616	intron	GBM primary
chr18:6213148|6244587	chr18	6213148	6244587	exon	GBM primary
chr18:12358669|12360050	chr18	12358669	12360050	exon	GBM primary
chr18:12999424|13059311	chr18	12999424	13059311	exon	GBM primary
chr18:18571137|18600200	chr18	18571137	18600200	exon	GBM primary
chr18:21723055|21723377	chr18	21723055	21723377	exon	GBM primary
chr18:48573290|48575694	chr18	48573290	48575694	exon	GBM primary
chr18:51797730|51800460	chr18	51797730	51800460	exon	GBM primary
chr18:76886267|76914555	chr18	76886267	76914555	exon	GBM primary
chr18:76886267|76936907	chr18	76886267	76936907	exon	GBM primary
chr19:1270927|1272050	chr19	1270927	1272050	exon	GBM primary
chr19:8402679|8404051	chr19	8402679	8404051	intron	GBM primary
chr19:9763629|9764557	chr19	9763629	9764557	exon	GBM primary
chr19:24014399|24016323	chr19	24014399	24016323	intron	GBM primary
chr19:40368303|40384167	chr19	40368303	40384167	exon	GBM primary
chr19:45766371|45769539	chr19	45766371	45769539	exon	GBM primary
chr19:52568178|52595135	chr19	52568178	52595135	intron	GBM primary
chr19:57888496|57908542	chr19	57888496	57908542	intron	GBM primary
chr2:8427468|8452979	chr2	8427468	8452979	exon	GBM primary
chr2:8452856|8466554	chr2	8452856	8466554	intron	GBM primary
chr2:15629018|15674765	chr2	15629018	15674765	exon	GBM primary
chr2:26022254|26029206	chr2	26022254	26029206	exon	GBM primary
chr2:32698180|32712868	chr2	32698180	32712868	exon	GBM primary
chr2:65710194|65728281	chr2	65710194	65728281	exon	GBM primary
chr2:68717322|68740812	chr2	68717322	68740812	exon	GBM primary
chr2:73675090|73718625	chr2	73675090	73718625	exon	GBM primary
chr2:99811214|99812219	chr2	99811214	99812219	exon	GBM primary
chr2:110342703|110343415	chr2	110342703	110343415	exon	GBM primary
chr2:122215263|122216551	chr2	122215263	122216551	exon	GBM primary
chr2:148730308|148733544	chr2	148730308	148733544	exon	GBM primary
chr2:159165945|159201830	chr2	159165945	159201830	exon	GBM primary
chr2:159851414|159857701	chr2	159851414	159857701	intron	GBM primary
chr2:160229556|160269056	chr2	160229556	160269056	exon	GBM primary
chr2:165535278|165561615	chr2	165535278	165561615	intron	GBM primary
chr2:172305191|172314585	chr2	172305191	172314585	exon	GBM primary
chr2:183993015|183995273	chr2	183993015	183995273	exon	GBM primary
chr2:197986056|197987516	chr2	197986056	197987516	exon	GBM primary
chr2:208589524|208607066	chr2	208589524	208607066	exon	GBM primary
chr2:242285581|242287606	chr2	242285581	242287606	exon	GBM primary
chr20:2473345|2474690	chr20	2473345	2474690	exon	GBM primary
chr20:21321359|21327188	chr20	21321359	21327188	exon	GBM primary
chr20:30954187|30978970	chr20	30954187	30978970	intron	GBM primary
chr20:33057853|33069011	chr20	33057853	33069011	exon	GBM primary
chr20:37159810|37161502	chr20	37159810	37161502	exon	GBM primary
chr20:58415424|58416590	chr20	58415424	58416590	exon	GBM primary
chr21:17205667|17214859	chr21	17205667	17214859	exon	GBM primary
chr22:26068263|26086250	chr22	26068263	26086250	exon	GBM primary
chr22:38894090|38897285	chr22	38894090	38897285	exon	GBM primary
chr3:3819409|3824385	chr3	3819409	3824385	exon	GBM primary
chr3:12861585|12869103	chr3	12861585	12869103	exon	GBM primary
chr3:31617888|31641951	chr3	31617888	31641951	exon	GBM primary
chr3:47084051|47139571	chr3	47084051	47139571	exon	GBM primary
chr3:47139445|47144913	chr3	47139445	47144913	exon	GBM primary
chr3:47476498|47484581	chr3	47476498	47484581	exon	GBM primary
chr3:49016915|49017929	chr3	49016915	49017929	exon	GBM primary
chr3:51520345|51524350	chr3	51520345	51524350	intron	GBM primary
chr3:53531179|53535747	chr3	53531179	53535747	exon	GBM primary
chr3:57569625|57570191	chr3	57569625	57570191	exon	GBM primary
chr3:60164169|60166168	chr3	60164169	60166168	intron	GBM primary
chr3:76216117|76217300	chr3	76216117	76217300	intron	GBM primary
chr3:108270130|108271157	chr3	108270130	108271157	exon	GBM primary
chr3:122284706|122284917	chr3	122284706	122284917	exon	GBM primary
chr3:129177442|129188260	chr3	129177442	129188260	exon	GBM primary
chr3:150148200|150148353	chr3	150148200	150148353	intron	GBM primary
chr3:165208984|165229439	chr3	165208984	165229439	intron	GBM primary
chr3:170863169|170864418	chr3	170863169	170864418	intron	GBM primary
chr3:196846281|196869639	chr3	196846281	196869639	exon	GBM primary
chr4:3156020|3158926	chr4	3156020	3158926	exon	GBM primary
chr4:54249940|54262228	chr4	54249940	54262228	intron	GBM primary
chr4:54265897|54294350	chr4	54265897	54294350	exon	GBM primary
chr4:76573823|76581054	chr4	76573823	76581054	exon	GBM primary
chr4:83787961|83788469	chr4	83787961	83788469	exon	GBM primary
chr4:85623506|85642725	chr4	85623506	85642725	exon	GBM primary
chr4:103225474|103246155	chr4	103225474	103246155	intron	GBM primary
chr4:139979823|140037961	chr4	139979823	140037961	exon	GBM primary
chr5:14362114|14363221	chr5	14362114	14363221	intron	GBM primary
chr5:43294158|43297268	chr5	43294158	43297268	exon	GBM primary
chr5:70791077|70806978	chr5	70791077	70806978	exon	GBM primary
chr5:74011335|74012498	chr5	74011335	74012498	exon	GBM primary
chr5:82815168|82818128	chr5	82815168	82818128	exon	GBM primary
chr5:87581558|87588460	chr5	87581558	87588460	exon	GBM primary
chr5:96320784|96364316	chr5	96320784	96364316	exon	GBM primary
chr5:138737444|138737734	chr5	138737444	138737734	exon	GBM primary
chr5:139889222|139889766	chr5	139889222	139889766	exon	GBM primary
chr5:140961879|140963182	chr5	140961879	140963182	exon	GBM primary
chr6:2836090|2836484	chr6	2836090	2836484	exon	GBM primary
chr6:35825038|35840505	chr6	35825038	35840505	exon	GBM primary
chr6:36492118|36507981	chr6	36492118	36507981	exon	GBM primary
chr6:57017019|57025950	chr6	57017019	57025950	exon	GBM primary
chr6:74175932|74183377	chr6	74175932	74183377	exon	GBM primary
chr6:110988637|111067404	chr6	110988637	111067404	exon	GBM primary
chr6:111201190|111211559	chr6	111201190	111211559	intron	GBM primary
chr6:111708968|111793343	chr6	111708968	111793343	exon	GBM primary
chr7:2269619|2270399	chr7	2269619	2270399	exon	GBM primary
chr7:11078387|11101712	chr7	11078387	11101712	exon	GBM primary
chr7:13946055|13950932	chr7	13946055	13950932	exon	GBM primary
chr7:29070193|29112039	chr7	29070193	29112039	exon	GBM primary
chr7:66458204|66459328	chr7	66458204	66459328	exon	GBM primary
chr7:72957739|72963067	chr7	72957739	72963067	intron	GBM primary
chr7:77210744|77212967	chr7	77210744	77212967	exon	GBM primary
chr7:91972338|91981956	chr7	91972338	91981956	exon	GBM primary
chr7:94740571|94750144	chr7	94740571	94750144	exon	GBM primary
chr7:102835424|102840412	chr7	102835424	102840412	intron	GBM primary
chr7:143264662|143318113	chr7	143264662	143318113	intergenic_region	GBM primary
chr7:157015948|157018233	chr7	157015948	157018233	exon	GBM primary
chr8:6582391|6590171	chr8	6582391	6590171	exon	GBM primary
chr8:18457874|18513195	chr8	18457874	18513195	exon	GBM primary
chr8:30034642|30038146	chr8	30034642	30038146	exon	GBM primary
chr8:56695307|56717595	chr8	56695307	56717595	exon	GBM primary
chr8:67504675|67514758	chr8	67504675	67514758	exon	GBM primary
chr8:68015272|68044315	chr8	68015272	68044315	exon	GBM primary
chr8:68076626|68092161	chr8	68076626	68092161	exon	GBM primary
chr8:68930081|68942893	chr8	68930081	68942893	exon	GBM primary
chr8:80830213|80831383	chr8	80830213	80831383	intron	GBM primary
chr8:100443765|100454863	chr8	100443765	100454863	exon	GBM primary
chr8:104897526|104898451	chr8	104897526	104898451	exon	GBM primary
chr8:133622412|133673873	chr8	133622412	133673873	exon	GBM primary
chr8:141231558|141263028	chr8	141231558	141263028	exon	GBM primary
chr8:141771264|141774389	chr8	141771264	141774389	exon	GBM primary
chr9:5944871|5988545	chr9	5944871	5988545	exon	GBM primary
chr9:14120439|14307519	chr9	14120439	14307519	exon	GBM primary
chr9:37768073|37770736	chr9	37768073	37770736	exon	GBM primary
chr9:88437795|88464458	chr9	88437795	88464458	intergenic_region	GBM primary
chr9:111843119|111855871	chr9	111843119	111855871	exon	GBM primary
chr9:116091161|116094330	chr9	116091161	116094330	exon	GBM primary
chr9:125932181|125946577	chr9	125932181	125946577	exon	GBM primary
chr9:131271155|131277918	chr9	131271155	131277918	exon	GBM primary
chr9:132719639|132757237	chr9	132719639	132757237	exon	GBM primary
chrX:31164408|31165635	chrX	31164408	31165635	exon	GBM primary
chrX:76854880|76856033	chrX	76854880	76856033	exon	GBM primary
chrX:76907604|76920267	chrX	76907604	76920267	exon	GBM primary
chrX:119063979|119066179	chrX	119063979	119066179	exon	GBM primary
chrX:130883334|130918067	chrX	130883334	130918067	exon	GBM primary
chrX:130902577|130919286	chrX	130902577	130919286	exon	GBM primary
chrX:153590347|153590516	chrX	153590347	153590516	exon	GBM primary
chrY:2829115|2829687	chrY	2829115	2829687	exon	GBM primary
chr1:6021854|6029319	chr1	6021854	6029319	exon	GBM primary
chr1:8568686|8674745	chr1	8568686	8674745	exon	GBM primary
chr1:12638746|12639440	chr1	12638746	12639440	exon	GBM primary
chr1:16632298|16641930	chr1	16632298	16641930	exon	GBM primary
chr1:21327692|21415706	chr1	21327692	21415706	exon	GBM primary
chr1:22027991|22030111	chr1	22027991	22030111	exon	GBM primary
chr1:22596003|22596846	chr1	22596003	22596846	intergenic_region	GBM primary
chr1:23735157|23745632	chr1	23735157	23745632	exon	GBM primary
chr1:26584088|26586293	chr1	26584088	26586293	exon	GBM primary
chr1:28785596|28793046	chr1	28785596	28793046	exon	GBM primary
chr1:38355229|38357126	chr1	38355229	38357126	exon	GBM primary
chr1:46527601|46546422	chr1	46527601	46546422	exon	GBM primary
chr1:48771459|48825442	chr1	48771459	48825442	exon	GBM primary
chr1:51860053|51887530	chr1	51860053	51887530	exon	GBM primary
chr1:51868107|51930998	chr1	51868107	51930998	exon	GBM primary
chr1:52279707|52299842	chr1	52279707	52299842	exon	GBM primary
chr1:63021496|63085664	chr1	63021496	63085664	exon	GBM primary
chr1:63269390|63300523	chr1	63269390	63300523	exon	GBM primary
chr1:65952075|65964453	chr1	65952075	65964453	intron	GBM primary
chr1:67306152|67371058	chr1	67306152	67371058	exon	GBM primary
chr1:70736539|70781249	chr1	70736539	70781249	exon	GBM primary
chr1:93029199|93073284	chr1	93029199	93073284	exon	GBM primary
chr1:103444938|103455127	chr1	103444938	103455127	exon	GBM primary
chr1:111690264|111703918	chr1	111690264	111703918	exon	GBM primary
chr1:113124614|113140708	chr1	113124614	113140708	exon	GBM primary
chr1:115005726|115006178	chr1	115005726	115006178	exon	GBM primary
chr1:154142876|154148724	chr1	154142876	154148724	exon	GBM primary
chr1:155311727|155316260	chr1	155311727	155316260	exon	GBM primary
chr1:155631098|155743001	chr1	155631098	155743001	intergenic_region	GBM primary
chr1:155737216|155743001	chr1	155737216	155743001	exon	GBM primary
chr1:156286957|156287338	chr1	156286957	156287338	exon	GBM primary
chr1:161161594|161161854	chr1	161161594	161161854	intron	GBM primary
chr1:161816239|161833102	chr1	161816239	161833102	exon	GBM primary
chr1:167921038|167944253	chr1	167921038	167944253	exon	GBM primary
chr1:172520652|172539870	chr1	172520652	172539870	exon	GBM primary
chr1:173833395|173833842	chr1	173833395	173833842	exon	GBM primary
chr1:179316735|179319566	chr1	179316735	179319566	exon	GBM primary
chr1:179460673|179462086	chr1	179460673	179462086	exon	GBM primary
chr1:180366651|180382606	chr1	180366651	180382606	exon	GBM primary
chr1:185143504|185144245	chr1	185143504	185144245	exon	GBM primary
chr1:186359843|186360923	chr1	186359843	186360923	exon	GBM primary
chr1:193172925|193205486	chr1	193172925	193205486	exon	GBM primary
chr1:197141290|197161029	chr1	197141290	197161029	exon	GBM primary
chr1:207753585|207868096	chr1	207753585	207868096	intergenic_region	GBM primary
chr1:211256122|211280719	chr1	211256122	211280719	exon	GBM primary
chr1:220178590|220180680	chr1	220178590	220180680	exon	GBM primary
chr1:222889026|222897506	chr1	222889026	222897506	exon	GBM primary
chr1:223005549|223024444	chr1	223005549	223024444	intron	GBM primary
chr1:231500073|231509845	chr1	231500073	231509845	exon	GBM primary
chr1:235409735|235424067	chr1	235409735	235424067	exon	GBM primary
chr1:243493842|243589860	chr1	243493842	243589860	exon	GBM primary
chr1:243858893|244006584	chr1	243858893	244006584	exon	GBM primary
chr1:243977294|243979043	chr1	243977294	243979043	intron	GBM primary
chr1:244572014|244587689	chr1	244572014	244587689	exon	GBM primary
chr1:246350045|246357265	chr1	246350045	246357265	intron	GBM primary
chr10:309144|309598	chr10	309144	309598	intergenic_region	GBM primary
chr10:3207605|3208572	chr10	3207605	3208572	exon	GBM primary
chr10:13158267|13178897	chr10	13158267	13178897	exon	GBM primary
chr10:28861648|28863171	chr10	28861648	28863171	intron	GBM primary
chr10:31644073|31647262	chr10	31644073	31647262	exon	GBM primary
chr10:34620045|34649187	chr10	34620045	34649187	exon	GBM primary
chr10:45554835|45587916	chr10	45554835	45587916	intron	GBM primary
chr10:64948928|64949206	chr10	64948928	64949206	exon	GBM primary
chr10:65140078|65164725	chr10	65140078	65164725	intron	GBM primary
chr10:69726440|69773943	chr10	69726440	69773943	exon	GBM primary
chr10:75056800|75118768	chr10	75056800	75118768	intergenic_region	GBM primary
chr10:89527430|89536184	chr10	89527430	89536184	exon	GBM primary
chr10:97709653|97787146	chr10	97709653	97787146	exon	GBM primary
chr10:102678141|102706893	chr10	102678141	102706893	exon	GBM primary
chr10:103552596|103573363	chr10	103552596	103573363	exon	GBM primary
chr10:121421870|121422242	chr10	121421870	121422242	intron	GBM primary
chr10:126628943|126631876	chr10	126628943	126631876	intergenic_region	GBM primary
chr11:3756421|3774638	chr11	3756421	3774638	exon	GBM primary
chr11:9735013|9754257	chr11	9735013	9754257	exon	GBM primary
chr11:10174019|10215011	chr11	10174019	10215011	intron	GBM primary
chr11:12427413|12428312	chr11	12427413	12428312	intron	GBM primary
chr11:14874220|14902314	chr11	14874220	14902314	intergenic_region	GBM primary
chr11:16036488|16077447	chr11	16036488	16077447	exon	GBM primary
chr11:16205432|16362798	chr11	16205432	16362798	exon	GBM primary
chr11:18422384|18425358	chr11	18422384	18425358	exon	GBM primary
chr11:19854030|19914140	chr11	19854030	19914140	exon	GBM primary
chr11:60899892|60906307	chr11	60899892	60906307	exon	GBM primary
chr11:63436550|63436788	chr11	63436550	63436788	intron	GBM primary
chr11:63961661|63965446	chr11	63961661	63965446	exon	GBM primary
chr11:72009820|72135569	chr11	72009820	72135569	intron	GBM primary
chr11:72291930|72292523	chr11	72291930	72292523	exon	GBM primary
chr11:73914773|73915490	chr11	73914773	73915490	exon	GBM primary
chr11:74570203|74574066	chr11	74570203	74574066	exon	GBM primary
chr11:77830228|77832220	chr11	77830228	77832220	exon	GBM primary
chr11:78180293|78204241	chr11	78180293	78204241	exon	GBM primary
chr11:85714409|85742653	chr11	85714409	85742653	exon	GBM primary
chr11:92042770|92088570	chr11	92042770	92088570	intergenic_region	GBM primary
chr11:111907997|111914257	chr11	111907997	111914257	exon	GBM primary
chr11:113000386|113001251	chr11	113000386	113001251	intron	GBM primary
chr11:120347370|120348235	chr11	120347370	120348235	exon	GBM primary
chr11:128963516|129034322	chr11	128963516	129034322	exon	GBM primary
chr12:1399018|1517413	chr12	1399018	1517413	exon	GBM primary
chr12:9231840|9244025	chr12	9231840	9244025	exon	GBM primary
chr12:9758949|9775032	chr12	9758949	9775032	exon	GBM primary
chr12:19615444|19646920	chr12	19615444	19646920	exon	GBM primary
chr12:22635491|22666313	chr12	22635491	22666313	exon	GBM primary
chr12:27132717|27143560	chr12	27132717	27143560	exon	GBM primary
chr12:28408514|28412375	chr12	28408514	28412375	exon	GBM primary
chr12:30881582|30904067	chr12	30881582	30904067	exon	GBM primary
chr12:49890308|49893988	chr12	49890308	49893988	intron	GBM primary
chr12:50821545|50831621	chr12	50821545	50831621	exon	GBM primary
chr12:50829271|50847455	chr12	50829271	50847455	exon	GBM primary
chr12:64011084|64041145	chr12	64011084	64041145	exon	GBM primary
chr12:69109407|69119576	chr12	69109407	69119576	exon	GBM primary
chr12:90020231|90024422	chr12	90020231	90024422	exon	GBM primary
chr12:92658485|92666392	chr12	92658485	92666392	intron	GBM primary
chr12:104376577|104379506	chr12	104376577	104379506	exon	GBM primary
chr12:110778464|110780253	chr12	110778464	110780253	exon	GBM primary
chr12:112096540|112097149	chr12	112096540	112097149	exon	GBM primary
chr12:112884080|112894702	chr12	112884080	112894702	intron	GBM primary
chr12:122995656|122999774	chr12	122995656	122999774	exon	GBM primary
chr13:20425495|20426330	chr13	20425495	20426330	exon	GBM primary
chr13:31204972|31205611	chr13	31204972	31205611	exon	GBM primary
chr13:38624906|38647113	chr13	38624906	38647113	intergenic_region	GBM primary
chr13:41482295|41488241	chr13	41482295	41488241	exon	GBM primary
chr13:42439872|42486304	chr13	42439872	42486304	exon	GBM primary
chr13:45953330|45953470	chr13	45953330	45953470	exon	GBM primary
chr13:48830313|48832372	chr13	48830313	48832372	exon	GBM primary
chr13:51501543|51509135	chr13	51501543	51509135	exon	GBM primary
chr13:74518118|74569190	chr13	74518118	74569190	exon	GBM primary
chr13:96515883|96519677	chr13	96515883	96519677	exon	GBM primary
chr13:96637493|96648389	chr13	96637493	96648389	exon	GBM primary
chr14:31380983|31425448	chr14	31380983	31425448	exon	GBM primary
chr14:31388172|31425448	chr14	31388172	31425448	exon	GBM primary
chr14:35269430|35272194	chr14	35269430	35272194	exon	GBM primary
chr14:36103780|36194359	chr14	36103780	36194359	exon	GBM primary
chr14:58690340|58690574	chr14	58690340	58690574	exon	GBM primary
chr14:71540262|71556059	chr14	71540262	71556059	exon	GBM primary
chr14:71979460|72090953	chr14	71979460	72090953	exon	GBM primary
chr14:73181131|73198642	chr14	73181131	73198642	exon	GBM primary
chr14:89220856|89233211	chr14	89220856	89233211	intron	GBM primary
chr14:89319315|89327676	chr14	89319315	89327676	exon	GBM primary
chr14:90449458|90451554	chr14	90449458	90451554	exon	GBM primary
chr14:92559596|92563182	chr14	92559596	92563182	exon	GBM primary
chr14:96970813|96974448	chr14	96970813	96974448	intron	GBM primary
chr14:101426419|101427631	chr14	101426419	101427631	intron	GBM primary
chr15:25207261|25213229	chr15	25207261	25213229	exon	GBM primary
chr15:25284858|25285994	chr15	25284858	25285994	intron	GBM primary
chr15:41961026|42005694	chr15	41961026	42005694	exon	GBM primary
chr15:41988273|41989221	chr15	41988273	41989221	exon	GBM primary
chr15:41988273|42005694	chr15	41988273	42005694	exon	GBM primary
chr15:41999926|42003547	chr15	41999926	42003547	exon	GBM primary
chr15:43037968|43038455	chr15	43037968	43038455	exon	GBM primary
chr15:43102812|43132631	chr15	43102812	43132631	exon	GBM primary
chr15:44048847|44055404	chr15	44048847	44055404	exon	GBM primary
chr15:44789225|44796048	chr15	44789225	44796048	exon	GBM primary
chr15:44887457|44889141	chr15	44887457	44889141	exon	GBM primary
chr15:50757244|50763992	chr15	50757244	50763992	exon	GBM primary
chr15:50763830|50769696	chr15	50763830	50769696	exon	GBM primary
chr15:55516087|55527154	chr15	55516087	55527154	exon	GBM primary
chr15:63506188|63506585	chr15	63506188	63506585	intron	GBM primary
chr15:64004974|64008672	chr15	64004974	64008672	exon	GBM primary
chr15:65152093|65157427	chr15	65152093	65157427	exon	GBM primary
chr15:65194720|65194891	chr15	65194720	65194891	intron	GBM primary
chr15:65962117|65962526	chr15	65962117	65962526	exon	GBM primary
chr15:67984817|67995746	chr15	67984817	67995746	exon	GBM primary
chr15:68434284|68466230	chr15	68434284	68466230	exon	GBM primary
chr15:79735260|79737438	chr15	79735260	79737438	intron	GBM primary
chr15:88669502|88680792	chr15	88669502	88680792	exon	GBM primary
chr15:90760671|90764997	chr15	90760671	90764997	exon	GBM primary
chr15:93467551|93518180	chr15	93467551	93518180	exon	GBM primary
chr15:101104893|101105470	chr15	101104893	101105470	intron	GBM primary
chr16:10513438|10567846	chr16	10513438	10567846	exon	GBM primary
chr16:15709687|15716983	chr16	15709687	15716983	exon	GBM primary
chr16:15967348|15978062	chr16	15967348	15978062	exon	GBM primary
chr16:22260076|22262643	chr16	22260076	22262643	exon	GBM primary
chr16:46940754|46943839	chr16	46940754	46943839	exon	GBM primary
chr16:53307538|53308214	chr16	53307538	53308214	exon	GBM primary
chr16:66764015|66766408	chr16	66764015	66766408	exon	GBM primary
chr16:71512131|71516046	chr16	71512131	71516046	exon	GBM primary
chr17:1264386|1265302	chr17	1264386	1265302	exon	GBM primary
chr17:29585362|29592357	chr17	29585362	29592357	exon	GBM primary
chr17:30500850|30502381	chr17	30500850	30502381	exon	GBM primary
chr17:37373063|37374426	chr17	37373063	37374426	exon	GBM primary
chr17:41197679|41209152	chr17	41197679	41209152	exon	GBM primary
chr17:52990027|53024673	chr17	52990027	53024673	exon	GBM primary
chr17:53150261|53158544	chr17	53150261	53158544	exon	GBM primary
chr17:57274905|57275150	chr17	57274905	57275150	exon	GBM primary
chr17:59155694|59161925	chr17	59155694	59161925	exon	GBM primary
chr17:64049854|64066119	chr17	64049854	64066119	exon	GBM primary
chr17:75086184|75088126	chr17	75086184	75088126	intron	GBM primary
chr17:76075476|76079247	chr17	76075476	76079247	exon	GBM primary
chr18:8076453|8143777	chr18	8076453	8143777	exon	GBM primary
chr18:12999420|13008630	chr18	12999420	13008630	exon	GBM primary
chr18:13048858|13059311	chr18	13048858	13059311	exon	GBM primary
chr18:44617545|44623775	chr18	44617545	44623775	intron	GBM primary
chr18:45368222|45423180	chr18	45368222	45423180	exon	GBM primary
chr18:46855943|46860223	chr18	46855943	46860223	exon	GBM primary
chr18:55833020|55919286	chr18	55833020	55919286	exon	GBM primary
chr18:59739906|59763183	chr18	59739906	59763183	exon	GBM primary
chr18:68153481|68199023	chr18	68153481	68199023	intergenic_region	GBM primary
chr19:3965539|3965772	chr19	3965539	3965772	intron	GBM primary
chr19:5047487|5082515	chr19	5047487	5082515	exon	GBM primary
chr19:9768685|9771550	chr19	9768685	9771550	exon	GBM primary
chr19:11941432|12087979	chr19	11941432	12087979	intergenic_region	GBM primary
chr19:13441058|13445307	chr19	13441058	13445307	exon	GBM primary
chr19:24288742|24310982	chr19	24288742	24310982	exon	GBM primary
chr19:33378658|33409245	chr19	33378658	33409245	exon	GBM primary
chr19:34941170|34955036	chr19	34941170	34955036	exon	GBM primary
chr19:38609946|38610522	chr19	38609946	38610522	exon	GBM primary
chr19:44605286|44622467	chr19	44605286	44622467	intergenic_region	GBM primary
chr19:48180861|48181467	chr19	48180861	48181467	intron	GBM primary
chr19:48288334|48289115	chr19	48288334	48289115	intergenic_region	GBM primary
chr19:53945049|53949590	chr19	53945049	53949590	intron	GBM primary
chr19:54065338|54067569	chr19	54065338	54067569	intron	GBM primary
chr2:10931921|10933328	chr2	10931921	10933328	exon	GBM primary
chr2:24042617|24046439	chr2	24042617	24046439	exon	GBM primary
chr2:24362240|24369956	chr2	24362240	24369956	exon	GBM primary
chr2:26502862|26508439	chr2	26502862	26508439	exon	GBM primary
chr2:26644156|26654874	chr2	26644156	26654874	exon	GBM primary
chr2:37329066|37331275	chr2	37329066	37331275	exon	GBM primary
chr2:48701822|48718309	chr2	48701822	48718309	exon	GBM primary
chr2:54097798|54100162	chr2	54097798	54100162	intron	GBM primary
chr2:61706510|61706810	chr2	61706510	61706810	intron	GBM primary
chr2:61710092|61720188	chr2	61710092	61720188	exon	GBM primary
chr2:61712903|61717911	chr2	61712903	61717911	exon	GBM primary
chr2:66573285|66580690	chr2	66573285	66580690	intergenic_region	GBM primary
chr2:68740212|68772444	chr2	68740212	68772444	exon	GBM primary
chr2:69575303|69590802	chr2	69575303	69590802	exon	GBM primary
chr2:69769655|69771676	chr2	69769655	69771676	exon	GBM primary
chr2:97864200|97870000	chr2	97864200	97870000	exon	GBM primary
chr2:99802640|99812219	chr2	99802640	99812219	exon	GBM primary
chr2:114486978|114501371	chr2	114486978	114501371	exon	GBM primary
chr2:128747138|128747440	chr2	128747138	128747440	exon	GBM primary
chr2:128750761|128754065	chr2	128750761	128754065	exon	GBM primary
chr2:133486389|133489624	chr2	133486389	133489624	exon	GBM primary
chr2:136360070|136374327	chr2	136360070	136374327	exon	GBM primary
chr2:159857592|159922483	chr2	159857592	159922483	exon	GBM primary
chr2:171862657|171871458	chr2	171862657	171871458	exon	GBM primary
chr2:173435454|173460751	chr2	173435454	173460751	exon	GBM primary
chr2:200173483|200298237	chr2	200173483	200298237	exon	GBM primary
chr2:200233328|200246543	chr2	200233328	200246543	exon	GBM primary
chr2:201873696|201888762	chr2	201873696	201888762	exon	GBM primary
chr2:201997752|202014558	chr2	201997752	202014558	exon	GBM primary
chr2:203147074|203152447	chr2	203147074	203152447	exon	GBM primary
chr2:203620261|203624076	chr2	203620261	203624076	exon	GBM primary
chr2:209176960|209185083	chr2	209176960	209185083	exon	GBM primary
chr2:211018219|211020128	chr2	211018219	211020128	intron	GBM primary
chr2:218290025|218343281	chr2	218290025	218343281	exon	GBM primary
chr2:218297646|218298839	chr2	218297646	218298839	exon	GBM primary
chr2:224862832|224866639	chr2	224862832	224866639	exon	GBM primary
chr2:225781412|225796385	chr2	225781412	225796385	exon	GBM primary
chr2:231314276|231371160	chr2	231314276	231371160	exon	GBM primary
chr2:236706403|236715975	chr2	236706403	236715975	exon	GBM primary
chr2:242283167|242287606	chr2	242283167	242287606	exon	GBM primary
chr20:13561544|13568017	chr20	13561544	13568017	exon	GBM primary
chr20:18523663|18531819	chr20	18523663	18531819	exon	GBM primary
chr20:34099192|34099895	chr20	34099192	34099895	exon	GBM primary
chr20:34450935|34459751	chr20	34450935	34459751	exon	GBM primary
chr20:35315895|35317187	chr20	35315895	35317187	exon	GBM primary
chr20:46365447|46386207	chr20	46365447	46386207	exon	GBM primary
chr20:55745697|55758975	chr20	55745697	55758975	exon	GBM primary
chr21:34787195|34793992	chr21	34787195	34793992	exon	GBM primary
chr21:34799191|34805178	chr21	34799191	34805178	exon	GBM primary
chr21:35138179|35144627	chr21	35138179	35144627	exon	GBM primary
chr21:38480692|38519903	chr21	38480692	38519903	exon	GBM primary
chr21:40585407|40597123	chr21	40585407	40597123	exon	GBM primary
chr21:40590078|40590586	chr21	40590078	40590586	exon	GBM primary
chr21:42598193|42629253	chr21	42598193	42629253	exon	GBM primary
chr22:29240115|29242500	chr22	29240115	29242500	intron	GBM primary
chr22:40825610|40831558	chr22	40825610	40831558	exon	GBM primary
chr22:40948110|40990739	chr22	40948110	40990739	exon	GBM primary
chr22:41173044|41195087	chr22	41173044	41195087	exon	GBM primary
chr22:41660668|41677086	chr22	41660668	41677086	exon	GBM primary
chr22:44513850|44515020	chr22	44513850	44515020	intron	GBM primary
chr3:3197903|3215945	chr3	3197903	3215945	exon	GBM primary
chr3:17413567|17425507	chr3	17413567	17425507	exon	GBM primary
chr3:20012040|20019895	chr3	20012040	20019895	exon	GBM primary
chr3:41973336|41979689	chr3	41973336	41979689	exon	GBM primary
chr3:47721927|47734790	chr3	47721927	47734790	exon	GBM primary
chr3:81627076|81692141	chr3	81627076	81692141	exon	GBM primary
chr3:97631011|97634580	chr3	97631011	97634580	exon	GBM primary
chr3:98568305|98600611	chr3	98568305	98600611	exon	GBM primary
chr3:101525897|101535845	chr3	101525897	101535845	exon	GBM primary
chr3:112968569|112969680	chr3	112968569	112969680	exon	GBM primary
chr3:113737525|113765579	chr3	113737525	113765579	exon	GBM primary
chr3:119222379|119232566	chr3	119222379	119232566	exon	GBM primary
chr3:122942406|122978436	chr3	122942406	122978436	exon	GBM primary
chr3:125279223|125298884	chr3	125279223	125298884	exon	GBM primary
chr3:126360875|126366139	chr3	126360875	126366139	exon	GBM primary
chr3:129585853|129599405	chr3	129585853	129599405	exon	GBM primary
chr3:129684544|129690951	chr3	129684544	129690951	intergenic_region	GBM primary
chr3:130881252|130962340	chr3	130881252	130962340	exon	GBM primary
chr3:133901846|133914026	chr3	133901846	133914026	exon	GBM primary
chr3:136183723|136221621	chr3	136183723	136221621	exon	GBM primary
chr3:138413628|138417937	chr3	138413628	138417937	exon	GBM primary
chr3:167761167|167766153	chr3	167761167	167766153	exon	GBM primary
chr3:171360630|171417616	chr3	171360630	171417616	exon	GBM primary
chr3:171830242|171944737	chr3	171830242	171944737	exon	GBM primary
chr3:171830242|171969331	chr3	171830242	171969331	exon	GBM primary
chr3:179131200|179144030	chr3	179131200	179144030	exon	GBM primary
chr3:182538048|182547540	chr3	182538048	182547540	exon	GBM primary
chr3:185638892|185639914	chr3	185638892	185639914	exon	GBM primary
chr3:186652310|186652587	chr3	186652310	186652587	intron	GBM primary
chr3:195016437|195022903	chr3	195016437	195022903	exon	GBM primary
chr3:195800801|195803993	chr3	195800801	195803993	exon	GBM primary
chr3:196449286|196460686	chr3	196449286	196460686	exon	GBM primary
chr3:197592294|197593090	chr3	197592294	197593090	exon	GBM primary
chr4:4281174|4283624	chr4	4281174	4283624	exon	GBM primary
chr4:15569266|15569581	chr4	15569266	15569581	intron	GBM primary
chr4:42487513|42546003	chr4	42487513	42546003	exon	GBM primary
chr4:43806278|43810124	chr4	43806278	43810124	intergenic_region	GBM primary
chr4:47514521|47517687	chr4	47514521	47517687	exon	GBM primary
chr4:54280782|54310270	chr4	54280782	54310270	exon	GBM primary
chr4:68586140|68595888	chr4	68586140	68595888	exon	GBM primary
chr4:83791478|83803093	chr4	83791478	83803093	exon	GBM primary
chr4:85630062|85642725	chr4	85630062	85642725	exon	GBM primary
chr4:85800559|85853516	chr4	85800559	85853516	exon	GBM primary
chr4:87679413|87689129	chr4	87679413	87689129	exon	GBM primary
chr4:87869650|87968746	chr4	87869650	87968746	exon	GBM primary
chr4:88099629|88116842	chr4	88099629	88116842	exon	GBM primary
chr4:103644028|103651893	chr4	103644028	103651893	intron	GBM primary
chr4:107016639|107133992	chr4	107016639	107133992	exon	GBM primary
chr4:108603171|108615162	chr4	108603171	108615162	exon	GBM primary
chr4:114452372|114469885	chr4	114452372	114469885	exon	GBM primary
chr4:128842679|128861152	chr4	128842679	128861152	exon	GBM primary
chr4:144336630|144390430	chr4	144336630	144390430	exon	GBM primary
chr4:144922338|145040934	chr4	144922338	145040934	intron	GBM primary
chr4:148447444|148461059	chr4	148447444	148461059	intron	GBM primary
chr4:151682935|151738409	chr4	151682935	151738409	exon	GBM primary
chr4:151719233|151729550	chr4	151719233	151729550	exon	GBM primary
chr4:152053483|152056284	chr4	152053483	152056284	exon	GBM primary
chr4:152336876|152403800	chr4	152336876	152403800	intron	GBM primary
chr4:154315414|154395040	chr4	154315414	154395040	intergenic_region	GBM primary
chr4:160159961|160164943	chr4	160159961	160164943	exon	GBM primary
chr4:186295289|186296880	chr4	186295289	186296880	exon	GBM primary
chr5:7626280|7626429	chr5	7626280	7626429	exon	GBM primary
chr5:11199560|11236935	chr5	11199560	11236935	exon	GBM primary
chr5:40764616|40777688	chr5	40764616	40777688	exon	GBM primary
chr5:53839009|53843428	chr5	53839009	53843428	intergenic_region	GBM primary
chr5:72157635|72189530	chr5	72157635	72189530	exon	GBM primary
chr5:77385217|77425131	chr5	77385217	77425131	exon	GBM primary
chr5:81484418|81486644	chr5	81484418	81486644	intron	GBM primary
chr5:87577859|87588700	chr5	87577859	87588700	intron	GBM primary
chr5:95091100|95119667	chr5	95091100	95119667	exon	GBM primary
chr5:98209297|98215432	chr5	98209297	98215432	exon	GBM primary
chr5:102262289|102355547	chr5	102262289	102355547	exon	GBM primary
chr5:109940810|109963581	chr5	109940810	109963581	exon	GBM primary
chr5:118433674|118437701	chr5	118433674	118437701	exon	GBM primary
chr5:122137564|122139308	chr5	122137564	122139308	exon	GBM primary
chr5:123920524|124036962	chr5	123920524	124036962	intergenic_region	GBM primary
chr5:125903951|125906551	chr5	125903951	125906551	exon	GBM primary
chr5:137762664|137766114	chr5	137762664	137766114	exon	GBM primary
chr5:148753667|148754455	chr5	148753667	148754455	intron	GBM primary
chr5:179743341|179763577	chr5	179743341	179763577	exon	GBM primary
chr6:592469|599225	chr6	592469	599225	exon	GBM primary
chr6:15651544|15660752	chr6	15651544	15660752	exon	GBM primary
chr6:16403913|16409524	chr6	16403913	16409524	intron	GBM primary
chr6:21125811|21171538	chr6	21125811	21171538	intron	GBM primary
chr6:29989444|30003760	chr6	29989444	30003760	exon	GBM primary
chr6:34262016|34262290	chr6	34262016	34262290	intron	GBM primary
chr6:71242863|71248104	chr6	71242863	71248104	exon	GBM primary
chr6:80198801|80203467	chr6	80198801	80203467	exon	GBM primary
chr6:84880016|84887364	chr6	84880016	84887364	intron	GBM primary
chr6:87923049|87928403	chr6	87923049	87928403	intron	GBM primary
chr6:101163338|101173579	chr6	101163338	101173579	exon	GBM primary
chr6:106727536|106756366	chr6	106727536	106756366	exon	GBM primary
chr6:149997396|149999881	chr6	149997396	149999881	intron	GBM primary
chr6:150059779|150063706	chr6	150059779	150063706	exon	GBM primary
chr6:160875256|160899720	chr6	160875256	160899720	exon	GBM primary
chr7:5680785|5681007	chr7	5680785	5681007	exon	GBM primary
chr7:5778907|5781275	chr7	5778907	5781275	exon	GBM primary
chr7:14712554|14741355	chr7	14712554	14741355	exon	GBM primary
chr7:16415717|16445962	chr7	16415717	16445962	exon	GBM primary
chr7:32582753|32599076	chr7	32582753	32599076	exon	GBM primary
chr7:32872620|32874531	chr7	32872620	32874531	intron	GBM primary
chr7:33397467|33573788	chr7	33397467	33573788	exon	GBM primary
chr7:35925438|35937993	chr7	35925438	35937993	exon	GBM primary
chr7:47520701|47568745	chr7	47520701	47568745	exon	GBM primary
chr7:48443280|48467468	chr7	48443280	48467468	exon	GBM primary
chr7:48450117|48452180	chr7	48450117	48452180	exon	GBM primary
chr7:50358644|50367353	chr7	50358644	50367353	exon	GBM primary
chr7:65751498|65821858	chr7	65751498	65821858	exon	GBM primary
chr7:77210744|77221573	chr7	77210744	77221573	exon	GBM primary
chr7:99818383|99950746	chr7	99818383	99950746	intergenic_region	GBM primary
chr7:102960056|102963241	chr7	102960056	102963241	exon	GBM primary
chr7:104645765|104649656	chr7	104645765	104649656	intron	GBM primary
chr7:107569509|107572822	chr7	107569509	107572822	exon	GBM primary
chr7:107864169|107880614	chr7	107864169	107880614	exon	GBM primary
chr7:108039880|108041977	chr7	108039880	108041977	intron	GBM primary
chr7:111484819|111517242	chr7	111484819	111517242	exon	GBM primary
chr7:117361121|117365311	chr7	117361121	117365311	exon	GBM primary
chr7:121832438|121841450	chr7	121832438	121841450	intergenic_region	GBM primary
chr7:128109686|128110069	chr7	128109686	128110069	intron	GBM primary
chr7:128138090|128139540	chr7	128138090	128139540	intron	GBM primary
chr7:129501654|129503754	chr7	129501654	129503754	intron	GBM primary
chr7:131060183|131096142	chr7	131060183	131096142	exon	GBM primary
chr7:135078670|135082978	chr7	135078670	135082978	exon	GBM primary
chr7:137027814|137028051	chr7	137027814	137028051	intron	GBM primary
chr7:139086883|139094400	chr7	139086883	139094400	exon	GBM primary
chr7:143466191|143560889	chr7	143466191	143560889	intergenic_region	GBM primary
chr7:149191295|149317128	chr7	149191295	149317128	intergenic_region	GBM primary
chr7:152007051|152055760	chr7	152007051	152055760	exon	GBM primary
chr7:156616707|156618783	chr7	156616707	156618783	intron	GBM primary
chr7:158672375|158711560	chr7	158672375	158711560	exon	GBM primary
chr8:26265516|26265892	chr8	26265516	26265892	exon	GBM primary
chr8:42202471|42214910	chr8	42202471	42214910	exon	GBM primary
chr8:42716888|42743014	chr8	42716888	42743014	exon	GBM primary
chr8:48307538|48320523	chr8	48307538	48320523	intron	GBM primary
chr8:61693559|61707686	chr8	61693559	61707686	exon	GBM primary
chr8:67484717|67505429	chr8	67484717	67505429	exon	GBM primary
chr8:68030483|68049838	chr8	68030483	68049838	exon	GBM primary
chr8:68178241|68189692	chr8	68178241	68189692	exon	GBM primary
chr8:71495399|71510490	chr8	71495399	71510490	exon	GBM primary
chr8:94798451|94811986	chr8	94798451	94811986	exon	GBM primary
chr8:98067757|98078438	chr8	98067757	98078438	exon	GBM primary
chr8:98725890|98735263	chr8	98725890	98735263	exon	GBM primary
chr8:100146860|100287482	chr8	100146860	100287482	exon	GBM primary
chr8:101083597|101105737	chr8	101083597	101105737	exon	GBM primary
chr8:125332327|125339662	chr8	125332327	125339662	exon	GBM primary
chr8:125524589|125525265	chr8	125524589	125525265	intron	GBM primary
chr8:141710990|141712806	chr8	141710990	141712806	exon	GBM primary
chr9:271627|289581	chr9	271627	289581	exon	GBM primary
chr9:4823548|4827033	chr9	4823548	4827033	exon	GBM primary
chr9:14112998|14120623	chr9	14112998	14120623	exon	GBM primary
chr9:14146688|14180865	chr9	14146688	14180865	intron	GBM primary
chr9:19356970|19358158	chr9	19356970	19358158	exon	GBM primary
chr9:20907149|20933131	chr9	20907149	20933131	intron	GBM primary
chr9:87338488|87342874	chr9	87338488	87342874	exon	GBM primary
chr9:94174307|94176595	chr9	94174307	94176595	intron	GBM primary
chr9:96238538|96261168	chr9	96238538	96261168	exon	GBM primary
chr9:97101118|97200810	chr9	97101118	97200810	intergenic_region	GBM primary
chr9:98732858|98740497	chr9	98732858	98740497	exon	GBM primary
chr9:98740343|98742148	chr9	98740343	98742148	intron	GBM primary
chr9:99083280|99086451	chr9	99083280	99086451	exon	GBM primary
chr9:99220661|99246915	chr9	99220661	99246915	exon	GBM primary
chr9:100444482|100447322	chr9	100444482	100447322	exon	GBM primary
chr9:100756913|100760960	chr9	100756913	100760960	exon	GBM primary
chr9:102318325|102425322	chr9	102318325	102425322	intergenic_region	GBM primary
chr9:107610819|107612512	chr9	107610819	107612512	intron	GBM primary
chr9:109734286|109765707	chr9	109734286	109765707	exon	GBM primary
chr9:114676885|114678116	chr9	114676885	114678116	exon	GBM primary
chrX:1482484|1482804	chrX	1482484	1482804	intron	GBM primary
chrX:67331696|67417106	chrX	67331696	67417106	exon	GBM primary
chrX:72797243|72804408	chrX	72797243	72804408	exon	GBM primary
chrX:109263580|109268798	chrX	109263580	109268798	intron	GBM primary
chrX:117900493|117910474	chrX	117900493	117910474	exon	GBM primary
chrX:119418982|119427906	chrX	119418982	119427906	exon	GBM primary
chrX:140803164|140810054	chrX	140803164	140810054	intergenic_region	GBM primary
chrX:154018229|154020560	chrX	154018229	154020560	exon	GBM primary
chrY:15021271|15024974	chrY	15021271	15024974	exon	GBM primary
chr1:1747195|1784736	chr1	1747195	1784736	intron	GBM primary
chr1:10195046|10197263	chr1	10195046	10197263	exon	GBM primary
chr1:14042036|14068652	chr1	14042036	14068652	exon	GBM primary
chr1:16902762|16914292	chr1	16902762	16914292	exon	GBM primary
chr1:24987210|24996806	chr1	24987210	24996806	exon	GBM primary
chr1:25172285|25173598	chr1	25172285	25173598	intergenic_region	GBM primary
chr1:40319642|40323089	chr1	40319642	40323089	exon	GBM primary
chr1:40529899|40530231	chr1	40529899	40530231	exon	GBM primary
chr1:45553553|45553909	chr1	45553553	45553909	exon	GBM primary
chr1:51001041|51050483	chr1	51001041	51050483	exon	GBM primary
chr1:51001041|51061888	chr1	51001041	51061888	exon	GBM primary
chr1:51871577|51874004	chr1	51871577	51874004	exon	GBM primary
chr1:59787208|59922748	chr1	59787208	59922748	exon	GBM primary
chr1:78097520|78107340	chr1	78097520	78107340	intron	GBM primary
chr1:91808987|91851391	chr1	91808987	91851391	exon	GBM primary
chr1:92554255|92595333	chr1	92554255	92595333	exon	GBM primary
chr1:94953098|94956803	chr1	94953098	94956803	exon	GBM primary
chr1:97235259|97236407	chr1	97235259	97236407	exon	GBM primary
chr1:100661770|100672192	chr1	100661770	100672192	exon	GBM primary
chr1:109428129|109472597	chr1	109428129	109472597	exon	GBM primary
chr1:109439486|109446876	chr1	109439486	109446876	exon	GBM primary
chr1:109896989|109912211	chr1	109896989	109912211	exon	GBM primary
chr1:111690264|111717585	chr1	111690264	111717585	exon	GBM primary
chr1:145594039|145595220	chr1	145594039	145595220	exon	GBM primary
chr1:154223517|154224129	chr1	154223517	154224129	exon	GBM primary
chr1:155283911|155285753	chr1	155283911	155285753	intron	GBM primary
chr1:155740858|155743001	chr1	155740858	155743001	exon	GBM primary
chr1:167301707|167307495	chr1	167301707	167307495	exon	GBM primary
chr1:180047598|180049796	chr1	180047598	180049796	exon	GBM primary
chr1:184559873|184588764	chr1	184559873	184588764	exon	GBM primary
chr1:212216335|212220759	chr1	212216335	212220759	exon	GBM primary
chr1:224592132|224612356	chr1	224592132	224612356	exon	GBM primary
chr1:229586272|229601266	chr1	229586272	229601266	exon	GBM primary
chr1:232649603|232669329	chr1	232649603	232669329	intron	GBM primary
chr1:236969444|236979843	chr1	236969444	236979843	exon	GBM primary
chr1:242013711|242048809	chr1	242013711	242048809	exon	GBM primary
chr1:243468015|243493994	chr1	243468015	243493994	exon	GBM primary
chr1:243708812|243828185	chr1	243708812	243828185	exon	GBM primary
chr1:243828074|243859018	chr1	243828074	243859018	exon	GBM primary
chr1:245460553|245461283	chr1	245460553	245461283	intron	GBM primary
chr10:27349274|27350171	chr10	27349274	27350171	exon	GBM primary
chr10:27453993|27454468	chr10	27453993	27454468	exon	GBM primary
chr10:64966355|64968995	chr10	64966355	64968995	exon	GBM primary
chr10:65089978|65093043	chr10	65089978	65093043	intron	GBM primary
chr10:65208211|65208617	chr10	65208211	65208617	intron	GBM primary
chr10:94653106|94659401	chr10	94653106	94659401	exon	GBM primary
chr10:99925835|99926517	chr10	99925835	99926517	intron	GBM primary
chr11:678323|681213	chr11	678323	681213	intron	GBM primary
chr11:8158925|8174970	chr11	8158925	8174970	exon	GBM primary
chr11:9215041|9229179	chr11	9215041	9229179	exon	GBM primary
chr11:16068060|16119234	chr11	16068060	16119234	exon	GBM primary
chr11:16068060|16133472	chr11	16068060	16133472	intron	GBM primary
chr11:16068060|16208501	chr11	16068060	16208501	exon	GBM primary
chr11:16205432|16256217	chr11	16205432	16256217	exon	GBM primary
chr11:16362558|16362798	chr11	16362558	16362798	exon	GBM primary
chr11:18305342|18307006	chr11	18305342	18307006	exon	GBM primary
chr11:34107611|34107960	chr11	34107611	34107960	exon	GBM primary
chr11:46088008|46105853	chr11	46088008	46105853	intron	GBM primary
chr11:65198240|65211534	chr11	65198240	65211534	exon	GBM primary
chr11:65269792|65271829	chr11	65269792	65271829	exon	GBM primary
chr11:66589114|66595835	chr11	66589114	66595835	exon	GBM primary
chr11:66947550|66975159	chr11	66947550	66975159	exon	GBM primary
chr11:73843889|73844602	chr11	73843889	73844602	exon	GBM primary
chr11:85685751|85693046	chr11	85685751	85693046	exon	GBM primary
chr11:85692172|85742653	chr11	85692172	85742653	exon	GBM primary
chr11:89088130|89135710	chr11	89088130	89135710	exon	GBM primary
chr11:93429486|93433352	chr11	93429486	93433352	exon	GBM primary
chr11:94733565|94761679	chr11	94733565	94761679	intergenic_region	GBM primary
chr11:106810186|106856857	chr11	106810186	106856857	exon	GBM primary
chr11:110118428|110124834	chr11	110118428	110124834	exon	GBM primary
chr11:118425174|118430579	chr11	118425174	118430579	exon	GBM primary
chr12:9716756|9759052	chr12	9716756	9759052	exon	GBM primary
chr12:10539502|10542626	chr12	10539502	10542626	exon	GBM primary
chr12:11273609|11276786	chr12	11273609	11276786	intron	GBM primary
chr12:14599922|14610229	chr12	14599922	14610229	exon	GBM primary
chr12:14609495|14628902	chr12	14609495	14628902	exon	GBM primary
chr12:23908572|24048958	chr12	23908572	24048958	exon	GBM primary
chr12:26217431|26220646	chr12	26217431	26220646	exon	GBM primary
chr12:26589154|26596583	chr12	26589154	26596583	exon	GBM primary
chr12:26748398|26755639	chr12	26748398	26755639	exon	GBM primary
chr12:50821545|50822873	chr12	50821545	50822873	exon	GBM primary
chr12:50821545|50824353	chr12	50821545	50824353	exon	GBM primary
chr12:69120279|69136223	chr12	69120279	69136223	exon	GBM primary
chr12:69155895|69163151	chr12	69155895	69163151	intron	GBM primary
chr12:69214105|69218431	chr12	69214105	69218431	exon	GBM primary
chr12:69218143|69218431	chr12	69218143	69218431	exon	GBM primary
chr12:69222551|69230529	chr12	69222551	69230529	exon	GBM primary
chr12:69222551|69233581	chr12	69222551	69233581	exon	GBM primary
chr12:69644909|69663448	chr12	69644909	69663448	exon	GBM primary
chr12:73357046|73376290	chr12	73357046	73376290	intergenic_region	GBM primary
chr12:83289597|83324324	chr12	83289597	83324324	exon	GBM primary
chr12:93244887|93246801	chr12	93244887	93246801	exon	GBM primary
chr12:109052514|109055934	chr12	109052514	109055934	exon	GBM primary
chr12:111916874|111924628	chr12	111916874	111924628	exon	GBM primary
chr12:112513482|112516545	chr12	112513482	112516545	exon	GBM primary
chr12:118619176|118619412	chr12	118619176	118619412	exon	GBM primary
chr12:122812494|122826244	chr12	122812494	122826244	exon	GBM primary
chr12:123062219|123065217	chr12	123062219	123065217	exon	GBM primary
chr13:20399060|20413125	chr13	20399060	20413125	exon	GBM primary
chr13:24842827|24843762	chr13	24842827	24843762	intron	GBM primary
chr13:25058791|25077915	chr13	25058791	25077915	exon	GBM primary
chr13:35729911|35751240	chr13	35729911	35751240	exon	GBM primary
chr13:48651289|48664554	chr13	48651289	48664554	exon	GBM primary
chr13:50601499|50619368	chr13	50601499	50619368	exon	GBM primary
chr13:77700453|77703365	chr13	77700453	77703365	exon	GBM primary
chr13:80894109|80897986	chr13	80894109	80897986	intergenic_region	GBM primary
chr13:99549742|99556960	chr13	99549742	99556960	exon	GBM primary
chr13:113158346|113181798	chr13	113158346	113181798	exon	GBM primary
chr14:33004760|33069998	chr14	33004760	33069998	exon	GBM primary
chr14:35227910|35231429	chr14	35227910	35231429	exon	GBM primary
chr14:50136242|50141145	chr14	50136242	50141145	exon	GBM primary
chr14:75553721|75555344	chr14	75553721	75555344	exon	GBM primary
chr14:94107491|94112992	chr14	94107491	94112992	exon	GBM primary
chr15:25650608|25667108	chr15	25650608	25667108	exon	GBM primary
chr15:37021106|37029131	chr15	37021106	37029131	intron	GBM primary
chr15:49118231|49169833	chr15	49118231	49169833	exon	GBM primary
chr15:51204275|51223168	chr15	51204275	51223168	exon	GBM primary
chr15:59963382|59964938	chr15	59963382	59964938	exon	GBM primary
chr15:68061940|68065090	chr15	68061940	68065090	exon	GBM primary
chr15:69713986|69714774	chr15	69713986	69714774	exon	GBM primary
chr15:71029083|71029765	chr15	71029083	71029765	intron	GBM primary
chr15:76168528|76175765	chr15	76168528	76175765	exon	GBM primary
chr15:76866499|76958130	chr15	76866499	76958130	exon	GBM primary
chr15:77576225|77578846	chr15	77576225	77578846	exon	GBM primary
chr15:89968343|90001551	chr15	89968343	90001551	intergenic_region	GBM primary
chr15:91524114|91525211	chr15	91524114	91525211	exon	GBM primary
chr15:100692817|100739628	chr15	100692817	100739628	exon	GBM primary
chr16:18809247|18810156	chr16	18809247	18810156	exon	GBM primary
chr16:18826497|18830976	chr16	18826497	18830976	exon	GBM primary
chr16:19627436|19637545	chr16	19627436	19637545	exon	GBM primary
chr16:24762047|24803138	chr16	24762047	24803138	exon	GBM primary
chr16:47497810|47581459	chr16	47497810	47581459	exon	GBM primary
chr16:58608513|58617086	chr16	58608513	58617086	exon	GBM primary
chr16:67070542|67116242	chr16	67070542	67116242	exon	GBM primary
chr17:3717616|3719564	chr17	3717616	3719564	exon	GBM primary
chr17:5378030|5386202	chr17	5378030	5386202	exon	GBM primary
chr17:20107646|20163607	chr17	20107646	20163607	exon	GBM primary
chr17:27248706|27251320	chr17	27248706	27251320	exon	GBM primary
chr17:30625111|30632460	chr17	30625111	30632460	exon	GBM primary
chr17:33310021|33310571	chr17	33310021	33310571	exon	GBM primary
chr17:38547758|38548989	chr17	38547758	38548989	exon	GBM primary
chr17:42501717|42552271	chr17	42501717	42552271	exon	GBM primary
chr17:58012554|58013902	chr17	58012554	58013902	exon	GBM primary
chr17:59853762|59857762	chr17	59853762	59857762	exon	GBM primary
chr17:59858201|59878835	chr17	59858201	59878835	exon	GBM primary
chr17:62557618|62559084	chr17	62557618	62559084	exon	GBM primary
chr17:65162594|65191586	chr17	65162594	65191586	exon	GBM primary
chr17:65576576|65583499	chr17	65576576	65583499	intron	GBM primary
chr17:70216787|70218014	chr17	70216787	70218014	exon	GBM primary
chr17:71231615|71239142	chr17	71231615	71239142	exon	GBM primary
chr17:73946855|73953647	chr17	73946855	73953647	exon	GBM primary
chr18:2732263|2752550	chr18	2732263	2752550	exon	GBM primary
chr18:3722376|3729375	chr18	3722376	3729375	exon	GBM primary
chr18:9570155|9577189	chr18	9570155	9577189	exon	GBM primary
chr18:9583115|9584826	chr18	9583115	9584826	exon	GBM primary
chr18:13666478|13682104	chr18	13666478	13682104	exon	GBM primary
chr18:19345733|19383975	chr18	19345733	19383975	exon	GBM primary
chr18:20570900|20581692	chr18	20570900	20581692	exon	GBM primary
chr18:33722244|33739978	chr18	33722244	33739978	exon	GBM primary
chr18:43702433|43703330	chr18	43702433	43703330	exon	GBM primary
chr18:46855943|46906128	chr18	46855943	46906128	exon	GBM primary
chr18:50242987|50247674	chr18	50242987	50247674	intron	GBM primary
chr18:55833020|55839237	chr18	55833020	55839237	intron	GBM primary
chr18:68193301|68199023	chr18	68193301	68199023	intergenic_region	GBM primary
chr18:72342923|72353078	chr18	72342923	72353078	exon	GBM primary
chr19:9724697|9728855	chr19	9724697	9728855	exon	GBM primary
chr19:11941432|12058122	chr19	11941432	12058122	intergenic_region	GBM primary
chr19:21110167|21113673	chr19	21110167	21113673	intron	GBM primary
chr19:21474653|21474892	chr19	21474653	21474892	exon	GBM primary
chr19:29882328|29883982	chr19	29882328	29883982	exon	GBM primary
chr19:30774979|30787150	chr19	30774979	30787150	exon	GBM primary
chr19:33406243|33417890	chr19	33406243	33417890	exon	GBM primary
chr19:40376631|40408135	chr19	40376631	40408135	intron	GBM primary
chr19:47421745|47440665	chr19	47421745	47440665	intergenic_region	GBM primary
chr19:52364157|52390165	chr19	52364157	52390165	exon	GBM primary
chr19:52887102|52888995	chr19	52887102	52888995	exon	GBM primary
chr19:53013825|53059303	chr19	53013825	53059303	intergenic_region	GBM primary
chr19:53063002|53063251	chr19	53063002	53063251	intron	GBM primary
chr19:58369944|58379560	chr19	58369944	58379560	intron	GBM primary
chr2:20454624|20455931	chr2	20454624	20455931	exon	GBM primary
chr2:24021008|24056948	chr2	24021008	24056948	exon	GBM primary
chr2:32142995|32168452	chr2	32142995	32168452	exon	GBM primary
chr2:44931422|44942492	chr2	44931422	44942492	exon	GBM primary
chr2:45925080|45928663	chr2	45925080	45928663	intron	GBM primary
chr2:51140017|51153093	chr2	51140017	51153093	exon	GBM primary
chr2:54158972|54164677	chr2	54158972	54164677	exon	GBM primary
chr2:55040369|55047599	chr2	55040369	55047599	exon	GBM primary
chr2:55791449|55818711	chr2	55791449	55818711	intron	GBM primary
chr2:61721029|61722748	chr2	61721029	61722748	exon	GBM primary
chr2:73659326|73747143	chr2	73659326	73747143	exon	GBM primary
chr2:110332158|110350696	chr2	110332158	110350696	exon	GBM primary
chr2:113043146|113043324	chr2	113043146	113043324	intron	GBM primary
chr2:114489161|114493435	chr2	114489161	114493435	exon	GBM primary
chr2:148653870|148657136	chr2	148653870	148657136	exon	GBM primary
chr2:159459582|159499211	chr2	159459582	159499211	exon	GBM primary
chr2:170619450|170619888	chr2	170619450	170619888	intron	GBM primary
chr2:170802798|170897495	chr2	170802798	170897495	exon	GBM primary
chr2:172546657|172549404	chr2	172546657	172549404	exon	GBM primary
chr2:172782047|172823470	chr2	172782047	172823470	exon	GBM primary
chr2:186815371|186947948	chr2	186815371	186947948	intergenic_region	GBM primary
chr2:201741642|201752408	chr2	201741642	201752408	exon	GBM primary
chr2:202195193|202228896	chr2	202195193	202228896	intergenic_region	GBM primary
chr2:212812155|212989628	chr2	212812155	212989628	exon	GBM primary
chr2:214174783|214215369	chr2	214174783	214215369	exon	GBM primary
chr2:225634928|225643001	chr2	225634928	225643001	exon	GBM primary
chr2:230666968|230672580	chr2	230666968	230672580	exon	GBM primary
chr2:234164748|234173789	chr2	234164748	234173789	exon	GBM primary
chr2:242343243|242357524	chr2	242343243	242357524	exon	GBM primary
chr20:35539621|35540955	chr20	35539621	35540955	exon	GBM primary
chr20:43636096|43636790	chr20	43636096	43636790	intron	GBM primary
chr20:47682729|47686834	chr20	47682729	47686834	exon	GBM primary
chr20:52591928|52612589	chr20	52591928	52612589	exon	GBM primary
chr21:22390900|22394679	chr21	22390900	22394679	intron	GBM primary
chr21:22782594|22804601	chr21	22782594	22804601	exon	GBM primary
chr22:24698163|24765288	chr22	24698163	24765288	exon	GBM primary
chr22:26872959|26875321	chr22	26872959	26875321	exon	GBM primary
chr22:28902740|28915308	chr22	28902740	28915308	intron	GBM primary
chr22:40450977|40455863	chr22	40450977	40455863	intron	GBM primary
chr3:433358|440831	chr3	433358	440831	exon	GBM primary
chr3:8977555|8990254	chr3	8977555	8990254	exon	GBM primary
chr3:9476018|9516840	chr3	9476018	9516840	exon	GBM primary
chr3:12538017|12545283	chr3	12538017	12545283	exon	GBM primary
chr3:12538017|12546730	chr3	12538017	12546730	exon	GBM primary
chr3:16399439|16411786	chr3	16399439	16411786	exon	GBM primary
chr3:17333387|17418105	chr3	17333387	17418105	exon	GBM primary
chr3:33648083|33686395	chr3	33648083	33686395	exon	GBM primary
chr3:47663697|47719801	chr3	47663697	47719801	exon	GBM primary
chr3:47719688|47727660	chr3	47719688	47727660	exon	GBM primary
chr3:47747899|47787483	chr3	47747899	47787483	exon	GBM primary
chr3:48960181|48965246	chr3	48960181	48965246	exon	GBM primary
chr3:52610557|52621526	chr3	52610557	52621526	exon	GBM primary
chr3:57618992|57627474	chr3	57618992	57627474	exon	GBM primary
chr3:85135938|85142395	chr3	85135938	85142395	intron	GBM primary
chr3:93754175|93762084	chr3	93754175	93762084	exon	GBM primary
chr3:113697033|113774014	chr3	113697033	113774014	intron	GBM primary
chr3:116147228|116153509	chr3	116147228	116153509	intron	GBM primary
chr3:124456415|124463050	chr3	124456415	124463050	exon	GBM primary
chr3:132405104|132435753	chr3	132405104	132435753	exon	GBM primary
chr3:133327379|133329985	chr3	133327379	133329985	exon	GBM primary
chr3:136117591|136240259	chr3	136117591	136240259	exon	GBM primary
chr3:140978965|141006295	chr3	140978965	141006295	exon	GBM primary
chr3:141228410|141259451	chr3	141228410	141259451	intron	GBM primary
chr3:149563798|149613357	chr3	149563798	149613357	exon	GBM primary
chr3:169694734|169703653	chr3	169694734	169703653	exon	GBM primary
chr3:170077487|170109048	chr3	170077487	170109048	exon	GBM primary
chr3:171965323|172028671	chr3	171965323	172028671	exon	GBM primary
chr3:178919078|178922376	chr3	178919078	178922376	exon	GBM primary
chr3:179505601|179507909	chr3	179505601	179507909	intergenic_region	GBM primary
chr3:185316200|185344181	chr3	185316200	185344181	exon	GBM primary
chr3:185318553|185331196	chr3	185318553	185331196	exon	GBM primary
chr4:2659530|2692697	chr4	2659530	2692697	exon	GBM primary
chr4:48517045|48605405	chr4	48517045	48605405	exon	GBM primary
chr4:79747191|79754841	chr4	79747191	79754841	exon	GBM primary
chr4:82377805|82380668	chr4	82377805	82380668	exon	GBM primary
chr4:85660163|85661569	chr4	85660163	85661569	exon	GBM primary
chr4:85807473|85853516	chr4	85807473	85853516	intron	GBM primary
chr4:87967318|88016121	chr4	87967318	88016121	exon	GBM primary
chr4:148775827|148803083	chr4	148775827	148803083	intron	GBM primary
chr4:151817546|151837890	chr4	151817546	151837890	exon	GBM primary
chr4:169812073|169837178	chr4	169812073	169837178	exon	GBM primary
chr4:169923222|169928907	chr4	169923222	169928907	exon	GBM primary
chr4:170076631|170077830	chr4	170076631	170077830	exon	GBM primary
chr4:185578236|185603490	chr4	185578236	185603490	exon	GBM primary
chr5:9154600|9227079	chr5	9154600	9227079	exon	GBM primary
chr5:9379935|9423350	chr5	9379935	9423350	exon	GBM primary
chr5:24535221|24537783	chr5	24535221	24537783	exon	GBM primary
chr5:36207272|36212024	chr5	36207272	36212024	exon	GBM primary
chr5:37121719|37162668	chr5	37121719	37162668	exon	GBM primary
chr5:38996921|39003724	chr5	38996921	39003724	exon	GBM primary
chr5:41794105|41807540	chr5	41794105	41807540	exon	GBM primary
chr5:43675613|43677908	chr5	43675613	43677908	exon	GBM primary
chr5:54824011|54827512	chr5	54824011	54827512	intron	GBM primary
chr5:54929582|54960691	chr5	54929582	54960691	exon	GBM primary
chr5:61846194|61857084	chr5	61846194	61857084	exon	GBM primary
chr5:70805292|70806978	chr5	70805292	70806978	exon	GBM primary
chr5:76330243|76335544	chr5	76330243	76335544	exon	GBM primary
chr5:81460218|81474406	chr5	81460218	81474406	exon	GBM primary
chr5:90059122|90074914	chr5	90059122	90074914	exon	GBM primary
chr5:90083888|90087163	chr5	90083888	90087163	exon	GBM primary
chr5:96762940|96775322	chr5	96762940	96775322	intergenic_region	GBM primary
chr5:112090570|112103087	chr5	112090570	112103087	exon	GBM primary
chr5:114466289|114483091	chr5	114466289	114483091	exon	GBM primary
chr5:122868263|122893258	chr5	122868263	122893258	intron	GBM primary
chr5:135483521|135499080	chr5	135483521	135499080	exon	GBM primary
chr5:139862165|139866645	chr5	139862165	139866645	exon	GBM primary
chr5:145176005|145202697	chr5	145176005	145202697	exon	GBM primary
chr5:154330381|154346797	chr5	154330381	154346797	exon	GBM primary
chr5:159516513|159521072	chr5	159516513	159521072	exon	GBM primary
chr5:167986037|167996003	chr5	167986037	167996003	exon	GBM primary
chr5:167995651|167996003	chr5	167995651	167996003	exon	GBM primary
chr6:15615498|15638035	chr6	15615498	15638035	exon	GBM primary
chr6:17837109|17837814	chr6	17837109	17837814	exon	GBM primary
chr6:29858430|29913058	chr6	29858430	29913058	intergenic_region	GBM primary
chr6:41618543|41618695	chr6	41618543	41618695	intron	GBM primary
chr6:56466241|56474142	chr6	56466241	56474142	exon	GBM primary
chr6:56479154|56495181	chr6	56479154	56495181	exon	GBM primary
chr6:83870051|83870197	chr6	83870051	83870197	intron	GBM primary
chr6:102247523|102266358	chr6	102247523	102266358	exon	GBM primary
chr6:102247523|102307368	chr6	102247523	102307368	exon	GBM primary
chr6:109962721|109993370	chr6	109962721	109993370	exon	GBM primary
chr6:111726673|111737675	chr6	111726673	111737675	exon	GBM primary
chr6:111975227|111976759	chr6	111975227	111976759	intergenic_region	GBM primary
chr6:112015578|112035646	chr6	112015578	112035646	exon	GBM primary
chr6:116277615|116325161	chr6	116277615	116325161	exon	GBM primary
chr6:117013218|117047785	chr6	117013218	117047785	exon	GBM primary
chr6:131179271|131191521	chr6	131179271	131191521	exon	GBM primary
chr6:135759513|135778851	chr6	135759513	135778851	exon	GBM primary
chr6:138768138|138817508	chr6	138768138	138817508	exon	GBM primary
chr6:149997396|150016357	chr6	149997396	150016357	exon	GBM primary
chr6:153345397|153365178	chr6	153345397	153365178	exon	GBM primary
chr6:159058160|159062392	chr6	159058160	159062392	exon	GBM primary
chr6:170626458|170632347	chr6	170626458	170632347	exon	GBM primary
chr7:5778907|5781446	chr7	5778907	5781446	exon	GBM primary
chr7:5941288|5949747	chr7	5941288	5949747	exon	GBM primary
chr7:6082564|6089676	chr7	6082564	6089676	exon	GBM primary
chr7:6620186|6624891	chr7	6620186	6624891	exon	GBM primary
chr7:8095066|8110761	chr7	8095066	8110761	exon	GBM primary
chr7:14613837|14669896	chr7	14613837	14669896	exon	GBM primary
chr7:14712554|14758310	chr7	14712554	14758310	exon	GBM primary
chr7:21675489|21721295	chr7	21675489	21721295	exon	GBM primary
chr7:32872620|32878278	chr7	32872620	32878278	intergenic_region	GBM primary
chr7:34006091|34014396	chr7	34006091	34014396	exon	GBM primary
chr7:66669830|66673009	chr7	66669830	66673009	intron	GBM primary
chr7:70227856|70229991	chr7	70227856	70229991	exon	GBM primary
chr7:77394812|77408131	chr7	77394812	77408131	exon	GBM primary
chr7:80418622|80440017	chr7	80418622	80440017	exon	GBM primary
chr7:83095798|83119590	chr7	83095798	83119590	exon	GBM primary
chr7:91851216|91852292	chr7	91851216	91852292	exon	GBM primary
chr7:103828699|103844682	chr7	103828699	103844682	exon	GBM primary
chr7:111617187|111644186	chr7	111617187	111644186	exon	GBM primary
chr7:117825701|117828459	chr7	117825701	117828459	exon	GBM primary
chr7:126882749|126883569	chr7	126882749	126883569	exon	GBM primary
chr7:128645070|128658211	chr7	128645070	128658211	exon	GBM primary
chr7:131113792|131128461	chr7	131113792	131128461	exon	GBM primary
chr7:133821776|133906670	chr7	133821776	133906670	exon	GBM primary
chr7:139085163|139086293	chr7	139085163	139086293	intron	GBM primary
chr7:142988633|142990363	chr7	142988633	142990363	intron	GBM primary
chr7:149241332|149248917	chr7	149241332	149248917	intergenic_region	GBM primary
chr7:152027686|152055760	chr7	152027686	152055760	exon	GBM primary
chr8:13021773|13023931	chr8	13021773	13023931	intron	GBM primary
chr8:17829838|17830196	chr8	17829838	17830196	exon	GBM primary
chr8:18413838|18513195	chr8	18413838	18513195	exon	GBM primary
chr8:27987019|28019595	chr8	27987019	28019595	exon	GBM primary
chr8:28570974|28595180	chr8	28570974	28595180	exon	GBM primary
chr8:39080559|39114862	chr8	39080559	39114862	exon	GBM primary
chr8:66534498|66539668	chr8	66534498	66539668	exon	GBM primary
chr8:68015272|68031056	chr8	68015272	68031056	exon	GBM primary
chr8:74717886|74742707	chr8	74717886	74742707	exon	GBM primary
chr8:74768894|74769792	chr8	74768894	74769792	intron	GBM primary
chr8:76393641|76402443	chr8	76393641	76402443	intron	GBM primary
chr8:81937455|81942324	chr8	81937455	81942324	intron	GBM primary
chr8:89031212|89039641	chr8	89031212	89039641	intergenic_region	GBM primary
chr8:89036866|89039641	chr8	89036866	89039641	intergenic_region	GBM primary
chr8:91029352|91049168	chr8	91029352	91049168	exon	GBM primary
chr8:125664638|125664842	chr8	125664638	125664842	intron	GBM primary
chr8:125987848|125990332	chr8	125987848	125990332	exon	GBM primary
chr9:17309056|17342442	chr9	17309056	17342442	exon	GBM primary
chr9:33996221|34017187	chr9	33996221	34017187	exon	GBM primary
chr9:74522737|74523046	chr9	74522737	74523046	intron	GBM primary
chr9:88307604|88327481	chr9	88307604	88327481	exon	GBM primary
chr9:100358279|100366063	chr9	100358279	100366063	intergenic_region	GBM primary
chr9:108125102|108145640	chr9	108125102	108145640	exon	GBM primary
chr9:108483818|108484902	chr9	108483818	108484902	exon	GBM primary
chr9:110064316|110087285	chr9	110064316	110087285	exon	GBM primary
chr9:115013209|115015068	chr9	115013209	115015068	exon	GBM primary
chr9:115721630|115738297	chr9	115721630	115738297	exon	GBM primary
chr9:139974454|139974594	chr9	139974454	139974594	exon	GBM primary
chrX:3740114|3744770	chrX	3740114	3744770	exon	GBM primary
chrX:67316712|67333081	chrX	67316712	67333081	exon	GBM primary
chrX:102733064|102774384	chrX	102733064	102774384	intergenic_region	GBM primary
chrX:120870044|120895024	chrX	120870044	120895024	intergenic_region	GBM primary
chrX:123838863|123871047	chrX	123838863	123871047	exon	GBM primary
chrX:147022095|147027136	chrX	147022095	147027136	exon	GBM primary
chrX:149631038|149642074	chrX	149631038	149642074	exon	GBM primary
chrX:153996577|153997585	chrX	153996577	153997585	exon	GBM primary
chrX:154736559|154754293	chrX	154736559	154754293	exon	GBM primary
chr1:10380101|10436734	chr1	10380101	10436734	exon	GBM primary
chr1:10463128|10468197	chr1	10463128	10468197	exon	GBM primary
chr1:21267984|21268823	chr1	21267984	21268823	exon	GBM primary
chr1:21329206|21437876	chr1	21329206	21437876	exon	GBM primary
chr1:28887145|28887910	chr1	28887145	28887910	exon	GBM primary
chr1:31810022|31811895	chr1	31810022	31811895	exon	GBM primary
chr1:48821342|48865316	chr1	48821342	48865316	exon	GBM primary
chr1:78183552|78184326	chr1	78183552	78184326	exon	GBM primary
chr1:104070317|104095939	chr1	104070317	104095939	exon	GBM primary
chr1:111434014|111435155	chr1	111434014	111435155	exon	GBM primary
chr1:144952201|145016011	chr1	144952201	145016011	exon	GBM primary
chr1:151630711|151630903	chr1	151630711	151630903	exon	GBM primary
chr1:155490891|155491409	chr1	155490891	155491409	exon	GBM primary
chr1:167935867|167944253	chr1	167935867	167944253	exon	GBM primary
chr1:171548493|171556890	chr1	171548493	171556890	exon	GBM primary
chr1:176118142|176145143	chr1	176118142	176145143	exon	GBM primary
chr1:179870437|179877808	chr1	179870437	179877808	exon	GBM primary
chr1:182353553|182353858	chr1	182353553	182353858	exon	GBM primary
chr1:184675777|184681011	chr1	184675777	184681011	exon	GBM primary
chr1:200729967|200776665	chr1	200729967	200776665	exon	GBM primary
chr1:202391748|202418299	chr1	202391748	202418299	exon	GBM primary
chr1:213037067|213058738	chr1	213037067	213058738	exon	GBM primary
chr1:223998133|224006039	chr1	223998133	224006039	exon	GBM primary
chr1:227381487|227400920	chr1	227381487	227400920	exon	GBM primary
chr1:233296029|233388534	chr1	233296029	233388534	exon	GBM primary
chr1:233313548|233388534	chr1	233313548	233388534	exon	GBM primary
chr1:239569679|239709049	chr1	239569679	239709049	intron	GBM primary
chr1:247421287|247422503	chr1	247421287	247422503	intergenic_region	GBM primary
chr1:249211478|249218203	chr1	249211478	249218203	intergenic_region	GBM primary
chr10:909683|910210	chr10	909683	910210	exon	GBM primary
chr10:11551594|11569566	chr10	11551594	11569566	exon	GBM primary
chr10:12001170|12021164	chr10	12001170	12021164	exon	GBM primary
chr10:20195475|20195714	chr10	20195475	20195714	intron	GBM primary
chr10:32109315|32150586	chr10	32109315	32150586	exon	GBM primary
chr10:32309950|32310215	chr10	32309950	32310215	exon	GBM primary
chr10:32832228|32924086	chr10	32832228	32924086	exon	GBM primary
chr10:45465657|45467296	chr10	45465657	45467296	exon	GBM primary
chr11:17899755|18031686	chr11	17899755	18031686	exon	GBM primary
chr11:32611093|32617593	chr11	32611093	32617593	exon	GBM primary
chr11:68318589|68331900	chr11	68318589	68331900	exon	GBM primary
chr11:77815026|77820627	chr11	77815026	77820627	exon	GBM primary
chr11:114314578|114320888	chr11	114314578	114320888	exon	GBM primary
chr11:118352430|118353210	chr11	118352430	118353210	exon	GBM primary
chr12:3018695|3031568	chr12	3018695	3031568	exon	GBM primary
chr12:11839672|11843609	chr12	11839672	11843609	intron	GBM primary
chr12:22635491|22659753	chr12	22635491	22659753	exon	GBM primary
chr12:26208169|26218320	chr12	26208169	26218320	exon	GBM primary
chr12:49880033|49884514	chr12	49880033	49884514	exon	GBM primary
chr12:49890616|49893988	chr12	49890616	49893988	exon	GBM primary
chr12:58340778|58347472	chr12	58340778	58347472	exon	GBM primary
chr12:62894563|62902260	chr12	62894563	62902260	exon	GBM primary
chr12:69229609|69230529	chr12	69229609	69230529	exon	GBM primary
chr12:69239982|69243778	chr12	69239982	69243778	exon	GBM primary
chr12:69644909|69653977	chr12	69644909	69653977	exon	GBM primary
chr12:69646831|69653977	chr12	69646831	69653977	exon	GBM primary
chr12:69649740|69656342	chr12	69649740	69656342	exon	GBM primary
chr12:102179790|102183835	chr12	102179790	102183835	exon	GBM primary
chr12:111923069|111924628	chr12	111923069	111924628	exon	GBM primary
chr12:120995085|120998689	chr12	120995085	120998689	exon	GBM primary
chr12:121592588|121598777	chr12	121592588	121598777	exon	GBM primary
chr13:21735929|21746820	chr13	21735929	21746820	exon	GBM primary
chr13:47038810|47038954	chr13	47038810	47038954	exon	GBM primary
chr13:52971367|52976816	chr13	52971367	52976816	exon	GBM primary
chr13:101795431|101797247	chr13	101795431	101797247	exon	GBM primary
chr14:35595941|35649983	chr14	35595941	35649983	exon	GBM primary
chr14:58965501|58975427	chr14	58965501	58975427	exon	GBM primary
chr14:66028055|66096324	chr14	66028055	66096324	exon	GBM primary
chr14:70170112|70171459	chr14	70170112	70171459	exon	GBM primary
chr14:92537279|92548810	chr14	92537279	92548810	exon	GBM primary
chr14:106091233|106235896	chr14	106091233	106235896	intergenic_region	GBM primary
chr15:42040835|42046765	chr15	42040835	42046765	exon	GBM primary
chr15:49528048|49575915	chr15	49528048	49575915	exon	GBM primary
chr15:51743842|51747425	chr15	51743842	51747425	exon	GBM primary
chr15:60734615|60737990	chr15	60734615	60737990	intron	GBM primary
chr15:64046704|64048947	chr15	64046704	64048947	exon	GBM primary
chr15:72810408|72862648	chr15	72810408	72862648	exon	GBM primary
chr15:73414866|73428368	chr15	73414866	73428368	exon	GBM primary
chr15:77577300|77578846	chr15	77577300	77578846	exon	GBM primary
chr16:14321580|14322218	chr16	14321580	14322218	intron	GBM primary
chr16:18846214|18861789	chr16	18846214	18861789	exon	GBM primary
chr16:18851020|18851268	chr16	18851020	18851268	exon	GBM primary
chr16:64744947|64754700	chr16	64744947	64754700	intergenic_region	GBM primary
chr16:67973789|67974381	chr16	67973789	67974381	exon	GBM primary
chr16:71954642|71955356	chr16	71954642	71955356	exon	GBM primary
chr17:953290|976917	chr17	953290	976917	exon	GBM primary
chr17:1746097|1747980	chr17	1746097	1747980	exon	GBM primary
chr17:5268417|5271763	chr17	5268417	5271763	exon	GBM primary
chr17:18208426|18210280	chr17	18208426	18210280	exon	GBM primary
chr17:19823349|19866335	chr17	19823349	19866335	exon	GBM primary
chr17:27613010|27614734	chr17	27613010	27614734	exon	GBM primary
chr17:28808161|28819771	chr17	28808161	28819771	exon	GBM primary
chr17:30827950|30884246	chr17	30827950	30884246	intron	GBM primary
chr17:36351936|36353765	chr17	36351936	36353765	exon	GBM primary
chr17:64728806|64738878	chr17	64728806	64738878	exon	GBM primary
chr17:65162594|65163912	chr17	65162594	65163912	exon	GBM primary
chr17:66205795|66206606	chr17	66205795	66206606	intergenic_region	GBM primary
chr17:66252966|66253170	chr17	66252966	66253170	exon	GBM primary
chr17:70427822|70433720	chr17	70427822	70433720	intron	GBM primary
chr17:73808193|73809959	chr17	73808193	73809959	exon	GBM primary
chr17:74287096|74290102	chr17	74287096	74290102	exon	GBM primary
chr17:76075476|76083174	chr17	76075476	76083174	exon	GBM primary
chr17:79563142|79575848	chr17	79563142	79575848	exon	GBM primary
chr18:9588087|9595100	chr18	9588087	9595100	exon	GBM primary
chr18:12814202|12836890	chr18	12814202	12836890	exon	GBM primary
chr18:18548733|18559965	chr18	18548733	18559965	exon	GBM primary
chr18:19345733|19427086	chr18	19345733	19427086	exon	GBM primary
chr18:29511292|29516419	chr18	29511292	29516419	intron	GBM primary
chr18:29866994|29868166	chr18	29866994	29868166	exon	GBM primary
chr18:55398646|55402824	chr18	55398646	55402824	exon	GBM primary
chr18:74968114|75126098	chr18	74968114	75126098	intergenic_region	GBM primary
chr18:76856476|76967012	chr18	76856476	76967012	exon	GBM primary
chr19:8618023|8618321	chr19	8618023	8618321	exon	GBM primary
chr19:9451778|9454460	chr19	9451778	9454460	exon	GBM primary
chr19:16790795|16793319	chr19	16790795	16793319	exon	GBM primary
chr19:17273160|17273932	chr19	17273160	17273932	exon	GBM primary
chr19:17273798|17278874	chr19	17273798	17278874	exon	GBM primary
chr19:20975318|20976684	chr19	20975318	20976684	exon	GBM primary
chr19:23536541|23536680	chr19	23536541	23536680	intron	GBM primary
chr19:48558135|48571143	chr19	48558135	48571143	exon	GBM primary
chr19:53883975|53888280	chr19	53883975	53888280	exon	GBM primary
chr2:8522330|8533098	chr2	8522330	8533098	intergenic_region	GBM primary
chr2:24521534|24523040	chr2	24521534	24523040	exon	GBM primary
chr2:27573181|27573499	chr2	27573181	27573499	exon	GBM primary
chr2:32117061|32145979	chr2	32117061	32145979	exon	GBM primary
chr2:32323865|32341281	chr2	32323865	32341281	exon	GBM primary
chr2:40366541|40404995	chr2	40366541	40404995	exon	GBM primary
chr2:44729828|44732869	chr2	44729828	44732869	intron	GBM primary
chr2:46804803|46805625	chr2	46804803	46805625	intron	GBM primary
chr2:54117241|54127154	chr2	54117241	54127154	exon	GBM primary
chr2:65318117|65331940	chr2	65318117	65331940	exon	GBM primary
chr2:68717322|68765359	chr2	68717322	68765359	exon	GBM primary
chr2:73659326|73718625	chr2	73659326	73718625	exon	GBM primary
chr2:86479080|86491164	chr2	86479080	86491164	exon	GBM primary
chr2:98164166|98165954	chr2	98164166	98165954	exon	GBM primary
chr2:99175926|99193606	chr2	99175926	99193606	exon	GBM primary
chr2:101874253|101879153	chr2	101874253	101879153	exon	GBM primary
chr2:114697536|114699936	chr2	114697536	114699936	exon	GBM primary
chr2:128855003|128861588	chr2	128855003	128861588	exon	GBM primary
chr2:140999262|140999429	chr2	140999262	140999429	intron	GBM primary
chr2:182778572|182787139	chr2	182778572	182787139	exon	GBM primary
chr2:201718626|201719809	chr2	201718626	201719809	exon	GBM primary
chr2:203760788|203762138	chr2	203760788	203762138	exon	GBM primary
chr2:204281631|204291992	chr2	204281631	204291992	exon	GBM primary
chr2:204319153|204326648	chr2	204319153	204326648	exon	GBM primary
chr2:219103387|219104207	chr2	219103387	219104207	exon	GBM primary
chr2:219394679|219399429	chr2	219394679	219399429	exon	GBM primary
chr2:224749365|224760347	chr2	224749365	224760347	exon	GBM primary
chr2:227729320|227773594	chr2	227729320	227773594	exon	GBM primary
chr2:238591268|238592138	chr2	238591268	238592138	intron	GBM primary
chr2:243037038|243081039	chr2	243037038	243081039	exon	GBM primary
chr20:13539655|13561628	chr20	13539655	13561628	exon	GBM primary
chr20:13550154|13581264	chr20	13550154	13581264	exon	GBM primary
chr20:25612794|25615463	chr20	25612794	25615463	exon	GBM primary
chr20:25612794|25626284	chr20	25612794	25626284	exon	GBM primary
chr20:33077071|33080402	chr20	33077071	33080402	exon	GBM primary
chr20:34312492|34313077	chr20	34312492	34313077	exon	GBM primary
chr20:34501171|34502119	chr20	34501171	34502119	exon	GBM primary
chr20:47691322|47708664	chr20	47691322	47708664	exon	GBM primary
chr21:17914584|17920911	chr21	17914584	17920911	intron	GBM primary
chr21:33073308|33078670	chr21	33073308	33078670	exon	GBM primary
chr21:38459547|38480746	chr21	38459547	38480746	exon	GBM primary
chr21:44514581|44515853	chr21	44514581	44515853	exon	GBM primary
chr22:20754922|20755662	chr22	20754922	20755662	exon	GBM primary
chr22:26083504|26091181	chr22	26083504	26091181	exon	GBM primary
chr22:50810449|50827540	chr22	50810449	50827540	exon	GBM primary
chr3:9711116|9712854	chr3	9711116	9712854	exon	GBM primary
chr3:23250183|23258803	chr3	23250183	23258803	exon	GBM primary
chr3:23848790|23852991	chr3	23848790	23852991	exon	GBM primary
chr3:37125127|37190529	chr3	37125127	37190529	exon	GBM primary
chr3:47079156|47098980	chr3	47079156	47098980	exon	GBM primary
chr3:47188079|47189702	chr3	47188079	47189702	intron	GBM primary
chr3:47220918|47221173	chr3	47220918	47221173	intron	GBM primary
chr3:47476415|47484581	chr3	47476415	47484581	exon	GBM primary
chr3:47719688|47734790	chr3	47719688	47734790	exon	GBM primary
chr3:48820419|48845117	chr3	48820419	48845117	exon	GBM primary
chr3:52712516|52713742	chr3	52712516	52713742	exon	GBM primary
chr3:67797195|67801084	chr3	67797195	67801084	exon	GBM primary
chr3:69342955|69344582	chr3	69342955	69344582	intron	GBM primary
chr3:100604380|100621530	chr3	100604380	100621530	exon	GBM primary
chr3:101389974|101391057	chr3	101389974	101391057	exon	GBM primary
chr3:115597607|115599607	chr3	115597607	115599607	intron	GBM primary
chr3:119222379|119222868	chr3	119222379	119222868	exon	GBM primary
chr3:137634963|137636352	chr3	137634963	137636352	intergenic_region	GBM primary
chr3:137977794|137993386	chr3	137977794	137993386	intron	GBM primary
chr3:142231102|142279296	chr3	142231102	142279296	exon	GBM primary
chr3:142455221|142481155	chr3	142455221	142481155	intron	GBM primary
chr3:171969050|172016577	chr3	171969050	172016577	exon	GBM primary
chr3:192268267|192268454	chr3	192268267	192268454	intron	GBM primary
chr3:197544047|197547301	chr3	197544047	197547301	exon	GBM primary
chr4:2951661|2955372	chr4	2951661	2955372	exon	GBM primary
chr4:25156620|25160729	chr4	25156620	25160729	exon	GBM primary
chr4:42024855|42041070	chr4	42024855	42041070	exon	GBM primary
chr4:83745708|83748785	chr4	83745708	83748785	exon	GBM primary
chr4:89396992|89400658	chr4	89396992	89400658	exon	GBM primary
chr4:103610731|103647840	chr4	103610731	103647840	exon	GBM primary
chr4:106377405|106377902	chr4	106377405	106377902	exon	GBM primary
chr4:110412483|110437796	chr4	110412483	110437796	exon	GBM primary
chr4:128998943|129003460	chr4	128998943	129003460	exon	GBM primary
chr4:148827789|148876525	chr4	148827789	148876525	exon	GBM primary
chr4:170501993|170523829	chr4	170501993	170523829	exon	GBM primary
chr4:174305802|174399082	chr4	174305802	174399082	intergenic_region	GBM primary
chr4:174323869|174384407	chr4	174323869	174384407	intergenic_region	GBM primary
chr5:37349274|37358253	chr5	37349274	37358253	exon	GBM primary
chr5:49698120|49707217	chr5	49698120	49707217	exon	GBM primary
chr5:53576037|53578157	chr5	53576037	53578157	intron	GBM primary
chr5:70811888|70849147	chr5	70811888	70849147	exon	GBM primary
chr5:70844509|70845433	chr5	70844509	70845433	exon	GBM primary
chr5:79441913|79443107	chr5	79441913	79443107	exon	GBM primary
chr5:80074539|80088663	chr5	80074539	80088663	exon	GBM primary
chr5:86627165|86633908	chr5	86627165	86633908	exon	GBM primary
chr5:87581561|87588460	chr5	87581561	87588460	exon	GBM primary
chr5:132227856|132232932	chr5	132227856	132232932	exon	GBM primary
chr5:137278564|137284873	chr5	137278564	137284873	exon	GBM primary
chr5:145539937|145552337	chr5	145539937	145552337	exon	GBM primary
chr5:146204432|146211240	chr5	146204432	146211240	intron	GBM primary
chr5:147785820|147796767	chr5	147785820	147796767	exon	GBM primary
chr5:153413351|153414506	chr5	153413351	153414506	exon	GBM primary
chr5:159520108|159535621	chr5	159520108	159535621	exon	GBM primary
chr5:169174400|169188629	chr5	169174400	169188629	exon	GBM primary
chr5:170818309|170819982	chr5	170818309	170819982	exon	GBM primary
chr6:26423161|26458946	chr6	26423161	26458946	intergenic_region	GBM primary
chr6:31237270|31322303	chr6	31237270	31322303	exon	GBM primary
chr6:42902213|42903408	chr6	42902213	42903408	exon	GBM primary
chr6:131179271|131191266	chr6	131179271	131191266	exon	GBM primary
chr7:5400233|5408718	chr7	5400233	5408718	intron	GBM primary
chr7:6465619|6472590	chr7	6465619	6472590	exon	GBM primary
chr7:72954212|72957974	chr7	72954212	72957974	exon	GBM primary
chr7:77200395|77230123	chr7	77200395	77230123	exon	GBM primary
chr7:91924203|91974380	chr7	91924203	91974380	exon	GBM primary
chr7:99672758|99673253	chr7	99672758	99673253	exon	GBM primary
chr7:128202369|128214845	chr7	128202369	128214845	intron	GBM primary
chr7:128214774|128220148	chr7	128214774	128220148	exon	GBM primary
chr7:130908801|130909028	chr7	130908801	130909028	intron	GBM primary
chr7:137293712|137374748	chr7	137293712	137374748	exon	GBM primary
chr7:138964064|138969320	chr7	138964064	138969320	exon	GBM primary
chr7:139754462|139757834	chr7	139754462	139757834	exon	GBM primary
chr7:139813291|139820329	chr7	139813291	139820329	exon	GBM primary
chr7:148771478|148777809	chr7	148771478	148777809	exon	GBM primary
chr7:149189950|149250107	chr7	149189950	149250107	intergenic_region	GBM primary
chr7:151049898|151053308	chr7	151049898	151053308	exon	GBM primary
chr7:156994415|157024021	chr7	156994415	157024021	exon	GBM primary
chr8:43013718|43028886	chr8	43013718	43028886	exon	GBM primary
chr8:68007528|68007967	chr8	68007528	68007967	exon	GBM primary
chr8:103850972|103855975	chr8	103850972	103855975	exon	GBM primary
chr8:131226802|131249240	chr8	131226802	131249240	exon	GBM primary
chr9:5801176|5805785	chr9	5801176	5805785	exon	GBM primary
chr9:33941647|33956144	chr9	33941647	33956144	exon	GBM primary
chr9:79130444|79180731	chr9	79130444	79180731	exon	GBM primary
chr9:86503404|86530593	chr9	86503404	86530593	exon	GBM primary
chr9:88225946|88248289	chr9	88225946	88248289	intron	GBM primary
chr9:114337014|114348445	chr9	114337014	114348445	exon	GBM primary
chr9:132612092|132612445	chr9	132612092	132612445	intron	GBM primary
chr9:135534058|135538082	chr9	135534058	135538082	exon	GBM primary
chrX:2129531|2139270	chrX	2129531	2139270	intergenic_region	GBM primary
chrX:2536781|2541494	chrX	2536781	2541494	exon	GBM primary
chrX:2637702|2644414	chrX	2637702	2644414	exon	GBM primary
chrX:41485857|41530783	chrX	41485857	41530783	exon	GBM primary
chrX:53641495|53641706	chrX	53641495	53641706	exon	GBM primary
chrX:76872081|76920267	chrX	76872081	76920267	exon	GBM primary
chrX:130883334|130919286	chrX	130883334	130919286	exon	GBM primary
chrX:135814261|135829751	chrX	135814261	135829751	exon	GBM primary
chrX:153924192|153928334	chrX	153924192	153928334	exon	GBM primary
chrY:16717167|16734471	chrY	16717167	16734471	intron	GBM primary
chr1:2066701|2082417	chr1	2066701	2082417	exon	GBM primary
chr1:4771960|4772759	chr1	4771960	4772759	exon	GBM primary
chr1:8525985|8601377	chr1	8525985	8601377	exon	GBM primary
chr1:10155519|10182134	chr1	10155519	10182134	exon	GBM primary
chr1:10292308|10338186	chr1	10292308	10338186	exon	GBM primary
chr1:10380101|10384953	chr1	10380101	10384953	exon	GBM primary
chr1:14042036|14075982	chr1	14042036	14075982	exon	GBM primary
chr1:14042036|14109326	chr1	14042036	14109326	exon	GBM primary
chr1:14075856|14080489	chr1	14075856	14080489	intron	GBM primary
chr1:14095534|14099683	chr1	14095534	14099683	exon	GBM primary
chr1:14095534|14109326	chr1	14095534	14109326	exon	GBM primary
chr1:16235816|16237796	chr1	16235816	16237796	exon	GBM primary
chr1:16237596|16248844	chr1	16237596	16248844	exon	GBM primary
chr1:16621278|16641930	chr1	16621278	16641930	exon	GBM primary
chr1:21167349|21191755	chr1	21167349	21191755	exon	GBM primary
chr1:21220010|21221994	chr1	21220010	21221994	exon	GBM primary
chr1:21276496|21308901	chr1	21276496	21308901	exon	GBM primary
chr1:21324094|21377487	chr1	21324094	21377487	exon	GBM primary
chr1:21415631|21450048	chr1	21415631	21450048	intron	GBM primary
chr1:21450566|21453822	chr1	21450566	21453822	intron	GBM primary
chr1:22007301|22021714	chr1	22007301	22021714	exon	GBM primary
chr1:23395032|23406160	chr1	23395032	23406160	exon	GBM primary
chr1:24077335|24079008	chr1	24077335	24079008	exon	GBM primary
chr1:25553933|25554726	chr1	25553933	25554726	exon	GBM primary
chr1:25666965|25669564	chr1	25666965	25669564	exon	GBM primary
chr1:25773253|25785383	chr1	25773253	25785383	exon	GBM primary
chr1:28939759|28948677	chr1	28939759	28948677	exon	GBM primary
chr1:32373262|32385259	chr1	32373262	32385259	exon	GBM primary
chr1:32375639|32377427	chr1	32375639	32377427	exon	GBM primary
chr1:32377297|32385259	chr1	32377297	32385259	exon	GBM primary
chr1:32381492|32385259	chr1	32381492	32385259	exon	GBM primary
chr1:32384571|32385259	chr1	32384571	32385259	exon	GBM primary
chr1:33133826|33146215	chr1	33133826	33146215	exon	GBM primary
chr1:34254201|34276465	chr1	34254201	34276465	exon	GBM primary
chr1:35824526|35836228	chr1	35824526	35836228	exon	GBM primary
chr1:35854511|35855699	chr1	35854511	35855699	exon	GBM primary
chr1:35857813|35865177	chr1	35857813	35865177	exon	GBM primary
chr1:37282661|37307540	chr1	37282661	37307540	exon	GBM primary
chr1:38332131|38339760	chr1	38332131	38339760	exon	GBM primary
chr1:39381234|39385009	chr1	39381234	39385009	exon	GBM primary
chr1:39806174|39806625	chr1	39806174	39806625	exon	GBM primary
chr1:39816457|39838268	chr1	39816457	39838268	exon	GBM primary
chr1:39913104|39914435	chr1	39913104	39914435	exon	GBM primary
chr1:41006258|41007382	chr1	41006258	41007382	exon	GBM primary
chr1:41512079|41541123	chr1	41512079	41541123	exon	GBM primary
chr1:42654408|42744343	chr1	42654408	42744343	exon	GBM primary
chr1:42730786|42789498	chr1	42730786	42789498	exon	GBM primary
chr1:44386076|44386600	chr1	44386076	44386600	exon	GBM primary
chr1:44713611|44717214	chr1	44713611	44717214	intron	GBM primary
chr1:44750507|44785416	chr1	44750507	44785416	exon	GBM primary
chr1:45043727|45045447	chr1	45043727	45045447	intron	GBM primary
chr1:45923236|45940820	chr1	45923236	45940820	intron	GBM primary
chr1:47834141|47840965	chr1	47834141	47840965	exon	GBM primary
chr1:48821342|48851021	chr1	48821342	48851021	exon	GBM primary
chr1:48821342|48878823	chr1	48821342	48878823	exon	GBM primary
chr1:51048290|51061888	chr1	51048290	51061888	exon	GBM primary
chr1:51121114|51210447	chr1	51121114	51210447	exon	GBM primary
chr1:51204535|51210447	chr1	51204535	51210447	exon	GBM primary
chr1:52215817|52231653	chr1	52215817	52231653	exon	GBM primary
chr1:52237742|52238395	chr1	52237742	52238395	exon	GBM primary
chr1:52747333|52769597	chr1	52747333	52769597	exon	GBM primary
chr1:53407468|53427301	chr1	53407468	53427301	exon	GBM primary
chr1:54059781|54065951	chr1	54059781	54065951	exon	GBM primary
chr1:54506429|54509198	chr1	54506429	54509198	exon	GBM primary
chr1:55589120|55600086	chr1	55589120	55600086	exon	GBM primary
chr1:59139245|59142728	chr1	59139245	59142728	exon	GBM primary
chr1:60366637|60377983	chr1	60366637	60377983	exon	GBM primary
chr1:61743192|61824946	chr1	61743192	61824946	exon	GBM primary
chr1:62321702|62350080	chr1	62321702	62350080	exon	GBM primary
chr1:62393402|62516730	chr1	62393402	62516730	exon	GBM primary
chr1:62910409|62914337	chr1	62910409	62914337	exon	GBM primary
chr1:63282246|63286880	chr1	63282246	63286880	exon	GBM primary
chr1:63294711|63307218	chr1	63294711	63307218	exon	GBM primary
chr1:63299709|63332269	chr1	63299709	63332269	intergenic_region	GBM primary
chr1:65068489|65107652	chr1	65068489	65107652	exon	GBM primary
chr1:67098753|67109402	chr1	67098753	67109402	exon	GBM primary
chr1:67786020|67796493	chr1	67786020	67796493	exon	GBM primary
chr1:70446062|70460316	chr1	70446062	70460316	exon	GBM primary
chr1:73020894|73090399	chr1	73020894	73090399	intergenic_region	GBM primary
chr1:74699052|74701894	chr1	74699052	74701894	intron	GBM primary
chr1:76194086|76216231	chr1	76194086	76216231	exon	GBM primary
chr1:76198329|76200556	chr1	76198329	76200556	exon	GBM primary
chr1:77620134|77635080	chr1	77620134	77635080	exon	GBM primary
chr1:77752626|77763632	chr1	77752626	77763632	exon	GBM primary
chr1:77752626|77806253	chr1	77752626	77806253	exon	GBM primary
chr1:78097535|78099090	chr1	78097535	78099090	exon	GBM primary
chr1:78177432|78180468	chr1	78177432	78180468	exon	GBM primary
chr1:84356004|84373344	chr1	84356004	84373344	exon	GBM primary
chr1:84356004|84377046	chr1	84356004	84377046	exon	GBM primary
chr1:84369762|84418070	chr1	84369762	84418070	exon	GBM primary
chr1:84383287|84394913	chr1	84383287	84394913	exon	GBM primary
chr1:84383287|84403699	chr1	84383287	84403699	exon	GBM primary
chr1:84394819|84408362	chr1	84394819	84408362	exon	GBM primary
chr1:85331068|85331821	chr1	85331068	85331821	exon	GBM primary
chr1:86818542|86851273	chr1	86818542	86851273	exon	GBM primary
chr1:87181407|87185318	chr1	87181407	87185318	exon	GBM primary
chr1:88994519|89036542	chr1	88994519	89036542	exon	GBM primary
chr1:89206671|89206971	chr1	89206671	89206971	exon	GBM primary
chr1:89206671|89251896	chr1	89206671	89251896	exon	GBM primary
chr1:89236035|89273458	chr1	89236035	89273458	exon	GBM primary
chr1:89250322|89251896	chr1	89250322	89251896	exon	GBM primary
chr1:90045150|90050348	chr1	90045150	90050348	exon	GBM primary
chr1:91382197|91447927	chr1	91382197	91447927	exon	GBM primary
chr1:92508380|92511217	chr1	92508380	92511217	exon	GBM primary
chr1:92798948|92811471	chr1	92798948	92811471	exon	GBM primary
chr1:93312740|93341987	chr1	93312740	93341987	exon	GBM primary
chr1:94924163|94948795	chr1	94924163	94948795	exon	GBM primary
chr1:94953098|94965170	chr1	94953098	94965170	exon	GBM primary
chr1:94953098|94972198	chr1	94953098	94972198	exon	GBM primary
chr1:97981282|98015300	chr1	97981282	98015300	exon	GBM primary
chr1:97981282|98060722	chr1	97981282	98060722	exon	GBM primary
chr1:99418626|99422297	chr1	99418626	99422297	exon	GBM primary
chr1:100335956|100347247	chr1	100335956	100347247	exon	GBM primary
chr1:100459093|100483371	chr1	100459093	100483371	exon	GBM primary
chr1:100508629|100534142	chr1	100508629	100534142	exon	GBM primary
chr1:100515465|100535241	chr1	100515465	100535241	exon	GBM primary
chr1:100617941|100634150	chr1	100617941	100634150	exon	GBM primary
chr1:101379219|101440458	chr1	101379219	101440458	exon	GBM primary
chr1:108226110|108293824	chr1	108226110	108293824	exon	GBM primary
chr1:109170789|109172279	chr1	109170789	109172279	exon	GBM primary
chr1:109427897|109466836	chr1	109427897	109466836	exon	GBM primary
chr1:109470460|109475123	chr1	109470460	109475123	intron	GBM primary
chr1:109524355|109533951	chr1	109524355	109533951	exon	GBM primary
chr1:109878862|109888500	chr1	109878862	109888500	exon	GBM primary
chr1:109883346|109888503	chr1	109883346	109888503	exon	GBM primary
chr1:109884636|109888503	chr1	109884636	109888503	exon	GBM primary
chr1:109888373|109898091	chr1	109888373	109898091	exon	GBM primary
chr1:110121826|110129504	chr1	110121826	110129504	exon	GBM primary
chr1:113459800|113460666	chr1	113459800	113460666	exon	GBM primary
chr1:114246703|114249344	chr1	114246703	114249344	exon	GBM primary
chr1:114280732|114281421	chr1	114280732	114281421	exon	GBM primary
chr1:114942079|114949722	chr1	114942079	114949722	exon	GBM primary
chr1:115267842|115280693	chr1	115267842	115280693	exon	GBM primary
chr1:117944808|118045592	chr1	117944808	118045592	exon	GBM primary
chr1:118003111|118065559	chr1	118003111	118065559	exon	GBM primary
chr1:118413018|118463047	chr1	118413018	118463047	exon	GBM primary
chr1:120129944|120131140	chr1	120129944	120131140	intergenic_region	GBM primary
chr1:145646115|145663367	chr1	145646115	145663367	exon	GBM primary
chr1:150307406|150307712	chr1	150307406	150307712	exon	GBM primary
chr1:150550997|150551318	chr1	150550997	150551318	intron	GBM primary
chr1:151060666|151079698	chr1	151060666	151079698	exon	GBM primary
chr1:151065668|151090615	chr1	151065668	151090615	exon	GBM primary
chr1:151611364|151611595	chr1	151611364	151611595	exon	GBM primary
chr1:151630711|151655921	chr1	151630711	151655921	exon	GBM primary
chr1:151630711|151665515	chr1	151630711	151665515	exon	GBM primary
chr1:154029291|154076686	chr1	154029291	154076686	exon	GBM primary
chr1:155299672|155329177	chr1	155299672	155329177	intergenic_region	GBM primary
chr1:155638418|155644887	chr1	155638418	155644887	exon	GBM primary
chr1:155640111|155644887	chr1	155640111	155644887	exon	GBM primary
chr1:155640111|155744964	chr1	155640111	155744964	intergenic_region	GBM primary
chr1:155734791|155753880	chr1	155734791	155753880	exon	GBM primary
chr1:156294763|156304709	chr1	156294763	156304709	exon	GBM primary
chr1:156303338|156305679	chr1	156303338	156305679	exon	GBM primary
chr1:156946775|156957534	chr1	156946775	156957534	intron	GBM primary
chr1:161821512|161882170	chr1	161821512	161882170	exon	GBM primary
chr1:162469745|162487980	chr1	162469745	162487980	exon	GBM primary
chr1:167992226|168014465	chr1	167992226	168014465	exon	GBM primary
chr1:168007609|168037701	chr1	168007609	168037701	exon	GBM primary
chr1:169390601|169391551	chr1	169390601	169391551	exon	GBM primary
chr1:171492362|171496983	chr1	171492362	171496983	exon	GBM primary
chr1:171956796|171958288	chr1	171956796	171958288	exon	GBM primary
chr1:172011149|172017890	chr1	172011149	172017890	exon	GBM primary
chr1:172097253|172100428	chr1	172097253	172100428	intron	GBM primary
chr1:172097253|172222822	chr1	172097253	172222822	intron	GBM primary
chr1:172100315|172152036	chr1	172100315	172152036	intron	GBM primary
chr1:175956079|176015460	chr1	175956079	176015460	exon	GBM primary
chr1:176085760|176118210	chr1	176085760	176118210	exon	GBM primary
chr1:176104146|176118210	chr1	176104146	176118210	exon	GBM primary
chr1:178252699|178269253	chr1	178252699	178269253	exon	GBM primary
chr1:181546902|181549912	chr1	181546902	181549912	exon	GBM primary
chr1:183849750|183867031	chr1	183849750	183867031	exon	GBM primary
chr1:183933035|183947654	chr1	183933035	183947654	exon	GBM primary
chr1:186404357|186439527	chr1	186404357	186439527	intergenic_region	GBM primary
chr1:193038164|193046180	chr1	193038164	193046180	exon	GBM primary
chr1:193181195|193205486	chr1	193181195	193205486	exon	GBM primary
chr1:196342270|196448368	chr1	196342270	196448368	exon	GBM primary
chr1:197144140|197161029	chr1	197144140	197161029	exon	GBM primary
chr1:197552282|197581106	chr1	197552282	197581106	exon	GBM primary
chr1:197621365|197643299	chr1	197621365	197643299	exon	GBM primary
chr1:197641167|197643299	chr1	197641167	197643299	exon	GBM primary
chr1:204521309|204521551	chr1	204521309	204521551	exon	GBM primary
chr1:206566046|206567030	chr1	206566046	206567030	exon	GBM primary
chr1:207303516|207328403	chr1	207303516	207328403	intergenic_region	GBM primary
chr1:207989274|207990759	chr1	207989274	207990759	exon	GBM primary
chr1:210948690|210962650	chr1	210948690	210962650	intron	GBM primary
chr1:211092982|211093411	chr1	211092982	211093411	exon	GBM primary
chr1:211192206|211256240	chr1	211192206	211256240	exon	GBM primary
chr1:211256122|211264032	chr1	211256122	211264032	exon	GBM primary
chr1:211923281|211966532	chr1	211923281	211966532	exon	GBM primary
chr1:211956571|211966532	chr1	211956571	211966532	exon	GBM primary
chr1:211975234|211977331	chr1	211975234	211977331	intron	GBM primary
chr1:212977662|212981190	chr1	212977662	212981190	exon	GBM primary
chr1:213037067|213061936	chr1	213037067	213061936	exon	GBM primary
chr1:213244348|213290752	chr1	213244348	213290752	exon	GBM primary
chr1:213251038|213341316	chr1	213251038	213341316	exon	GBM primary
chr1:213302870|213341316	chr1	213302870	213341316	exon	GBM primary
chr1:213302870|213372001	chr1	213302870	213372001	intron	GBM primary
chr1:213302870|213405598	chr1	213302870	213405598	exon	GBM primary
chr1:214564331|214571344	chr1	214564331	214571344	exon	GBM primary
chr1:215342542|215368435	chr1	215342542	215368435	exon	GBM primary
chr1:216850418|216850833	chr1	216850418	216850833	exon	GBM primary
chr1:220355599|220356273	chr1	220355599	220356273	exon	GBM primary
chr1:220752696|220771721	chr1	220752696	220771721	exon	GBM primary
chr1:220752696|220809368	chr1	220752696	220809368	exon	GBM primary
chr1:222825319|222825674	chr1	222825319	222825674	exon	GBM primary
chr1:224377279|224378021	chr1	224377279	224378021	exon	GBM primary
chr1:224585799|224588771	chr1	224585799	224588771	exon	GBM primary
chr1:224868660|224927449	chr1	224868660	224927449	exon	GBM primary
chr1:225270251|225332330	chr1	225270251	225332330	exon	GBM primary
chr1:227327277|227441856	chr1	227327277	227441856	exon	GBM primary
chr1:227348244|227441856	chr1	227348244	227441856	exon	GBM primary
chr1:227381487|227441856	chr1	227381487	227441856	exon	GBM primary
chr1:229593908|229601266	chr1	229593908	229601266	exon	GBM primary
chr1:229599290|229601266	chr1	229599290	229601266	exon	GBM primary
chr1:229602381|229623360	chr1	229602381	229623360	exon	GBM primary
chr1:233190014|233193036	chr1	233190014	233193036	exon	GBM primary
chr1:233225807|233275601	chr1	233225807	233275601	exon	GBM primary
chr1:233225807|233344435	chr1	233225807	233344435	exon	GBM primary
chr1:233270759|233314921	chr1	233270759	233314921	exon	GBM primary
chr1:233313548|233363117	chr1	233313548	233363117	exon	GBM primary
chr1:233344264|233372726	chr1	233344264	233372726	exon	GBM primary
chr1:233353645|233372726	chr1	233353645	233372726	exon	GBM primary
chr1:233362972|233388534	chr1	233362972	233388534	exon	GBM primary
chr1:233482188|233490757	chr1	233482188	233490757	exon	GBM primary
chr1:233482188|233498039	chr1	233482188	233498039	exon	GBM primary
chr1:234582549|234586312	chr1	234582549	234586312	exon	GBM primary
chr1:235338499|235346108	chr1	235338499	235346108	exon	GBM primary
chr1:235377084|235403766	chr1	235377084	235403766	exon	GBM primary
chr1:235377192|235403766	chr1	235377192	235403766	exon	GBM primary
chr1:235963620|235964397	chr1	235963620	235964397	exon	GBM primary
chr1:237532834|237632487	chr1	237532834	237632487	exon	GBM primary
chr1:237550581|237650115	chr1	237550581	237650115	intron	GBM primary
chr1:237617691|237620035	chr1	237617691	237620035	exon	GBM primary
chr1:237886428|237921076	chr1	237886428	237921076	exon	GBM primary
chr1:239647475|239656107	chr1	239647475	239656107	intron	GBM primary
chr1:239656009|239657951	chr1	239656009	239657951	intron	GBM primary
chr1:240351507|240397750	chr1	240351507	240397750	intron	GBM primary
chr1:240351507|240421332	chr1	240351507	240421332	exon	GBM primary
chr1:240366675|240374535	chr1	240366675	240374535	intron	GBM primary
chr1:240492376|240555862	chr1	240492376	240555862	exon	GBM primary
chr1:241031887|241100006	chr1	241031887	241100006	exon	GBM primary
chr1:243433394|243589860	chr1	243433394	243589860	exon	GBM primary
chr1:243493842|243542165	chr1	243493842	243542165	exon	GBM primary
chr1:243708812|243727150	chr1	243708812	243727150	exon	GBM primary
chr1:243776973|243809339	chr1	243776973	243809339	exon	GBM primary
chr1:243828074|244006584	chr1	243828074	244006584	exon	GBM primary
chr1:245008549|245012158	chr1	245008549	245012158	exon	GBM primary
chr1:245222688|245246990	chr1	245222688	245246990	exon	GBM primary
chr1:245263994|245265746	chr1	245263994	245265746	intron	GBM primary
chr1:246790658|246791569	chr1	246790658	246791569	intron	GBM primary
chr1:246794661|246795226	chr1	246794661	246795226	intron	GBM primary
chr10:428587|436803	chr10	428587	436803	exon	GBM primary
chr10:518379|532470	chr10	518379	532470	exon	GBM primary
chr10:1118056|1132297	chr10	1118056	1132297	exon	GBM primary
chr10:4872867|4950612	chr10	4872867	4950612	intergenic_region	GBM primary
chr10:5751493|5766496	chr10	5751493	5766496	exon	GBM primary
chr10:7839017|7844817	chr10	7839017	7844817	exon	GBM primary
chr10:11291116|11317083	chr10	11291116	11317083	exon	GBM primary
chr10:11299701|11312787	chr10	11299701	11312787	exon	GBM primary
chr10:12123471|12136270	chr10	12123471	12136270	exon	GBM primary
chr10:12445101|12595355	chr10	12445101	12595355	intron	GBM primary
chr10:12530136|12595355	chr10	12530136	12595355	intron	GBM primary
chr10:13040338|13049105	chr10	13040338	13049105	intron	GBM primary
chr10:13040338|13116100	chr10	13040338	13116100	exon	GBM primary
chr10:13639458|13647744	chr10	13639458	13647744	exon	GBM primary
chr10:13701323|13705509	chr10	13701323	13705509	exon	GBM primary
chr10:14272255|14275092	chr10	14272255	14275092	intron	GBM primary
chr10:14938845|14939516	chr10	14938845	14939516	exon	GBM primary
chr10:15317854|15326104	chr10	15317854	15326104	exon	GBM primary
chr10:15863655|15885271	chr10	15863655	15885271	exon	GBM primary
chr10:17199440|17204236	chr10	17199440	17204236	exon	GBM primary
chr10:18816517|18825125	chr10	18816517	18825125	exon	GBM primary
chr10:18874878|18905222	chr10	18874878	18905222	exon	GBM primary
chr10:21120402|21158770	chr10	21120402	21158770	exon	GBM primary
chr10:21177026|21188379	chr10	21177026	21188379	exon	GBM primary
chr10:22193451|22209892	chr10	22193451	22209892	exon	GBM primary
chr10:22193451|22218070	chr10	22193451	22218070	exon	GBM primary
chr10:22880558|22898646	chr10	22880558	22898646	exon	GBM primary
chr10:24783429|24802363	chr10	24783429	24802363	exon	GBM primary
chr10:27223342|27224556	chr10	27223342	27224556	exon	GBM primary
chr10:27335282|27350171	chr10	27335282	27350171	exon	GBM primary
chr10:27403450|27410377	chr10	27403450	27410377	exon	GBM primary
chr10:27456031|27460012	chr10	27456031	27460012	exon	GBM primary
chr10:28358701|28378770	chr10	28358701	28378770	exon	GBM primary
chr10:31165927|31230580	chr10	31165927	31230580	exon	GBM primary
chr10:32740520|32745262	chr10	32740520	32745262	exon	GBM primary
chr10:32740520|32833229	chr10	32740520	32833229	exon	GBM primary
chr10:32740520|32924086	chr10	32740520	32924086	exon	GBM primary
chr10:32761409|32873232	chr10	32761409	32873232	exon	GBM primary
chr10:33134471|33165508	chr10	33134471	33165508	exon	GBM primary
chr10:35321363|35333796	chr10	35321363	35333796	exon	GBM primary
chr10:35805451|35819171	chr10	35805451	35819171	exon	GBM primary
chr10:43986820|43991978	chr10	43986820	43991978	intergenic_region	GBM primary
chr10:50225922|50227820	chr10	50225922	50227820	exon	GBM primary
chr10:61062561|61115703	chr10	61062561	61115703	exon	GBM primary
chr10:61802430|61824046	chr10	61802430	61824046	exon	GBM primary
chr10:63432390|63450379	chr10	63432390	63450379	exon	GBM primary
chr10:64148155|64159552	chr10	64148155	64159552	exon	GBM primary
chr10:64944368|64954135	chr10	64944368	64954135	exon	GBM primary
chr10:65140078|65144421	chr10	65140078	65144421	intron	GBM primary
chr10:66046226|66061412	chr10	66046226	66061412	intergenic_region	GBM primary
chr10:66643455|66696529	chr10	66643455	66696529	intergenic_region	GBM primary
chr10:68526022|68535282	chr10	68526022	68535282	exon	GBM primary
chr10:69726440|69797926	chr10	69726440	69797926	exon	GBM primary
chr10:69726440|69804320	chr10	69726440	69804320	exon	GBM primary
chr10:69785303|69804320	chr10	69785303	69804320	exon	GBM primary
chr10:70096956|70099312	chr10	70096956	70099312	exon	GBM primary
chr10:70181982|70182647	chr10	70181982	70182647	exon	GBM primary
chr10:70243177|70276600	chr10	70243177	70276600	exon	GBM primary
chr10:70246901|70267149	chr10	70246901	70267149	intron	GBM primary
chr10:70246901|70276600	chr10	70246901	70276600	exon	GBM primary
chr10:70641714|70652529	chr10	70641714	70652529	exon	GBM primary
chr10:71235756|71244971	chr10	71235756	71244971	intron	GBM primary
chr10:71243447|71244971	chr10	71243447	71244971	exon	GBM primary
chr10:72579940|72619256	chr10	72579940	72619256	exon	GBM primary
chr10:74103124|74104885	chr10	74103124	74104885	exon	GBM primary
chr10:74322653|74326552	chr10	74322653	74326552	exon	GBM primary
chr10:74468041|74475660	chr10	74468041	74475660	exon	GBM primary
chr10:74906034|74923708	chr10	74906034	74923708	exon	GBM primary
chr10:75276133|75290593	chr10	75276133	75290593	exon	GBM primary
chr10:75289438|75299351	chr10	75289438	75299351	exon	GBM primary
chr10:75335270|75336379	chr10	75335270	75336379	intron	GBM primary
chr10:75830428|75834661	chr10	75830428	75834661	exon	GBM primary
chr10:76074425|76158337	chr10	76074425	76158337	exon	GBM primary
chr10:76349040|76360251	chr10	76349040	76360251	exon	GBM primary
chr10:76732265|76748870	chr10	76732265	76748870	exon	GBM primary
chr10:76978821|76982160	chr10	76978821	76982160	exon	GBM primary
chr10:77795766|77818541	chr10	77795766	77818541	exon	GBM primary
chr10:78704531|78729825	chr10	78704531	78729825	exon	GBM primary
chr10:84711225|84745103	chr10	84711225	84745103	exon	GBM primary
chr10:86198038|86237420	chr10	86198038	86237420	intron	GBM primary
chr10:87614253|87615947	chr10	87614253	87615947	exon	GBM primary
chr10:88211724|88233730	chr10	88211724	88233730	exon	GBM primary
chr10:88227036|88260500	chr10	88227036	88260500	exon	GBM primary
chr10:88230749|88257076	chr10	88230749	88257076	exon	GBM primary
chr10:90661413|90674415	chr10	90661413	90674415	exon	GBM primary
chr10:93699709|93702325	chr10	93699709	93702325	exon	GBM primary
chr10:93702179|93726514	chr10	93702179	93726514	exon	GBM primary
chr10:93754292|93768032	chr10	93754292	93768032	exon	GBM primary
chr10:93841077|93851701	chr10	93841077	93851701	exon	GBM primary
chr10:93851587|93940776	chr10	93851587	93940776	exon	GBM primary
chr10:94264551|94297307	chr10	94264551	94297307	exon	GBM primary
chr10:94653106|94669388	chr10	94653106	94669388	exon	GBM primary
chr10:94653106|94715471	chr10	94653106	94715471	exon	GBM primary
chr10:96201653|96282210	chr10	96201653	96282210	exon	GBM primary
chr10:96259978|96267104	chr10	96259978	96267104	exon	GBM primary
chr10:97915681|97920158	chr10	97915681	97920158	exon	GBM primary
chr10:98667022|98711953	chr10	98667022	98711953	exon	GBM primary
chr10:99196174|99198460	chr10	99196174	99198460	exon	GBM primary
chr10:102675756|102685776	chr10	102675756	102685776	exon	GBM primary
chr10:102689074|102710510	chr10	102689074	102710510	exon	GBM primary
chr10:103558599|103560157	chr10	103558599	103560157	exon	GBM primary
chr10:103558599|103570071	chr10	103558599	103570071	exon	GBM primary
chr10:103565802|103570071	chr10	103565802	103570071	exon	GBM primary
chr10:103699620|103755112	chr10	103699620	103755112	exon	GBM primary
chr10:103734969|103755112	chr10	103734969	103755112	exon	GBM primary
chr10:103789395|103799882	chr10	103789395	103799882	exon	GBM primary
chr10:104445573|104465246	chr10	104445573	104465246	exon	GBM primary
chr10:111860383|111884032	chr10	111860383	111884032	exon	GBM primary
chr10:111860383|111890244	chr10	111860383	111890244	exon	GBM primary
chr10:112047753|112048551	chr10	112047753	112048551	intergenic_region	GBM primary
chr10:112711366|112745523	chr10	112711366	112745523	exon	GBM primary
chr10:115636280|115644139	chr10	115636280	115644139	exon	GBM primary
chr10:116730127|116734144	chr10	116730127	116734144	exon	GBM primary
chr10:116873772|116925405	chr10	116873772	116925405	intron	GBM primary
chr10:116873772|117001514	chr10	116873772	117001514	intron	GBM primary
chr10:116879949|116933204	chr10	116879949	116933204	intron	GBM primary
chr10:116975455|117001514	chr10	116975455	117001514	exon	GBM primary
chr10:117040865|117185812	chr10	117040865	117185812	exon	GBM primary
chr10:117154169|117228839	chr10	117154169	117228839	exon	GBM primary
chr10:117185760|117309046	chr10	117185760	117309046	exon	GBM primary
chr10:117221485|117309046	chr10	117221485	117309046	exon	GBM primary
chr10:118661276|118681027	chr10	118661276	118681027	exon	GBM primary
chr10:118666138|118681027	chr10	118666138	118681027	exon	GBM primary
chr10:118671301|118728223	chr10	118671301	118728223	exon	GBM primary
chr10:118674886|118681027	chr10	118674886	118681027	exon	GBM primary
chr10:118704435|118708508	chr10	118704435	118708508	exon	GBM primary
chr10:119245464|119245989	chr10	119245464	119245989	exon	GBM primary
chr10:120801506|120803654	chr10	120801506	120803654	exon	GBM primary
chr10:120832402|120833449	chr10	120832402	120833449	exon	GBM primary
chr10:123256046|123310973	chr10	123256046	123310973	exon	GBM primary
chr10:123596233|123683844	chr10	123596233	123683844	exon	GBM primary
chr10:123600597|123683844	chr10	123600597	123683844	exon	GBM primary
chr10:123629521|123683844	chr10	123629521	123683844	exon	GBM primary
chr10:123718839|123721032	chr10	123718839	123721032	exon	GBM primary
chr10:124151819|124172561	chr10	124151819	124172561	exon	GBM primary
chr10:124172436|124184475	chr10	124172436	124184475	exon	GBM primary
chr10:126097111|126097534	chr10	126097111	126097534	exon	GBM primary
chr10:126097111|126100769	chr10	126097111	126100769	exon	GBM primary
chr10:126370176|126395456	chr10	126370176	126395456	exon	GBM primary
chr10:126384727|126395456	chr10	126384727	126395456	exon	GBM primary
chr10:126727566|126799662	chr10	126727566	126799662	exon	GBM primary
chr10:127500783|127505094	chr10	127500783	127505094	exon	GBM primary
chr10:127587489|127596071	chr10	127587489	127596071	intron	GBM primary
chr10:128187846|128188809	chr10	128187846	128188809	intron	GBM primary
chr10:128768966|128780237	chr10	128768966	128780237	exon	GBM primary
chr10:128768966|128926028	chr10	128768966	128926028	exon	GBM primary
chr10:128806996|128836080	chr10	128806996	128836080	exon	GBM primary
chr10:128816974|128860040	chr10	128816974	128860040	exon	GBM primary
chr10:129137270|129183173	chr10	129137270	129183173	exon	GBM primary
chr10:132932642|133107562	chr10	132932642	133107562	exon	GBM primary
chr10:133734341|133736051	chr10	133734341	133736051	intergenic_region	GBM primary
chr10:133747962|133761295	chr10	133747962	133761295	exon	GBM primary
chr11:2991033|2993473	chr11	2991033	2993473	exon	GBM primary
chr11:7437273|7441866	chr11	7437273	7441866	exon	GBM primary
chr11:7614363|7631653	chr11	7614363	7631653	exon	GBM primary
chr11:9182260|9215228	chr11	9182260	9215228	exon	GBM primary
chr11:9309249|9316934	chr11	9309249	9316934	exon	GBM primary
chr11:9735013|9750998	chr11	9735013	9750998	exon	GBM primary
chr11:9983504|10011142	chr11	9983504	10011142	exon	GBM primary
chr11:17131979|17158172	chr11	17131979	17158172	exon	GBM primary
chr11:18010144|18031686	chr11	18010144	18031686	exon	GBM primary
chr11:19854030|19905908	chr11	19854030	19905908	exon	GBM primary
chr11:19890471|19914140	chr11	19890471	19914140	exon	GBM primary
chr11:20417349|20419267	chr11	20417349	20419267	exon	GBM primary
chr11:20429457|20486092	chr11	20429457	20486092	exon	GBM primary
chr11:32610140|32611187	chr11	32610140	32611187	exon	GBM primary
chr11:32948703|32979632	chr11	32948703	32979632	exon	GBM primary
chr11:33127113|33127610	chr11	33127113	33127610	exon	GBM primary
chr11:33307959|33350179	chr11	33307959	33350179	exon	GBM primary
chr11:33572586|33573787	chr11	33572586	33573787	exon	GBM primary
chr11:34904223|34910416	chr11	34904223	34910416	exon	GBM primary
chr11:34952951|34982065	chr11	34952951	34982065	exon	GBM primary
chr11:34952951|34991833	chr11	34952951	34991833	exon	GBM primary
chr11:34952951|35006275	chr11	34952951	35006275	exon	GBM primary
chr11:36724668|36732357	chr11	36724668	36732357	intergenic_region	GBM primary
chr11:45975078|45991455	chr11	45975078	45991455	exon	GBM primary
chr11:45986866|46113774	chr11	45986866	46113774	exon	GBM primary
chr11:46665829|46681035	chr11	46665829	46681035	exon	GBM primary
chr11:47745580|47772842	chr11	47745580	47772842	exon	GBM primary
chr11:48029895|48037325	chr11	48029895	48037325	intron	GBM primary
chr11:49597598|49598458	chr11	49597598	49598458	exon	GBM primary
chr11:56920114|56956625	chr11	56920114	56956625	intergenic_region	GBM primary
chr11:56920114|56962239	chr11	56920114	56962239	intergenic_region	GBM primary
chr11:59617452|59618437	chr11	59617452	59618437	intergenic_region	GBM primary
chr11:62731818|62733017	chr11	62731818	62733017	intron	GBM primary
chr11:63486174|63488504	chr11	63486174	63488504	exon	GBM primary
chr11:64453118|64453419	chr11	64453118	64453419	exon	GBM primary
chr11:64525251|64526176	chr11	64525251	64526176	exon	GBM primary
chr11:66526514|66529921	chr11	66526514	66529921	exon	GBM primary
chr11:67953248|67957619	chr11	67953248	67957619	exon	GBM primary
chr11:68369331|68370960	chr11	68369331	68370960	exon	GBM primary
chr11:70179576|70184559	chr11	70179576	70184559	exon	GBM primary
chr11:72695133|72726930	chr11	72695133	72726930	exon	GBM primary
chr11:74521229|74528759	chr11	74521229	74528759	exon	GBM primary
chr11:75590923|75623083	chr11	75590923	75623083	exon	GBM primary
chr11:76169227|76175124	chr11	76169227	76175124	exon	GBM primary
chr11:76670023|76709865	chr11	76670023	76709865	exon	GBM primary
chr11:76696687|76709865	chr11	76696687	76709865	exon	GBM primary
chr11:77069943|77091039	chr11	77069943	77091039	exon	GBM primary
chr11:77396150|77404656	chr11	77396150	77404656	exon	GBM primary
chr11:77666988|77672184	chr11	77666988	77672184	exon	GBM primary
chr11:78239888|78282489	chr11	78239888	78282489	exon	GBM primary
chr11:78926853|79008588	chr11	78926853	79008588	exon	GBM primary
chr11:81811016|81902098	chr11	81811016	81902098	intron	GBM primary
chr11:82560091|82571159	chr11	82560091	82571159	exon	GBM primary
chr11:82917100|82922472	chr11	82917100	82922472	exon	GBM primary
chr11:82935897|82959129	chr11	82935897	82959129	exon	GBM primary
chr11:83243751|83252901	chr11	83243751	83252901	exon	GBM primary
chr11:83641371|83691685	chr11	83641371	83691685	exon	GBM primary
chr11:84005564|84023962	chr11	84005564	84023962	intron	GBM primary
chr11:85692172|85722179	chr11	85692172	85722179	exon	GBM primary
chr11:85961338|85968638	chr11	85961338	85968638	exon	GBM primary
chr11:89165952|89185063	chr11	89165952	89185063	exon	GBM primary
chr11:92085262|92258114	chr11	92085262	92258114	exon	GBM primary
chr11:94408802|94412702	chr11	94408802	94412702	exon	GBM primary
chr11:94908662|94911992	chr11	94908662	94911992	exon	GBM primary
chr11:94917584|94918656	chr11	94917584	94918656	exon	GBM primary
chr11:95942610|95943503	chr11	95942610	95943503	intron	GBM primary
chr11:103090644|103124177	chr11	103090644	103124177	exon	GBM primary
chr11:103151077|103194718	chr11	103151077	103194718	exon	GBM primary
chr11:103151077|103229087	chr11	103151077	103229087	exon	GBM primary
chr11:103151077|103270600	chr11	103151077	103270600	exon	GBM primary
chr11:103187274|103194718	chr11	103187274	103194718	exon	GBM primary
chr11:107916997|107926168	chr11	107916997	107926168	intron	GBM primary
chr11:107916997|107948967	chr11	107916997	107948967	exon	GBM primary
chr11:107965118|107969256	chr11	107965118	107969256	exon	GBM primary
chr11:108055959|108061227	chr11	108055959	108061227	exon	GBM primary
chr11:108057209|108061227	chr11	108057209	108061227	exon	GBM primary
chr11:108186550|108206688	chr11	108186550	108206688	exon	GBM primary
chr11:108200941|108206688	chr11	108200941	108206688	exon	GBM primary
chr11:108638664|108722936	chr11	108638664	108722936	exon	GBM primary
chr11:108709173|108722936	chr11	108709173	108722936	exon	GBM primary
chr11:111706888|111724459	chr11	111706888	111724459	exon	GBM primary
chr11:112070422|112088612	chr11	112070422	112088612	exon	GBM primary
chr11:113126599|113131045	chr11	113126599	113131045	exon	GBM primary
chr11:113723223|113725057	chr11	113723223	113725057	exon	GBM primary
chr11:115085328|115111140	chr11	115085328	115111140	exon	GBM primary
chr11:116187380|116191156	chr11	116187380	116191156	intergenic_region	GBM primary
chr11:116633269|116636162	chr11	116633269	116636162	exon	GBM primary
chr11:116738662|116747758	chr11	116738662	116747758	exon	GBM primary
chr11:116797935|116827780	chr11	116797935	116827780	exon	GBM primary
chr11:116894689|116895355	chr11	116894689	116895355	intron	GBM primary
chr11:116952263|116955090	chr11	116952263	116955090	intron	GBM primary
chr11:117401868|117403237	chr11	117401868	117403237	intron	GBM primary
chr11:118454524|118455359	chr11	118454524	118455359	exon	GBM primary
chr11:119144578|119156276	chr11	119144578	119156276	exon	GBM primary
chr11:120295067|120308091	chr11	120295067	120308091	exon	GBM primary
chr11:120317112|120330029	chr11	120317112	120330029	exon	GBM primary
chr11:120339997|120348235	chr11	120339997	120348235	exon	GBM primary
chr11:120686087|120707553	chr11	120686087	120707553	exon	GBM primary
chr11:121348827|121403261	chr11	121348827	121403261	exon	GBM primary
chr11:122795605|122805783	chr11	122795605	122805783	exon	GBM primary
chr11:123988204|123989796	chr11	123988204	123989796	exon	GBM primary
chr11:124517261|124518071	chr11	124517261	124518071	exon	GBM primary
chr11:125255447|125267958	chr11	125255447	125267958	exon	GBM primary
chr11:128910823|128994789	chr11	128910823	128994789	exon	GBM primary
chr11:128932175|128994789	chr11	128932175	128994789	exon	GBM primary
chr11:128963516|128997200	chr11	128963516	128997200	intron	GBM primary
chr11:129031500|129034322	chr11	129031500	129034322	intron	GBM primary
chr11:132305980|132307253	chr11	132305980	132307253	exon	GBM primary
chr12:459787|465703	chr12	459787	465703	exon	GBM primary
chr12:541032|547720	chr12	541032	547720	exon	GBM primary
chr12:1299025|1399178	chr12	1299025	1399178	exon	GBM primary
chr12:1372200|1481143	chr12	1372200	1481143	exon	GBM primary
chr12:1863424|1863680	chr12	1863424	1863680	exon	GBM primary
chr12:6839568|6840310	chr12	6839568	6840310	exon	GBM primary
chr12:11126254|11199787	chr12	11126254	11199787	exon	GBM primary
chr12:11187381|11199787	chr12	11187381	11199787	exon	GBM primary
chr12:14587271|14591201	chr12	14587271	14591201	exon	GBM primary
chr12:14609495|14610229	chr12	14609495	14610229	exon	GBM primary
chr12:19626182|19653155	chr12	19626182	19653155	exon	GBM primary
chr12:20076132|20097478	chr12	20076132	20097478	exon	GBM primary
chr12:21445098|21459922	chr12	21445098	21459922	exon	GBM primary
chr12:25214526|25236427	chr12	25214526	25236427	exon	GBM primary
chr12:25297299|25314131	chr12	25297299	25314131	exon	GBM primary
chr12:26703180|26784992	chr12	26703180	26784992	exon	GBM primary
chr12:26864106|26878698	chr12	26864106	26878698	exon	GBM primary
chr12:27143383|27152609	chr12	27143383	27152609	exon	GBM primary
chr12:27521195|27529349	chr12	27521195	27529349	intron	GBM primary
chr12:27521195|27533337	chr12	27521195	27533337	exon	GBM primary
chr12:27521195|27556474	chr12	27521195	27556474	exon	GBM primary
chr12:31542258|31595859	chr12	31542258	31595859	exon	GBM primary
chr12:31586089|31600703	chr12	31586089	31600703	exon	GBM primary
chr12:31604874|31648853	chr12	31604874	31648853	exon	GBM primary
chr12:31841941|31862359	chr12	31841941	31862359	exon	GBM primary
chr12:32480395|32490640	chr12	32480395	32490640	exon	GBM primary
chr12:32863863|32866305	chr12	32863863	32866305	exon	GBM primary
chr12:32866143|32875567	chr12	32866143	32875567	exon	GBM primary
chr12:39713708|39716684	chr12	39713708	39716684	exon	GBM primary
chr12:40258564|40265763	chr12	40258564	40265763	exon	GBM primary
chr12:42592938|42604421	chr12	42592938	42604421	exon	GBM primary
chr12:42604157|42604421	chr12	42604157	42604421	exon	GBM primary
chr12:42711142|42717906	chr12	42711142	42717906	exon	GBM primary
chr12:42748963|42792796	chr12	42748963	42792796	exon	GBM primary
chr12:45000952|45108524	chr12	45000952	45108524	exon	GBM primary
chr12:45168530|45173805	chr12	45168530	45173805	exon	GBM primary
chr12:45725078|45751207	chr12	45725078	45751207	exon	GBM primary
chr12:45870458|45875854	chr12	45870458	45875854	intergenic_region	GBM primary
chr12:46254584|46287504	chr12	46254584	46287504	exon	GBM primary
chr12:48468107|48468576	chr12	48468107	48468576	exon	GBM primary
chr12:49053688|49054402	chr12	49053688	49054402	intron	GBM primary
chr12:50059615|50062337	chr12	50059615	50062337	exon	GBM primary
chr12:50821545|50848200	chr12	50821545	50848200	exon	GBM primary
chr12:51125152|51126319	chr12	51125152	51126319	exon	GBM primary
chr12:51127918|51130893	chr12	51127918	51130893	exon	GBM primary
chr12:51461456|51461752	chr12	51461456	51461752	exon	GBM primary
chr12:52077958|52082880	chr12	52077958	52082880	exon	GBM primary
chr12:52139687|52145377	chr12	52139687	52145377	exon	GBM primary
chr12:56094683|56094938	chr12	56094683	56094938	exon	GBM primary
chr12:56480315|56482652	chr12	56480315	56482652	exon	GBM primary
chr12:56871444|56872046	chr12	56871444	56872046	exon	GBM primary
chr12:57660514|57690334	chr12	57660514	57690334	exon	GBM primary
chr12:57789532|57791985	chr12	57789532	57791985	intron	GBM primary
chr12:57861116|57862007	chr12	57861116	57862007	exon	GBM primary
chr12:57965844|57966509	chr12	57965844	57966509	exon	GBM primary
chr12:62062812|62093693	chr12	62062812	62093693	intergenic_region	GBM primary
chr12:63083479|63114069	chr12	63083479	63114069	exon	GBM primary
chr12:66539621|66547228	chr12	66539621	66547228	exon	GBM primary
chr12:66597491|66605377	chr12	66597491	66605377	exon	GBM primary
chr12:66909399|66935730	chr12	66909399	66935730	exon	GBM primary
chr12:68696400|68696652	chr12	68696400	68696652	exon	GBM primary
chr12:69638235|69639629	chr12	69638235	69639629	intron	GBM primary
chr12:70671912|70724249	chr12	70671912	70724249	exon	GBM primary
chr12:72956633|72969322	chr12	72956633	72969322	exon	GBM primary
chr12:77239489|77243250	chr12	77239489	77243250	exon	GBM primary
chr12:78360009|78415642	chr12	78360009	78415642	exon	GBM primary
chr12:78388583|78401225	chr12	78388583	78401225	exon	GBM primary
chr12:79320377|79371711	chr12	79320377	79371711	exon	GBM primary
chr12:79320377|79441142	chr12	79320377	79441142	exon	GBM primary
chr12:79652097|79693331	chr12	79652097	79693331	intron	GBM primary
chr12:82763166|82828503	chr12	82763166	82828503	intron	GBM primary
chr12:82763166|82850599	chr12	82763166	82850599	intron	GBM primary
chr12:85266381|85277819	chr12	85266381	85277819	exon	GBM primary
chr12:89996820|90029028	chr12	89996820	90029028	exon	GBM primary
chr12:90010579|90029028	chr12	90010579	90029028	exon	GBM primary
chr12:93206756|93246801	chr12	93206756	93246801	exon	GBM primary
chr12:99166820|99192783	chr12	99166820	99192783	exon	GBM primary
chr12:99166820|99201693	chr12	99166820	99201693	exon	GBM primary
chr12:99192712|99201696	chr12	99192712	99201696	exon	GBM primary
chr12:99222952|99225914	chr12	99222952	99225914	exon	GBM primary
chr12:99446935|99640642	chr12	99446935	99640642	exon	GBM primary
chr12:99638120|99640642	chr12	99638120	99640642	exon	GBM primary
chr12:99780040|99793589	chr12	99780040	99793589	exon	GBM primary
chr12:100103681|100175875	chr12	100103681	100175875	intron	GBM primary
chr12:100166700|100219167	chr12	100166700	100219167	exon	GBM primary
chr12:100491143|100497729	chr12	100491143	100497729	exon	GBM primary
chr12:100598718|100599522	chr12	100598718	100599522	exon	GBM primary
chr12:101316004|101381448	chr12	101316004	101381448	exon	GBM primary
chr12:101472971|101493498	chr12	101472971	101493498	exon	GBM primary
chr12:102173930|102183835	chr12	102173930	102183835	exon	GBM primary
chr12:104200100|104208899	chr12	104200100	104208899	exon	GBM primary
chr12:104514178|104517201	chr12	104514178	104517201	exon	GBM primary
chr12:105280071|105325569	chr12	105280071	105325569	exon	GBM primary
chr12:105289052|105325569	chr12	105289052	105325569	exon	GBM primary
chr12:105303433|105322472	chr12	105303433	105322472	exon	GBM primary
chr12:105303433|105325569	chr12	105303433	105325569	exon	GBM primary
chr12:105321751|105325569	chr12	105321751	105325569	exon	GBM primary
chr12:106135531|106136683	chr12	106135531	106136683	intron	GBM primary
chr12:106445055|106453192	chr12	106445055	106453192	intergenic_region	GBM primary
chr12:107219504|107245372	chr12	107219504	107245372	exon	GBM primary
chr12:107219504|107254190	chr12	107219504	107254190	exon	GBM primary
chr12:107236367|107254190	chr12	107236367	107254190	exon	GBM primary
chr12:108136974|108138438	chr12	108136974	108138438	exon	GBM primary
chr12:109612563|109617411	chr12	109612563	109617411	intron	GBM primary
chr12:109660312|109661709	chr12	109660312	109661709	exon	GBM primary
chr12:110565165|110584853	chr12	110565165	110584853	exon	GBM primary
chr12:110566755|110600870	chr12	110566755	110600870	exon	GBM primary
chr12:110764195|110765822	chr12	110764195	110765822	exon	GBM primary
chr12:110819557|110834257	chr12	110819557	110834257	exon	GBM primary
chr12:111923075|111957880	chr12	111923075	111957880	exon	GBM primary
chr12:111947353|111963120	chr12	111947353	111963120	exon	GBM primary
chr12:111951161|111957880	chr12	111951161	111957880	exon	GBM primary
chr12:112371690|112429693	chr12	112371690	112429693	exon	GBM primary
chr12:112707508|112712764	chr12	112707508	112712764	exon	GBM primary
chr12:112743868|112757546	chr12	112743868	112757546	exon	GBM primary
chr12:113084027|113089632	chr12	113084027	113089632	intron	GBM primary
chr12:113087219|113089632	chr12	113087219	113089632	exon	GBM primary
chr12:116534474|116675510	chr12	116534474	116675510	exon	GBM primary
chr12:120172965|120214646	chr12	120172965	120214646	exon	GBM primary
chr12:121204066|121222396	chr12	121204066	121222396	exon	GBM primary
chr12:122701035|122702944	chr12	122701035	122702944	exon	GBM primary
chr12:123270266|123276668	chr12	123270266	123276668	exon	GBM primary
chr12:123488941|123490095	chr12	123488941	123490095	exon	GBM primary
chr12:123497160|123498589	chr12	123497160	123498589	exon	GBM primary
chr12:123712010|123715069	chr12	123712010	123715069	exon	GBM primary
chr12:126888430|126892486	chr12	126888430	126892486	exon	GBM primary
chr13:20304379|20409829	chr13	20304379	20409829	intergenic_region	GBM primary
chr13:20439611|20527278	chr13	20439611	20527278	intergenic_region	GBM primary
chr13:20439611|20530751	chr13	20439611	20530751	intergenic_region	GBM primary
chr13:20567203|20568059	chr13	20567203	20568059	exon	GBM primary
chr13:20567203|20611049	chr13	20567203	20611049	exon	GBM primary
chr13:20593687|20611049	chr13	20593687	20611049	exon	GBM primary
chr13:20638591|20641530	chr13	20638591	20641530	exon	GBM primary
chr13:21006241|21086689	chr13	21006241	21086689	exon	GBM primary
chr13:21401206|21442840	chr13	21401206	21442840	exon	GBM primary
chr13:21961647|21987911	chr13	21961647	21987911	exon	GBM primary
chr13:21974512|21999817	chr13	21974512	21999817	exon	GBM primary
chr13:25049610|25052414	chr13	25049610	25052414	exon	GBM primary
chr13:25525535|25529007	chr13	25525535	25529007	exon	GBM primary
chr13:26112126|26163837	chr13	26112126	26163837	exon	GBM primary
chr13:26402256|26436546	chr13	26402256	26436546	exon	GBM primary
chr13:26911704|26959479	chr13	26911704	26959479	exon	GBM primary
chr13:29278080|29287687	chr13	29278080	29287687	exon	GBM primary
chr13:30801549|30854360	chr13	30801549	30854360	exon	GBM primary
chr13:30814597|30815223	chr13	30814597	30815223	exon	GBM primary
chr13:33016525|33018263	chr13	33016525	33018263	exon	GBM primary
chr13:33222891|33253066	chr13	33222891	33253066	exon	GBM primary
chr13:33275460|33327674	chr13	33275460	33327674	exon	GBM primary
chr13:33306238|33320238	chr13	33306238	33320238	exon	GBM primary
chr13:35615070|35624532	chr13	35615070	35624532	exon	GBM primary
chr13:35615070|35633000	chr13	35615070	35633000	exon	GBM primary
chr13:35615070|35644989	chr13	35615070	35644989	exon	GBM primary
chr13:35615070|35672542	chr13	35615070	35672542	exon	GBM primary
chr13:35615070|35685115	chr13	35615070	35685115	exon	GBM primary
chr13:35883665|35926460	chr13	35883665	35926460	exon	GBM primary
chr13:36367503|36385105	chr13	36367503	36385105	exon	GBM primary
chr13:36379836|36410278	chr13	36379836	36410278	exon	GBM primary
chr13:36379836|36413313	chr13	36379836	36413313	exon	GBM primary
chr13:40268771|40325281	chr13	40268771	40325281	exon	GBM primary
chr13:41400642|41457108	chr13	41400642	41457108	intron	GBM primary
chr13:41890982|41894960	chr13	41890982	41894960	exon	GBM primary
chr13:42352121|42393522	chr13	42352121	42393522	exon	GBM primary
chr13:42352121|42407667	chr13	42352121	42407667	exon	GBM primary
chr13:46090278|46099186	chr13	46090278	46099186	exon	GBM primary
chr13:46562922|46619648	chr13	46562922	46619648	exon	GBM primary
chr13:46577274|46619648	chr13	46577274	46619648	exon	GBM primary
chr13:46577274|46619651	chr13	46577274	46619651	exon	GBM primary
chr13:47297356|47303119	chr13	47297356	47303119	exon	GBM primary
chr13:48562676|48571158	chr13	48562676	48571158	exon	GBM primary
chr13:50025689|50065046	chr13	50025689	50065046	exon	GBM primary
chr13:50054355|50057699	chr13	50054355	50057699	exon	GBM primary
chr13:50502055|50505270	chr13	50502055	50505270	exon	GBM primary
chr13:50642233|50649789	chr13	50642233	50649789	exon	GBM primary
chr13:51320869|51338644	chr13	51320869	51338644	intron	GBM primary
chr13:53000067|53009017	chr13	53000067	53009017	exon	GBM primary
chr13:61013822|61084889	chr13	61013822	61084889	exon	GBM primary
chr13:67799537|67802707	chr13	67799537	67802707	exon	GBM primary
chr13:73366585|73428293	chr13	73366585	73428293	exon	GBM primary
chr13:76195899|76378677	chr13	76195899	76378677	exon	GBM primary
chr13:76381616|76383319	chr13	76381616	76383319	exon	GBM primary
chr13:77655562|77661768	chr13	77655562	77661768	exon	GBM primary
chr13:77700453|77714298	chr13	77700453	77714298	exon	GBM primary
chr13:77763086|77768379	chr13	77763086	77768379	exon	GBM primary
chr13:79915258|79918929	chr13	79915258	79918929	exon	GBM primary
chr13:84376512|84385403	chr13	84376512	84385403	intergenic_region	GBM primary
chr13:84376512|84401645	chr13	84376512	84401645	intergenic_region	GBM primary
chr13:84376512|84403072	chr13	84376512	84403072	intergenic_region	GBM primary
chr13:95141631|95157873	chr13	95141631	95157873	intergenic_region	GBM primary
chr13:96234209|96246340	chr13	96234209	96246340	exon	GBM primary
chr13:96236990|96242695	chr13	96236990	96242695	exon	GBM primary
chr13:96254677|96261767	chr13	96254677	96261767	intron	GBM primary
chr13:96577934|96651561	chr13	96577934	96651561	exon	GBM primary
chr13:96589178|96624925	chr13	96589178	96624925	exon	GBM primary
chr13:99498178|99508285	chr13	99498178	99508285	exon	GBM primary
chr13:100953714|100962162	chr13	100953714	100962162	exon	GBM primary
chr13:100953714|100992513	chr13	100953714	100992513	exon	GBM primary
chr13:100962087|101020828	chr13	100962087	101020828	exon	GBM primary
chr13:101077887|101101559	chr13	101077887	101101559	exon	GBM primary
chr13:101881744|102031004	chr13	101881744	102031004	exon	GBM primary
chr13:101890106|101944717	chr13	101890106	101944717	exon	GBM primary
chr13:101936284|101945607	chr13	101936284	101945607	intron	GBM primary
chr13:103459634|103474509	chr13	103459634	103474509	exon	GBM primary
chr13:103504468|103528264	chr13	103504468	103528264	exon	GBM primary
chr13:108175912|108179689	chr13	108175912	108179689	intron	GBM primary
chr13:109318234|109379931	chr13	109318234	109379931	exon	GBM primary
chr13:111857636|111885640	chr13	111857636	111885640	exon	GBM primary
chr13:113845186|113854830	chr13	113845186	113854830	exon	GBM primary
chr14:31346778|31349940	chr14	31346778	31349940	exon	GBM primary
chr14:31398407|31425448	chr14	31398407	31425448	exon	GBM primary
chr14:31535332|31542179	chr14	31535332	31542179	exon	GBM primary
chr14:31602444|31602881	chr14	31602444	31602881	exon	GBM primary
chr14:32172323|32173344	chr14	32172323	32173344	intron	GBM primary
chr14:33585820|33684632	chr14	33585820	33684632	intron	GBM primary
chr14:33630146|33684793	chr14	33630146	33684793	intron	GBM primary
chr14:35252968|35262127	chr14	35252968	35262127	exon	GBM primary
chr14:35560276|35577442	chr14	35560276	35577442	exon	GBM primary
chr14:36121011|36194359	chr14	36121011	36194359	exon	GBM primary
chr14:36147156|36194359	chr14	36147156	36194359	exon	GBM primary
chr14:37716308|37838829	chr14	37716308	37838829	exon	GBM primary
chr14:37736143|37777724	chr14	37736143	37777724	exon	GBM primary
chr14:37754523|37892154	chr14	37754523	37892154	exon	GBM primary
chr14:39760223|39777791	chr14	39760223	39777791	exon	GBM primary
chr14:45478116|45496677	chr14	45478116	45496677	exon	GBM primary
chr14:45481178|45523752	chr14	45481178	45523752	exon	GBM primary
chr14:45515748|45537846	chr14	45515748	45537846	exon	GBM primary
chr14:47389215|47504507	chr14	47389215	47504507	exon	GBM primary
chr14:50255864|50298079	chr14	50255864	50298079	exon	GBM primary
chr14:50292585|50296144	chr14	50292585	50296144	exon	GBM primary
chr14:50292585|50301167	chr14	50292585	50301167	exon	GBM primary
chr14:50912797|50949134	chr14	50912797	50949134	exon	GBM primary
chr14:50929383|50941867	chr14	50929383	50941867	exon	GBM primary
chr14:50929383|50952912	chr14	50929383	50952912	exon	GBM primary
chr14:51259430|51288795	chr14	51259430	51288795	exon	GBM primary
chr14:53211570|53237901	chr14	53211570	53237901	exon	GBM primary
chr14:59954392|59965626	chr14	59954392	59965626	exon	GBM primary
chr14:60004741|60031993	chr14	60004741	60031993	exon	GBM primary
chr14:61262935|61346553	chr14	61262935	61346553	exon	GBM primary
chr14:61509865|61518853	chr14	61509865	61518853	exon	GBM primary
chr14:62187100|62205091	chr14	62187100	62205091	exon	GBM primary
chr14:62436850|62463260	chr14	62436850	62463260	exon	GBM primary
chr14:63416851|63417277	chr14	63416851	63417277	exon	GBM primary
chr14:63447590|63483672	chr14	63447590	63483672	exon	GBM primary
chr14:65031469|65035165	chr14	65031469	65035165	exon	GBM primary
chr14:65922339|65946502	chr14	65922339	65946502	exon	GBM primary
chr14:66082696|66096324	chr14	66082696	66096324	exon	GBM primary
chr14:66188493|66210193	chr14	66188493	66210193	exon	GBM primary
chr14:66188493|66270593	chr14	66188493	66270593	intergenic_region	GBM primary
chr14:67431908|67567628	chr14	67431908	67567628	exon	GBM primary
chr14:67490350|67589094	chr14	67490350	67589094	exon	GBM primary
chr14:67555700|67589094	chr14	67555700	67589094	exon	GBM primary
chr14:67588973|67626205	chr14	67588973	67626205	exon	GBM primary
chr14:67812485|67814170	chr14	67812485	67814170	exon	GBM primary
chr14:68015322|68016082	chr14	68015322	68016082	intron	GBM primary
chr14:68030951|68032561	chr14	68030951	68032561	intron	GBM primary
chr14:73544077|73563808	chr14	73544077	73563808	exon	GBM primary
chr14:74495887|74507348	chr14	74495887	74507348	exon	GBM primary
chr14:75245150|75249028	chr14	75245150	75249028	exon	GBM primary
chr14:76198681|76201632	chr14	76198681	76201632	exon	GBM primary
chr14:76238077|76259443	chr14	76238077	76259443	exon	GBM primary
chr14:76638186|76647192	chr14	76638186	76647192	exon	GBM primary
chr14:77930941|77932010	chr14	77930941	77932010	exon	GBM primary
chr14:81651875|81682858	chr14	81651875	81682858	exon	GBM primary
chr14:83153658|83173208	chr14	83153658	83173208	intergenic_region	GBM primary
chr14:89042184|89077284	chr14	89042184	89077284	exon	GBM primary
chr14:89093182|89110855	chr14	89093182	89110855	exon	GBM primary
chr14:89192885|89212627	chr14	89192885	89212627	exon	GBM primary
chr14:89192885|89221015	chr14	89192885	89221015	exon	GBM primary
chr14:89220856|89221015	chr14	89220856	89221015	exon	GBM primary
chr14:89922461|89931151	chr14	89922461	89931151	intron	GBM primary
chr14:90315146|90398971	chr14	90315146	90398971	exon	GBM primary
chr14:91110392|91124731	chr14	91110392	91124731	exon	GBM primary
chr14:91110392|91146879	chr14	91110392	91146879	exon	GBM primary
chr14:91356831|91372643	chr14	91356831	91372643	exon	GBM primary
chr14:91386550|91467503	chr14	91386550	91467503	exon	GBM primary
chr14:92465584|92477416	chr14	92465584	92477416	exon	GBM primary
chr14:92480559|92499597	chr14	92480559	92499597	exon	GBM primary
chr14:92905679|92911686	chr14	92905679	92911686	exon	GBM primary
chr14:93180168|93183806	chr14	93180168	93183806	exon	GBM primary
chr14:93273081|93275864	chr14	93273081	93275864	exon	GBM primary
chr14:93273081|93278099	chr14	93273081	93278099	exon	GBM primary
chr14:93275645|93282766	chr14	93275645	93282766	exon	GBM primary
chr14:93760204|93761283	chr14	93760204	93761283	exon	GBM primary
chr14:93934017|93944074	chr14	93934017	93944074	exon	GBM primary
chr14:96986392|96994343	chr14	96986392	96994343	exon	GBM primary
chr14:97026986|97031551	chr14	97026986	97031551	exon	GBM primary
chr14:99723808|99724176	chr14	99723808	99724176	exon	GBM primary
chr14:101396784|101415933	chr14	101396784	101415933	intron	GBM primary
chr14:101403740|101430776	chr14	101403740	101430776	exon	GBM primary
chr14:101409099|101417831	chr14	101409099	101417831	exon	GBM primary
chr14:102471099|102471573	chr14	102471099	102471573	exon	GBM primary
chr14:102659800|102664184	chr14	102659800	102664184	exon	GBM primary
chr14:102661275|102664184	chr14	102661275	102664184	exon	GBM primary
chr14:103434590|103436598	chr14	103434590	103436598	exon	GBM primary
chr14:103923479|103928798	chr14	103923479	103928798	exon	GBM primary
chr14:104120901|104121162	chr14	104120901	104121162	exon	GBM primary
chr14:104135848|104139768	chr14	104135848	104139768	exon	GBM primary
chr15:22866716|22872499	chr15	22866716	22872499	exon	GBM primary
chr15:22999339|23000243	chr15	22999339	23000243	exon	GBM primary
chr15:25224683|25227584	chr15	25224683	25227584	exon	GBM primary
chr15:25285950|25287662	chr15	25285950	25287662	intron	GBM primary
chr15:25326238|25332746	chr15	25326238	25332746	exon	GBM primary
chr15:25349006|25357041	chr15	25349006	25357041	exon	GBM primary
chr15:25511578|25524031	chr15	25511578	25524031	exon	GBM primary
chr15:25599500|25657118	chr15	25599500	25657118	exon	GBM primary
chr15:25620612|25620910	chr15	25620612	25620910	exon	GBM primary
chr15:27571956|27725933	chr15	27571956	27725933	exon	GBM primary
chr15:28986256|28993021	chr15	28986256	28993021	exon	GBM primary
chr15:28986256|29000043	chr15	28986256	29000043	exon	GBM primary
chr15:30018583|30026586	chr15	30018583	30026586	exon	GBM primary
chr15:30029468|30054641	chr15	30029468	30054641	exon	GBM primary
chr15:30058469|30065560	chr15	30058469	30065560	exon	GBM primary
chr15:30058469|30092905	chr15	30058469	30092905	exon	GBM primary
chr15:31200321|31206294	chr15	31200321	31206294	exon	GBM primary
chr15:33091005|33194241	chr15	33091005	33194241	exon	GBM primary
chr15:33149216|33202736	chr15	33149216	33202736	exon	GBM primary
chr15:33180373|33194241	chr15	33180373	33194241	exon	GBM primary
chr15:33180373|33202736	chr15	33180373	33202736	exon	GBM primary
chr15:34111957|34117877	chr15	34111957	34117877	exon	GBM primary
chr15:35152243|35159810	chr15	35152243	35159810	exon	GBM primary
chr15:35155068|35163123	chr15	35155068	35163123	exon	GBM primary
chr15:35245086|35256491	chr15	35245086	35256491	exon	GBM primary
chr15:38794513|38798121	chr15	38794513	38798121	exon	GBM primary
chr15:40005645|40034101	chr15	40005645	40034101	exon	GBM primary
chr15:40301815|40311401	chr15	40301815	40311401	exon	GBM primary
chr15:41036245|41037457	chr15	41036245	41037457	exon	GBM primary
chr15:41352065|41362745	chr15	41352065	41362745	exon	GBM primary
chr15:41745099|41762590	chr15	41745099	41762590	exon	GBM primary
chr15:42927054|42931010	chr15	42927054	42931010	exon	GBM primary
chr15:43102812|43109295	chr15	43102812	43109295	exon	GBM primary
chr15:43132558|43170882	chr15	43132558	43170882	exon	GBM primary
chr15:43276095|43317627	chr15	43276095	43317627	exon	GBM primary
chr15:43748090|43749416	chr15	43748090	43749416	exon	GBM primary
chr15:44060687|44062778	chr15	44060687	44062778	exon	GBM primary
chr15:44898223|44903183	chr15	44898223	44903183	exon	GBM primary
chr15:45653794|45669017	chr15	45653794	45669017	exon	GBM primary
chr15:48888480|48905289	chr15	48888480	48905289	exon	GBM primary
chr15:49880213|49903465	chr15	49880213	49903465	exon	GBM primary
chr15:49924356|49926991	chr15	49924356	49926991	exon	GBM primary
chr15:50866471|50875356	chr15	50866471	50875356	exon	GBM primary
chr15:50929619|50931745	chr15	50929619	50931745	exon	GBM primary
chr15:51028298|51041943	chr15	51028298	51041943	exon	GBM primary
chr15:51240217|51250991	chr15	51240217	51250991	exon	GBM primary
chr15:51748263|51757073	chr15	51748263	51757073	exon	GBM primary
chr15:51827860|51839605	chr15	51827860	51839605	exon	GBM primary
chr15:52058570|52100647	chr15	52058570	52100647	exon	GBM primary
chr15:52058570|52100741	chr15	52058570	52100741	exon	GBM primary
chr15:52697484|52725482	chr15	52697484	52725482	exon	GBM primary
chr15:52718027|52725482	chr15	52718027	52725482	exon	GBM primary
chr15:54586093|54630687	chr15	54586093	54630687	exon	GBM primary
chr15:55630718|55640923	chr15	55630718	55640923	intron	GBM primary
chr15:56946396|56959184	chr15	56946396	56959184	exon	GBM primary
chr15:57730183|57734676	chr15	57730183	57734676	exon	GBM primary
chr15:58902496|58957396	chr15	58902496	58957396	exon	GBM primary
chr15:59323003|59359282	chr15	59323003	59359282	exon	GBM primary
chr15:59494525|59506919	chr15	59494525	59506919	exon	GBM primary
chr15:59963382|59972507	chr15	59963382	59972507	exon	GBM primary
chr15:62221700|62223458	chr15	62221700	62223458	exon	GBM primary
chr15:63966541|63981898	chr15	63966541	63981898	exon	GBM primary
chr15:64015381|64050568	chr15	64015381	64050568	exon	GBM primary
chr15:64066893|64067848	chr15	64066893	64067848	exon	GBM primary
chr15:64410316|64411053	chr15	64410316	64411053	exon	GBM primary
chr15:64966115|64970681	chr15	64966115	64970681	exon	GBM primary
chr15:65445885|65447419	chr15	65445885	65447419	exon	GBM primary
chr15:65756099|65804902	chr15	65756099	65804902	exon	GBM primary
chr15:65773853|65804902	chr15	65773853	65804902	exon	GBM primary
chr15:65780028|65804902	chr15	65780028	65804902	exon	GBM primary
chr15:66015186|66034122	chr15	66015186	66034122	exon	GBM primary
chr15:66030045|66048810	chr15	66030045	66048810	exon	GBM primary
chr15:67519239|67529158	chr15	67519239	67529158	exon	GBM primary
chr15:67923226|67956983	chr15	67923226	67956983	exon	GBM primary
chr15:67984817|68040939	chr15	67984817	68040939	exon	GBM primary
chr15:68434284|68473692	chr15	68434284	68473692	exon	GBM primary
chr15:71211389|71276596	chr15	71211389	71276596	exon	GBM primary
chr15:72208711|72231268	chr15	72208711	72231268	exon	GBM primary
chr15:72252242|72302791	chr15	72252242	72302791	intron	GBM primary
chr15:72311380|72338975	chr15	72311380	72338975	exon	GBM primary
chr15:72810408|72837305	chr15	72810408	72837305	exon	GBM primary
chr15:72837161|72864506	chr15	72837161	72864506	exon	GBM primary
chr15:72858904|72864506	chr15	72858904	72864506	exon	GBM primary
chr15:73150413|73150879	chr15	73150413	73150879	intergenic_region	GBM primary
chr15:73408881|73428368	chr15	73408881	73428368	exon	GBM primary
chr15:73408881|73470768	chr15	73408881	73470768	exon	GBM primary
chr15:73418758|73428368	chr15	73418758	73428368	exon	GBM primary
chr15:73468744|73470768	chr15	73468744	73470768	exon	GBM primary
chr15:75693071|75694311	chr15	75693071	75694311	exon	GBM primary
chr15:76248273|76344518	chr15	76248273	76344518	exon	GBM primary
chr15:76566753|76585041	chr15	76566753	76585041	exon	GBM primary
chr15:76584772|76588078	chr15	76584772	76588078	exon	GBM primary
chr15:76797200|76975402	chr15	76797200	76975402	intron	GBM primary
chr15:76957994|77057413	chr15	76957994	77057413	exon	GBM primary
chr15:77020936|77057979	chr15	77020936	77057979	exon	GBM primary
chr15:77020936|77067458	chr15	77020936	77067458	exon	GBM primary
chr15:77046149|77067458	chr15	77046149	77067458	exon	GBM primary
chr15:77656416|77657567	chr15	77656416	77657567	intron	GBM primary
chr15:78837211|78838106	chr15	78837211	78838106	exon	GBM primary
chr15:80743221|80767564	chr15	80743221	80767564	exon	GBM primary
chr15:80750270|80767564	chr15	80750270	80767564	exon	GBM primary
chr15:80750270|80806746	chr15	80750270	80806746	exon	GBM primary
chr15:80762559|80767564	chr15	80762559	80767564	exon	GBM primary
chr15:82430999|82444764	chr15	82430999	82444764	exon	GBM primary
chr15:83309408|83310433	chr15	83309408	83310433	exon	GBM primary
chr15:84228005|84278218	chr15	84228005	84278218	exon	GBM primary
chr15:84257414|84278218	chr15	84257414	84278218	exon	GBM primary
chr15:85180578|85184493	chr15	85180578	85184493	exon	GBM primary
chr15:85607601|85652361	chr15	85607601	85652361	exon	GBM primary
chr15:85619093|85652361	chr15	85619093	85652361	exon	GBM primary
chr15:86225389|86236682	chr15	86225389	86236682	exon	GBM primary
chr15:88678332|88680792	chr15	88678332	88680792	exon	GBM primary
chr15:90976951|91010824	chr15	90976951	91010824	exon	GBM primary
chr15:90982564|90983847	chr15	90982564	90983847	exon	GBM primary
chr15:90982564|90999547	chr15	90982564	90999547	exon	GBM primary
chr15:91181678|91184431	chr15	91181678	91184431	exon	GBM primary
chr15:91824958|91832910	chr15	91824958	91832910	exon	GBM primary
chr15:93467551|93499879	chr15	93467551	93499879	exon	GBM primary
chr15:93547847|93558139	chr15	93547847	93558139	exon	GBM primary
chr15:93889523|93916814	chr15	93889523	93916814	intron	GBM primary
chr15:102224278|102226265	chr15	102224278	102226265	exon	GBM primary
chr15:102239534|102255166	chr15	102239534	102255166	exon	GBM primary
chr15:102248996|102255166	chr15	102248996	102255166	exon	GBM primary
chr16:1675974|1682366	chr16	1675974	1682366	exon	GBM primary
chr16:1675974|1687908	chr16	1675974	1687908	exon	GBM primary
chr16:3554720|3556415	chr16	3554720	3556415	exon	GBM primary
chr16:5014363|5014672	chr16	5014363	5014672	intron	GBM primary
chr16:7568149|7568391	chr16	7568149	7568391	exon	GBM primary
chr16:9916121|9943818	chr16	9916121	9943818	exon	GBM primary
chr16:11096931|11118778	chr16	11096931	11118778	exon	GBM primary
chr16:11868092|11876244	chr16	11868092	11876244	exon	GBM primary
chr16:11976872|11991892	chr16	11976872	11991892	exon	GBM primary
chr16:13154125|13157555	chr16	13154125	13157555	intron	GBM primary
chr16:14328003|14334341	chr16	14328003	14334341	exon	GBM primary
chr16:14680175|14682570	chr16	14680175	14682570	intron	GBM primary
chr16:14680175|14721193	chr16	14680175	14721193	exon	GBM primary
chr16:14738131|14738466	chr16	14738131	14738466	exon	GBM primary
chr16:15973661|15978062	chr16	15973661	15978062	exon	GBM primary
chr16:18851020|18853776	chr16	18851020	18853776	exon	GBM primary
chr16:19627436|19641142	chr16	19627436	19641142	exon	GBM primary
chr16:19656157|19663412	chr16	19656157	19663412	intron	GBM primary
chr16:19741752|19745149	chr16	19741752	19745149	exon	GBM primary
chr16:23091267|23093878	chr16	23091267	23093878	exon	GBM primary
chr16:23113640|23119504	chr16	23113640	23119504	exon	GBM primary
chr16:24043457|24135302	chr16	24043457	24135302	exon	GBM primary
chr16:24104112|24135302	chr16	24104112	24135302	exon	GBM primary
chr16:24124294|24135302	chr16	24124294	24135302	exon	GBM primary
chr16:24828137|24831681	chr16	24828137	24831681	exon	GBM primary
chr16:24838822|24841074	chr16	24838822	24841074	intergenic_region	GBM primary
chr16:27539919|27556844	chr16	27539919	27556844	exon	GBM primary
chr16:27765494|27772911	chr16	27765494	27772911	exon	GBM primary
chr16:29916173|29917280	chr16	29916173	29917280	exon	GBM primary
chr16:30394799|30395254	chr16	30394799	30395254	intron	GBM primary
chr16:47252779|47294606	chr16	47252779	47294606	exon	GBM primary
chr16:47497810|47549512	chr16	47497810	47549512	exon	GBM primary
chr16:48286042|48311390	chr16	48286042	48311390	exon	GBM primary
chr16:53175091|53243725	chr16	53175091	53243725	intron	GBM primary
chr16:53265331|53283978	chr16	53265331	53283978	exon	GBM primary
chr16:53269097|53289691	chr16	53269097	53289691	exon	GBM primary
chr16:53348735|53355542	chr16	53348735	53355542	exon	GBM primary
chr16:53532303|53534241	chr16	53532303	53534241	exon	GBM primary
chr16:56660792|56717142	chr16	56660792	56717142	intergenic_region	GBM primary
chr16:56667663|56692652	chr16	56667663	56692652	intergenic_region	GBM primary
chr16:66632081|66632743	chr16	66632081	66632743	intergenic_region	GBM primary
chr16:68059318|68088520	chr16	68059318	68088520	exon	GBM primary
chr16:68155890|68208417	chr16	68155890	68208417	exon	GBM primary
chr16:68587777|68588601	chr16	68587777	68588601	intron	GBM primary
chr16:68591901|68609798	chr16	68591901	68609798	exon	GBM primary
chr16:70247564|70256383	chr16	70247564	70256383	intergenic_region	GBM primary
chr16:71710350|71713438	chr16	71710350	71713438	exon	GBM primary
chr16:71949529|71962153	chr16	71949529	71962153	exon	GBM primary
chr16:71954642|71957283	chr16	71954642	71957283	exon	GBM primary
chr16:74491772|74493687	chr16	74491772	74493687	exon	GBM primary
chr16:76569442|76669520	chr16	76569442	76669520	intergenic_region	GBM primary
chr16:77850818|77859358	chr16	77850818	77859358	exon	GBM primary
chr16:81396104|81399083	chr16	81396104	81399083	exon	GBM primary
chr16:84767041|84779279	chr16	84767041	84779279	exon	GBM primary
chr16:89484692|89488713	chr16	89484692	89488713	intron	GBM primary
chr17:556531|602620	chr17	556531	602620	exon	GBM primary
chr17:600658|605097	chr17	600658	605097	intron	GBM primary
chr17:1257505|1265302	chr17	1257505	1265302	exon	GBM primary
chr17:2218851|2224910	chr17	2218851	2224910	exon	GBM primary
chr17:5211989|5253924	chr17	5211989	5253924	exon	GBM primary
chr17:5250085|5253924	chr17	5250085	5253924	exon	GBM primary
chr17:5250085|5268533	chr17	5250085	5268533	exon	GBM primary
chr17:8445425|8457336	chr17	8445425	8457336	exon	GBM primary
chr17:8473038|8480656	chr17	8473038	8480656	exon	GBM primary
chr17:11880565|11882061	chr17	11880565	11882061	intergenic_region	GBM primary
chr17:11958206|12032604	chr17	11958206	12032604	exon	GBM primary
chr17:12812214|12823148	chr17	12812214	12823148	exon	GBM primary
chr17:16040625|16042500	chr17	16040625	16042500	exon	GBM primary
chr17:18770595|18781183	chr17	18770595	18781183	exon	GBM primary
chr17:19835118|19866335	chr17	19835118	19866335	exon	GBM primary
chr17:20150532|20209395	chr17	20150532	20209395	exon	GBM primary
chr17:20156818|20163607	chr17	20156818	20163607	exon	GBM primary
chr17:25631806|25636298	chr17	25631806	25636298	exon	GBM primary
chr17:26459646|26512291	chr17	26459646	26512291	exon	GBM primary
chr17:26534872|26535183	chr17	26534872	26535183	intergenic_region	GBM primary
chr17:27809215|27822745	chr17	27809215	27822745	exon	GBM primary
chr17:27809215|27825539	chr17	27809215	27825539	exon	GBM primary
chr17:29070319|29096983	chr17	29070319	29096983	exon	GBM primary
chr17:29086509|29096983	chr17	29086509	29096983	exon	GBM primary
chr17:29119458|29120690	chr17	29119458	29120690	exon	GBM primary
chr17:29527440|29541603	chr17	29527440	29541603	exon	GBM primary
chr17:29527440|29554624	chr17	29527440	29554624	exon	GBM primary
chr17:29576002|29592357	chr17	29576002	29592357	exon	GBM primary
chr17:30320884|30322781	chr17	30320884	30322781	exon	GBM primary
chr17:33310021|33313150	chr17	33310021	33313150	exon	GBM primary
chr17:34009714|34015255	chr17	34009714	34015255	intron	GBM primary
chr17:34144720|34165557	chr17	34144720	34165557	exon	GBM primary
chr17:34147028|34147441	chr17	34147028	34147441	exon	GBM primary
chr17:34160911|34165557	chr17	34160911	34165557	exon	GBM primary
chr17:34937774|34937968	chr17	34937774	34937968	exon	GBM primary
chr17:35603742|35609962	chr17	35603742	35609962	exon	GBM primary
chr17:35604935|35609962	chr17	35604935	35609962	exon	GBM primary
chr17:35687113|35687365	chr17	35687113	35687365	exon	GBM primary
chr17:35797839|35800763	chr17	35797839	35800763	exon	GBM primary
chr17:35797839|35825645	chr17	35797839	35825645	exon	GBM primary
chr17:35936439|35946657	chr17	35936439	35946657	exon	GBM primary
chr17:38318006|38319154	chr17	38318006	38319154	exon	GBM primary
chr17:38412643|38433436	chr17	38412643	38433436	exon	GBM primary
chr17:40497577|40500538	chr17	40497577	40500538	exon	GBM primary
chr17:40632685|40646491	chr17	40632685	40646491	exon	GBM primary
chr17:40869994|40871225	chr17	40869994	40871225	exon	GBM primary
chr17:41247863|41256973	chr17	41247863	41256973	exon	GBM primary
chr17:42161923|42165064	chr17	42161923	42165064	exon	GBM primary
chr17:42983661|42984190	chr17	42983661	42984190	exon	GBM primary
chr17:43159012|43164020	chr17	43159012	43164020	exon	GBM primary
chr17:44127899|44145033	chr17	44127899	44145033	exon	GBM primary
chr17:45214518|45249430	chr17	45214518	45249430	exon	GBM primary
chr17:45221249|45249430	chr17	45221249	45249430	exon	GBM primary
chr17:45740455|45745776	chr17	45740455	45745776	exon	GBM primary
chr17:47375468|47376286	chr17	47375468	47376286	exon	GBM primary
chr17:48814321|48819092	chr17	48814321	48819092	exon	GBM primary
chr17:51747522|51747875	chr17	51747522	51747875	intron	GBM primary
chr17:51917193|52050627	chr17	51917193	52050627	intron	GBM primary
chr17:53108529|53150437	chr17	53108529	53150437	exon	GBM primary
chr17:54926057|54936026	chr17	54926057	54936026	exon	GBM primary
chr17:54926057|54939612	chr17	54926057	54939612	exon	GBM primary
chr17:56780557|56801461	chr17	56780557	56801461	exon	GBM primary
chr17:57334483|57353331	chr17	57334483	57353331	exon	GBM primary
chr17:57814814|57895134	chr17	57814814	57895134	exon	GBM primary
chr17:57987923|58003943	chr17	57987923	58003943	exon	GBM primary
chr17:58365884|58379065	chr17	58365884	58379065	exon	GBM primary
chr17:58711214|58725443	chr17	58711214	58725443	exon	GBM primary
chr17:58761343|58786686	chr17	58761343	58786686	exon	GBM primary
chr17:59134905|59161925	chr17	59134905	59161925	intron	GBM primary
chr17:59152281|59161925	chr17	59152281	59161925	exon	GBM primary
chr17:60087911|60140662	chr17	60087911	60140662	exon	GBM primary
chr17:61829300|61831878	chr17	61829300	61831878	exon	GBM primary
chr17:62248460|62265775	chr17	62248460	62265775	exon	GBM primary
chr17:62567916|62587267	chr17	62567916	62587267	exon	GBM primary
chr17:63957581|64066119	chr17	63957581	64066119	exon	GBM primary
chr17:64049854|64092750	chr17	64049854	64092750	exon	GBM primary
chr17:64171162|64179425	chr17	64171162	64179425	exon	GBM primary
chr17:65901733|65904369	chr17	65901733	65904369	intron	GBM primary
chr17:65906993|65919106	chr17	65906993	65919106	exon	GBM primary
chr17:65906993|65940488	chr17	65906993	65940488	exon	GBM primary
chr17:65924471|65925603	chr17	65924471	65925603	exon	GBM primary
chr17:66110563|66121621	chr17	66110563	66121621	intergenic_region	GBM primary
chr17:67124760|67130883	chr17	67124760	67130883	exon	GBM primary
chr17:67270100|67283892	chr17	67270100	67283892	exon	GBM primary
chr17:73982268|73987704	chr17	73982268	73987704	exon	GBM primary
chr17:74763468|74772623	chr17	74763468	74772623	exon	GBM primary
chr17:76187051|76188866	chr17	76187051	76188866	exon	GBM primary
chr17:78593427|78617610	chr17	78593427	78617610	intron	GBM primary
chr17:78865520|78867665	chr17	78865520	78867665	exon	GBM primary
chr18:196637|203190	chr18	196637	203190	exon	GBM primary
chr18:951131|1061536	chr18	951131	1061536	intergenic_region	GBM primary
chr18:1238348|1285742	chr18	1238348	1285742	intergenic_region	GBM primary
chr18:2762103|2770106	chr18	2762103	2770106	exon	GBM primary
chr18:3534192|3582246	chr18	3534192	3582246	exon	GBM primary
chr18:3567488|3582246	chr18	3567488	3582246	exon	GBM primary
chr18:3814059|3822005	chr18	3814059	3822005	intron	GBM primary
chr18:5406776|5434120	chr18	5406776	5434120	exon	GBM primary
chr18:6213148|6264037	chr18	6213148	6264037	exon	GBM primary
chr18:8714137|8720494	chr18	8714137	8720494	intron	GBM primary
chr18:9195549|9239554	chr18	9195549	9239554	exon	GBM primary
chr18:10539759|10540396	chr18	10539759	10540396	exon	GBM primary
chr18:12506476|12546903	chr18	12506476	12546903	exon	GBM primary
chr18:12999420|13117642	chr18	12999420	13117642	exon	GBM primary
chr18:13029662|13059311	chr18	13029662	13059311	exon	GBM primary
chr18:18559871|18572898	chr18	18559871	18572898	exon	GBM primary
chr18:18619433|18624147	chr18	18619433	18624147	exon	GBM primary
chr18:18619433|18629841	chr18	18619433	18629841	exon	GBM primary
chr18:20569184|20581692	chr18	20569184	20581692	exon	GBM primary
chr18:20889644|20953727	chr18	20889644	20953727	exon	GBM primary
chr18:22901972|22907412	chr18	22901972	22907412	exon	GBM primary
chr18:23969809|23974445	chr18	23969809	23974445	intergenic_region	GBM primary
chr18:24247725|24344295	chr18	24247725	24344295	intron	GBM primary
chr18:24433576|24436481	chr18	24433576	24436481	intron	GBM primary
chr18:31187558|31263532	chr18	31187558	31263532	exon	GBM primary
chr18:31206826|31263532	chr18	31206826	31263532	exon	GBM primary
chr18:31673429|31685124	chr18	31673429	31685124	exon	GBM primary
chr18:34174750|34182731	chr18	34174750	34182731	exon	GBM primary
chr18:34238038|34273386	chr18	34238038	34273386	exon	GBM primary
chr18:39570423|39593560	chr18	39570423	39593560	exon	GBM primary
chr18:44470543|44486278	chr18	44470543	44486278	exon	GBM primary
chr18:44572828|44586025	chr18	44572828	44586025	exon	GBM primary
chr18:46808367|46906128	chr18	46808367	46906128	exon	GBM primary
chr18:48584495|48586286	chr18	48584495	48586286	exon	GBM primary
chr18:51800296|51810383	chr18	51800296	51810383	exon	GBM primary
chr18:54385195|54426184	chr18	54385195	54426184	exon	GBM primary
chr18:54444013|54483375	chr18	54444013	54483375	exon	GBM primary
chr18:54444013|54547396	chr18	54444013	54547396	exon	GBM primary
chr18:54444013|54629760	chr18	54444013	54629760	exon	GBM primary
chr18:55833020|56001124	chr18	55833020	56001124	exon	GBM primary
chr18:56008270|56018277	chr18	56008270	56018277	exon	GBM primary
chr18:59949495|59954700	chr18	59949495	59954700	intron	GBM primary
chr18:60212035|60227877	chr18	60212035	60227877	exon	GBM primary
chr18:60497268|60527834	chr18	60497268	60527834	exon	GBM primary
chr18:60497268|60612504	chr18	60497268	60612504	exon	GBM primary
chr18:60562244|60587347	chr18	60562244	60587347	exon	GBM primary
chr18:60948120|60948447	chr18	60948120	60948447	intron	GBM primary
chr18:74561482|74567157	chr18	74561482	74567157	intron	GBM primary
chr18:74700833|74702016	chr18	74700833	74702016	exon	GBM primary
chr18:74711709|74713546	chr18	74711709	74713546	intron	GBM primary
chr18:76856476|76974038	chr18	76856476	76974038	exon	GBM primary
chr18:76856476|77037196	chr18	76856476	77037196	exon	GBM primary
chr18:76886267|77037196	chr18	76886267	77037196	exon	GBM primary
chr18:76914504|76974038	chr18	76914504	76974038	exon	GBM primary
chr18:76914504|77037196	chr18	76914504	77037196	exon	GBM primary
chr19:4854081|4854895	chr19	4854081	4854895	intron	GBM primary
chr19:8293495|8294345	chr19	8293495	8294345	intron	GBM primary
chr19:10279006|10288043	chr19	10279006	10288043	exon	GBM primary
chr19:11230768|11231198	chr19	11230768	11231198	exon	GBM primary
chr19:11356239|11356554	chr19	11356239	11356554	exon	GBM primary
chr19:12783661|12784130	chr19	12783661	12784130	exon	GBM primary
chr19:14112871|14113904	chr19	14112871	14113904	intron	GBM primary
chr19:16192723|16197350	chr19	16192723	16197350	exon	GBM primary
chr19:17883266|17883550	chr19	17883266	17883550	exon	GBM primary
chr19:18684103|18684558	chr19	18684103	18684558	exon	GBM primary
chr19:21280991|21281716	chr19	21280991	21281716	exon	GBM primary
chr19:28409591|28410766	chr19	28409591	28410766	intron	GBM primary
chr19:30476130|30509866	chr19	30476130	30509866	intergenic_region	GBM primary
chr19:33586668|33592480	chr19	33586668	33592480	exon	GBM primary
chr19:34821094|34830897	chr19	34821094	34830897	exon	GBM primary
chr19:34881596|34883797	chr19	34881596	34883797	intron	GBM primary
chr19:37098454|37101644	chr19	37098454	37101644	exon	GBM primary
chr19:37203288|37203769	chr19	37203288	37203769	exon	GBM primary
chr19:39943996|39944161	chr19	39943996	39944161	exon	GBM primary
chr19:39948315|39950600	chr19	39948315	39950600	exon	GBM primary
chr19:40747845|40748594	chr19	40747845	40748594	exon	GBM primary
chr19:42740758|42744294	chr19	42740758	42744294	exon	GBM primary
chr19:43498902|43499513	chr19	43498902	43499513	intron	GBM primary
chr19:44085364|44085855	chr19	44085364	44085855	exon	GBM primary
chr19:45528587|45528995	chr19	45528587	45528995	exon	GBM primary
chr19:47474571|47474851	chr19	47474571	47474851	intron	GBM primary
chr19:49593548|49601961	chr19	49593548	49601961	exon	GBM primary
chr19:50500761|50501271	chr19	50500761	50501271	exon	GBM primary
chr19:51298994|51300664	chr19	51298994	51300664	intergenic_region	GBM primary
chr19:52468766|52469467	chr19	52468766	52469467	exon	GBM primary
chr19:52876364|52896041	chr19	52876364	52896041	intergenic_region	GBM primary
chr19:53122189|53138406	chr19	53122189	53138406	exon	GBM primary
chr19:55175637|55208843	chr19	55175637	55208843	intergenic_region	GBM primary
chr2:1926040|1927035	chr2	1926040	1927035	intron	GBM primary
chr2:2837025|2838278	chr2	2837025	2838278	intergenic_region	GBM primary
chr2:2837025|2839369	chr2	2837025	2839369	intergenic_region	GBM primary
chr2:2840691|2842797	chr2	2840691	2842797	intergenic_region	GBM primary
chr2:2897818|2901076	chr2	2897818	2901076	intergenic_region	GBM primary
chr2:7081079|7137192	chr2	7081079	7137192	exon	GBM primary
chr2:7154585|7170346	chr2	7154585	7170346	exon	GBM primary
chr2:8342077|8385270	chr2	8342077	8385270	intron	GBM primary
chr2:8427468|8466554	chr2	8427468	8466554	intron	GBM primary
chr2:9083316|9114564	chr2	9083316	9114564	exon	GBM primary
chr2:11332274|11335151	chr2	11332274	11335151	exon	GBM primary
chr2:15467874|15567918	chr2	15467874	15567918	exon	GBM primary
chr2:15514732|15618413	chr2	15514732	15618413	exon	GBM primary
chr2:15601325|15629146	chr2	15601325	15629146	exon	GBM primary
chr2:15601325|15651474	chr2	15601325	15651474	exon	GBM primary
chr2:17846770|17927218	chr2	17846770	17927218	exon	GBM primary
chr2:20196895|20201841	chr2	20196895	20201841	exon	GBM primary
chr2:24360779|24369956	chr2	24360779	24369956	exon	GBM primary
chr2:24778884|24787299	chr2	24778884	24787299	exon	GBM primary
chr2:25830105|25851253	chr2	25830105	25851253	exon	GBM primary
chr2:25991611|25994409	chr2	25991611	25994409	exon	GBM primary
chr2:26587170|26598016	chr2	26587170	26598016	exon	GBM primary
chr2:27147755|27151191	chr2	27147755	27151191	exon	GBM primary
chr2:29356521|29383333	chr2	29356521	29383333	exon	GBM primary
chr2:30682418|30756180	chr2	30682418	30756180	exon	GBM primary
chr2:30699443|30791042	chr2	30699443	30791042	exon	GBM primary
chr2:30748453|30791042	chr2	30748453	30791042	exon	GBM primary
chr2:31337609|31355578	chr2	31337609	31355578	exon	GBM primary
chr2:32339707|32353548	chr2	32339707	32353548	exon	GBM primary
chr2:32602656|32626691	chr2	32602656	32626691	exon	GBM primary
chr2:32639837|32641231	chr2	32639837	32641231	exon	GBM primary
chr2:32666397|32670736	chr2	32666397	32670736	exon	GBM primary
chr2:32703703|32718734	chr2	32703703	32718734	exon	GBM primary
chr2:32734805|32744013	chr2	32734805	32744013	exon	GBM primary
chr2:33748946|33759467	chr2	33748946	33759467	exon	GBM primary
chr2:37111075|37113969	chr2	37111075	37113969	exon	GBM primary
chr2:37230685|37234447	chr2	37230685	37234447	exon	GBM primary
chr2:37264998|37284623	chr2	37264998	37284623	exon	GBM primary
chr2:37463239|37475569	chr2	37463239	37475569	exon	GBM primary
chr2:38349127|38375140	chr2	38349127	38375140	intron	GBM primary
chr2:39278285|39294894	chr2	39278285	39294894	exon	GBM primary
chr2:39499424|39515421	chr2	39499424	39515421	exon	GBM primary
chr2:39515262|39526942	chr2	39515262	39526942	exon	GBM primary
chr2:39519914|39536660	chr2	39519914	39536660	exon	GBM primary
chr2:39931221|39934326	chr2	39931221	39934326	exon	GBM primary
chr2:40366541|40392124	chr2	40366541	40392124	exon	GBM primary
chr2:42935043|42936236	chr2	42935043	42936236	exon	GBM primary
chr2:42935043|42950175	chr2	42935043	42950175	exon	GBM primary
chr2:44139571|44153100	chr2	44139571	44153100	exon	GBM primary
chr2:44565490|44573529	chr2	44565490	44573529	exon	GBM primary
chr2:46067519|46070202	chr2	46067519	46070202	exon	GBM primary
chr2:46803226|46803795	chr2	46803226	46803795	exon	GBM primary
chr2:48061718|48062010	chr2	48061718	48062010	exon	GBM primary
chr2:48573340|48573890	chr2	48573340	48573890	exon	GBM primary
chr2:48688277|48692781	chr2	48688277	48692781	exon	GBM primary
chr2:48701827|48718309	chr2	48701827	48718309	exon	GBM primary
chr2:50692580|50758568	chr2	50692580	50758568	exon	GBM primary
chr2:50723043|50850753	chr2	50723043	50850753	exon	GBM primary
chr2:54101476|54112912	chr2	54101476	54112912	exon	GBM primary
chr2:54122144|54127154	chr2	54122144	54127154	exon	GBM primary
chr2:54122144|54128696	chr2	54122144	54128696	exon	GBM primary
chr2:54125007|54128696	chr2	54125007	54128696	exon	GBM primary
chr2:55559702|55563954	chr2	55559702	55563954	exon	GBM primary
chr2:56813056|56820808	chr2	56813056	56820808	intergenic_region	GBM primary
chr2:58275962|58373609	chr2	58275962	58373609	exon	GBM primary
chr2:61468695|61520685	chr2	61468695	61520685	exon	GBM primary
chr2:61512010|61522425	chr2	61512010	61522425	exon	GBM primary
chr2:61597456|61622368	chr2	61597456	61622368	exon	GBM primary
chr2:61717777|61726048	chr2	61717777	61726048	exon	GBM primary
chr2:61722590|61727029	chr2	61722590	61727029	exon	GBM primary
chr2:61722590|61761038	chr2	61722590	61761038	exon	GBM primary
chr2:61725808|61761038	chr2	61725808	61761038	exon	GBM primary
chr2:62145710|62228117	chr2	62145710	62228117	exon	GBM primary
chr2:63206323|63265951	chr2	63206323	63265951	exon	GBM primary
chr2:63711738|63720074	chr2	63711738	63720074	exon	GBM primary
chr2:64083440|64090062	chr2	64083440	64090062	exon	GBM primary
chr2:65228582|65243807	chr2	65228582	65243807	exon	GBM primary
chr2:66510471|66512607	chr2	66510471	66512607	intergenic_region	GBM primary
chr2:68364431|68368927	chr2	68364431	68368927	exon	GBM primary
chr2:68794473|68805135	chr2	68794473	68805135	exon	GBM primary
chr2:69732701|69752244	chr2	69732701	69752244	exon	GBM primary
chr2:70033517|70035321	chr2	70033517	70035321	exon	GBM primary
chr2:70215578|70224020	chr2	70215578	70224020	exon	GBM primary
chr2:70223818|70259387	chr2	70223818	70259387	exon	GBM primary
chr2:70387757|70409129	chr2	70387757	70409129	exon	GBM primary
chr2:71582849|71607695	chr2	71582849	71607695	exon	GBM primary
chr2:72945232|72968598	chr2	72945232	72968598	exon	GBM primary
chr2:73215387|73228707	chr2	73215387	73228707	exon	GBM primary
chr2:73777394|73800551	chr2	73777394	73800551	exon	GBM primary
chr2:73786099|73800551	chr2	73786099	73800551	exon	GBM primary
chr2:74273405|74275538	chr2	74273405	74275538	exon	GBM primary
chr2:79539835|79567189	chr2	79539835	79567189	exon	GBM primary
chr2:79566741|79567189	chr2	79566741	79567189	exon	GBM primary
chr2:79860824|79878784	chr2	79860824	79878784	exon	GBM primary
chr2:79878678|79971708	chr2	79878678	79971708	exon	GBM primary
chr2:86071519|86075327	chr2	86071519	86075327	exon	GBM primary
chr2:86354284|86355114	chr2	86354284	86355114	exon	GBM primary
chr2:86479080|86509365	chr2	86479080	86509365	exon	GBM primary
chr2:86915355|86929072	chr2	86915355	86929072	intron	GBM primary
chr2:89084115|89104922	chr2	89084115	89104922	exon	GBM primary
chr2:89100616|89104394	chr2	89100616	89104394	exon	GBM primary
chr2:96860696|96861287	chr2	96860696	96861287	exon	GBM primary
chr2:97860582|97871705	chr2	97860582	97871705	exon	GBM primary
chr2:98382577|98383065	chr2	98382577	98383065	exon	GBM primary
chr2:99802640|99832577	chr2	99802640	99832577	exon	GBM primary
chr2:99811026|99812219	chr2	99811026	99812219	intron	GBM primary
chr2:99823097|99832577	chr2	99823097	99832577	exon	GBM primary
chr2:99919153|99921208	chr2	99919153	99921208	intron	GBM primary
chr2:101521195|101554304	chr2	101521195	101554304	exon	GBM primary
chr2:101874253|101881509	chr2	101874253	101881509	exon	GBM primary
chr2:107446522|107450602	chr2	107446522	107450602	exon	GBM primary
chr2:109408131|109429383	chr2	109408131	109429383	exon	GBM primary
chr2:109408131|109432561	chr2	109408131	109432561	exon	GBM primary
chr2:110321943|110343415	chr2	110321943	110343415	exon	GBM primary
chr2:112973796|112990948	chr2	112973796	112990948	exon	GBM primary
chr2:113057426|113079442	chr2	113057426	113079442	exon	GBM primary
chr2:116485392|116510873	chr2	116485392	116510873	exon	GBM primary
chr2:116510750|116573305	chr2	116510750	116573305	exon	GBM primary
chr2:116520148|116539975	chr2	116520148	116539975	exon	GBM primary
chr2:120567413|120643458	chr2	120567413	120643458	exon	GBM primary
chr2:120634899|120658382	chr2	120634899	120658382	exon	GBM primary
chr2:120639362|120640199	chr2	120639362	120640199	exon	GBM primary
chr2:120677645|120692534	chr2	120677645	120692534	exon	GBM primary
chr2:120873578|120932580	chr2	120873578	120932580	intron	GBM primary
chr2:122144698|122168545	chr2	122144698	122168545	exon	GBM primary
chr2:122208489|122216551	chr2	122208489	122216551	exon	GBM primary
chr2:125261869|125320900	chr2	125261869	125320900	exon	GBM primary
chr2:125530376|125555897	chr2	125530376	125555897	exon	GBM primary
chr2:125530376|125627339	chr2	125530376	125627339	exon	GBM primary
chr2:128087497|128100770	chr2	128087497	128100770	exon	GBM primary
chr2:133531389|133547778	chr2	133531389	133547778	exon	GBM primary
chr2:134275029|134284756	chr2	134275029	134284756	exon	GBM primary
chr2:135010666|135119979	chr2	135010666	135119979	exon	GBM primary
chr2:135848568|135851263	chr2	135848568	135851263	exon	GBM primary
chr2:135887565|135893502	chr2	135887565	135893502	exon	GBM primary
chr2:136360070|136363729	chr2	136360070	136363729	exon	GBM primary
chr2:136360070|136396692	chr2	136360070	136396692	exon	GBM primary
chr2:136373722|136437894	chr2	136373722	136437894	exon	GBM primary
chr2:136379064|136437894	chr2	136379064	136437894	exon	GBM primary
chr2:136389288|136418963	chr2	136389288	136418963	exon	GBM primary
chr2:136393460|136418963	chr2	136393460	136418963	exon	GBM primary
chr2:136396309|136396692	chr2	136396309	136396692	exon	GBM primary
chr2:136418840|136437894	chr2	136418840	136437894	exon	GBM primary
chr2:136432902|136453476	chr2	136432902	136453476	intron	GBM primary
chr2:136467003|136473264	chr2	136467003	136473264	exon	GBM primary
chr2:141200073|141202248	chr2	141200073	141202248	exon	GBM primary
chr2:141457819|141460122	chr2	141457819	141460122	exon	GBM primary
chr2:141457819|141474385	chr2	141457819	141474385	exon	GBM primary
chr2:141526782|141598661	chr2	141526782	141598661	exon	GBM primary
chr2:141625159|141625832	chr2	141625159	141625832	exon	GBM primary
chr2:149240679|149243519	chr2	149240679	149243519	exon	GBM primary
chr2:149837869|149851052	chr2	149837869	149851052	exon	GBM primary
chr2:152295198|152300223	chr2	152295198	152300223	exon	GBM primary
chr2:152698417|152717334	chr2	152698417	152717334	exon	GBM primary
chr2:152980280|153006743	chr2	152980280	153006743	exon	GBM primary
chr2:152988628|153006743	chr2	152988628	153006743	exon	GBM primary
chr2:153220312|153222054	chr2	153220312	153222054	intron	GBM primary
chr2:153378457|153417549	chr2	153378457	153417549	exon	GBM primary
chr2:153399253|153437563	chr2	153399253	153437563	exon	GBM primary
chr2:154757449|154801152	chr2	154757449	154801152	exon	GBM primary
chr2:159389692|159459616	chr2	159389692	159459616	exon	GBM primary
chr2:160194078|160252345	chr2	160194078	160252345	exon	GBM primary
chr2:160229556|160231264	chr2	160229556	160231264	exon	GBM primary
chr2:160303293|160310312	chr2	160303293	160310312	exon	GBM primary
chr2:160303293|160412376	chr2	160303293	160412376	exon	GBM primary
chr2:162477425|162567261	chr2	162477425	162567261	exon	GBM primary
chr2:162477425|162661105	chr2	162477425	162661105	exon	GBM primary
chr2:162565204|162627564	chr2	162565204	162627564	exon	GBM primary
chr2:162565204|162661105	chr2	162565204	162661105	exon	GBM primary
chr2:162711480|162719572	chr2	162711480	162719572	exon	GBM primary
chr2:162804076|162807358	chr2	162804076	162807358	exon	GBM primary
chr2:162804076|162821683	chr2	162804076	162821683	exon	GBM primary
chr2:162805658|162821683	chr2	162805658	162821683	exon	GBM primary
chr2:163241198|163361167	chr2	163241198	163361167	exon	GBM primary
chr2:168869144|169038600	chr2	168869144	169038600	exon	GBM primary
chr2:168920010|168997268	chr2	168920010	168997268	exon	GBM primary
chr2:168986051|169038600	chr2	168986051	169038600	exon	GBM primary
chr2:170343579|170356130	chr2	170343579	170356130	exon	GBM primary
chr2:170366277|170367398	chr2	170366277	170367398	exon	GBM primary
chr2:170411634|170413807	chr2	170411634	170413807	exon	GBM primary
chr2:170411634|170419860	chr2	170411634	170419860	exon	GBM primary
chr2:170761624|170770656	chr2	170761624	170770656	exon	GBM primary
chr2:170871791|170897495	chr2	170871791	170897495	exon	GBM primary
chr2:172325398|172325966	chr2	172325398	172325966	intron	GBM primary
chr2:172599732|172634925	chr2	172599732	172634925	intergenic_region	GBM primary
chr2:172683308|172712459	chr2	172683308	172712459	exon	GBM primary
chr2:172782047|172844276	chr2	172782047	172844276	exon	GBM primary
chr2:175213019|175216453	chr2	175213019	175216453	exon	GBM primary
chr2:175957789|175986268	chr2	175957789	175986268	exon	GBM primary
chr2:175976296|175986268	chr2	175976296	175986268	exon	GBM primary
chr2:178370234|178388533	chr2	178370234	178388533	exon	GBM primary
chr2:179981395|179982340	chr2	179981395	179982340	exon	GBM primary
chr2:180815239|180815653	chr2	180815239	180815653	exon	GBM primary
chr2:183799480|183800103	chr2	183799480	183800103	exon	GBM primary
chr2:183806798|183822324	chr2	183806798	183822324	exon	GBM primary
chr2:183817133|183818059	chr2	183817133	183818059	exon	GBM primary
chr2:183998294|184025923	chr2	183998294	184025923	exon	GBM primary
chr2:187528495|187534541	chr2	187528495	187534541	exon	GBM primary
chr2:190560876|190609514	chr2	190560876	190609514	exon	GBM primary
chr2:191300703|191302287	chr2	191300703	191302287	exon	GBM primary
chr2:191765290|191796363	chr2	191765290	191796363	exon	GBM primary
chr2:196544756|196548630	chr2	196544756	196548630	exon	GBM primary
chr2:196544756|196583056	chr2	196544756	196583056	exon	GBM primary
chr2:196771383|196791290	chr2	196771383	196791290	exon	GBM primary
chr2:197105173|197143386	chr2	197105173	197143386	exon	GBM primary
chr2:197105173|197172809	chr2	197105173	197172809	exon	GBM primary
chr2:197135917|197143386	chr2	197135917	197143386	exon	GBM primary
chr2:197653928|197657876	chr2	197653928	197657876	exon	GBM primary
chr2:197755552|197763093	chr2	197755552	197763093	exon	GBM primary
chr2:198948482|198953785	chr2	198948482	198953785	exon	GBM primary
chr2:198948482|198968660	chr2	198948482	198968660	exon	GBM primary
chr2:200173483|200193633	chr2	200173483	200193633	exon	GBM primary
chr2:200213424|200246543	chr2	200213424	200246543	exon	GBM primary
chr2:202245847|202272320	chr2	202245847	202272320	exon	GBM primary
chr2:202410266|202446940	chr2	202410266	202446940	exon	GBM primary
chr2:202410266|202462564	chr2	202410266	202462564	intron	GBM primary
chr2:202430452|202446940	chr2	202430452	202446940	exon	GBM primary
chr2:203650641|203684622	chr2	203650641	203684622	exon	GBM primary
chr2:203661613|203693739	chr2	203661613	203693739	exon	GBM primary
chr2:203806583|203820481	chr2	203806583	203820481	exon	GBM primary
chr2:203841992|203847164	chr2	203841992	203847164	exon	GBM primary
chr2:206992521|207017234	chr2	206992521	207017234	exon	GBM primary
chr2:207013744|207018406	chr2	207013744	207018406	exon	GBM primary
chr2:207731421|207744164	chr2	207731421	207744164	intergenic_region	GBM primary
chr2:207744107|207825666	chr2	207744107	207825666	intergenic_region	GBM primary
chr2:208773238|208811236	chr2	208773238	208811236	exon	GBM primary
chr2:210742678|210761137	chr2	210742678	210761137	exon	GBM primary
chr2:210968828|211020128	chr2	210968828	211020128	intron	GBM primary
chr2:212587118|212589919	chr2	212587118	212589919	exon	GBM primary
chr2:215609791|215634036	chr2	215609791	215634036	exon	GBM primary
chr2:216903914|216931241	chr2	216903914	216931241	exon	GBM primary
chr2:219447694|219449444	chr2	219447694	219449444	exon	GBM primary
chr2:220883149|220896111	chr2	220883149	220896111	intergenic_region	GBM primary
chr2:221467054|221498849	chr2	221467054	221498849	intron	GBM primary
chr2:221495100|221618488	chr2	221495100	221618488	intergenic_region	GBM primary
chr2:221618333|221641582	chr2	221618333	221641582	intergenic_region	GBM primary
chr2:221618333|221675652	chr2	221618333	221675652	intergenic_region	GBM primary
chr2:222742707|222775836	chr2	222742707	222775836	intergenic_region	GBM primary
chr2:223765392|223773868	chr2	223765392	223773868	exon	GBM primary
chr2:223765392|223783920	chr2	223765392	223783920	exon	GBM primary
chr2:227729320|227788879	chr2	227729320	227788879	intron	GBM primary
chr2:228356263|228401709	chr2	228356263	228401709	exon	GBM primary
chr2:229889423|229890824	chr2	229889423	229890824	exon	GBM primary
chr2:230638813|230653656	chr2	230638813	230653656	exon	GBM primary
chr2:231909887|231910328	chr2	231909887	231910328	intron	GBM primary
chr2:232070911|232104754	chr2	232070911	232104754	exon	GBM primary
chr2:232995329|233028342	chr2	232995329	233028342	exon	GBM primary
chr2:233599865|233626146	chr2	233599865	233626146	exon	GBM primary
chr2:233651860|233671367	chr2	233651860	233671367	exon	GBM primary
chr2:236617823|236659132	chr2	236617823	236659132	exon	GBM primary
chr2:236649607|236715975	chr2	236649607	236715975	exon	GBM primary
chr2:236791989|236817550	chr2	236791989	236817550	exon	GBM primary
chr2:236839409|236877267	chr2	236839409	236877267	exon	GBM primary
chr2:236877106|236878331	chr2	236877106	236878331	intron	GBM primary
chr2:242343243|242373736	chr2	242343243	242373736	exon	GBM primary
chr2:242350448|242357524	chr2	242350448	242357524	exon	GBM primary
chr2:242407555|242407792	chr2	242407555	242407792	exon	GBM primary
chr20:1433138|1435777	chr20	1433138	1435777	exon	GBM primary
chr20:1791200|1791870	chr20	1791200	1791870	exon	GBM primary
chr20:2903853|2955887	chr20	2903853	2955887	exon	GBM primary
chr20:2944918|2955887	chr20	2944918	2955887	exon	GBM primary
chr20:3262287|3268436	chr20	3262287	3268436	exon	GBM primary
chr20:3329172|3340240	chr20	3329172	3340240	exon	GBM primary
chr20:3888573|3899443	chr20	3888573	3899443	exon	GBM primary
chr20:5939174|5965646	chr20	5939174	5965646	exon	GBM primary
chr20:9538255|9547031	chr20	9538255	9547031	exon	GBM primary
chr20:10166456|10190413	chr20	10166456	10190413	intron	GBM primary
chr20:13509080|13539761	chr20	13509080	13539761	exon	GBM primary
chr20:13509080|13568017	chr20	13509080	13568017	exon	GBM primary
chr20:13509093|13568017	chr20	13509093	13568017	exon	GBM primary
chr20:13747424|13756916	chr20	13747424	13756916	exon	GBM primary
chr20:16359450|16362775	chr20	16359450	16362775	exon	GBM primary
chr20:16474936|16496309	chr20	16474936	16496309	exon	GBM primary
chr20:18414296|18429713	chr20	18414296	18429713	exon	GBM primary
chr20:24562016|24565629	chr20	24562016	24565629	intron	GBM primary
chr20:31954665|31958435	chr20	31954665	31958435	exon	GBM primary
chr20:31954665|31960503	chr20	31954665	31960503	exon	GBM primary
chr20:32659872|32666359	chr20	32659872	32666359	exon	GBM primary
chr20:33045195|33059320	chr20	33045195	33059320	exon	GBM primary
chr20:33356267|33380366	chr20	33356267	33380366	exon	GBM primary
chr20:33632308|33637797	chr20	33632308	33637797	exon	GBM primary
chr20:33711693|33714178	chr20	33711693	33714178	exon	GBM primary
chr20:34067056|34067970	chr20	34067056	34067970	exon	GBM primary
chr20:34389413|34435356	chr20	34389413	34435356	exon	GBM primary
chr20:34435272|34451322	chr20	34435272	34451322	exon	GBM primary
chr20:34446224|34457473	chr20	34446224	34457473	exon	GBM primary
chr20:35288740|35299800	chr20	35288740	35299800	exon	GBM primary
chr20:37759810|37769707	chr20	37759810	37769707	intergenic_region	GBM primary
chr20:42157297|42169455	chr20	42157297	42169455	exon	GBM primary
chr20:42891870|42893199	chr20	42891870	42893199	exon	GBM primary
chr20:43132456|43135637	chr20	43132456	43135637	exon	GBM primary
chr20:43211226|43218507	chr20	43211226	43218507	exon	GBM primary
chr20:45874752|45878183	chr20	45874752	45878183	exon	GBM primary
chr20:45905058|45916028	chr20	45905058	45916028	exon	GBM primary
chr20:45923410|45927616	chr20	45923410	45927616	exon	GBM primary
chr20:46385933|46386207	chr20	46385933	46386207	exon	GBM primary
chr20:47569242|47580435	chr20	47569242	47580435	exon	GBM primary
chr20:47570093|47585814	chr20	47570093	47585814	exon	GBM primary
chr20:47691322|47706283	chr20	47691322	47706283	exon	GBM primary
chr20:47872345|47880020	chr20	47872345	47880020	exon	GBM primary
chr20:47988878|47991529	chr20	47988878	47991529	exon	GBM primary
chr20:48561919|48565892	chr20	48561919	48565892	exon	GBM primary
chr20:50255882|50307358	chr20	50255882	50307358	exon	GBM primary
chr20:50273477|50307358	chr20	50273477	50307358	exon	GBM primary
chr20:50292671|50314021	chr20	50292671	50314021	exon	GBM primary
chr20:58318162|58330419	chr20	58318162	58330419	exon	GBM primary
chr20:58318162|58349545	chr20	58318162	58349545	exon	GBM primary
chr20:61488747|61490878	chr20	61488747	61490878	exon	GBM primary
chr20:61833639|61835159	chr20	61833639	61835159	exon	GBM primary
chr21:16229863|16415895	chr21	16229863	16415895	intergenic_region	GBM primary
chr21:17135210|17150346	chr21	17135210	17150346	exon	GBM primary
chr21:17172076|17214859	chr21	17172076	17214859	exon	GBM primary
chr21:27269885|27284274	chr21	27269885	27284274	exon	GBM primary
chr21:27326904|27354790	chr21	27326904	27354790	exon	GBM primary
chr21:29816469|29818793	chr21	29816469	29818793	exon	GBM primary
chr21:29949541|29998998	chr21	29949541	29998998	exon	GBM primary
chr21:30324482|30329798	chr21	30324482	30329798	exon	GBM primary
chr21:30358460|30359255	chr21	30358460	30359255	exon	GBM primary
chr21:30380217|30381179	chr21	30380217	30381179	intron	GBM primary
chr21:32496840|32503266	chr21	32496840	32503266	exon	GBM primary
chr21:32537279|32567621	chr21	32537279	32567621	exon	GBM primary
chr21:33825620|33840156	chr21	33825620	33840156	exon	GBM primary
chr21:33945594|33954725	chr21	33945594	33954725	intergenic_region	GBM primary
chr21:34066538|34067592	chr21	34066538	34067592	exon	GBM primary
chr21:34713305|34721849	chr21	34713305	34721849	exon	GBM primary
chr21:37775056|37783902	chr21	37775056	37783902	exon	GBM primary
chr21:38302551|38311294	chr21	38302551	38311294	exon	GBM primary
chr21:38462533|38466390	chr21	38462533	38466390	exon	GBM primary
chr21:38480692|38512973	chr21	38480692	38512973	exon	GBM primary
chr21:38792601|38853128	chr21	38792601	38853128	exon	GBM primary
chr21:40581921|40587288	chr21	40581921	40587288	exon	GBM primary
chr21:40590078|40597123	chr21	40590078	40597123	exon	GBM primary
chr21:40646300|40652174	chr21	40646300	40652174	exon	GBM primary
chr21:41496122|41516658	chr21	41496122	41516658	exon	GBM primary
chr21:47952040|47954026	chr21	47952040	47954026	exon	GBM primary
chr22:18138428|18171908	chr22	18138428	18171908	exon	GBM primary
chr22:21167646|21193019	chr22	21167646	21193019	exon	GBM primary
chr22:21178614|21193019	chr22	21178614	21193019	exon	GBM primary
chr22:24698163|24743144	chr22	24698163	24743144	exon	GBM primary
chr22:25969774|25973234	chr22	25969774	25973234	intron	GBM primary
chr22:26074783|26091181	chr22	26074783	26091181	exon	GBM primary
chr22:27113216|27114194	chr22	27113216	27114194	exon	GBM primary
chr22:28692186|28702631	chr22	28692186	28702631	exon	GBM primary
chr22:29682912|29683123	chr22	29682912	29683123	exon	GBM primary
chr22:29895504|29901958	chr22	29895504	29901958	intergenic_region	GBM primary
chr22:30032740|30035201	chr22	30032740	30035201	exon	GBM primary
chr22:32154532|32161046	chr22	32154532	32161046	exon	GBM primary
chr22:33376630|33402809	chr22	33376630	33402809	exon	GBM primary
chr22:33402337|33402809	chr22	33402337	33402809	exon	GBM primary
chr22:35269727|35298754	chr22	35269727	35298754	intergenic_region	GBM primary
chr22:35280131|35298754	chr22	35280131	35298754	intergenic_region	GBM primary
chr22:38083917|38084999	chr22	38083917	38084999	exon	GBM primary
chr22:38889715|38894578	chr22	38889715	38894578	exon	GBM primary
chr22:40669429|40681774	chr22	40669429	40681774	exon	GBM primary
chr22:41657450|41677086	chr22	41657450	41677086	exon	GBM primary
chr22:42605657|42611347	chr22	42605657	42611347	exon	GBM primary
chr22:43010805|43195166	chr22	43010805	43195166	intergenic_region	GBM primary
chr22:43227555|43231499	chr22	43227555	43231499	exon	GBM primary
chr22:44178060|44193231	chr22	44178060	44193231	exon	GBM primary
chr22:46088876|46136418	chr22	46088876	46136418	exon	GBM primary
chr22:48081949|48100496	chr22	48081949	48100496	exon	GBM primary
chr3:4418014|4491024	chr3	4418014	4491024	exon	GBM primary
chr3:5212188|5216099	chr3	5212188	5216099	exon	GBM primary
chr3:9486732|9487424	chr3	9486732	9487424	exon	GBM primary
chr3:9506109|9507242	chr3	9506109	9507242	intron	GBM primary
chr3:11382119|11389509	chr3	11382119	11389509	exon	GBM primary
chr3:11850991|11852371	chr3	11850991	11852371	exon	GBM primary
chr3:16343133|16344255	chr3	16343133	16344255	exon	GBM primary
chr3:18456603|18462483	chr3	18456603	18462483	exon	GBM primary
chr3:18504972|18568818	chr3	18504972	18568818	exon	GBM primary
chr3:19384079|19389457	chr3	19384079	19389457	exon	GBM primary
chr3:19431973|19498474	chr3	19431973	19498474	exon	GBM primary
chr3:20153088|20169041	chr3	20153088	20169041	exon	GBM primary
chr3:24270429|24279572	chr3	24270429	24279572	exon	GBM primary
chr3:24338717|24378862	chr3	24338717	24378862	exon	GBM primary
chr3:28454547|28562607	chr3	28454547	28562607	exon	GBM primary
chr3:29977577|30032700	chr3	29977577	30032700	exon	GBM primary
chr3:32525424|32533378	chr3	32525424	32533378	exon	GBM primary
chr3:33093250|33114205	chr3	33093250	33114205	exon	GBM primary
chr3:33109722|33110462	chr3	33109722	33110462	exon	GBM primary
chr3:33450728|33467233	chr3	33450728	33467233	exon	GBM primary
chr3:33454214|33467233	chr3	33454214	33467233	exon	GBM primary
chr3:33592744|33633988	chr3	33592744	33633988	exon	GBM primary
chr3:37315027|37343823	chr3	37315027	37343823	exon	GBM primary
chr3:39554874|39555097	chr3	39554874	39555097	exon	GBM primary
chr3:40231317|40231954	chr3	40231317	40231954	exon	GBM primary
chr3:40502898|40503739	chr3	40502898	40503739	exon	GBM primary
chr3:42226177|42230616	chr3	42226177	42230616	exon	GBM primary
chr3:43591212|43621964	chr3	43591212	43621964	exon	GBM primary
chr3:43753201|43756550	chr3	43753201	43756550	exon	GBM primary
chr3:45030632|45049067	chr3	45030632	45049067	exon	GBM primary
chr3:47087977|47103836	chr3	47087977	47103836	exon	GBM primary
chr3:47127685|47147610	chr3	47127685	47147610	exon	GBM primary
chr3:47676680|47677626	chr3	47676680	47677626	exon	GBM primary
chr3:47676680|47680270	chr3	47676680	47680270	exon	GBM primary
chr3:47747899|47777616	chr3	47747899	47777616	exon	GBM primary
chr3:47762156|47777616	chr3	47762156	47777616	exon	GBM primary
chr3:49081823|49095323	chr3	49081823	49095323	exon	GBM primary
chr3:51246205|51267040	chr3	51246205	51267040	exon	GBM primary
chr3:52238709|52240767	chr3	52238709	52240767	exon	GBM primary
chr3:54537519|54615904	chr3	54537519	54615904	exon	GBM primary
chr3:54603822|54615904	chr3	54603822	54615904	exon	GBM primary
chr3:54905566|54933895	chr3	54905566	54933895	exon	GBM primary
chr3:55002477|55021780	chr3	55002477	55021780	exon	GBM primary
chr3:55640779|55717887	chr3	55640779	55717887	exon	GBM primary
chr3:55717822|55768946	chr3	55717822	55768946	exon	GBM primary
chr3:57276884|57283576	chr3	57276884	57283576	exon	GBM primary
chr3:57827026|57857425	chr3	57827026	57857425	exon	GBM primary
chr3:57832924|57850443	chr3	57832924	57850443	exon	GBM primary
chr3:57832924|57882659	chr3	57832924	57882659	exon	GBM primary
chr3:58389589|58398690	chr3	58389589	58398690	exon	GBM primary
chr3:62431440|62464091	chr3	62431440	62464091	exon	GBM primary
chr3:63812500|63825449	chr3	63812500	63825449	intron	GBM primary
chr3:63884075|63898901	chr3	63884075	63898901	exon	GBM primary
chr3:63884075|63938159	chr3	63884075	63938159	exon	GBM primary
chr3:65004116|65036497	chr3	65004116	65036497	intron	GBM primary
chr3:65415195|65439015	chr3	65415195	65439015	exon	GBM primary
chr3:69336903|69362668	chr3	69336903	69362668	exon	GBM primary
chr3:71064700|71102924	chr3	71064700	71102924	exon	GBM primary
chr3:71090479|71096246	chr3	71090479	71096246	exon	GBM primary
chr3:71542577|71551139	chr3	71542577	71551139	intron	GBM primary
chr3:71733723|71759635	chr3	71733723	71759635	exon	GBM primary
chr3:71739161|71759635	chr3	71739161	71759635	exon	GBM primary
chr3:74411041|74420550	chr3	74411041	74420550	exon	GBM primary
chr3:78987751|79174689	chr3	78987751	79174689	exon	GBM primary
chr3:88373781|88376980	chr3	88373781	88376980	intergenic_region	GBM primary
chr3:89456419|89468540	chr3	89456419	89468540	exon	GBM primary
chr3:98487274|98512636	chr3	98487274	98512636	exon	GBM primary
chr3:100013931|100016889	chr3	100013931	100016889	exon	GBM primary
chr3:105389077|105400662	chr3	105389077	105400662	exon	GBM primary
chr3:106556469|106562103	chr3	106556469	106562103	intron	GBM primary
chr3:107099432|107101023	chr3	107099432	107101023	exon	GBM primary
chr3:107099432|107107456	chr3	107099432	107107456	intron	GBM primary
chr3:107429299|107447807	chr3	107429299	107447807	exon	GBM primary
chr3:107429299|107474525	chr3	107429299	107474525	exon	GBM primary
chr3:112059749|112080602	chr3	112059749	112080602	exon	GBM primary
chr3:113118753|113125888	chr3	113118753	113125888	exon	GBM primary
chr3:113383160|113393743	chr3	113383160	113393743	exon	GBM primary
chr3:113505079|113508687	chr3	113505079	113508687	exon	GBM primary
chr3:114924088|114981777	chr3	114924088	114981777	intergenic_region	GBM primary
chr3:119562102|119582452	chr3	119562102	119582452	exon	GBM primary
chr3:119562102|119585475	chr3	119562102	119585475	exon	GBM primary
chr3:120833772|120876474	chr3	120833772	120876474	exon	GBM primary
chr3:120866822|120959354	chr3	120866822	120959354	intron	GBM primary
chr3:120871324|120876474	chr3	120871324	120876474	exon	GBM primary
chr3:120871324|120952535	chr3	120871324	120952535	exon	GBM primary
chr3:120998652|121100379	chr3	120998652	121100379	exon	GBM primary
chr3:121433708|121449820	chr3	121433708	121449820	exon	GBM primary
chr3:124132317|124149622	chr3	124132317	124149622	exon	GBM primary
chr3:124174024|124215260	chr3	124174024	124215260	exon	GBM primary
chr3:124193510|124215260	chr3	124193510	124215260	exon	GBM primary
chr3:124453940|124463050	chr3	124453940	124463050	exon	GBM primary
chr3:125006947|125050082	chr3	125006947	125050082	exon	GBM primary
chr3:128525215|128526514	chr3	128525215	128526514	exon	GBM primary
chr3:129182403|129188260	chr3	129182403	129188260	exon	GBM primary
chr3:129546646|129557903	chr3	129546646	129557903	exon	GBM primary
chr3:132345535|132363740	chr3	132345535	132363740	exon	GBM primary
chr3:132389042|132391021	chr3	132389042	132391021	exon	GBM primary
chr3:132413671|132435753	chr3	132413671	132435753	exon	GBM primary
chr3:133926316|133930451	chr3	133926316	133930451	exon	GBM primary
chr3:140997184|141006295	chr3	140997184	141006295	exon	GBM primary
chr3:141228410|141248644	chr3	141228410	141248644	intron	GBM primary
chr3:141622462|141626116	chr3	141622462	141626116	exon	GBM primary
chr3:141692890|141811969	chr3	141692890	141811969	exon	GBM primary
chr3:141712380|141811969	chr3	141712380	141811969	exon	GBM primary
chr3:142074243|142089462	chr3	142074243	142089462	exon	GBM primary
chr3:142231102|142255043	chr3	142231102	142255043	exon	GBM primary
chr3:145918822|145939879	chr3	145918822	145939879	exon	GBM primary
chr3:148857791|148859167	chr3	148857791	148859167	exon	GBM primary
chr3:149540305|149639014	chr3	149540305	149639014	exon	GBM primary
chr3:149546484|149639014	chr3	149546484	149639014	intron	GBM primary
chr3:150293436|150299533	chr3	150293436	150299533	exon	GBM primary
chr3:150834125|150883769	chr3	150834125	150883769	exon	GBM primary
chr3:150834125|150911453	chr3	150834125	150911453	exon	GBM primary
chr3:154018383|154029463	chr3	154018383	154029463	exon	GBM primary
chr3:155241686|155286113	chr3	155241686	155286113	exon	GBM primary
chr3:155267576|155314167	chr3	155267576	155314167	exon	GBM primary
chr3:155611307|155633981	chr3	155611307	155633981	exon	GBM primary
chr3:155615716|155629068	chr3	155615716	155629068	exon	GBM primary
chr3:155623949|155629068	chr3	155623949	155629068	exon	GBM primary
chr3:156139405|156183475	chr3	156139405	156183475	exon	GBM primary
chr3:156170688|156192609	chr3	156170688	156192609	exon	GBM primary
chr3:169835014|169847340	chr3	169835014	169847340	exon	GBM primary
chr3:169846128|169867032	chr3	169846128	169867032	exon	GBM primary
chr3:170080198|170085349	chr3	170080198	170085349	intron	GBM primary
chr3:171360630|171410232	chr3	171360630	171410232	exon	GBM primary
chr3:172353706|172365904	chr3	172353706	172365904	exon	GBM primary
chr3:172363413|172365904	chr3	172363413	172365904	exon	GBM primary
chr3:175165017|175189546	chr3	175165017	175189546	exon	GBM primary
chr3:178921332|178922376	chr3	178921332	178922376	exon	GBM primary
chr3:179576850|179605572	chr3	179576850	179605572	exon	GBM primary
chr3:179576850|179616034	chr3	179576850	179616034	exon	GBM primary
chr3:179592115|179616034	chr3	179592115	179616034	exon	GBM primary
chr3:182769947|182789145	chr3	182769947	182789145	exon	GBM primary
chr3:182775099|182789145	chr3	182775099	182789145	exon	GBM primary
chr3:182994660|183013265	chr3	182994660	183013265	exon	GBM primary
chr3:183097085|183107567	chr3	183097085	183107567	exon	GBM primary
chr3:183368084|183381430	chr3	183368084	183381430	exon	GBM primary
chr3:183427957|183446639	chr3	183427957	183446639	intron	GBM primary
chr3:184603898|184618760	chr3	184603898	184618760	exon	GBM primary
chr3:184631307|184675309	chr3	184631307	184675309	exon	GBM primary
chr3:185823094|185823731	chr3	185823094	185823731	exon	GBM primary
chr3:192381864|192391059	chr3	192381864	192391059	intron	GBM primary
chr3:193151634|193160345	chr3	193151634	193160345	exon	GBM primary
chr3:193151634|193210949	chr3	193151634	193210949	exon	GBM primary
chr3:196098767|196129890	chr3	196098767	196129890	exon	GBM primary
chr3:196129823|196134264	chr3	196129823	196134264	exon	GBM primary
chr3:196533450|196545027	chr3	196533450	196545027	exon	GBM primary
chr3:196778448|196846401	chr3	196778448	196846401	exon	GBM primary
chr3:196802708|196842954	chr3	196802708	196842954	exon	GBM primary
chr3:196807922|196812627	chr3	196807922	196812627	exon	GBM primary
chr3:196842798|196869639	chr3	196842798	196869639	exon	GBM primary
chr3:196842798|196876667	chr3	196842798	196876667	exon	GBM primary
chr3:196857398|196869639	chr3	196857398	196869639	exon	GBM primary
chr3:197541779|197556544	chr3	197541779	197556544	exon	GBM primary
chr3:197592983|197598333	chr3	197592983	197598333	exon	GBM primary
chr3:197765438|197766071	chr3	197765438	197766071	exon	GBM primary
chr4:247349|248626	chr4	247349	248626	exon	GBM primary
chr4:499507|500655	chr4	499507	500655	exon	GBM primary
chr4:2129840|2133017	chr4	2129840	2133017	exon	GBM primary
chr4:2883625|2896458	chr4	2883625	2896458	exon	GBM primary
chr4:2986240|3015555	chr4	2986240	3015555	exon	GBM primary
chr4:3021368|3024178	chr4	3021368	3024178	exon	GBM primary
chr4:3101001|3109150	chr4	3101001	3109150	exon	GBM primary
chr4:4301654|4304818	chr4	4301654	4304818	exon	GBM primary
chr4:6843794|6860233	chr4	6843794	6860233	exon	GBM primary
chr4:8453687|8456540	chr4	8453687	8456540	exon	GBM primary
chr4:13383115|13481150	chr4	13383115	13481150	exon	GBM primary
chr4:16240394|16290668	chr4	16240394	16290668	exon	GBM primary
chr4:16587545|16760883	chr4	16587545	16760883	exon	GBM primary
chr4:17503342|17506098	chr4	17503342	17506098	exon	GBM primary
chr4:21757100|21764655	chr4	21757100	21764655	intron	GBM primary
chr4:21757208|21764655	chr4	21757208	21764655	intron	GBM primary
chr4:21758595|21764655	chr4	21758595	21764655	intron	GBM primary
chr4:23332503|23363623	chr4	23332503	23363623	intergenic_region	GBM primary
chr4:23332503|23410999	chr4	23332503	23410999	intergenic_region	GBM primary
chr4:25153582|25160729	chr4	25153582	25160729	exon	GBM primary
chr4:25315668|25317022	chr4	25315668	25317022	exon	GBM primary
chr4:25819760|25836945	chr4	25819760	25836945	exon	GBM primary
chr4:30921775|30924205	chr4	30921775	30924205	intron	GBM primary
chr4:30921775|30951837	chr4	30921775	30951837	exon	GBM primary
chr4:36109187|36122948	chr4	36109187	36122948	exon	GBM primary
chr4:36189073|36216102	chr4	36189073	36216102	exon	GBM primary
chr4:39712611|39747430	chr4	39712611	39747430	intron	GBM primary
chr4:39734979|39776553	chr4	39734979	39776553	intron	GBM primary
chr4:39843568|39851272	chr4	39843568	39851272	exon	GBM primary
chr4:39902046|39904080	chr4	39902046	39904080	exon	GBM primary
chr4:40125780|40155887	chr4	40125780	40155887	exon	GBM primary
chr4:40936473|41016415	chr4	40936473	41016415	exon	GBM primary
chr4:41102656|41145159	chr4	41102656	41145159	exon	GBM primary
chr4:42553215|42558057	chr4	42553215	42558057	exon	GBM primary
chr4:42576636|42592901	chr4	42576636	42592901	exon	GBM primary
chr4:46305477|46314733	chr4	46305477	46314733	exon	GBM primary
chr4:47405335|47408943	chr4	47405335	47408943	exon	GBM primary
chr4:48577134|48578239	chr4	48577134	48578239	exon	GBM primary
chr4:48844653|48859382	chr4	48844653	48859382	exon	GBM primary
chr4:52729603|52780244	chr4	52729603	52780244	exon	GBM primary
chr4:56277781|56284331	chr4	56277781	56284331	exon	GBM primary
chr4:56283239|56284331	chr4	56283239	56284331	exon	GBM primary
chr4:56314946|56322467	chr4	56314946	56322467	exon	GBM primary
chr4:62800558|62801763	chr4	62800558	62801763	exon	GBM primary
chr4:65639686|65751566	chr4	65639686	65751566	intergenic_region	GBM primary
chr4:68396533|68405652	chr4	68396533	68405652	exon	GBM primary
chr4:74000834|74043250	chr4	74000834	74043250	exon	GBM primary
chr4:75040223|75067087	chr4	75040223	75067087	exon	GBM primary
chr4:75040223|75147267	chr4	75040223	75147267	exon	GBM primary
chr4:79747191|79800045	chr4	79747191	79800045	exon	GBM primary
chr4:83978079|83984399	chr4	83978079	83984399	exon	GBM primary
chr4:85617123|85630500	chr4	85617123	85630500	exon	GBM primary
chr4:85693988|85716132	chr4	85693988	85716132	exon	GBM primary
chr4:87073144|87080620	chr4	87073144	87080620	exon	GBM primary
chr4:88005272|88012981	chr4	88005272	88012981	exon	GBM primary
chr4:88084710|88116842	chr4	88084710	88116842	exon	GBM primary
chr4:88973143|88989213	chr4	88973143	88989213	exon	GBM primary
chr4:89034455|89036210	chr4	89034455	89036210	exon	GBM primary
chr4:95197490|95204454	chr4	95197490	95204454	exon	GBM primary
chr4:103446669|103488292	chr4	103446669	103488292	exon	GBM primary
chr4:103987484|103988749	chr4	103987484	103988749	exon	GBM primary
chr4:106155054|106194075	chr4	106155054	106194075	exon	GBM primary
chr4:106640217|106650656	chr4	106640217	106650656	exon	GBM primary
chr4:107037360|107231155	chr4	107037360	107231155	intron	GBM primary
chr4:107092252|107133992	chr4	107092252	107133992	exon	GBM primary
chr4:108608195|108622441	chr4	108608195	108622441	exon	GBM primary
chr4:108930915|108935744	chr4	108930915	108935744	exon	GBM primary
chr4:110384682|110394342	chr4	110384682	110394342	exon	GBM primary
chr4:113483527|113511030	chr4	113483527	113511030	exon	GBM primary
chr4:114223923|114244950	chr4	114223923	114244950	exon	GBM primary
chr4:114232411|114267178	chr4	114232411	114267178	exon	GBM primary
chr4:115540579|115597226	chr4	115540579	115597226	exon	GBM primary
chr4:115540579|115614300	chr4	115540579	115614300	intergenic_region	GBM primary
chr4:119009194|119064839	chr4	119009194	119064839	intron	GBM primary
chr4:120381338|120384134	chr4	120381338	120384134	exon	GBM primary
chr4:120433506|120449944	chr4	120433506	120449944	exon	GBM primary
chr4:121702298|121732604	chr4	121702298	121732604	exon	GBM primary
chr4:122754386|122756438	chr4	122754386	122756438	exon	GBM primary
chr4:128564676|128609022	chr4	128564676	128609022	exon	GBM primary
chr4:128938518|128950008	chr4	128938518	128950008	exon	GBM primary
chr4:128995615|129012667	chr4	128995615	129012667	exon	GBM primary
chr4:129913322|130003528	chr4	129913322	130003528	exon	GBM primary
chr4:139979823|139994721	chr4	139979823	139994721	exon	GBM primary
chr4:144767239|144787229	chr4	144767239	144787229	intron	GBM primary
chr4:144780169|144787229	chr4	144780169	144787229	exon	GBM primary
chr4:146080655|146092872	chr4	146080655	146092872	exon	GBM primary
chr4:149073620|149076052	chr4	149073620	149076052	exon	GBM primary
chr4:151124947|151161027	chr4	151124947	151161027	exon	GBM primary
chr4:153303341|153333681	chr4	153303341	153333681	exon	GBM primary
chr4:153750777|153809459	chr4	153750777	153809459	exon	GBM primary
chr4:153784758|153809459	chr4	153784758	153809459	exon	GBM primary
chr4:154191487|154197282	chr4	154191487	154197282	exon	GBM primary
chr4:154191490|154197282	chr4	154191490	154197282	exon	GBM primary
chr4:154214134|154217188	chr4	154214134	154217188	exon	GBM primary
chr4:155717894|155720716	chr4	155717894	155720716	exon	GBM primary
chr4:158041708|158074162	chr4	158041708	158074162	exon	GBM primary
chr4:159529124|159538357	chr4	159529124	159538357	exon	GBM primary
chr4:160107794|160164943	chr4	160107794	160164943	exon	GBM primary
chr4:160131652|160164943	chr4	160131652	160164943	exon	GBM primary
chr4:166141086|166184511	chr4	166141086	166184511	exon	GBM primary
chr4:166976228|166999182	chr4	166976228	166999182	exon	GBM primary
chr4:169141806|169158946	chr4	169141806	169158946	exon	GBM primary
chr4:170398275|170459062	chr4	170398275	170459062	exon	GBM primary
chr4:170498079|170520348	chr4	170498079	170520348	exon	GBM primary
chr4:184114752|184130178	chr4	184114752	184130178	exon	GBM primary
chr4:184605128|184614300	chr4	184605128	184614300	exon	GBM primary
chr4:184922478|184932576	chr4	184922478	184932576	exon	GBM primary
chr4:186180002|186188309	chr4	186180002	186188309	exon	GBM primary
chr4:186339595|186339924	chr4	186339595	186339924	exon	GBM primary
chr4:186532934|186541305	chr4	186532934	186541305	exon	GBM primary
chr5:11565056|11732384	chr5	11565056	11732384	exon	GBM primary
chr5:15546312|15546769	chr5	15546312	15546769	intron	GBM primary
chr5:16702652|16703085	chr5	16702652	16703085	exon	GBM primary
chr5:19838868|19839351	chr5	19838868	19839351	exon	GBM primary
chr5:22799101|22810818	chr5	22799101	22810818	intron	GBM primary
chr5:31421379|31472339	chr5	31421379	31472339	exon	GBM primary
chr5:31429582|31451747	chr5	31429582	31451747	exon	GBM primary
chr5:32263219|32276848	chr5	32263219	32276848	exon	GBM primary
chr5:32268807|32276848	chr5	32268807	32276848	exon	GBM primary
chr5:32379221|32390543	chr5	32379221	32390543	exon	GBM primary
chr5:32397325|32404202	chr5	32397325	32404202	exon	GBM primary
chr5:34918469|34923339	chr5	34918469	34923339	exon	GBM primary
chr5:36136411|36143508	chr5	36136411	36143508	exon	GBM primary
chr5:36415068|36420102	chr5	36415068	36420102	intergenic_region	GBM primary
chr5:36953720|36962376	chr5	36953720	36962376	exon	GBM primary
chr5:37115062|37122590	chr5	37115062	37122590	exon	GBM primary
chr5:37121719|37139472	chr5	37121719	37139472	exon	GBM primary
chr5:37125346|37139472	chr5	37125346	37139472	exon	GBM primary
chr5:37153842|37165773	chr5	37153842	37165773	exon	GBM primary
chr5:37213661|37224842	chr5	37213661	37224842	exon	GBM primary
chr5:37221426|37247847	chr5	37221426	37247847	exon	GBM primary
chr5:37243115|37247847	chr5	37243115	37247847	exon	GBM primary
chr5:37721217|37727147	chr5	37721217	37727147	exon	GBM primary
chr5:38493708|38530768	chr5	38493708	38530768	exon	GBM primary
chr5:43240362|43246169	chr5	43240362	43246169	exon	GBM primary
chr5:43292576|43297268	chr5	43292576	43297268	exon	GBM primary
chr5:43295854|43297268	chr5	43295854	43297268	exon	GBM primary
chr5:49694941|49724061	chr5	49694941	49724061	exon	GBM primary
chr5:50045985|50093067	chr5	50045985	50093067	exon	GBM primary
chr5:50073903|50093067	chr5	50073903	50093067	exon	GBM primary
chr5:53079797|53080974	chr5	53079797	53080974	exon	GBM primary
chr5:54570442|54577343	chr5	54570442	54577343	exon	GBM primary
chr5:54618155|54636012	chr5	54618155	54636012	exon	GBM primary
chr5:54639159|54662703	chr5	54639159	54662703	exon	GBM primary
chr5:54763697|54771278	chr5	54763697	54771278	exon	GBM primary
chr5:56152427|56161804	chr5	56152427	56161804	exon	GBM primary
chr5:60999693|61051771	chr5	60999693	61051771	intergenic_region	GBM primary
chr5:61642957|61651081	chr5	61642957	61651081	exon	GBM primary
chr5:61778928|61857084	chr5	61778928	61857084	exon	GBM primary
chr5:63575828|63577420	chr5	63575828	63577420	intron	GBM primary
chr5:65284463|65324171	chr5	65284463	65324171	exon	GBM primary
chr5:65307877|65350779	chr5	65307877	65350779	exon	GBM primary
chr5:65317150|65371058	chr5	65317150	65371058	exon	GBM primary
chr5:65320134|65346794	chr5	65320134	65346794	exon	GBM primary
chr5:67913310|67915874	chr5	67913310	67915874	intergenic_region	GBM primary
chr5:70798426|70813279	chr5	70798426	70813279	exon	GBM primary
chr5:72264325|72286691	chr5	72264325	72286691	exon	GBM primary
chr5:72850147|72857113	chr5	72850147	72857113	exon	GBM primary
chr5:74046404|74047318	chr5	74046404	74047318	exon	GBM primary
chr5:74091855|74137504	chr5	74091855	74137504	exon	GBM primary
chr5:74675162|74685512	chr5	74675162	74685512	exon	GBM primary
chr5:74842835|74882883	chr5	74842835	74882883	exon	GBM primary
chr5:76330243|76332545	chr5	76330243	76332545	exon	GBM primary
chr5:76394480|76414346	chr5	76394480	76414346	exon	GBM primary
chr5:77396777|77461496	chr5	77396777	77461496	exon	GBM primary
chr5:78692646|78742968	chr5	78692646	78742968	exon	GBM primary
chr5:80063752|80109560	chr5	80063752	80109560	exon	GBM primary
chr5:80390115|80422982	chr5	80390115	80422982	exon	GBM primary
chr5:80911292|81006587	chr5	80911292	81006587	exon	GBM primary
chr5:82400729|82554496	chr5	82400729	82554496	exon	GBM primary
chr5:86642489|86665717	chr5	86642489	86665717	exon	GBM primary
chr5:88044887|88057145	chr5	88044887	88057145	exon	GBM primary
chr5:88100415|88119744	chr5	88100415	88119744	exon	GBM primary
chr5:88238833|88261732	chr5	88238833	88261732	exon	GBM primary
chr5:89791494|89802491	chr5	89791494	89802491	exon	GBM primary
chr5:89992754|90025581	chr5	89992754	90025581	exon	GBM primary
chr5:93386436|93410474	chr5	93386436	93410474	exon	GBM primary
chr5:93964516|93979140	chr5	93964516	93979140	exon	GBM primary
chr5:93964516|93999613	chr5	93964516	93999613	exon	GBM primary
chr5:94114815|94208946	chr5	94114815	94208946	exon	GBM primary
chr5:94114815|94267696	chr5	94114815	94267696	exon	GBM primary
chr5:94204038|94248681	chr5	94204038	94248681	exon	GBM primary
chr5:94244956|94248681	chr5	94244956	94248681	exon	GBM primary
chr5:95966671|95970601	chr5	95966671	95970601	intron	GBM primary
chr5:96208989|96209375	chr5	96208989	96209375	exon	GBM primary
chr5:102231555|102237117	chr5	102231555	102237117	intron	GBM primary
chr5:108219097|108382899	chr5	108219097	108382899	exon	GBM primary
chr5:108281831|108295048	chr5	108281831	108295048	exon	GBM primary
chr5:108281831|108436220	chr5	108281831	108436220	exon	GBM primary
chr5:109065043|109091157	chr5	109065043	109091157	exon	GBM primary
chr5:109117097|109125228	chr5	109117097	109125228	exon	GBM primary
chr5:109117097|109159538	chr5	109117097	109159538	exon	GBM primary
chr5:109152974|109191035	chr5	109152974	109191035	exon	GBM primary
chr5:109756198|109760617	chr5	109756198	109760617	exon	GBM primary
chr5:109904148|109963581	chr5	109904148	109963581	exon	GBM primary
chr5:112090570|112137080	chr5	112090570	112137080	exon	GBM primary
chr5:112868576|112878200	chr5	112868576	112878200	exon	GBM primary
chr5:112874771|112878200	chr5	112874771	112878200	exon	GBM primary
chr5:118433674|118456834	chr5	118433674	118456834	exon	GBM primary
chr5:118445846|118456834	chr5	118445846	118456834	exon	GBM primary
chr5:127226214|127231964	chr5	127226214	127231964	intron	GBM primary
chr5:127448506|127477673	chr5	127448506	127477673	exon	GBM primary
chr5:127466759|127477673	chr5	127466759	127477673	exon	GBM primary
chr5:129019813|129040084	chr5	129019813	129040084	exon	GBM primary
chr5:130769123|130782396	chr5	130769123	130782396	exon	GBM primary
chr5:131006156|131014868	chr5	131006156	131014868	exon	GBM primary
chr5:131552890|131554337	chr5	131552890	131554337	exon	GBM primary
chr5:132034863|132046749	chr5	132034863	132046749	exon	GBM primary
chr5:135489281|135489852	chr5	135489281	135489852	exon	GBM primary
chr5:136969726|136975666	chr5	136969726	136975666	exon	GBM primary
chr5:136993820|137045545	chr5	136993820	137045545	exon	GBM primary
chr5:137041681|137045545	chr5	137041681	137045545	exon	GBM primary
chr5:137342679|137354835	chr5	137342679	137354835	exon	GBM primary
chr5:137533888|137537844	chr5	137533888	137537844	exon	GBM primary
chr5:137726702|137735701	chr5	137726702	137735701	exon	GBM primary
chr5:138221901|138240130	chr5	138221901	138240130	exon	GBM primary
chr5:140305481|140308910	chr5	140305481	140308910	intron	GBM primary
chr5:141843535|141961479	chr5	141843535	141961479	exon	GBM primary
chr5:142258939|142273913	chr5	142258939	142273913	exon	GBM primary
chr5:142416761|142513670	chr5	142416761	142513670	exon	GBM primary
chr5:144170547|144279035	chr5	144170547	144279035	intergenic_region	GBM primary
chr5:145039231|145051117	chr5	145039231	145051117	intron	GBM primary
chr5:145044817|145051117	chr5	145044817	145051117	intron	GBM primary
chr5:145044817|145083858	chr5	145044817	145083858	intron	GBM primary
chr5:145144494|145199581	chr5	145144494	145199581	exon	GBM primary
chr5:147785820|147790328	chr5	147785820	147790328	exon	GBM primary
chr5:147928231|147929825	chr5	147928231	147929825	exon	GBM primary
chr5:148889442|148892772	chr5	148889442	148892772	exon	GBM primary
chr5:150838349|150859050	chr5	150838349	150859050	exon	GBM primary
chr5:154214185|154217738	chr5	154214185	154217738	exon	GBM primary
chr5:155281559|155297434	chr5	155281559	155297434	intergenic_region	GBM primary
chr5:155935611|156074546	chr5	155935611	156074546	exon	GBM primary
chr5:156721792|156731374	chr5	156721792	156731374	exon	GBM primary
chr5:156786013|156788606	chr5	156786013	156788606	exon	GBM primary
chr5:158699031|158702254	chr5	158699031	158702254	exon	GBM primary
chr5:159505065|159521072	chr5	159505065	159521072	exon	GBM primary
chr5:161520834|161531032	chr5	161520834	161531032	exon	GBM primary
chr5:162866263|162871487	chr5	162866263	162871487	exon	GBM primary
chr5:167302991|167420187	chr5	167302991	167420187	exon	GBM primary
chr5:167927596|167945067	chr5	167927596	167945067	exon	GBM primary
chr5:170346445|170395381	chr5	170346445	170395381	exon	GBM primary
chr5:172517318|172518404	chr5	172517318	172518404	exon	GBM primary
chr5:172535627|172537714	chr5	172535627	172537714	exon	GBM primary
chr5:175118227|175134944	chr5	175118227	175134944	exon	GBM primary
chr5:175749276|175751760	chr5	175749276	175751760	exon	GBM primary
chr5:176370336|176378578	chr5	176370336	176378578	exon	GBM primary
chr5:176477752|176491602	chr5	176477752	176491602	exon	GBM primary
chr5:176671196|176673797	chr5	176671196	176673797	exon	GBM primary
chr5:179132680|179134191	chr5	179132680	179134191	exon	GBM primary
chr5:179393806|179407200	chr5	179393806	179407200	exon	GBM primary
chr5:179675973|179707608	chr5	179675973	179707608	exon	GBM primary
chr6:532469|610178	chr6	532469	610178	exon	GBM primary
chr6:4854759|4892613	chr6	4854759	4892613	intron	GBM primary
chr6:5368783|5431405	chr6	5368783	5431405	exon	GBM primary
chr6:5396866|5431405	chr6	5396866	5431405	intron	GBM primary
chr6:6362416|6438965	chr6	6362416	6438965	exon	GBM primary
chr6:6366588|6438965	chr6	6366588	6438965	exon	GBM primary
chr6:10702602|10702872	chr6	10702602	10702872	exon	GBM primary
chr6:10935291|10956475	chr6	10935291	10956475	exon	GBM primary
chr6:13579683|13597248	chr6	13579683	13597248	exon	GBM primary
chr6:13579683|13601181	chr6	13579683	13601181	exon	GBM primary
chr6:16486203|16658132	chr6	16486203	16658132	exon	GBM primary
chr6:16522858|16658132	chr6	16522858	16658132	exon	GBM primary
chr6:17421786|17426921	chr6	17421786	17426921	exon	GBM primary
chr6:17507400|17514185	chr6	17507400	17514185	exon	GBM primary
chr6:17661884|17669259	chr6	17661884	17669259	exon	GBM primary
chr6:17665470|17669259	chr6	17665470	17669259	exon	GBM primary
chr6:18215238|18218116	chr6	18215238	18218116	exon	GBM primary
chr6:18236683|18237747	chr6	18236683	18237747	exon	GBM primary
chr6:18244739|18258636	chr6	18244739	18258636	exon	GBM primary
chr6:18255962|18258636	chr6	18255962	18258636	exon	GBM primary
chr6:20758826|20781496	chr6	20758826	20781496	exon	GBM primary
chr6:24405396|24418806	chr6	24405396	24418806	exon	GBM primary
chr6:24569009|24583930	chr6	24569009	24583930	exon	GBM primary
chr6:28215845|28217612	chr6	28215845	28217612	exon	GBM primary
chr6:34789430|34791125	chr6	34789430	34791125	exon	GBM primary
chr6:36474360|36507981	chr6	36474360	36507981	exon	GBM primary
chr6:36862280|36887477	chr6	36862280	36887477	exon	GBM primary
chr6:37426388|37427460	chr6	37426388	37427460	exon	GBM primary
chr6:38029369|38084515	chr6	38029369	38084515	exon	GBM primary
chr6:38545376|38565897	chr6	38545376	38565897	exon	GBM primary
chr6:39507779|39581094	chr6	39507779	39581094	exon	GBM primary
chr6:42571326|42580029	chr6	42571326	42580029	exon	GBM primary
chr6:42790534|42797910	chr6	42790534	42797910	exon	GBM primary
chr6:43023283|43024183	chr6	43023283	43024183	exon	GBM primary
chr6:43517226|43535091	chr6	43517226	43535091	exon	GBM primary
chr6:54001513|54034370	chr6	54001513	54034370	exon	GBM primary
chr6:54001513|54067031	chr6	54001513	54067031	exon	GBM primary
chr6:54013854|54054712	chr6	54013854	54054712	exon	GBM primary
chr6:54013854|54122159	chr6	54013854	54122159	exon	GBM primary
chr6:54025165|54067031	chr6	54025165	54067031	exon	GBM primary
chr6:54034326|54095715	chr6	54034326	54095715	exon	GBM primary
chr6:55360217|55406938	chr6	55360217	55406938	exon	GBM primary
chr6:55378846|55406938	chr6	55378846	55406938	exon	GBM primary
chr6:56330876|56347675	chr6	56330876	56347675	exon	GBM primary
chr6:56564451|56600087	chr6	56564451	56600087	exon	GBM primary
chr6:56846509|56846996	chr6	56846509	56846996	intron	GBM primary
chr6:56989532|57025950	chr6	56989532	57025950	exon	GBM primary
chr6:62362160|62417308	chr6	62362160	62417308	intergenic_region	GBM primary
chr6:62369022|62407158	chr6	62369022	62407158	intergenic_region	GBM primary
chr6:62388792|62442669	chr6	62388792	62442669	intergenic_region	GBM primary
chr6:62604540|62757899	chr6	62604540	62757899	exon	GBM primary
chr6:62678633|62757899	chr6	62678633	62757899	intron	GBM primary
chr6:62687971|62757899	chr6	62687971	62757899	exon	GBM primary
chr6:69703660|69728391	chr6	69703660	69728391	exon	GBM primary
chr6:69703660|69772928	chr6	69703660	69772928	exon	GBM primary
chr6:69723930|69804097	chr6	69723930	69804097	intron	GBM primary
chr6:69758077|69785930	chr6	69758077	69785930	exon	GBM primary
chr6:70034764|70049396	chr6	70034764	70049396	exon	GBM primary
chr6:70034764|70071404	chr6	70034764	70071404	exon	GBM primary
chr6:71442081|71483128	chr6	71442081	71483128	exon	GBM primary
chr6:71442081|71508440	chr6	71442081	71508440	exon	GBM primary
chr6:71464683|71508440	chr6	71464683	71508440	exon	GBM primary
chr6:72952017|73001749	chr6	72952017	73001749	exon	GBM primary
chr6:73357660|73358632	chr6	73357660	73358632	intron	GBM primary
chr6:73713631|73787610	chr6	73713631	73787610	exon	GBM primary
chr6:76303535|76310044	chr6	76303535	76310044	intergenic_region	GBM primary
chr6:76344423|76380436	chr6	76344423	76380436	exon	GBM primary
chr6:76368978|76380436	chr6	76368978	76380436	exon	GBM primary
chr6:80910651|80982938	chr6	80910651	80982938	exon	GBM primary
chr6:82900790|82914675	chr6	82900790	82914675	exon	GBM primary
chr6:82935194|82941559	chr6	82935194	82941559	exon	GBM primary
chr6:83728692|83754378	chr6	83728692	83754378	exon	GBM primary
chr6:84055892|84117620	chr6	84055892	84117620	exon	GBM primary
chr6:84350815|84375300	chr6	84350815	84375300	exon	GBM primary
chr6:84573894|84624167	chr6	84573894	84624167	exon	GBM primary
chr6:84765031|84772711	chr6	84765031	84772711	exon	GBM primary
chr6:86650924|86756136	chr6	86650924	86756136	intergenic_region	GBM primary
chr6:89479493|89614674	chr6	89479493	89614674	exon	GBM primary
chr6:90082156|90097309	chr6	90082156	90097309	exon	GBM primary
chr6:90087390|90097309	chr6	90087390	90097309	exon	GBM primary
chr6:90798680|90981660	chr6	90798680	90981660	exon	GBM primary
chr6:99347144|99375698	chr6	99347144	99375698	exon	GBM primary
chr6:99889220|99891115	chr6	99889220	99891115	intron	GBM primary
chr6:99924019|99958106	chr6	99924019	99958106	exon	GBM primary
chr6:101094491|101100765	chr6	101094491	101100765	exon	GBM primary
chr6:101163338|101296583	chr6	101163338	101296583	exon	GBM primary
chr6:101214441|101253756	chr6	101214441	101253756	exon	GBM primary
chr6:106696025|106740981	chr6	106696025	106740981	exon	GBM primary
chr6:107419755|107420500	chr6	107419755	107420500	exon	GBM primary
chr6:109220897|109233761	chr6	109220897	109233761	exon	GBM primary
chr6:109796602|109798133	chr6	109796602	109798133	exon	GBM primary
chr6:109900753|109907275	chr6	109900753	109907275	exon	GBM primary
chr6:109962721|109983866	chr6	109962721	109983866	exon	GBM primary
chr6:110036281|110056501	chr6	110036281	110056501	exon	GBM primary
chr6:110048312|110064975	chr6	110048312	110064975	exon	GBM primary
chr6:111067329|111095140	chr6	111067329	111095140	exon	GBM primary
chr6:111498415|111498868	chr6	111498415	111498868	exon	GBM primary
chr6:111685056|111689231	chr6	111685056	111689231	exon	GBM primary
chr6:117010483|117037481	chr6	117010483	117037481	exon	GBM primary
chr6:117019867|117037481	chr6	117019867	117037481	exon	GBM primary
chr6:118801034|118887479	chr6	118801034	118887479	exon	GBM primary
chr6:119855046|119871560	chr6	119855046	119871560	intergenic_region	GBM primary
chr6:124604151|124676493	chr6	124604151	124676493	exon	GBM primary
chr6:126314903|126334247	chr6	126314903	126334247	exon	GBM primary
chr6:126434012|126496057	chr6	126434012	126496057	exon	GBM primary
chr6:127321428|127392231	chr6	127321428	127392231	exon	GBM primary
chr6:128540067|128563747	chr6	128540067	128563747	exon	GBM primary
chr6:128643184|128643455	chr6	128643184	128643455	exon	GBM primary
chr6:129799838|129802584	chr6	129799838	129802584	exon	GBM primary
chr6:130372394|130376400	chr6	130372394	130376400	exon	GBM primary
chr6:130374004|130442103	chr6	130374004	130442103	exon	GBM primary
chr6:131481199|131490413	chr6	131481199	131490413	exon	GBM primary
chr6:132206071|132207864	chr6	132206071	132207864	exon	GBM primary
chr6:135307204|135315013	chr6	135307204	135315013	exon	GBM primary
chr6:135621638|135644462	chr6	135621638	135644462	exon	GBM primary
chr6:137015278|137018525	chr6	137015278	137018525	exon	GBM primary
chr6:138528179|138531178	chr6	138528179	138531178	exon	GBM primary
chr6:138768138|138794570	chr6	138768138	138794570	exon	GBM primary
chr6:139232413|139255463	chr6	139232413	139255463	exon	GBM primary
chr6:139262472|139265759	chr6	139262472	139265759	exon	GBM primary
chr6:143486219|143605362	chr6	143486219	143605362	exon	GBM primary
chr6:146719905|146720835	chr6	146719905	146720835	exon	GBM primary
chr6:147293181|147440613	chr6	147293181	147440613	exon	GBM primary
chr6:147429608|147440613	chr6	147429608	147440613	intron	GBM primary
chr6:147527107|147655358	chr6	147527107	147655358	exon	GBM primary
chr6:148792553|148795358	chr6	148792553	148795358	exon	GBM primary
chr6:149838178|149838586	chr6	149838178	149838586	intron	GBM primary
chr6:149899958|149901859	chr6	149899958	149901859	exon	GBM primary
chr6:151738414|151754365	chr6	151738414	151754365	exon	GBM primary
chr6:152557242|152570397	chr6	152557242	152570397	exon	GBM primary
chr6:152809531|152826532	chr6	152809531	152826532	exon	GBM primary
chr6:155095123|155124757	chr6	155095123	155124757	exon	GBM primary
chr6:155095123|155154539	chr6	155095123	155154539	exon	GBM primary
chr6:155108995|155114110	chr6	155108995	155114110	exon	GBM primary
chr6:155129204|155139726	chr6	155129204	155139726	exon	GBM primary
chr6:155131149|155148374	chr6	155131149	155148374	exon	GBM primary
chr6:157357969|157431695	chr6	157357969	157431695	exon	GBM primary
chr6:157357969|157454341	chr6	157357969	157454341	exon	GBM primary
chr6:157405796|157454341	chr6	157405796	157454341	exon	GBM primary
chr6:158688266|158735300	chr6	158688266	158735300	intron	GBM primary
chr6:161567556|161575342	chr6	161567556	161575342	exon	GBM primary
chr6:166843941|166845978	chr6	166843941	166845978	exon	GBM primary
chr6:166862212|166902409	chr6	166862212	166902409	exon	GBM primary
chr6:168271063|168281197	chr6	168271063	168281197	exon	GBM primary
chr6:168271066|168290006	chr6	168271066	168290006	exon	GBM primary
chr6:168323536|168352867	chr6	168323536	168352867	exon	GBM primary
chr6:170072351|170089404	chr6	170072351	170089404	exon	GBM primary
chr6:170159934|170173498	chr6	170159934	170173498	exon	GBM primary
chr6:170667314|170704667	chr6	170667314	170704667	exon	GBM primary
chr6:170794018|170858201	chr6	170794018	170858201	intergenic_region	GBM primary
chr7:5751392|5770448	chr7	5751392	5770448	exon	GBM primary
chr7:6854395|6864368	chr7	6854395	6864368	exon	GBM primary
chr7:8196746|8275635	chr7	8196746	8275635	exon	GBM primary
chr7:8257935|8275570	chr7	8257935	8275570	exon	GBM primary
chr7:11101418|11151094	chr7	11101418	11151094	exon	GBM primary
chr7:14613837|14758310	chr7	14613837	14758310	exon	GBM primary
chr7:14647059|14775819	chr7	14647059	14775819	exon	GBM primary
chr7:14652965|14758310	chr7	14652965	14758310	exon	GBM primary
chr7:14722178|14775819	chr7	14722178	14775819	exon	GBM primary
chr7:16255691|16298637	chr7	16255691	16298637	exon	GBM primary
chr7:16298015|16348252	chr7	16298015	16348252	exon	GBM primary
chr7:17854457|17915413	chr7	17854457	17915413	exon	GBM primary
chr7:17908030|17937069	chr7	17908030	17937069	exon	GBM primary
chr7:19338951|19344089	chr7	19338951	19344089	intergenic_region	GBM primary
chr7:21516697|21521741	chr7	21516697	21521741	exon	GBM primary
chr7:23163396|23180563	chr7	23163396	23180563	exon	GBM primary
chr7:23751718|23809375	chr7	23751718	23809375	exon	GBM primary
chr7:26233195|26237352	chr7	26233195	26237352	exon	GBM primary
chr7:26245988|26248175	chr7	26245988	26248175	exon	GBM primary
chr7:26724355|26883756	chr7	26724355	26883756	exon	GBM primary
chr7:27824782|27839709	chr7	27824782	27839709	exon	GBM primary
chr7:30612616|30614497	chr7	30612616	30614497	exon	GBM primary
chr7:30876274|30880464	chr7	30876274	30880464	exon	GBM primary
chr7:31815278|31855768	chr7	31815278	31855768	exon	GBM primary
chr7:31848645|31855768	chr7	31848645	31855768	exon	GBM primary
chr7:31848645|31867987	chr7	31848645	31867987	exon	GBM primary
chr7:31904556|31920473	chr7	31904556	31920473	exon	GBM primary
chr7:31912905|31920473	chr7	31912905	31920473	exon	GBM primary
chr7:32909596|32919554	chr7	32909596	32919554	exon	GBM primary
chr7:33185854|33251464	chr7	33185854	33251464	intron	GBM primary
chr7:33384193|33427756	chr7	33384193	33427756	exon	GBM primary
chr7:33677372|33682530	chr7	33677372	33682530	intergenic_region	GBM primary
chr7:34085918|34101659	chr7	34085918	34101659	exon	GBM primary
chr7:34085918|34125704	chr7	34085918	34125704	exon	GBM primary
chr7:35006506|35058208	chr7	35006506	35058208	exon	GBM primary
chr7:35029496|35058208	chr7	35029496	35058208	exon	GBM primary
chr7:35677960|35709938	chr7	35677960	35709938	exon	GBM primary
chr7:35871105|35872510	chr7	35871105	35872510	exon	GBM primary
chr7:35969749|35970337	chr7	35969749	35970337	intergenic_region	GBM primary
chr7:36374655|36375906	chr7	36374655	36375906	exon	GBM primary
chr7:36901264|36917722	chr7	36901264	36917722	exon	GBM primary
chr7:37354454|37382367	chr7	37354454	37382367	exon	GBM primary
chr7:37988442|37989994	chr7	37988442	37989994	exon	GBM primary
chr7:38530650|38574611	chr7	38530650	38574611	exon	GBM primary
chr7:43436413|43447330	chr7	43436413	43447330	exon	GBM primary
chr7:43490427|43532779	chr7	43490427	43532779	exon	GBM primary
chr7:43503259|43519343	chr7	43503259	43519343	exon	GBM primary
chr7:43503259|43540921	chr7	43503259	43540921	exon	GBM primary
chr7:43508519|43519343	chr7	43508519	43519343	exon	GBM primary
chr7:43508519|43540921	chr7	43508519	43540921	exon	GBM primary
chr7:43531674|43540921	chr7	43531674	43540921	exon	GBM primary
chr7:45688269|45701813	chr7	45688269	45701813	exon	GBM primary
chr7:49951630|49960886	chr7	49951630	49960886	exon	GBM primary
chr7:51258547|51261286	chr7	51258547	51261286	exon	GBM primary
chr7:63981442|64004180	chr7	63981442	64004180	exon	GBM primary
chr7:66248662|66264401	chr7	66248662	66264401	exon	GBM primary
chr7:66456124|66459328	chr7	66456124	66459328	exon	GBM primary
chr7:70227856|70233054	chr7	70227856	70233054	exon	GBM primary
chr7:70880875|70886091	chr7	70880875	70886091	exon	GBM primary
chr7:72159677|72193899	chr7	72159677	72193899	exon	GBM primary
chr7:72277659|72277949	chr7	72277659	72277949	exon	GBM primary
chr7:72302182|72302378	chr7	72302182	72302378	exon	GBM primary
chr7:72877252|72884813	chr7	72877252	72884813	exon	GBM primary
chr7:72891198|72892899	chr7	72891198	72892899	exon	GBM primary
chr7:75136689|75140436	chr7	75136689	75140436	intergenic_region	GBM primary
chr7:77210744|77230123	chr7	77210744	77230123	exon	GBM primary
chr7:77394812|77402631	chr7	77394812	77402631	exon	GBM primary
chr7:77755011|77762377	chr7	77755011	77762377	exon	GBM primary
chr7:77789342|77824380	chr7	77789342	77824380	exon	GBM primary
chr7:81594910|81611943	chr7	81594910	81611943	exon	GBM primary
chr7:81636995|81689843	chr7	81636995	81689843	exon	GBM primary
chr7:82508653|82546189	chr7	82508653	82546189	exon	GBM primary
chr7:82544002|82580806	chr7	82544002	82580806	exon	GBM primary
chr7:85002502|85003708	chr7	85002502	85003708	intergenic_region	GBM primary
chr7:86223485|86226365	chr7	86223485	86226365	intergenic_region	GBM primary
chr7:86792811|86815296	chr7	86792811	86815296	exon	GBM primary
chr7:87369107|87445577	chr7	87369107	87445577	exon	GBM primary
chr7:87762182|87774822	chr7	87762182	87774822	exon	GBM primary
chr7:87772341|87780635	chr7	87772341	87780635	exon	GBM primary
chr7:90546916|90613556	chr7	90546916	90613556	exon	GBM primary
chr7:91651552|91652323	chr7	91651552	91652323	exon	GBM primary
chr7:91746358|91761186	chr7	91746358	91761186	exon	GBM primary
chr7:91972338|91991587	chr7	91972338	91991587	exon	GBM primary
chr7:92130821|92147569	chr7	92130821	92147569	exon	GBM primary
chr7:92921015|92940584	chr7	92921015	92940584	exon	GBM primary
chr7:94156474|94163114	chr7	94156474	94163114	exon	GBM primary
chr7:95499195|95616467	chr7	95499195	95616467	exon	GBM primary
chr7:95499195|95625385	chr7	95499195	95625385	exon	GBM primary
chr7:95606824|95625385	chr7	95606824	95625385	exon	GBM primary
chr7:95906508|95926263	chr7	95906508	95926263	exon	GBM primary
chr7:98563319|98569568	chr7	98563319	98569568	exon	GBM primary
chr7:99001021|99002576	chr7	99001021	99002576	exon	GBM primary
chr7:99710972|99711538	chr7	99710972	99711538	exon	GBM primary
chr7:101559395|101713697	chr7	101559395	101713697	exon	GBM primary
chr7:102755507|102769239	chr7	102755507	102769239	exon	GBM primary
chr7:102944289|102944937	chr7	102944289	102944937	exon	GBM primary
chr7:103801520|103844682	chr7	103801520	103844682	exon	GBM primary
chr7:104702611|104731761	chr7	104702611	104731761	exon	GBM primary
chr7:104714066|104722244	chr7	104714066	104722244	exon	GBM primary
chr7:104782455|104783777	chr7	104782455	104783777	exon	GBM primary
chr7:104782455|104787105	chr7	104782455	104787105	exon	GBM primary
chr7:104800954|104909316	chr7	104800954	104909316	exon	GBM primary
chr7:107953109|108041977	chr7	107953109	108041977	intron	GBM primary
chr7:111418332|111452005	chr7	111418332	111452005	exon	GBM primary
chr7:111702837|111707169	chr7	111702837	111707169	intron	GBM primary
chr7:113150423|113151869	chr7	113150423	113151869	intergenic_region	GBM primary
chr7:122255235|122269382	chr7	122255235	122269382	exon	GBM primary
chr7:123136750|123152398	chr7	123136750	123152398	exon	GBM primary
chr7:126173006|126173941	chr7	126173006	126173941	exon	GBM primary
chr7:133821776|133886328	chr7	133821776	133886328	exon	GBM primary
chr7:135282746|135286255	chr7	135282746	135286255	exon	GBM primary
chr7:137148235|137304686	chr7	137148235	137304686	exon	GBM primary
chr7:137170120|137266674	chr7	137170120	137266674	exon	GBM primary
chr7:137170120|137308300	chr7	137170120	137308300	exon	GBM primary
chr7:137206612|137266674	chr7	137206612	137266674	exon	GBM primary
chr7:137206612|137308300	chr7	137206612	137308300	exon	GBM primary
chr7:137237115|137294355	chr7	137237115	137294355	exon	GBM primary
chr7:138921751|138982784	chr7	138921751	138982784	exon	GBM primary
chr7:139083345|139102475	chr7	139083345	139102475	exon	GBM primary
chr7:140034434|140037149	chr7	140034434	140037149	exon	GBM primary
chr7:140494108|140534672	chr7	140494108	140534672	exon	GBM primary
chr7:144320259|144463044	chr7	144320259	144463044	exon	GBM primary
chr7:146805239|146829601	chr7	146805239	146829601	exon	GBM primary
chr7:148851037|148851432	chr7	148851037	148851432	exon	GBM primary
chr7:149246284|149250107	chr7	149246284	149250107	exon	GBM primary
chr7:149249892|149255930	chr7	149249892	149255930	exon	GBM primary
chr7:151478238|151483627	chr7	151478238	151483627	exon	GBM primary
chr7:151841798|151848666	chr7	151841798	151848666	exon	GBM primary
chr7:151960101|151962294	chr7	151960101	151962294	exon	GBM primary
chr7:155457869|155493638	chr7	155457869	155493638	exon	GBM primary
chr7:156549087|156556489	chr7	156549087	156556489	exon	GBM primary
chr7:158528194|158531812	chr7	158528194	158531812	exon	GBM primary
chr7:158662546|158684024	chr7	158662546	158684024	exon	GBM primary
chr7:158694430|158698782	chr7	158694430	158698782	exon	GBM primary
chr8:1574906|1581212	chr8	1574906	1581212	exon	GBM primary
chr8:2875999|2887035	chr8	2875999	2887035	exon	GBM primary
chr8:2999987|3019799	chr8	2999987	3019799	exon	GBM primary
chr8:3072019|3081389	chr8	3072019	3081389	exon	GBM primary
chr8:10102614|10177499	chr8	10102614	10177499	exon	GBM primary
chr8:11666303|11696082	chr8	11666303	11696082	exon	GBM primary
chr8:15588175|15605974	chr8	15588175	15605974	exon	GBM primary
chr8:16955671|16977910	chr8	16955671	16977910	intron	GBM primary
chr8:17507355|17512175	chr8	17507355	17512175	exon	GBM primary
chr8:17510695|17513574	chr8	17510695	17513574	exon	GBM primary
chr8:17804695|17851128	chr8	17804695	17851128	exon	GBM primary
chr8:17820610|17869336	chr8	17820610	17869336	exon	GBM primary
chr8:17847368|17851128	chr8	17847368	17851128	exon	GBM primary
chr8:18490123|18513195	chr8	18490123	18513195	exon	GBM primary
chr8:19249093|19260648	chr8	19249093	19260648	intergenic_region	GBM primary
chr8:19442677|19459376	chr8	19442677	19459376	exon	GBM primary
chr8:23291830|23297428	chr8	23291830	23297428	exon	GBM primary
chr8:25224386|25227157	chr8	25224386	25227157	exon	GBM primary
chr8:25265499|25266456	chr8	25265499	25266456	exon	GBM primary
chr8:26217685|26223922	chr8	26217685	26223922	exon	GBM primary
chr8:27151597|27156076	chr8	27151597	27156076	exon	GBM primary
chr8:27605594|27619975	chr8	27605594	27619975	exon	GBM primary
chr8:28378155|28385681	chr8	28378155	28385681	exon	GBM primary
chr8:28997580|29025102	chr8	28997580	29025102	exon	GBM primary
chr8:30538421|30560757	chr8	30538421	30560757	exon	GBM primary
chr8:30565589|30569605	chr8	30565589	30569605	exon	GBM primary
chr8:30998946|31007971	chr8	30998946	31007971	exon	GBM primary
chr8:38186896|38196125	chr8	38186896	38196125	exon	GBM primary
chr8:38693680|38696064	chr8	38693680	38696064	exon	GBM primary
chr8:38994176|39068843	chr8	38994176	39068843	exon	GBM primary
chr8:39079129|39114862	chr8	39079129	39114862	exon	GBM primary
chr8:41518948|41519459	chr8	41518948	41519459	exon	GBM primary
chr8:41518948|41521260	chr8	41518948	41521260	exon	GBM primary
chr8:42213034|42220216	chr8	42213034	42220216	exon	GBM primary
chr8:42296968|42323435	chr8	42296968	42323435	exon	GBM primary
chr8:42317414|42330172	chr8	42317414	42330172	exon	GBM primary
chr8:42719760|42720632	chr8	42719760	42720632	intron	GBM primary
chr8:42798456|42841938	chr8	42798456	42841938	exon	GBM primary
chr8:42862990|42868543	chr8	42862990	42868543	exon	GBM primary
chr8:48612965|48614577	chr8	48612965	48614577	exon	GBM primary
chr8:48955593|48962538	chr8	48955593	48962538	exon	GBM primary
chr8:51306772|51363289	chr8	51306772	51363289	exon	GBM primary
chr8:51314770|51363289	chr8	51314770	51363289	exon	GBM primary
chr8:51351103|51449368	chr8	51351103	51449368	exon	GBM primary
chr8:51362228|51465739	chr8	51362228	51465739	exon	GBM primary
chr8:51415338|51503477	chr8	51415338	51503477	exon	GBM primary
chr8:53055490|53085143	chr8	53055490	53085143	exon	GBM primary
chr8:53124639|53159224	chr8	53124639	53159224	exon	GBM primary
chr8:53288681|53288931	chr8	53288681	53288931	intron	GBM primary
chr8:53596109|53599527	chr8	53596109	53599527	exon	GBM primary
chr8:54656137|54742093	chr8	54656137	54742093	exon	GBM primary
chr8:56695307|56708711	chr8	56695307	56708711	exon	GBM primary
chr8:59513844|59515945	chr8	59513844	59515945	exon	GBM primary
chr8:59851861|59872567	chr8	59851861	59872567	exon	GBM primary
chr8:66657642|66695078	chr8	66657642	66695078	exon	GBM primary
chr8:68005778|68007967	chr8	68005778	68007967	exon	GBM primary
chr8:68930081|68973014	chr8	68930081	68973014	exon	GBM primary
chr8:68934271|68950527	chr8	68934271	68950527	exon	GBM primary
chr8:68999959|69069671	chr8	68999959	69069671	exon	GBM primary
chr8:71126138|71209035	chr8	71126138	71209035	exon	GBM primary
chr8:71506741|71510490	chr8	71506741	71510490	exon	GBM primary
chr8:72007523|72033824	chr8	72007523	72033824	intron	GBM primary
chr8:72964774|72988862	chr8	72964774	72988862	exon	GBM primary
chr8:74495005|74529686	chr8	74495005	74529686	exon	GBM primary
chr8:74515961|74652103	chr8	74515961	74652103	exon	GBM primary
chr8:75156764|75157410	chr8	75156764	75157410	exon	GBM primary
chr8:86021830|86044196	chr8	86021830	86044196	exon	GBM primary
chr8:89068356|89180202	chr8	89068356	89180202	exon	GBM primary
chr8:90608648|90737869	chr8	90608648	90737869	intergenic_region	GBM primary
chr8:91369040|91377088	chr8	91369040	91377088	intron	GBM primary
chr8:92998352|93004117	chr8	92998352	93004117	exon	GBM primary
chr8:94315153|94374806	chr8	94315153	94374806	exon	GBM primary
chr8:95547067|95556170	chr8	95547067	95556170	exon	GBM primary
chr8:98673300|98703416	chr8	98673300	98703416	exon	GBM primary
chr8:98703180|98735263	chr8	98703180	98735263	exon	GBM primary
chr8:100821603|100847966	chr8	100821603	100847966	exon	GBM primary
chr8:101276262|101300495	chr8	101276262	101300495	exon	GBM primary
chr8:101281013|101300495	chr8	101281013	101300495	exon	GBM primary
chr8:101540073|101542088	chr8	101540073	101542088	exon	GBM primary
chr8:103236274|103237246	chr8	103236274	103237246	exon	GBM primary
chr8:103283362|103292695	chr8	103283362	103292695	exon	GBM primary
chr8:103299661|103300494	chr8	103299661	103300494	exon	GBM primary
chr8:104922362|104930715	chr8	104922362	104930715	exon	GBM primary
chr8:104922362|105001649	chr8	104922362	105001649	exon	GBM primary
chr8:104922549|104973361	chr8	104922549	104973361	exon	GBM primary
chr8:104922549|105001649	chr8	104922549	105001649	exon	GBM primary
chr8:104933900|104973361	chr8	104933900	104973361	exon	GBM primary
chr8:105053554|105161076	chr8	105053554	105161076	exon	GBM primary
chr8:109240496|109254142	chr8	109240496	109254142	exon	GBM primary
chr8:113649054|113678644	chr8	113649054	113678644	exon	GBM primary
chr8:113933856|113988377	chr8	113933856	113988377	exon	GBM primary
chr8:120233827|120255754	chr8	120233827	120255754	exon	GBM primary
chr8:120805606|120814265	chr8	120805606	120814265	exon	GBM primary
chr8:124243540|124251384	chr8	124243540	124251384	exon	GBM primary
chr8:126085395|126096264	chr8	126085395	126096264	exon	GBM primary
chr8:129198802|129205928	chr8	129198802	129205928	intergenic_region	GBM primary
chr8:130908918|130916831	chr8	130908918	130916831	exon	GBM primary
chr8:131070200|131073315	chr8	131070200	131073315	exon	GBM primary
chr8:131088594|131104389	chr8	131088594	131104389	exon	GBM primary
chr8:131861848|131865983	chr8	131861848	131865983	intron	GBM primary
chr8:132956992|132982890	chr8	132956992	132982890	exon	GBM primary
chr8:133182581|133198428	chr8	133182581	133198428	exon	GBM primary
chr8:133595941|133627343	chr8	133595941	133627343	exon	GBM primary
chr8:133622412|133637700	chr8	133622412	133637700	exon	GBM primary
chr8:135611973|135622898	chr8	135611973	135622898	exon	GBM primary
chr8:136554897|136561143	chr8	136554897	136561143	exon	GBM primary
chr8:136594121|136619280	chr8	136594121	136619280	exon	GBM primary
chr8:136619198|136660841	chr8	136619198	136660841	exon	GBM primary
chr8:141262876|141297833	chr8	141262876	141297833	exon	GBM primary
chr8:141684397|141779691	chr8	141684397	141779691	exon	GBM primary
chr8:141710990|141762415	chr8	141710990	141762415	exon	GBM primary
chr8:141799573|141829119	chr8	141799573	141829119	exon	GBM primary
chr8:141799573|141840625	chr8	141799573	141840625	exon	GBM primary
chr8:141799573|141856777	chr8	141799573	141856777	exon	GBM primary
chr8:141828376|141874498	chr8	141828376	141874498	exon	GBM primary
chr8:142161718|142166069	chr8	142161718	142166069	exon	GBM primary
chr9:2096657|2161903	chr9	2096657	2161903	exon	GBM primary
chr9:5021963|5078444	chr9	5021963	5078444	exon	GBM primary
chr9:5797817|5813035	chr9	5797817	5813035	exon	GBM primary
chr9:5825092|5831028	chr9	5825092	5831028	exon	GBM primary
chr9:5924658|5954095	chr9	5924658	5954095	exon	GBM primary
chr9:6849507|6893232	chr9	6849507	6893232	exon	GBM primary
chr9:8436592|8465675	chr9	8436592	8465675	exon	GBM primary
chr9:8436592|8492979	chr9	8436592	8492979	exon	GBM primary
chr9:8449725|8521546	chr9	8449725	8521546	exon	GBM primary
chr9:8484119|8507434	chr9	8484119	8507434	exon	GBM primary
chr9:8517848|8528779	chr9	8517848	8528779	exon	GBM primary
chr9:13126515|13140148	chr9	13126515	13140148	exon	GBM primary
chr9:13133823|13150687	chr9	13133823	13150687	exon	GBM primary
chr9:13150510|13186385	chr9	13150510	13186385	exon	GBM primary
chr9:13216773|13250371	chr9	13216773	13250371	exon	GBM primary
chr9:14639894|14674383	chr9	14639894	14674383	exon	GBM primary
chr9:15474007|15490122	chr9	15474007	15490122	exon	GBM primary
chr9:19086732|19096767	chr9	19086732	19096767	exon	GBM primary
chr9:19290702|19316837	chr9	19290702	19316837	exon	GBM primary
chr9:19360242|19361961	chr9	19360242	19361961	exon	GBM primary
chr9:19520892|19577020	chr9	19520892	19577020	exon	GBM primary
chr9:20715321|20720533	chr9	20715321	20720533	exon	GBM primary
chr9:20715321|20758190	chr9	20715321	20758190	exon	GBM primary
chr9:20715321|20770237	chr9	20715321	20770237	exon	GBM primary
chr9:20819795|20885229	chr9	20819795	20885229	exon	GBM primary
chr9:20881870|20916936	chr9	20881870	20916936	exon	GBM primary
chr9:20907149|20933102	chr9	20907149	20933102	exon	GBM primary
chr9:21476898|21477291	chr9	21476898	21477291	exon	GBM primary
chr9:23731020|23765097	chr9	23731020	23765097	exon	GBM primary
chr9:23762004|23765097	chr9	23762004	23765097	exon	GBM primary
chr9:27009018|27029102	chr9	27009018	27029102	exon	GBM primary
chr9:32420854|32424663	chr9	32420854	32424663	exon	GBM primary
chr9:33311104|33319125	chr9	33311104	33319125	exon	GBM primary
chr9:33971649|33989124	chr9	33971649	33989124	exon	GBM primary
chr9:34096714|34098515	chr9	34096714	34098515	exon	GBM primary
chr9:35228012|35259047	chr9	35228012	35259047	exon	GBM primary
chr9:36351112|36376124	chr9	36351112	36376124	exon	GBM primary
chr9:37126309|37247127	chr9	37126309	37247127	intron	GBM primary
chr9:37126309|37305711	chr9	37126309	37305711	exon	GBM primary
chr9:37819285|37842283	chr9	37819285	37842283	exon	GBM primary
chr9:38560742|38562165	chr9	38560742	38562165	intron	GBM primary
chr9:71837360|71837698	chr9	71837360	71837698	intron	GBM primary
chr9:74477467|74489999	chr9	74477467	74489999	exon	GBM primary
chr9:76617991|76621150	chr9	76617991	76621150	intergenic_region	GBM primary
chr9:78682871|78686814	chr9	78682871	78686814	exon	GBM primary
chr9:79244108|79259825	chr9	79244108	79259825	exon	GBM primary
chr9:79966233|79983052	chr9	79966233	79983052	exon	GBM primary
chr9:80409379|80537261	chr9	80409379	80537261	exon	GBM primary
chr9:86279945|86293514	chr9	86279945	86293514	exon	GBM primary
chr9:88207475|88248289	chr9	88207475	88248289	exon	GBM primary
chr9:88284400|88307728	chr9	88284400	88307728	exon	GBM primary
chr9:88287465|88307728	chr9	88287465	88307728	exon	GBM primary
chr9:88925621|88934585	chr9	88925621	88934585	exon	GBM primary
chr9:94058303|94118437	chr9	94058303	94118437	exon	GBM primary
chr9:96392252|96398807	chr9	96392252	96398807	exon	GBM primary
chr9:98231033|98232213	chr9	98231033	98232213	exon	GBM primary
chr9:99060698|99067673	chr9	99060698	99067673	exon	GBM primary
chr9:99277931|99327765	chr9	99277931	99327765	exon	GBM primary
chr9:99314078|99327765	chr9	99314078	99327765	exon	GBM primary
chr9:103220040|103233513	chr9	103220040	103233513	intron	GBM primary
chr9:107318593|107384473	chr9	107318593	107384473	intergenic_region	GBM primary
chr9:107620803|107668479	chr9	107620803	107668479	intron	GBM primary
chr9:108125102|108137016	chr9	108125102	108137016	exon	GBM primary
chr9:108467878|108484902	chr9	108467878	108484902	exon	GBM primary
chr9:109685635|109697902	chr9	109685635	109697902	exon	GBM primary
chr9:111819471|111870850	chr9	111819471	111870850	exon	GBM primary
chr9:111954558|111962614	chr9	111954558	111962614	exon	GBM primary
chr9:113228145|113234603	chr9	113228145	113234603	exon	GBM primary
chr9:114190322|114204704	chr9	114190322	114204704	exon	GBM primary
chr9:114202652|114206774	chr9	114202652	114206774	exon	GBM primary
chr9:115166275|115171301	chr9	115166275	115171301	exon	GBM primary
chr9:117848851|117848997	chr9	117848851	117848997	exon	GBM primary
chr9:119050955|119088063	chr9	119050955	119088063	intron	GBM primary
chr9:121664634|121669705	chr9	121664634	121669705	intergenic_region	GBM primary
chr9:123199573|123239728	chr9	123199573	123239728	exon	GBM primary
chr9:123210173|123234156	chr9	123210173	123234156	exon	GBM primary
chr9:124622616|124737258	chr9	124622616	124737258	exon	GBM primary
chr9:125042722|125075665	chr9	125042722	125075665	exon	GBM primary
chr9:125719290|125752492	chr9	125719290	125752492	exon	GBM primary
chr9:125827627|125839041	chr9	125827627	125839041	exon	GBM primary
chr9:125827627|125865665	chr9	125827627	125865665	exon	GBM primary
chr9:125846922|125852664	chr9	125846922	125852664	intron	GBM primary
chr9:125890493|125946577	chr9	125890493	125946577	exon	GBM primary
chr9:125941286|125946577	chr9	125941286	125946577	exon	GBM primary
chr9:126531793|126641300	chr9	126531793	126641300	exon	GBM primary
chr9:127683408|127685502	chr9	127683408	127685502	exon	GBM primary
chr9:130106514|130111314	chr9	130106514	130111314	exon	GBM primary
chr9:130420654|130423484	chr9	130420654	130423484	exon	GBM primary
chr9:130980510|130981531	chr9	130980510	130981531	exon	GBM primary
chr9:131362359|131366696	chr9	131362359	131366696	exon	GBM primary
chr9:132686123|132691974	chr9	132686123	132691974	exon	GBM primary
chr9:132740744|132757237	chr9	132740744	132757237	exon	GBM primary
chr9:132839578|132854660	chr9	132839578	132854660	exon	GBM primary
chr9:134308004|134314448	chr9	134308004	134314448	exon	GBM primary
chr9:138741983|138742307	chr9	138741983	138742307	exon	GBM primary
chr9:140622801|140652463	chr9	140622801	140652463	exon	GBM primary
chr9:140637823|140657272	chr9	140637823	140657272	exon	GBM primary
chrX:2326786|2343345	chrX	2326786	2343345	exon	GBM primary
chrX:3772733|3785847	chrX	3772733	3785847	exon	GBM primary
chrX:7432923|7434331	chrX	7432923	7434331	intergenic_region	GBM primary
chrX:13762534|13780563	chrX	13762534	13780563	exon	GBM primary
chrX:16711264|16721064	chrX	16711264	16721064	exon	GBM primary
chrX:16836697|16838378	chrX	16836697	16838378	exon	GBM primary
chrX:17040246|17047746	chrX	17040246	17047746	exon	GBM primary
chrX:17043185|17121902	chrX	17043185	17121902	exon	GBM primary
chrX:17086525|17121902	chrX	17086525	17121902	exon	GBM primary
chrX:17121841|17165626	chrX	17121841	17165626	exon	GBM primary
chrX:18525055|18582642	chrX	18525055	18582642	exon	GBM primary
chrX:19587221|19705809	chrX	19587221	19705809	exon	GBM primary
chrX:19626056|19705809	chrX	19626056	19705809	exon	GBM primary
chrX:19649982|19705809	chrX	19649982	19705809	exon	GBM primary
chrX:20204414|20222221	chrX	20204414	20222221	exon	GBM primary
chrX:21534603|21550185	chrX	21534603	21550185	exon	GBM primary
chrX:29301055|29417425	chrX	29301055	29417425	exon	GBM primary
chrX:31496223|31497220	chrX	31496223	31497220	exon	GBM primary
chrX:31947713|31986631	chrX	31947713	31986631	exon	GBM primary
chrX:32235033|32366645	chrX	32235033	32366645	exon	GBM primary
chrX:48832430|48841815	chrX	48832430	48841815	exon	GBM primary
chrX:50338698|50351184	chrX	50338698	50351184	exon	GBM primary
chrX:53651556|53681075	chrX	53651556	53681075	exon	GBM primary
chrX:57862954|57877126	chrX	57862954	57877126	intergenic_region	GBM primary
chrX:57868679|57877126	chrX	57868679	57877126	intergenic_region	GBM primary
chrX:76812922|76829823	chrX	76812922	76829823	exon	GBM primary
chrX:76872081|76912143	chrX	76872081	76912143	exon	GBM primary
chrX:76888695|76920267	chrX	76888695	76920267	exon	GBM primary
chrX:76907604|76931793	chrX	76907604	76931793	exon	GBM primary
chrX:76918871|76931793	chrX	76918871	76931793	exon	GBM primary
chrX:79962926|79975140	chrX	79962926	79975140	exon	GBM primary
chrX:79988955|79991587	chrX	79988955	79991587	exon	GBM primary
chrX:95990757|96018119	chrX	95990757	96018119	exon	GBM primary
chrX:99596901|99657849	chrX	99596901	99657849	exon	GBM primary
chrX:102152502|102160665	chrX	102152502	102160665	exon	GBM primary
chrX:106308932|106332069	chrX	106308932	106332069	exon	GBM primary
chrX:106769812|106776780	chrX	106769812	106776780	exon	GBM primary
chrX:107083900|107097934	chrX	107083900	107097934	exon	GBM primary
chrX:107838739|107840798	chrX	107838739	107840798	exon	GBM primary
chrX:110366305|110416309	chrX	110366305	110416309	exon	GBM primary
chrX:110406143|110416309	chrX	110406143	110416309	exon	GBM primary
chrX:112048175|112075598	chrX	112048175	112075598	exon	GBM primary
chrX:117526595|117544922	chrX	117526595	117544922	exon	GBM primary
chrX:117575331|117578457	chrX	117575331	117578457	exon	GBM primary
chrX:120224253|120285578	chrX	120224253	120285578	intergenic_region	GBM primary
chrX:120224253|120298011	chrX	120224253	120298011	intergenic_region	GBM primary
chrX:120224253|120311688	chrX	120224253	120311688	intergenic_region	GBM primary
chrX:120224253|120319697	chrX	120224253	120319697	intergenic_region	GBM primary
chrX:120319180|120431305	chrX	120319180	120431305	exon	GBM primary
chrX:123615582|123695667	chrX	123615582	123695667	exon	GBM primary
chrX:135095117|135098917	chrX	135095117	135098917	exon	GBM primary
chrX:139865340|139866799	chrX	139865340	139866799	exon	GBM primary
chrX:139865365|139866824	chrX	139865365	139866824	exon	GBM primary
chrX:139865402|139865636	chrX	139865402	139865636	exon	GBM primary
chrX:140803159|140818402	chrX	140803159	140818402	intergenic_region	GBM primary
chrX:149807416|149818374	chrX	149807416	149818374	exon	GBM primary
chrX:149867668|149919712	chrX	149867668	149919712	exon	GBM primary
chrX:149983335|149984551	chrX	149983335	149984551	exon	GBM primary
chrX:151358202|151376616	chrX	151358202	151376616	exon	GBM primary
chrX:154563680|154564558	chrX	154563680	154564558	intergenic_region	GBM primary
chrX:154736559|154736795	chrX	154736559	154736795	exon	GBM primary
chrX:154736559|154743926	chrX	154736559	154743926	exon	GBM primary
chrX:154736559|154766779	chrX	154736559	154766779	intron	GBM primary
chrY:13688616|13833086	chrY	13688616	13833086	intergenic_region	GBM primary
chr1:1735858|1737977	chr1	1735858	1737977	exon	GBM primary
chr1:1735858|1756938	chr1	1735858	1756938	exon	GBM primary
chr1:6880241|6948959	chr1	6880241	6948959	intron	GBM primary
chr1:9800716|9801314	chr1	9800716	9801314	intron	GBM primary
chr1:9815172|9816568	chr1	9815172	9816568	exon	GBM primary
chr1:10327438|10328321	chr1	10327438	10328321	exon	GBM primary
chr1:11090233|11090939	chr1	11090233	11090939	exon	GBM primary
chr1:11259315|11259760	chr1	11259315	11259760	exon	GBM primary
chr1:15053293|15060738	chr1	15053293	15060738	intron	GBM primary
chr1:16528277|16529069	chr1	16528277	16529069	exon	GBM primary
chr1:26780100|26789924	chr1	26780100	26789924	intron	GBM primary
chr1:27267948|27269556	chr1	27267948	27269556	exon	GBM primary
chr1:28818162|28820834	chr1	28818162	28820834	exon	GBM primary
chr1:35824526|35855699	chr1	35824526	35855699	exon	GBM primary
chr1:36297028|36301594	chr1	36297028	36301594	exon	GBM primary
chr1:36823840|36828257	chr1	36823840	36828257	exon	GBM primary
chr1:37346235|37356697	chr1	37346235	37356697	exon	GBM primary
chr1:40980187|40982858	chr1	40980187	40982858	intergenic_region	GBM primary
chr1:42693554|42776781	chr1	42693554	42776781	exon	GBM primary
chr1:50956260|51032903	chr1	50956260	51032903	exon	GBM primary
chr1:52954581|52962855	chr1	52954581	52962855	exon	GBM primary
chr1:66999929|67109402	chr1	66999929	67109402	exon	GBM primary
chr1:70650468|70654956	chr1	70650468	70654956	exon	GBM primary
chr1:87185190|87190088	chr1	87185190	87190088	exon	GBM primary
chr1:100889778|100908552	chr1	100889778	100908552	exon	GBM primary
chr1:108724563|108728576	chr1	108724563	108728576	exon	GBM primary
chr1:113124614|113159517	chr1	113124614	113159517	exon	GBM primary
chr1:114377532|114397671	chr1	114377532	114397671	exon	GBM primary
chr1:169292355|169293738	chr1	169292355	169293738	exon	GBM primary
chr1:169923152|169961396	chr1	169923152	169961396	exon	GBM primary
chr1:172222713|172357949	chr1	172222713	172357949	exon	GBM primary
chr1:172525009|172526934	chr1	172525009	172526934	exon	GBM primary
chr1:173593926|173646762	chr1	173593926	173646762	intergenic_region	GBM primary
chr1:174244971|174274265	chr1	174244971	174274265	exon	GBM primary
chr1:179316735|179318077	chr1	179316735	179318077	exon	GBM primary
chr1:180031355|180034407	chr1	180031355	180034407	exon	GBM primary
chr1:190129798|190250880	chr1	190129798	190250880	exon	GBM primary
chr1:190203502|190250880	chr1	190203502	190250880	exon	GBM primary
chr1:190233995|190250880	chr1	190233995	190250880	exon	GBM primary
chr1:202385915|202391866	chr1	202385915	202391866	exon	GBM primary
chr1:203149598|203150413	chr1	203149598	203150413	exon	GBM primary
chr1:206616963|206617295	chr1	206616963	206617295	intron	GBM primary
chr1:210219627|210220837	chr1	210219627	210220837	intron	GBM primary
chr1:220170325|220180680	chr1	220170325	220180680	exon	GBM primary
chr1:220179448|220180680	chr1	220179448	220180680	exon	GBM primary
chr1:223985917|223987749	chr1	223985917	223987749	exon	GBM primary
chr1:225706900|225755116	chr1	225706900	225755116	exon	GBM primary
chr1:225718256|225755116	chr1	225718256	225755116	exon	GBM primary
chr1:225829578|225830180	chr1	225829578	225830180	intron	GBM primary
chr1:235377084|235384977	chr1	235377084	235384977	exon	GBM primary
chr1:235850249|235860572	chr1	235850249	235860572	exon	GBM primary
chr1:239841486|239990678	chr1	239841486	239990678	exon	GBM primary
chr1:243349561|243388623	chr1	243349561	243388623	exon	GBM primary
chr1:243449574|243493994	chr1	243449574	243493994	exon	GBM primary
chr1:243456393|243507633	chr1	243456393	243507633	exon	GBM primary
chr1:243456424|243542165	chr1	243456424	243542165	exon	GBM primary
chr1:243667690|243736350	chr1	243667690	243736350	exon	GBM primary
chr1:243675626|243736350	chr1	243675626	243736350	exon	GBM primary
chr1:243800913|243859018	chr1	243800913	243859018	exon	GBM primary
chr1:246350045|246358766	chr1	246350045	246358766	intron	GBM primary
chr1:246899277|246907427	chr1	246899277	246907427	exon	GBM primary
chr10:6001717|6002530	chr10	6001717	6002530	exon	GBM primary
chr10:13333831|13337606	chr10	13333831	13337606	exon	GBM primary
chr10:19963807|19981483	chr10	19963807	19981483	intron	GBM primary
chr10:24669798|24673352	chr10	24669798	24673352	intron	GBM primary
chr10:26800676|26802589	chr10	26800676	26802589	exon	GBM primary
chr10:27311487|27337908	chr10	27311487	27337908	exon	GBM primary
chr10:27356086|27381441	chr10	27356086	27381441	exon	GBM primary
chr10:27815757|27822923	chr10	27815757	27822923	exon	GBM primary
chr10:31644076|31676727	chr10	31644076	31676727	exon	GBM primary
chr10:32306071|32308887	chr10	32306071	32308887	exon	GBM primary
chr10:32740520|32751631	chr10	32740520	32751631	exon	GBM primary
chr10:32847914|32873232	chr10	32847914	32873232	intron	GBM primary
chr10:32854486|32924086	chr10	32854486	32924086	exon	GBM primary
chr10:55698575|55721652	chr10	55698575	55721652	exon	GBM primary
chr10:55943204|55996691	chr10	55943204	55996691	exon	GBM primary
chr10:56089356|56138702	chr10	56089356	56138702	exon	GBM primary
chr10:57335410|57338277	chr10	57335410	57338277	intron	GBM primary
chr10:65140078|65169748	chr10	65140078	65169748	intron	GBM primary
chr10:69747800|69804320	chr10	69747800	69804320	exon	GBM primary
chr10:69751956|69773943	chr10	69751956	69773943	exon	GBM primary
chr10:70152895|70161494	chr10	70152895	70161494	exon	GBM primary
chr10:70190193|70190417	chr10	70190193	70190417	exon	GBM primary
chr10:70411603|70412351	chr10	70411603	70412351	exon	GBM primary
chr10:70411603|70432802	chr10	70411603	70432802	exon	GBM primary
chr10:74810811|74813348	chr10	74810811	74813348	exon	GBM primary
chr10:75069916|75072401	chr10	75069916	75072401	exon	GBM primary
chr10:75335270|75336119	chr10	75335270	75336119	exon	GBM primary
chr10:78799286|78944674	chr10	78799286	78944674	exon	GBM primary
chr10:78943179|79011014	chr10	78943179	79011014	exon	GBM primary
chr10:88598622|88635842	chr10	88598622	88635842	exon	GBM primary
chr10:93870833|93940776	chr10	93870833	93940776	exon	GBM primary
chr10:94693901|94818092	chr10	94693901	94818092	exon	GBM primary
chr10:94715337|94733989	chr10	94715337	94733989	exon	GBM primary
chr10:99502851|99504672	chr10	99502851	99504672	exon	GBM primary
chr10:99915850|99923154	chr10	99915850	99923154	exon	GBM primary
chr10:106441933|106506270	chr10	106441933	106506270	intron	GBM primary
chr10:106849533|106907554	chr10	106849533	106907554	exon	GBM primary
chr10:108357109|108389146	chr10	108357109	108389146	exon	GBM primary
chr10:114648494|114665972	chr10	114648494	114665972	intergenic_region	GBM primary
chr10:116225457|116251637	chr10	116225457	116251637	exon	GBM primary
chr10:116975455|117045907	chr10	116975455	117045907	exon	GBM primary
chr10:120488807|120489922	chr10	120488807	120489922	exon	GBM primary
chr10:123658356|123683844	chr10	123658356	123683844	exon	GBM primary
chr11:6945729|7013224	chr11	6945729	7013224	intergenic_region	GBM primary
chr11:9308002|9321248	chr11	9308002	9321248	exon	GBM primary
chr11:10019813|10024236	chr11	10019813	10024236	exon	GBM primary
chr11:16036488|16119234	chr11	16036488	16119234	exon	GBM primary
chr11:16036488|16208501	chr11	16036488	16208501	exon	GBM primary
chr11:16256128|16362798	chr11	16256128	16362798	exon	GBM primary
chr11:16286244|16362798	chr11	16286244	16362798	exon	GBM primary
chr11:18357924|18358722	chr11	18357924	18358722	intron	GBM primary
chr11:20805226|20869299	chr11	20805226	20869299	exon	GBM primary
chr11:31474393|31475934	chr11	31474393	31475934	intron	GBM primary
chr11:32953289|32956981	chr11	32953289	32956981	exon	GBM primary
chr11:35773355|35789088	chr11	35773355	35789088	intron	GBM primary
chr11:36057653|36120011	chr11	36057653	36120011	exon	GBM primary
chr11:41381656|41385938	chr11	41381656	41385938	intron	GBM primary
chr11:47187819|47189802	chr11	47187819	47189802	exon	GBM primary
chr11:47644253|47653263	chr11	47644253	47653263	exon	GBM primary
chr11:65270119|65271829	chr11	65270119	65271829	exon	GBM primary
chr11:66285511|66286764	chr11	66285511	66286764	intron	GBM primary
chr11:68298920|68301054	chr11	68298920	68301054	intron	GBM primary
chr11:68359044|68367962	chr11	68359044	68367962	exon	GBM primary
chr11:73425680|73430742	chr11	73425680	73430742	intron	GBM primary
chr11:74561975|74585940	chr11	74561975	74585940	intron	GBM primary
chr11:75562928|75623083	chr11	75562928	75623083	exon	GBM primary
chr11:76224430|76239510	chr11	76224430	76239510	exon	GBM primary
chr11:83641371|83676511	chr11	83641371	83676511	exon	GBM primary
chr11:89911021|89911285	chr11	89911021	89911285	exon	GBM primary
chr11:94528177|94564707	chr11	94528177	94564707	exon	GBM primary
chr11:101857563|101868464	chr11	101857563	101868464	exon	GBM primary
chr11:108058825|108064744	chr11	108058825	108064744	exon	GBM primary
chr11:108098322|108117854	chr11	108098322	108117854	exon	GBM primary
chr11:108098322|108138069	chr11	108098322	108138069	exon	GBM primary
chr11:108172375|108175579	chr11	108172375	108175579	exon	GBM primary
chr11:108199748|108202764	chr11	108199748	108202764	exon	GBM primary
chr11:110134685|110135599	chr11	110134685	110135599	exon	GBM primary
chr11:117109317|117117664	chr11	117109317	117117664	exon	GBM primary
chr11:118348682|118353210	chr11	118348682	118353210	exon	GBM primary
chr11:118368651|118370135	chr11	118368651	118370135	exon	GBM primary
chr11:118656761|118657227	chr11	118656761	118657227	exon	GBM primary
chr11:120310838|120316173	chr11	120310838	120316173	exon	GBM primary
chr11:120310838|120348235	chr11	120310838	120348235	exon	GBM primary
chr11:128993341|128997200	chr11	128993341	128997200	intron	GBM primary
chr11:133188908|133223120	chr11	133188908	133223120	intron	GBM primary
chr12:6688012|6690515	chr12	6688012	6690515	exon	GBM primary
chr12:23887618|23908658	chr12	23887618	23908658	exon	GBM primary
chr12:23887618|24048958	chr12	23887618	24048958	exon	GBM primary
chr12:27872741|27877119	chr12	27872741	27877119	exon	GBM primary
chr12:31562197|31579358	chr12	31562197	31579358	exon	GBM primary
chr12:32772632|32786623	chr12	32772632	32786623	exon	GBM primary
chr12:40412648|40442012	chr12	40412648	40442012	intron	GBM primary
chr12:45771836|45784281	chr12	45771836	45784281	exon	GBM primary
chr12:45912101|45912936	chr12	45912101	45912936	exon	GBM primary
chr12:51634127|51634900	chr12	51634127	51634900	exon	GBM primary
chr12:54113523|54115967	chr12	54113523	54115967	exon	GBM primary
chr12:56182859|56197512	chr12	56182859	56197512	exon	GBM primary
chr12:57065533|57066849	chr12	57065533	57066849	exon	GBM primary
chr12:64037353|64041145	chr12	64037353	64041145	intron	GBM primary
chr12:70773977|70794116	chr12	70773977	70794116	intron	GBM primary
chr12:75956999|76025094	chr12	75956999	76025094	exon	GBM primary
chr12:76085885|76088755	chr12	76085885	76088755	intron	GBM primary
chr12:81528595|81545875	chr12	81528595	81545875	exon	GBM primary
chr12:82780582|82796909	chr12	82780582	82796909	exon	GBM primary
chr12:89885713|89891119	chr12	89885713	89891119	exon	GBM primary
chr12:93202793|93220061	chr12	93202793	93220061	exon	GBM primary
chr12:93226288|93246801	chr12	93226288	93246801	exon	GBM primary
chr12:95646649|95648217	chr12	95646649	95648217	intron	GBM primary
chr12:98931253|98940225	chr12	98931253	98940225	exon	GBM primary
chr12:100048845|100103776	chr12	100048845	100103776	intron	GBM primary
chr12:100048845|100206089	chr12	100048845	100206089	exon	GBM primary
chr12:100048845|100219167	chr12	100048845	100219167	exon	GBM primary
chr12:100598718|100601564	chr12	100598718	100601564	exon	GBM primary
chr12:105255069|105322472	chr12	105255069	105322472	exon	GBM primary
chr12:111920591|111924628	chr12	111920591	111924628	exon	GBM primary
chr12:112110465|112117144	chr12	112110465	112117144	exon	GBM primary
chr12:112496801|112497721	chr12	112496801	112497721	intron	GBM primary
chr12:112707508|112711599	chr12	112707508	112711599	exon	GBM primary
chr12:112743868|112750951	chr12	112743868	112750951	exon	GBM primary
chr12:112884080|112893867	chr12	112884080	112893867	exon	GBM primary
chr12:118636856|118639268	chr12	118636856	118639268	exon	GBM primary
chr12:121154431|121154845	chr12	121154431	121154845	exon	GBM primary
chr12:122030735|122031452	chr12	122030735	122031452	intergenic_region	GBM primary
chr12:122201627|122201939	chr12	122201627	122201939	intron	GBM primary
chr12:122837273|122865105	chr12	122837273	122865105	exon	GBM primary
chr12:123798167|123800207	chr12	123798167	123800207	exon	GBM primary
chr12:124870291|124887107	chr12	124870291	124887107	exon	GBM primary
chr12:124870291|124922542	chr12	124870291	124922542	exon	GBM primary
chr12:124882665|124934413	chr12	124882665	124934413	exon	GBM primary
chr12:124882665|124979914	chr12	124882665	124979914	exon	GBM primary
chr12:124904503|124934413	chr12	124904503	124934413	exon	GBM primary
chr12:124911168|124922542	chr12	124911168	124922542	exon	GBM primary
chr12:124934361|124979914	chr12	124934361	124979914	exon	GBM primary
chr12:124950719|124979914	chr12	124950719	124979914	exon	GBM primary
chr12:125833998|125900223	chr12	125833998	125900223	exon	GBM primary
chr12:128899277|128900165	chr12	128899277	128900165	exon	GBM primary
chr12:132489622|132491422	chr12	132489622	132491422	exon	GBM primary
chr13:20632715|20635364	chr13	20632715	20635364	exon	GBM primary
chr13:32515445|32520318	chr13	32515445	32520318	exon	GBM primary
chr13:35672434|35716514	chr13	35672434	35716514	exon	GBM primary
chr13:41507606|41508164	chr13	41507606	41508164	exon	GBM primary
chr13:42860122|42888076	chr13	42860122	42888076	exon	GBM primary
chr13:45084451|45084838	chr13	45084451	45084838	intron	GBM primary
chr13:50025689|50035298	chr13	50025689	50035298	exon	GBM primary
chr13:50565410|50618904	chr13	50565410	50618904	intron	GBM primary
chr13:50596225|50597053	chr13	50596225	50597053	intron	GBM primary
chr13:50601343|50619368	chr13	50601343	50619368	exon	GBM primary
chr13:103459496|103474509	chr13	103459496	103474509	exon	GBM primary
chr13:108118363|108119598	chr13	108118363	108119598	intron	GBM primary
chr13:109318234|109318497	chr13	109318234	109318497	exon	GBM primary
chr13:109535407|109562498	chr13	109535407	109562498	exon	GBM primary
chr14:20863609|20864108	chr14	20863609	20864108	exon	GBM primary
chr14:31103153|31122794	chr14	31103153	31122794	exon	GBM primary
chr14:32902666|32903023	chr14	32902666	32903023	exon	GBM primary
chr14:39646616|39647120	chr14	39646616	39647120	exon	GBM primary
chr14:50941795|50952912	chr14	50941795	50952912	exon	GBM primary
chr14:57740962|57741607	chr14	57740962	57741607	exon	GBM primary
chr14:59026015|59030966	chr14	59026015	59030966	intergenic_region	GBM primary
chr14:61262935|61278845	chr14	61262935	61278845	exon	GBM primary
chr14:67346657|67382786	chr14	67346657	67382786	exon	GBM primary
chr14:72054288|72056087	chr14	72054288	72056087	exon	GBM primary
chr14:81362062|81372425	chr14	81362062	81372425	exon	GBM primary
chr14:89878278|89878834	chr14	89878278	89878834	exon	GBM primary
chr14:92174485|92195823	chr14	92174485	92195823	exon	GBM primary
chr14:92264129|92268765	chr14	92264129	92268765	exon	GBM primary
chr14:92454628|92466452	chr14	92454628	92466452	exon	GBM primary
chr14:92465584|92491764	chr14	92465584	92491764	exon	GBM primary
chr15:35665722|35747021	chr15	35665722	35747021	exon	GBM primary
chr15:36150188|36233128	chr15	36150188	36233128	intergenic_region	GBM primary
chr15:38560375|38617010	chr15	38560375	38617010	exon	GBM primary
chr15:44106699|44107272	chr15	44106699	44107272	exon	GBM primary
chr15:45547528|45548196	chr15	45547528	45548196	exon	GBM primary
chr15:49303928|49309825	chr15	49303928	49309825	exon	GBM primary
chr15:49303928|49319677	chr15	49303928	49319677	exon	GBM primary
chr15:50867049|50867986	chr15	50867049	50867986	exon	GBM primary
chr15:51855578|51868378	chr15	51855578	51868378	exon	GBM primary
chr15:64404772|64411053	chr15	64404772	64411053	exon	GBM primary
chr15:64966115|64968455	chr15	64966115	64968455	exon	GBM primary
chr15:66048478|66053776	chr15	66048478	66053776	exon	GBM primary
chr15:67938569|67956983	chr15	67938569	67956983	exon	GBM primary
chr15:72810408|72859518	chr15	72810408	72859518	exon	GBM primary
chr15:76152219|76175765	chr15	76152219	76175765	exon	GBM primary
chr15:76161292|76175765	chr15	76161292	76175765	exon	GBM primary
chr15:76957994|77025725	chr15	76957994	77025725	exon	GBM primary
chr15:77471132|77474382	chr15	77471132	77474382	exon	GBM primary
chr15:77657505|77681144	chr15	77657505	77681144	intron	GBM primary
chr15:82443806|82444764	chr15	82443806	82444764	exon	GBM primary
chr15:85230856|85234875	chr15	85230856	85234875	exon	GBM primary
chr15:90431753|90432372	chr15	90431753	90432372	exon	GBM primary
chr15:93467551|93498742	chr15	93467551	93498742	exon	GBM primary
chr15:93496587|93510743	chr15	93496587	93510743	exon	GBM primary
chr15:99696353|99768937	chr15	99696353	99768937	exon	GBM primary
chr15:100211528|100247060	chr15	100211528	100247060	exon	GBM primary
chr16:2367284|2367765	chr16	2367284	2367765	exon	GBM primary
chr16:4348029|4355730	chr16	4348029	4355730	intergenic_region	GBM primary
chr16:12501923|12504398	chr16	12501923	12504398	intron	GBM primary
chr16:15577794|15609285	chr16	15577794	15609285	intron	GBM primary
chr16:17292069|17353355	chr16	17292069	17353355	exon	GBM primary
chr16:18852887|18861789	chr16	18852887	18861789	exon	GBM primary
chr16:19717914|19722762	chr16	19717914	19722762	exon	GBM primary
chr16:21326632|21328447	chr16	21326632	21328447	intron	GBM primary
chr16:24043457|24046868	chr16	24043457	24046868	exon	GBM primary
chr16:24979672|24981901	chr16	24979672	24981901	exon	GBM primary
chr16:30507418|30507887	chr16	30507418	30507887	exon	GBM primary
chr16:30715385|30715636	chr16	30715385	30715636	exon	GBM primary
chr16:53301206|53302038	chr16	53301206	53302038	exon	GBM primary
chr16:53878067|53878998	chr16	53878067	53878998	intron	GBM primary
chr16:53943712|53947659	chr16	53943712	53947659	intron	GBM primary
chr16:56660792|56670416	chr16	56660792	56670416	intergenic_region	GBM primary
chr16:56660792|56692652	chr16	56660792	56692652	intergenic_region	GBM primary
chr16:57157326|57168738	chr16	57157326	57168738	exon	GBM primary
chr16:67662273|67663436	chr16	67662273	67663436	exon	GBM primary
chr16:67761230|67771938	chr16	67761230	67771938	exon	GBM primary
chr16:68087467|68088520	chr16	68087467	68088520	exon	GBM primary
chr16:68308594|68309152	chr16	68308594	68309152	exon	GBM primary
chr16:68597528|68597724	chr16	68597528	68597724	exon	GBM primary
chr16:69703880|69711238	chr16	69703880	69711238	exon	GBM primary
chr16:70497072|70499079	chr16	70497072	70499079	exon	GBM primary
chr16:71712658|71715808	chr16	71712658	71715808	exon	GBM primary
chr16:88664586|88666356	chr16	88664586	88666356	exon	GBM primary
chr16:89958601|89967202	chr16	89958601	89967202	exon	GBM primary
chr16:89961446|89967202	chr16	89961446	89967202	exon	GBM primary
chr17:986760|1003975	chr17	986760	1003975	exon	GBM primary
chr17:27807386|27838010	chr17	27807386	27838010	exon	GBM primary
chr17:28747859|28750715	chr17	28747859	28750715	exon	GBM primary
chr17:34147028|34149837	chr17	34147028	34149837	exon	GBM primary
chr17:34864736|34867294	chr17	34864736	34867294	exon	GBM primary
chr17:34910661|34923615	chr17	34910661	34923615	exon	GBM primary
chr17:35800606|35804870	chr17	35800606	35804870	exon	GBM primary
chr17:37646810|37650947	chr17	37646810	37650947	exon	GBM primary
chr17:39983678|39985204	chr17	39983678	39985204	exon	GBM primary
chr17:40009915|40011573	chr17	40009915	40011573	exon	GBM primary
chr17:40476729|40477079	chr17	40476729	40477079	exon	GBM primary
chr17:40658095|40667159	chr17	40658095	40667159	intron	GBM primary
chr17:41160883|41161422	chr17	41160883	41161422	intron	GBM primary
chr17:41247863|41276132	chr17	41247863	41276132	exon	GBM primary
chr17:41598737|41599594	chr17	41598737	41599594	exon	GBM primary
chr17:42929777|42932372	chr17	42929777	42932372	exon	GBM primary
chr17:42990637|42991456	chr17	42990637	42991456	exon	GBM primary
chr17:43366602|43368131	chr17	43366602	43368131	exon	GBM primary
chr17:44594728|44782220	chr17	44594728	44782220	intergenic_region	GBM primary
chr17:45405635|45422464	chr17	45405635	45422464	exon	GBM primary
chr17:45438744|45456619	chr17	45438744	45456619	exon	GBM primary
chr17:45438744|45492285	chr17	45438744	45492285	exon	GBM primary
chr17:45741525|45745776	chr17	45741525	45745776	exon	GBM primary
chr17:45992678|45994496	chr17	45992678	45994496	exon	GBM primary
chr17:49041872|49042233	chr17	49041872	49042233	exon	GBM primary
chr17:56081012|56082402	chr17	56081012	56082402	exon	GBM primary
chr17:57663514|57665414	chr17	57663514	57665414	exon	GBM primary
chr17:58013576|58013902	chr17	58013576	58013902	exon	GBM primary
chr17:58756814|58786686	chr17	58756814	58786686	exon	GBM primary
chr17:60087911|60088594	chr17	60087911	60088594	exon	GBM primary
chr17:61247083|61249637	chr17	61247083	61249637	intron	GBM primary
chr17:61869772|61877977	chr17	61869772	61877977	exon	GBM primary
chr17:62587202|62594608	chr17	62587202	62594608	exon	GBM primary
chr17:64059081|64066119	chr17	64059081	64066119	exon	GBM primary
chr17:64059081|64092750	chr17	64059081	64092750	exon	GBM primary
chr17:65941525|65957652	chr17	65941525	65957652	intron	GBM primary
chr17:65941525|65962772	chr17	65941525	65962772	exon	GBM primary
chr17:66446869|66449133	chr17	66446869	66449133	exon	GBM primary
chr17:74283273|74301022	chr17	74283273	74301022	exon	GBM primary
chr17:75172280|75172763	chr17	75172280	75172763	intron	GBM primary
chr17:78016307|78017098	chr17	78016307	78017098	intron	GBM primary
chr17:78298830|78310178	chr17	78298830	78310178	exon	GBM primary
chr17:79564271|79575848	chr17	79564271	79575848	exon	GBM primary
chr17:80842021|80869665	chr17	80842021	80869665	exon	GBM primary
chr18:9588087|9588851	chr18	9588087	9588851	exon	GBM primary
chr18:10757967|10803992	chr18	10757967	10803992	exon	GBM primary
chr18:12340200|12360050	chr18	12340200	12360050	exon	GBM primary
chr18:22775124|22807661	chr18	22775124	22807661	exon	GBM primary
chr18:31463208|31603615	chr18	31463208	31603615	intron	GBM primary
chr18:31599282|31603615	chr18	31599282	31603615	intron	GBM primary
chr18:31673429|31709984	chr18	31673429	31709984	exon	GBM primary
chr18:32259432|32263658	chr18	32259432	32263658	exon	GBM primary
chr18:33058246|33060527	chr18	33058246	33060527	exon	GBM primary
chr18:51797730|51813781	chr18	51797730	51813781	exon	GBM primary
chr18:53017590|53018234	chr18	53017590	53018234	exon	GBM primary
chr18:53017590|53070749	chr18	53017590	53070749	exon	GBM primary
chr18:54547175|54606624	chr18	54547175	54606624	exon	GBM primary
chr18:56606677|56621031	chr18	56606677	56621031	exon	GBM primary
chr18:60497268|60533783	chr18	60497268	60533783	intron	GBM primary
chr19:5699847|5701036	chr19	5699847	5701036	intron	GBM primary
chr19:7428251|7428395	chr19	7428251	7428395	intron	GBM primary
chr19:9643521|9645955	chr19	9643521	9645955	exon	GBM primary
chr19:9763629|9764554	chr19	9763629	9764554	exon	GBM primary
chr19:9771396|9801945	chr19	9771396	9801945	intergenic_region	GBM primary
chr19:11548697|11548945	chr19	11548697	11548945	exon	GBM primary
chr19:13012265|13012524	chr19	13012265	13012524	intron	GBM primary
chr19:15280897|15281636	chr19	15280897	15281636	exon	GBM primary
chr19:15507961|15514853	chr19	15507961	15514853	exon	GBM primary
chr19:19215722|19217194	chr19	19215722	19217194	exon	GBM primary
chr19:21926819|21927869	chr19	21926819	21927869	exon	GBM primary
chr19:22167230|22171711	chr19	22167230	22171711	intron	GBM primary
chr19:22375818|22379528	chr19	22375818	22379528	exon	GBM primary
chr19:24103493|24103812	chr19	24103493	24103812	exon	GBM primary
chr19:33406243|33409245	chr19	33406243	33409245	exon	GBM primary
chr19:48753001|48759075	chr19	48753001	48759075	exon	GBM primary
chr19:52380535|52390165	chr19	52380535	52390165	exon	GBM primary
chr19:58290119|58291514	chr19	58290119	58291514	exon	GBM primary
chr2:10740979|10747437	chr2	10740979	10747437	exon	GBM primary
chr2:20238417|20239621	chr2	20238417	20239621	intron	GBM primary
chr2:20453583|20455931	chr2	20453583	20455931	exon	GBM primary
chr2:24107635|24108699	chr2	24107635	24108699	exon	GBM primary
chr2:27693795|27695229	chr2	27693795	27695229	exon	GBM primary
chr2:27706156|27707133	chr2	27706156	27707133	exon	GBM primary
chr2:29356521|29390406	chr2	29356521	29390406	exon	GBM primary
chr2:32323865|32353548	chr2	32323865	32353548	exon	GBM primary
chr2:38536521|38546161	chr2	38536521	38546161	exon	GBM primary
chr2:44139571|44145537	chr2	44139571	44145537	exon	GBM primary
chr2:44428325|44445676	chr2	44428325	44445676	exon	GBM primary
chr2:45704132|45789895	chr2	45704132	45789895	exon	GBM primary
chr2:45826588|45829222	chr2	45826588	45829222	exon	GBM primary
chr2:55433406|55445736	chr2	55433406	55445736	exon	GBM primary
chr2:55535945|55536390	chr2	55535945	55536390	exon	GBM primary
chr2:58009428|58013012	chr2	58009428	58013012	intergenic_region	GBM primary
chr2:61486846|61493302	chr2	61486846	61493302	exon	GBM primary
chr2:61709515|61720188	chr2	61709515	61720188	exon	GBM primary
chr2:63053222|63101667	chr2	63053222	63101667	exon	GBM primary
chr2:63169853|63223901	chr2	63169853	63223901	exon	GBM primary
chr2:63387253|63428426	chr2	63387253	63428426	intron	GBM primary
chr2:63421735|63428426	chr2	63421735	63428426	intron	GBM primary
chr2:63423257|63428426	chr2	63423257	63428426	intron	GBM primary
chr2:73659257|73682422	chr2	73659257	73682422	intron	GBM primary
chr2:74386218|74399879	chr2	74386218	74399879	exon	GBM primary
chr2:74531616|74542152	chr2	74531616	74542152	exon	GBM primary
chr2:77527106|77530322	chr2	77527106	77530322	intron	GBM primary
chr2:88333653|88336570	chr2	88333653	88336570	exon	GBM primary
chr2:96550088|96551868	chr2	96550088	96551868	exon	GBM primary
chr2:96550088|96559353	chr2	96550088	96559353	exon	GBM primary
chr2:96555714|96557485	chr2	96555714	96557485	exon	GBM primary
chr2:98165882|98167943	chr2	98165882	98167943	exon	GBM primary
chr2:99294767|99343030	chr2	99294767	99343030	exon	GBM primary
chr2:100623094|100628033	chr2	100623094	100628033	exon	GBM primary
chr2:101521195|101565942	chr2	101521195	101565942	exon	GBM primary
chr2:101564697|101582228	chr2	101564697	101582228	exon	GBM primary
chr2:101910476|101911643	chr2	101910476	101911643	exon	GBM primary
chr2:105434572|105447177	chr2	105434572	105447177	intron	GBM primary
chr2:122797384|122804861	chr2	122797384	122804861	intergenic_region	GBM primary
chr2:122991343|122993886	chr2	122991343	122993886	intergenic_region	GBM primary
chr2:122992017|122993886	chr2	122992017	122993886	intergenic_region	GBM primary
chr2:135075100|135119979	chr2	135075100	135119979	exon	GBM primary
chr2:136527339|136537955	chr2	136527339	136537955	exon	GBM primary
chr2:141945990|142012210	chr2	141945990	142012210	exon	GBM primary
chr2:148936269|149099905	chr2	148936269	149099905	exon	GBM primary
chr2:156911095|156911236	chr2	156911095	156911236	intron	GBM primary
chr2:159900707|159905391	chr2	159900707	159905391	intron	GBM primary
chr2:160585520|160609082	chr2	160585520	160609082	exon	GBM primary
chr2:162223989|162251714	chr2	162223989	162251714	exon	GBM primary
chr2:171709224|171710532	chr2	171709224	171710532	exon	GBM primary
chr2:171902684|171906684	chr2	171902684	171906684	exon	GBM primary
chr2:172305191|172309723	chr2	172305191	172309723	exon	GBM primary
chr2:179400459|179413281	chr2	179400459	179413281	exon	GBM primary
chr2:186815371|186947951	chr2	186815371	186947951	intergenic_region	GBM primary
chr2:188348851|188368497	chr2	188348851	188368497	exon	GBM primary
chr2:191765290|191778090	chr2	191765290	191778090	exon	GBM primary
chr2:191774989|191778090	chr2	191774989	191778090	exon	GBM primary
chr2:203644113|203676512	chr2	203644113	203676512	exon	GBM primary
chr2:207424679|207435535	chr2	207424679	207435535	exon	GBM primary
chr2:208589524|208605430	chr2	208589524	208605430	exon	GBM primary
chr2:210489777|210518156	chr2	210489777	210518156	exon	GBM primary
chr2:210962810|211020128	chr2	210962810	211020128	intron	GBM primary
chr2:220366619|220367019	chr2	220366619	220367019	intron	GBM primary
chr2:232153373|232156156	chr2	232153373	232156156	exon	GBM primary
chr2:232653265|232656518	chr2	232653265	232656518	exon	GBM primary
chr2:232879545|232880381	chr2	232879545	232880381	exon	GBM primary
chr2:236496307|236497944	chr2	236496307	236497944	intron	GBM primary
chr2:236791989|236839567	chr2	236791989	236839567	exon	GBM primary
chr2:236791989|236957925	chr2	236791989	236957925	exon	GBM primary
chr2:236877106|236957925	chr2	236877106	236957925	exon	GBM primary
chr2:239184384|239186596	chr2	239184384	239186596	exon	GBM primary
chr2:242265408|242282508	chr2	242265408	242282508	exon	GBM primary
chr2:242346952|242373736	chr2	242346952	242373736	exon	GBM primary
chr20:8207417|8208728	chr20	8207417	8208728	intron	GBM primary
chr20:8665579|8698495	chr20	8665579	8698495	exon	GBM primary
chr20:17933231|17936119	chr20	17933231	17936119	exon	GBM primary
chr20:30115287|30115853	chr20	30115287	30115853	exon	GBM primary
chr20:34315175|34315528	chr20	34315175	34315528	intron	GBM primary
chr20:35812583|35812776	chr20	35812583	35812776	exon	GBM primary
chr20:60545325|60589763	chr20	60545325	60589763	intron	GBM primary
chr21:11038728|11058323	chr21	11038728	11058323	exon	GBM primary
chr21:17553911|17603435	chr21	17553911	17603435	exon	GBM primary
chr21:22652898|22804601	chr21	22652898	22804601	exon	GBM primary
chr21:27394156|27425664	chr21	27394156	27425664	exon	GBM primary
chr21:30677525|30702014	chr21	30677525	30702014	exon	GBM primary
chr21:30697959|30702014	chr21	30697959	30702014	intron	GBM primary
chr21:32554738|32575328	chr21	32554738	32575328	exon	GBM primary
chr21:40581921|40584633	chr21	40581921	40584633	exon	GBM primary
chr21:40665737|40670508	chr21	40665737	40670508	exon	GBM primary
chr21:45149733|45150101	chr21	45149733	45150101	intron	GBM primary
chr22:26597450|26597925	chr22	26597450	26597925	intron	GBM primary
chr22:31851838|31859119	chr22	31851838	31859119	exon	GBM primary
chr22:38373874|38374659	chr22	38373874	38374659	intron	GBM primary
chr22:47274549|47433094	chr22	47274549	47433094	exon	GBM primary
chr22:48081949|48082955	chr22	48081949	48082955	exon	GBM primary
chr22:50181038|50187942	chr22	50181038	50187942	exon	GBM primary
chr3:7283817|7348339	chr3	7283817	7348339	intron	GBM primary
chr3:7494294|7503409	chr3	7494294	7503409	exon	GBM primary
chr3:9460417|9460566	chr3	9460417	9460566	intron	GBM primary
chr3:17413567|17448018	chr3	17413567	17448018	exon	GBM primary
chr3:27453133|27465643	chr3	27453133	27465643	exon	GBM primary
chr3:27465528|27493989	chr3	27465528	27493989	exon	GBM primary
chr3:32774915|32776468	chr3	32774915	32776468	exon	GBM primary
chr3:33400459|33427220	chr3	33400459	33427220	exon	GBM primary
chr3:41990724|41991034	chr3	41990724	41991034	intron	GBM primary
chr3:50098389|50099541	chr3	50098389	50099541	exon	GBM primary
chr3:51440577|51456330	chr3	51440577	51456330	exon	GBM primary
chr3:52946554|52950230	chr3	52946554	52950230	exon	GBM primary
chr3:52964345|52966324	chr3	52964345	52966324	exon	GBM primary
chr3:57276884|57287766	chr3	57276884	57287766	exon	GBM primary
chr3:71037145|71102924	chr3	71037145	71102924	exon	GBM primary
chr3:98475213|98492827	chr3	98475213	98492827	exon	GBM primary
chr3:98475213|98512636	chr3	98475213	98512636	exon	GBM primary
chr3:100098597|100099092	chr3	100098597	100099092	intron	GBM primary
chr3:114099064|114107952	chr3	114099064	114107952	exon	GBM primary
chr3:129551617|129599402	chr3	129551617	129599402	exon	GBM primary
chr3:138224137|138250465	chr3	138224137	138250465	exon	GBM primary
chr3:138340249|138341258	chr3	138340249	138341258	exon	GBM primary
chr3:149240640|149241265	chr3	149240640	149241265	intron	GBM primary
chr3:155611307|155624052	chr3	155611307	155624052	exon	GBM primary
chr3:155611307|155658709	chr3	155611307	155658709	exon	GBM primary
chr3:167293706|167376114	chr3	167293706	167376114	intergenic_region	GBM primary
chr3:171965323|171965566	chr3	171965323	171965566	exon	GBM primary
chr3:172499953|172504364	chr3	172499953	172504364	exon	GBM primary
chr3:173518083|173525622	chr3	173518083	173525622	exon	GBM primary
chr3:174814580|174815081	chr3	174814580	174815081	exon	GBM primary
chr3:190321917|190347287	chr3	190321917	190347287	exon	GBM primary
chr3:196831774|196857849	chr3	196831774	196857849	intron	GBM primary
chr4:371862|375829	chr4	371862	375829	exon	GBM primary
chr4:2129840|2214853	chr4	2129840	2214853	exon	GBM primary
chr4:2956151|2958538	chr4	2956151	2958538	exon	GBM primary
chr4:3317797|3344780	chr4	3317797	3344780	exon	GBM primary
chr4:5498334|5527324	chr4	5498334	5527324	intergenic_region	GBM primary
chr4:37633007|37636745	chr4	37633007	37636745	exon	GBM primary
chr4:39747372|39757359	chr4	39747372	39757359	exon	GBM primary
chr4:39839476|39843676	chr4	39839476	39843676	exon	GBM primary
chr4:41015600|41035321	chr4	41015600	41035321	exon	GBM primary
chr4:42020128|42025401	chr4	42020128	42025401	exon	GBM primary
chr4:42037292|42051496	chr4	42037292	42051496	exon	GBM primary
chr4:47589224|47593058	chr4	47589224	47593058	intron	GBM primary
chr4:48512076|48517292	chr4	48512076	48517292	exon	GBM primary
chr4:52740437|52765544	chr4	52740437	52765544	exon	GBM primary
chr4:54248445|54250043	chr4	54248445	54250043	exon	GBM primary
chr4:54280782|54319300	chr4	54280782	54319300	exon	GBM primary
chr4:57344545|57349436	chr4	57344545	57349436	exon	GBM primary
chr4:62246746|62248907	chr4	62246746	62248907	intron	GBM primary
chr4:62362839|62363066	chr4	62362839	62363066	exon	GBM primary
chr4:62362839|62453158	chr4	62362839	62453158	exon	GBM primary
chr4:62362839|62542653	chr4	62362839	62542653	exon	GBM primary
chr4:62452945|62542653	chr4	62452945	62542653	exon	GBM primary
chr4:62452945|62599272	chr4	62452945	62599272	exon	GBM primary
chr4:62542544|62599272	chr4	62542544	62599272	exon	GBM primary
chr4:62542544|62679607	chr4	62542544	62679607	exon	GBM primary
chr4:62679527|62863983	chr4	62679527	62863983	exon	GBM primary
chr4:62758374|62813994	chr4	62758374	62813994	exon	GBM primary
chr4:62758374|62849321	chr4	62758374	62849321	exon	GBM primary
chr4:62758374|62863983	chr4	62758374	62863983	exon	GBM primary
chr4:62758374|62910267	chr4	62758374	62910267	exon	GBM primary
chr4:62758389|62910267	chr4	62758389	62910267	exon	GBM primary
chr4:62775278|62849321	chr4	62775278	62849321	exon	GBM primary
chr4:62800558|62903574	chr4	62800558	62903574	exon	GBM primary
chr4:62800558|62929351	chr4	62800558	62929351	exon	GBM primary
chr4:68594258|68620973	chr4	68594258	68620973	exon	GBM primary
chr4:76711303|76711950	chr4	76711303	76711950	exon	GBM primary
chr4:79284667|79308855	chr4	79284667	79308855	exon	GBM primary
chr4:79747191|79793952	chr4	79747191	79793952	exon	GBM primary
chr4:83375875|83378191	chr4	83375875	83378191	exon	GBM primary
chr4:84337884|84370114	chr4	84337884	84370114	exon	GBM primary
chr4:85781565|85853516	chr4	85781565	85853516	exon	GBM primary
chr4:85818064|85833472	chr4	85818064	85833472	intron	GBM primary
chr4:86950350|87080620	chr4	86950350	87080620	exon	GBM primary
chr4:87614740|87672277	chr4	87614740	87672277	exon	GBM primary
chr4:88035519|88036451	chr4	88035519	88036451	exon	GBM primary
chr4:88362981|88366659	chr4	88362981	88366659	exon	GBM primary
chr4:95494502|95539342	chr4	95494502	95539342	exon	GBM primary
chr4:103827693|103870584	chr4	103827693	103870584	exon	GBM primary
chr4:107016639|107037535	chr4	107016639	107037535	exon	GBM primary
chr4:113527164|113541346	chr4	113527164	113541346	exon	GBM primary
chr4:114452372|114582928	chr4	114452372	114582928	exon	GBM primary
chr4:128719742|128725242	chr4	128719742	128725242	exon	GBM primary
chr4:128950280|128956042	chr4	128950280	128956042	intron	GBM primary
chr4:129212955|129230075	chr4	129212955	129230075	intergenic_region	GBM primary
chr4:129867162|129873995	chr4	129867162	129873995	exon	GBM primary
chr4:139988838|139994721	chr4	139988838	139994721	exon	GBM primary
chr4:140037803|140046483	chr4	140037803	140046483	exon	GBM primary
chr4:140037803|140058882	chr4	140037803	140058882	exon	GBM primary
chr4:140258002|140262223	chr4	140258002	140262223	exon	GBM primary
chr4:140314745|140325644	chr4	140314745	140325644	exon	GBM primary
chr4:140325003|140325644	chr4	140325003	140325644	intron	GBM primary
chr4:140624609|140625350	chr4	140624609	140625350	exon	GBM primary
chr4:147227078|147230127	chr4	147227078	147230127	intron	GBM primary
chr4:151509200|151520283	chr4	151509200	151520283	exon	GBM primary
chr4:151791677|151814301	chr4	151791677	151814301	exon	GBM primary
chr4:153562080|153565594	chr4	153562080	153565594	exon	GBM primary
chr4:154315414|154330167	chr4	154315414	154330167	exon	GBM primary
chr4:154547299|154553990	chr4	154547299	154553990	exon	GBM primary
chr4:169282300|169298994	chr4	169282300	169298994	exon	GBM primary
chr4:174169131|174169591	chr4	174169131	174169591	exon	GBM primary
chr4:183245099|183268082	chr4	183245099	183268082	exon	GBM primary
chr4:183245099|183329704	chr4	183245099	183329704	intron	GBM primary
chr4:184405697|184413062	chr4	184405697	184413062	intergenic_region	GBM primary
chr4:184605128|184606556	chr4	184605128	184606556	exon	GBM primary
chr4:186283078|186283865	chr4	186283078	186283865	exon	GBM primary
chr4:187123742|187124171	chr4	187123742	187124171	exon	GBM primary
chr4:189397852|189407019	chr4	189397852	189407019	exon	GBM primary
chr5:9190379|9238002	chr5	9190379	9238002	exon	GBM primary
chr5:9224786|9227079	chr5	9224786	9227079	exon	GBM primary
chr5:9224786|9238002	chr5	9224786	9238002	exon	GBM primary
chr5:9337825|9437964	chr5	9337825	9437964	exon	GBM primary
chr5:9421789|9437964	chr5	9421789	9437964	exon	GBM primary
chr5:14304570|14336836	chr5	14304570	14336836	exon	GBM primary
chr5:55264104|55265683	chr5	55264104	55265683	exon	GBM primary
chr5:64963875|64964503	chr5	64963875	64964503	exon	GBM primary
chr5:70351179|70356757	chr5	70351179	70356757	exon	GBM primary
chr5:89783817|89793523	chr5	89783817	89793523	exon	GBM primary
chr5:96083049|96090445	chr5	96083049	96090445	exon	GBM primary
chr5:108373123|108436220	chr5	108373123	108436220	exon	GBM primary
chr5:112227300|112228735	chr5	112227300	112228735	exon	GBM primary
chr5:115202367|115205825	chr5	115202367	115205825	exon	GBM primary
chr5:130731256|130743900	chr5	130731256	130743900	intergenic_region	GBM primary
chr5:132219032|132220811	chr5	132219032	132220811	exon	GBM primary
chr5:133295185|133295711	chr5	133295185	133295711	exon	GBM primary
chr5:139574031|139574237	chr5	139574031	139574237	exon	GBM primary
chr5:140305481|140310691	chr5	140305481	140310691	intron	GBM primary
chr5:141732791|141733148	chr5	141732791	141733148	exon	GBM primary
chr5:141843535|141847396	chr5	141843535	141847396	intron	GBM primary
chr5:142500553|142526946	chr5	142500553	142526946	exon	GBM primary
chr5:146559474|146581714	chr5	146559474	146581714	intergenic_region	GBM primary
chr5:148904608|148909282	chr5	148904608	148909282	exon	GBM primary
chr5:149754517|149758971	chr5	149754517	149758971	exon	GBM primary
chr5:149921132|149925048	chr5	149921132	149925048	exon	GBM primary
chr5:155544888|155551029	chr5	155544888	155551029	exon	GBM primary
chr5:155935611|156022061	chr5	155935611	156022061	exon	GBM primary
chr5:156721792|156723782	chr5	156721792	156723782	exon	GBM primary
chr5:167915607|167922441	chr5	167915607	167922441	exon	GBM primary
chr5:177053437|177059739	chr5	177053437	177059739	exon	GBM primary
chr6:7152846|7189555	chr6	7152846	7189555	intron	GBM primary
chr6:13652891|13699929	chr6	13652891	13699929	intron	GBM primary
chr6:18212719|18214012	chr6	18212719	18214012	exon	GBM primary
chr6:20739750|20781496	chr6	20739750	20781496	exon	GBM primary
chr6:31749303|31760672	chr6	31749303	31760672	exon	GBM primary
chr6:34614378|34622556	chr6	34614378	34622556	exon	GBM primary
chr6:37611585|37612425	chr6	37611585	37612425	exon	GBM primary
chr6:37897735|38084515	chr6	37897735	38084515	exon	GBM primary
chr6:42619761|42620383	chr6	42619761	42620383	exon	GBM primary
chr6:43447616|43448347	chr6	43447616	43448347	intron	GBM primary
chr6:57072426|57075243	chr6	57072426	57075243	exon	GBM primary
chr6:64356432|64356700	chr6	64356432	64356700	exon	GBM primary
chr6:70948957|70966524	chr6	70948957	70966524	exon	GBM primary
chr6:74149932|74150168	chr6	74149932	74150168	exon	GBM primary
chr6:76385151|76388643	chr6	76385151	76388643	exon	GBM primary
chr6:83667031|83748204	chr6	83667031	83748204	exon	GBM primary
chr6:86252900|86267778	chr6	86252900	86267778	exon	GBM primary
chr6:90461150|90472249	chr6	90461150	90472249	exon	GBM primary
chr6:107515026|107519102	chr6	107515026	107519102	exon	GBM primary
chr6:111670421|111678328	chr6	111670421	111678328	exon	GBM primary
chr6:111711289|111726833	chr6	111711289	111726833	exon	GBM primary
chr6:111726673|111793343	chr6	111726673	111793343	exon	GBM primary
chr6:112522809|112537670	chr6	112522809	112537670	exon	GBM primary
chr6:128643184|128730477	chr6	128643184	128730477	exon	GBM primary
chr6:135639657|135716034	chr6	135639657	135716034	exon	GBM primary
chr6:135784263|135817036	chr6	135784263	135817036	exon	GBM primary
chr6:149846279|149856874	chr6	149846279	149856874	exon	GBM primary
chr6:149900970|149901859	chr6	149900970	149901859	exon	GBM primary
chr6:152629624|152643021	chr6	152629624	152643021	exon	GBM primary
chr6:155095123|155185032	chr6	155095123	155185032	intergenic_region	GBM primary
chr6:157150361|157222659	chr6	157150361	157222659	exon	GBM primary
chr6:158850768|158873300	chr6	158850768	158873300	exon	GBM primary
chr6:162959352|162961371	chr6	162959352	162961371	intron	GBM primary
chr7:13971127|13978871	chr7	13971127	13978871	exon	GBM primary
chr7:16720926|16729531	chr7	16720926	16729531	exon	GBM primary
chr7:23163396|23183644	chr7	23163396	23183644	exon	GBM primary
chr7:26232907|26233218	chr7	26232907	26233218	exon	GBM primary
chr7:27835735|27839709	chr7	27835735	27839709	exon	GBM primary
chr7:28758370|28763949	chr7	28758370	28763949	exon	GBM primary
chr7:33185854|33223017	chr7	33185854	33223017	intron	GBM primary
chr7:35180645|35204571	chr7	35180645	35204571	exon	GBM primary
chr7:39243834|39247219	chr7	39243834	39247219	exon	GBM primary
chr7:39357814|39379614	chr7	39357814	39379614	intron	GBM primary
chr7:39598939|39599165	chr7	39598939	39599165	intron	GBM primary
chr7:42063067|42262894	chr7	42063067	42262894	exon	GBM primary
chr7:43635500|43635712	chr7	43635500	43635712	exon	GBM primary
chr7:63529269|63529987	chr7	63529269	63529987	exon	GBM primary
chr7:65705312|65821858	chr7	65705312	65821858	exon	GBM primary
chr7:65778310|65785680	chr7	65778310	65785680	intron	GBM primary
chr7:66019572|66041919	chr7	66019572	66041919	exon	GBM primary
chr7:66406835|66413681	chr7	66406835	66413681	exon	GBM primary
chr7:77214860|77240363	chr7	77214860	77240363	exon	GBM primary
chr7:77256022|77261742	chr7	77256022	77261742	exon	GBM primary
chr7:77755011|77764523	chr7	77755011	77764523	exon	GBM primary
chr7:77885260|77998530	chr7	77885260	77998530	exon	GBM primary
chr7:77973095|77998530	chr7	77973095	77998530	exon	GBM primary
chr7:77973095|78150962	chr7	77973095	78150962	exon	GBM primary
chr7:78119078|78150962	chr7	78119078	78150962	exon	GBM primary
chr7:94248070|94259153	chr7	94248070	94259153	exon	GBM primary
chr7:95606824|95630633	chr7	95606824	95630633	intron	GBM primary
chr7:99123436|99124041	chr7	99123436	99124041	exon	GBM primary
chr7:100066773|100068024	chr7	100066773	100068024	intron	GBM primary
chr7:101713619|101758553	chr7	101713619	101758553	exon	GBM primary
chr7:102038067|102047945	chr7	102038067	102047945	exon	GBM primary
chr7:102398301|102401858	chr7	102398301	102401858	exon	GBM primary
chr7:104158191|104159007	chr7	104158191	104159007	intron	GBM primary
chr7:104702611|104707254	chr7	104702611	104707254	exon	GBM primary
chr7:107591671|107601094	chr7	107591671	107601094	exon	GBM primary
chr7:111926928|111936366	chr7	111926928	111936366	exon	GBM primary
chr7:127484377|127569382	chr7	127484377	127569382	exon	GBM primary
chr7:131058469|131084192	chr7	131058469	131084192	intron	GBM primary
chr7:131060183|131073731	chr7	131060183	131073731	exon	GBM primary
chr7:132959737|132973870	chr7	132959737	132973870	exon	GBM primary
chr7:138261118|138266516	chr7	138261118	138266516	exon	GBM primary
chr7:138579088|138597206	chr7	138579088	138597206	exon	GBM primary
chr7:138954140|138969320	chr7	138954140	138969320	exon	GBM primary
chr7:140154403|140171811	chr7	140154403	140171811	exon	GBM primary
chr7:151873276|151875095	chr7	151873276	151875095	exon	GBM primary
chr8:6582391|6605349	chr8	6582391	6605349	exon	GBM primary
chr8:17141982|17143936	chr8	17141982	17143936	exon	GBM primary
chr8:18413719|18513195	chr8	18413719	18513195	exon	GBM primary
chr8:18490123|18662408	chr8	18490123	18662408	exon	GBM primary
chr8:18622959|18712892	chr8	18622959	18712892	intron	GBM primary
chr8:21832181|21835354	chr8	21832181	21835354	exon	GBM primary
chr8:21832181|21837714	chr8	21832181	21837714	exon	GBM primary
chr8:22899554|22900756	chr8	22899554	22900756	intron	GBM primary
chr8:28588740|28600731	chr8	28588740	28600731	exon	GBM primary
chr8:28827560|28828036	chr8	28827560	28828036	exon	GBM primary
chr8:33246481|33247316	chr8	33246481	33247316	exon	GBM primary
chr8:37971710|37993284	chr8	37971710	37993284	exon	GBM primary
chr8:38305989|38306196	chr8	38305989	38306196	intron	GBM primary
chr8:42819454|42829337	chr8	42819454	42829337	exon	GBM primary
chr8:61235072|61275859	chr8	61235072	61275859	intergenic_region	GBM primary
chr8:61707545|61720831	chr8	61707545	61720831	exon	GBM primary
chr8:61728946|61736575	chr8	61728946	61736575	exon	GBM primary
chr8:68934271|68973014	chr8	68934271	68973014	exon	GBM primary
chr8:69027988|69069671	chr8	69027988	69069671	exon	GBM primary
chr8:81942231|81982405	chr8	81942231	81982405	exon	GBM primary
chr8:86193459|86193868	chr8	86193459	86193868	exon	GBM primary
chr8:89068356|89086971	chr8	89068356	89086971	exon	GBM primary
chr8:89068356|89131090	chr8	89068356	89131090	exon	GBM primary
chr8:90982592|90990551	chr8	90982592	90990551	exon	GBM primary
chr8:97549528|97551121	chr8	97549528	97551121	intron	GBM primary
chr8:100170669|100174055	chr8	100170669	100174055	intron	GBM primary
chr8:100396436|100533238	chr8	100396436	100533238	exon	GBM primary
chr8:100568678|100673719	chr8	100568678	100673719	exon	GBM primary
chr8:104075183|104077039	chr8	104075183	104077039	exon	GBM primary
chr8:104412693|104420012	chr8	104412693	104420012	exon	GBM primary
chr8:104821508|104898451	chr8	104821508	104898451	intron	GBM primary
chr8:112015643|112017878	chr8	112015643	112017878	exon	GBM primary
chr8:113960019|113988377	chr8	113960019	113988377	exon	GBM primary
chr8:118966146|118967822	chr8	118966146	118967822	intron	GBM primary
chr8:125520715|125528271	chr8	125520715	125528271	exon	GBM primary
chr8:126369461|126370060	chr8	126369461	126370060	exon	GBM primary
chr8:131191510|131199531	chr8	131191510	131199531	exon	GBM primary
chr8:140998934|141034176	chr8	140998934	141034176	exon	GBM primary
chr9:507263|507484	chr9	507263	507484	exon	GBM primary
chr9:2191266|2192802	chr9	2191266	2192802	exon	GBM primary
chr9:2804257|2812362	chr9	2804257	2812362	exon	GBM primary
chr9:3330259|3346764	chr9	3330259	3346764	exon	GBM primary
chr9:3856009|3937189	chr9	3856009	3937189	exon	GBM primary
chr9:6974766|7049200	chr9	6974766	7049200	intron	GBM primary
chr9:6980925|6990524	chr9	6980925	6990524	exon	GBM primary
chr9:13216773|13224582	chr9	13216773	13224582	exon	GBM primary
chr9:14112998|14179779	chr9	14112998	14179779	exon	GBM primary
chr9:15210086|15226010	chr9	15210086	15226010	exon	GBM primary
chr9:15457958|15460311	chr9	15457958	15460311	exon	GBM primary
chr9:15657125|15695335	chr9	15657125	15695335	exon	GBM primary
chr9:22029432|22097363	chr9	22029432	22097363	exon	GBM primary
chr9:22046316|22097363	chr9	22046316	22097363	exon	GBM primary
chr9:22046750|22064017	chr9	22046750	22064017	exon	GBM primary
chr9:22046750|22097363	chr9	22046750	22097363	exon	GBM primary
chr9:27009018|27048272	chr9	27009018	27048272	exon	GBM primary
chr9:36597219|36643080	chr9	36597219	36643080	exon	GBM primary
chr9:37521566|37532055	chr9	37521566	37532055	exon	GBM primary
chr9:37525099|37529257	chr9	37525099	37529257	exon	GBM primary
chr9:37537107|37537940	chr9	37537107	37537940	exon	GBM primary
chr9:37761972|37763922	chr9	37761972	37763922	intron	GBM primary
chr9:37873221|37873783	chr9	37873221	37873783	intron	GBM primary
chr9:37873236|37873798	chr9	37873236	37873798	intron	GBM primary
chr9:72338242|72356774	chr9	72338242	72356774	exon	GBM primary
chr9:87482158|87570432	chr9	87482158	87570432	exon	GBM primary
chr9:88200378|88211364	chr9	88200378	88211364	exon	GBM primary
chr9:88430794|88464458	chr9	88430794	88464458	intergenic_region	GBM primary
chr9:91660661|91661909	chr9	91660661	91661909	exon	GBM primary
chr9:94058303|94089985	chr9	94058303	94089985	intron	GBM primary
chr9:95609378|95609545	chr9	95609378	95609545	exon	GBM primary
chr9:97054623|97055351	chr9	97054623	97055351	exon	GBM primary
chr9:99083280|99084362	chr9	99083280	99084362	exon	GBM primary
chr9:99122436|99130587	chr9	99122436	99130587	exon	GBM primary
chr9:107360729|107384473	chr9	107360729	107384473	intergenic_region	GBM primary
chr9:107384311|107384473	chr9	107384311	107384473	intergenic_region	GBM primary
chr9:108296774|108301632	chr9	108296774	108301632	exon	GBM primary
chr9:109685635|109701388	chr9	109685635	109701388	exon	GBM primary
chr9:109734286|109736554	chr9	109734286	109736554	exon	GBM primary
chr9:110068660|110074018	chr9	110068660	110074018	exon	GBM primary
chr9:112704966|112705661	chr9	112704966	112705661	exon	GBM primary
chr9:114341076|114348445	chr9	114341076	114348445	exon	GBM primary
chr9:123280705|123301442	chr9	123280705	123301442	exon	GBM primary
chr9:125827627|125864042	chr9	125827627	125864042	exon	GBM primary
chr9:127661608|127662826	chr9	127661608	127662826	exon	GBM primary
chr9:132841909|132848755	chr9	132841909	132848755	exon	GBM primary
chr9:134011327|134022971	chr9	134011327	134022971	exon	GBM primary
chr9:134034770|134039531	chr9	134034770	134039531	exon	GBM primary
chr9:136197161|136197509	chr9	136197161	136197509	exon	GBM primary
chr9:139793165|139794124	chr9	139793165	139794124	exon	GBM primary
chrX:19587221|19764559	chrX	19587221	19764559	exon	GBM primary
chrX:22186429|22245728	chrX	22186429	22245728	exon	GBM primary
chrX:22906374|22930082	chrX	22906374	22930082	intron	GBM primary
chrX:23748644|23751334	chrX	23748644	23751334	exon	GBM primary
chrX:23876759|23886805	chrX	23876759	23886805	exon	GBM primary
chrX:24717542|24767109	chrX	24717542	24767109	exon	GBM primary
chrX:24763535|24906239	chrX	24763535	24906239	exon	GBM primary
chrX:27283865|27336047	chrX	27283865	27336047	intron	GBM primary
chrX:41469157|41530783	chrX	41469157	41530783	exon	GBM primary
chrX:53423147|53430825	chrX	53423147	53430825	exon	GBM primary
chrX:53621459|53627269	chrX	53621459	53627269	exon	GBM primary
chrX:64295354|64295792	chrX	64295354	64295792	intergenic_region	GBM primary
chrX:67316712|67414340	chrX	67316712	67414340	exon	GBM primary
chrX:69510604|69573657	chrX	69510604	69573657	exon	GBM primary
chrX:80047353|80049271	chrX	80047353	80049271	exon	GBM primary
chrX:123775641|123871047	chrX	123775641	123871047	exon	GBM primary
chrX:131412036|131417060	chrX	131412036	131417060	intron	GBM primary
chrY:14821321|14834120	chrY	14821321	14834120	exon	GBM primary
chrY:14883002|14887500	chrY	14883002	14887500	exon	GBM primary
chrY:15409587|15438230	chrY	15409587	15438230	exon	GBM primary
chrY:16812919|16835149	chrY	16812919	16835149	intron	GBM primary
chr1:5987709|5993389	chr1	5987709	5993389	exon	GBM primary
chr1:6021854|6046387	chr1	6021854	6046387	exon	GBM primary
chr1:8525985|8617582	chr1	8525985	8617582	exon	GBM primary
chr1:9770163|9770654	chr1	9770163	9770654	intron	GBM primary
chr1:10335486|10342591	chr1	10335486	10342591	exon	GBM primary
chr1:11184555|11193254	chr1	11184555	11193254	exon	GBM primary
chr1:12328763|12331181	chr1	12328763	12331181	exon	GBM primary
chr1:12460238|12476880	chr1	12460238	12476880	exon	GBM primary
chr1:15081975|15084542	chr1	15081975	15084542	intron	GBM primary
chr1:15157717|15159835	chr1	15157717	15159835	intron	GBM primary
chr1:16621278|16632414	chr1	16621278	16632414	exon	GBM primary
chr1:21219112|21268823	chr1	21219112	21268823	exon	GBM primary
chr1:22047529|22048257	chr1	22047529	22048257	exon	GBM primary
chr1:22074631|22078108	chr1	22074631	22078108	exon	GBM primary
chr1:22404922|22417994	chr1	22404922	22417994	exon	GBM primary
chr1:28116073|28138779	chr1	28116073	28138779	exon	GBM primary
chr1:31532051|31532424	chr1	31532051	31532424	exon	GBM primary
chr1:31791014|31821821	chr1	31791014	31821821	exon	GBM primary
chr1:32694100|32694809	chr1	32694100	32694809	exon	GBM primary
chr1:35870624|35881315	chr1	35870624	35881315	exon	GBM primary
chr1:36756975|36762371	chr1	36756975	36762371	exon	GBM primary
chr1:40555082|40558179	chr1	40555082	40558179	exon	GBM primary
chr1:40654727|40688382	chr1	40654727	40688382	exon	GBM primary
chr1:41204508|41218918	chr1	41204508	41218918	exon	GBM primary
chr1:44131367|44134970	chr1	44131367	44134970	exon	GBM primary
chr1:44773982|44785416	chr1	44773982	44785416	exon	GBM primary
chr1:45443987|45446849	chr1	45443987	45446849	exon	GBM primary
chr1:47521076|47550650	chr1	47521076	47550650	intergenic_region	GBM primary
chr1:51005264|51061888	chr1	51005264	51061888	exon	GBM primary
chr1:52289336|52299842	chr1	52289336	52299842	exon	GBM primary
chr1:52734135|52769597	chr1	52734135	52769597	exon	GBM primary
chr1:52937624|52975384	chr1	52937624	52975384	exon	GBM primary
chr1:52943380|52947595	chr1	52943380	52947595	exon	GBM primary
chr1:55117622|55138859	chr1	55117622	55138859	exon	GBM primary
chr1:57476353|57489312	chr1	57476353	57489312	exon	GBM primary
chr1:62321702|62380336	chr1	62321702	62380336	exon	GBM primary
chr1:63018403|63044637	chr1	63018403	63044637	exon	GBM primary
chr1:65016277|65107652	chr1	65016277	65107652	exon	GBM primary
chr1:65047839|65107652	chr1	65047839	65107652	exon	GBM primary
chr1:67091530|67109402	chr1	67091530	67109402	exon	GBM primary
chr1:67327830|67371058	chr1	67327830	67371058	exon	GBM primary
chr1:70225874|70257843	chr1	70225874	70257843	exon	GBM primary
chr1:70397190|70460316	chr1	70397190	70460316	exon	GBM primary
chr1:70541760|70587553	chr1	70541760	70587553	exon	GBM primary
chr1:72612940|72615536	chr1	72612940	72615536	intron	GBM primary
chr1:76200476|76211599	chr1	76200476	76211599	exon	GBM primary
chr1:78248923|78309092	chr1	78248923	78309092	exon	GBM primary
chr1:78324623|78327007	chr1	78324623	78327007	exon	GBM primary
chr1:84369762|84387077	chr1	84369762	84387077	exon	GBM primary
chr1:84369762|84412965	chr1	84369762	84412965	exon	GBM primary
chr1:84644866|84668388	chr1	84644866	84668388	exon	GBM primary
chr1:86426932|86453337	chr1	86426932	86453337	exon	GBM primary
chr1:89401782|89435150	chr1	89401782	89435150	exon	GBM primary
chr1:91400965|91447927	chr1	91400965	91447927	exon	GBM primary
chr1:92767033|92811471	chr1	92767033	92811471	exon	GBM primary
chr1:92798948|92829327	chr1	92798948	92829327	intron	GBM primary
chr1:93128276|93170301	chr1	93128276	93170301	exon	GBM primary
chr1:94032836|94033408	chr1	94032836	94033408	exon	GBM primary
chr1:94360170|94363454	chr1	94360170	94363454	exon	GBM primary
chr1:94964158|94965170	chr1	94964158	94965170	exon	GBM primary
chr1:97216981|97250810	chr1	97216981	97250810	exon	GBM primary
chr1:97915615|98015300	chr1	97915615	98015300	exon	GBM primary
chr1:98144651|98165858	chr1	98144651	98165858	intron	GBM primary
chr1:109473685|109475544	chr1	109473685	109475544	exon	GBM primary
chr1:109544846|109554340	chr1	109544846	109554340	exon	GBM primary
chr1:109878862|109893624	chr1	109878862	109893624	exon	GBM primary
chr1:110765586|110768800	chr1	110765586	110768800	exon	GBM primary
chr1:113119608|113126748	chr1	113119608	113126748	exon	GBM primary
chr1:114128009|114137182	chr1	114128009	114137182	exon	GBM primary
chr1:147743964|147747505	chr1	147743964	147747505	intergenic_region	GBM primary
chr1:150258842|150259405	chr1	150258842	150259405	exon	GBM primary
chr1:150418702|150430046	chr1	150418702	150430046	exon	GBM primary
chr1:150933039|150934634	chr1	150933039	150934634	exon	GBM primary
chr1:150940914|150941555	chr1	150940914	150941555	exon	GBM primary
chr1:154223517|154229910	chr1	154223517	154229910	exon	GBM primary
chr1:155340295|155429689	chr1	155340295	155429689	exon	GBM primary
chr1:155619605|155736500	chr1	155619605	155736500	intergenic_region	GBM primary
chr1:155764841|155784240	chr1	155764841	155784240	exon	GBM primary
chr1:165712404|165723511	chr1	165712404	165723511	exon	GBM primary
chr1:167935867|167962678	chr1	167935867	167962678	exon	GBM primary
chr1:167971720|167974031	chr1	167971720	167974031	exon	GBM primary
chr1:171492360|171496983	chr1	171492360	171496983	exon	GBM primary
chr1:171492360|171556890	chr1	171492360	171556890	exon	GBM primary
chr1:174241552|174340210	chr1	174241552	174340210	exon	GBM primary
chr1:175306664|175348873	chr1	175306664	175348873	exon	GBM primary
chr1:176926814|176934373	chr1	176926814	176934373	exon	GBM primary
chr1:177225055|177226520	chr1	177225055	177226520	exon	GBM primary
chr1:193065778|193070334	chr1	193065778	193070334	exon	GBM primary
chr1:197552282|197684204	chr1	197552282	197684204	exon	GBM primary
chr1:200816768|200819362	chr1	200816768	200819362	exon	GBM primary
chr1:202920058|202923435	chr1	202920058	202923435	exon	GBM primary
chr1:204970298|204971876	chr1	204970298	204971876	exon	GBM primary
chr1:206566046|206594625	chr1	206566046	206594625	exon	GBM primary
chr1:208383625|208391347	chr1	208383625	208391347	exon	GBM primary
chr1:217622591|217671737	chr1	217622591	217671737	exon	GBM primary
chr1:219467403|219468493	chr1	219467403	219468493	intergenic_region	GBM primary
chr1:220145411|220152061	chr1	220145411	220152061	exon	GBM primary
chr1:220752696|220792097	chr1	220752696	220792097	exon	GBM primary
chr1:222794501|222806591	chr1	222794501	222806591	exon	GBM primary
chr1:222897434|222903519	chr1	222897434	222903519	exon	GBM primary
chr1:224505396|224505632	chr1	224505396	224505632	exon	GBM primary
chr1:224605962|224612356	chr1	224605962	224612356	exon	GBM primary
chr1:225742608|225788064	chr1	225742608	225788064	intron	GBM primary
chr1:228145739|228146137	chr1	228145739	228146137	intergenic_region	GBM primary
chr1:229596358|229601266	chr1	229596358	229601266	exon	GBM primary
chr1:233225807|233314921	chr1	233225807	233314921	exon	GBM primary
chr1:233313548|233344356	chr1	233313548	233344356	exon	GBM primary
chr1:234593413|234608557	chr1	234593413	234608557	exon	GBM primary
chr1:235377084|235397807	chr1	235377084	235397807	exon	GBM primary
chr1:235498557|235543464	chr1	235498557	235543464	exon	GBM primary
chr1:235543334|235590554	chr1	235543334	235590554	exon	GBM primary
chr1:235956803|235964397	chr1	235956803	235964397	exon	GBM primary
chr1:237023133|237026854	chr1	237023133	237026854	exon	GBM primary
chr1:237532834|237620035	chr1	237532834	237620035	exon	GBM primary
chr1:237935312|237948272	chr1	237935312	237948272	exon	GBM primary
chr1:239795524|239842677	chr1	239795524	239842677	intron	GBM primary
chr1:240351507|240519208	chr1	240351507	240519208	exon	GBM primary
chr1:240370099|240397750	chr1	240370099	240397750	intron	GBM primary
chr1:240385404|240391343	chr1	240385404	240391343	intron	GBM primary
chr1:240990398|241033419	chr1	240990398	241033419	exon	GBM primary
chr1:243480057|243507633	chr1	243480057	243507633	exon	GBM primary
chr1:243675626|243778463	chr1	243675626	243778463	exon	GBM primary
chr1:243727022|243859018	chr1	243727022	243859018	exon	GBM primary
chr1:243736228|243859018	chr1	243736228	243859018	exon	GBM primary
chr1:246021798|246093239	chr1	246021798	246093239	exon	GBM primary
chr1:246600450|246603426	chr1	246600450	246603426	intron	GBM primary
chr10:355971|387269	chr10	355971	387269	exon	GBM primary
chr10:5768848|5773166	chr10	5768848	5773166	exon	GBM primary
chr10:7657945|7659245	chr10	7657945	7659245	exon	GBM primary
chr10:12136072|12162266	chr10	12136072	12162266	exon	GBM primary
chr10:13803647|13838588	chr10	13803647	13838588	exon	GBM primary
chr10:14909082|14909908	chr10	14909082	14909908	exon	GBM primary
chr10:15858834|15885271	chr10	15858834	15885271	exon	GBM primary
chr10:18787284|18816626	chr10	18787284	18816626	exon	GBM primary
chr10:21120125|21129778	chr10	21120125	21129778	exon	GBM primary
chr10:24783429|24809182	chr10	24783429	24809182	exon	GBM primary
chr10:26789748|26792203	chr10	26789748	26792203	exon	GBM primary
chr10:27406505|27410377	chr10	27406505	27410377	exon	GBM primary
chr10:30397716|30399760	chr10	30397716	30399760	intron	GBM primary
chr10:31749966|31799803	chr10	31749966	31799803	exon	GBM primary
chr10:32740520|32751977	chr10	32740520	32751977	exon	GBM primary
chr10:32740520|32854548	chr10	32740520	32854548	exon	GBM primary
chr10:32740520|32856819	chr10	32740520	32856819	exon	GBM primary
chr10:34606035|34649187	chr10	34606035	34649187	exon	GBM primary
chr10:35585384|35588187	chr10	35585384	35588187	intron	GBM primary
chr10:35805451|35842113	chr10	35805451	35842113	exon	GBM primary
chr10:38018749|38023500	chr10	38018749	38023500	intergenic_region	GBM primary
chr10:43654163|43671480	chr10	43654163	43671480	exon	GBM primary
chr10:51584616|51585599	chr10	51584616	51585599	exon	GBM primary
chr10:52220433|52279681	chr10	52220433	52279681	exon	GBM primary
chr10:52276083|52350007	chr10	52276083	52350007	intron	GBM primary
chr10:54040549|54050050	chr10	54040549	54050050	exon	GBM primary
chr10:69714352|69804320	chr10	69714352	69804320	exon	GBM primary
chr10:70497602|70507323	chr10	70497602	70507323	exon	GBM primary
chr10:70497602|70509442	chr10	70497602	70509442	exon	GBM primary
chr10:72604230|72628190	chr10	72604230	72628190	exon	GBM primary
chr10:75029372|75038095	chr10	75029372	75038095	exon	GBM primary
chr10:75227311|75239275	chr10	75227311	75239275	exon	GBM primary
chr10:84733544|84738876	chr10	84733544	84738876	exon	GBM primary
chr10:88203032|88233730	chr10	88203032	88233730	exon	GBM primary
chr10:93220184|93221941	chr10	93220184	93221941	exon	GBM primary
chr10:93608140|93611093	chr10	93608140	93611093	exon	GBM primary
chr10:93699709|93726514	chr10	93699709	93726514	exon	GBM primary
chr10:93902786|93904869	chr10	93902786	93904869	exon	GBM primary
chr10:94653106|94679807	chr10	94653106	94679807	exon	GBM primary
chr10:94653106|94733989	chr10	94653106	94733989	exon	GBM primary
chr10:96201653|96260084	chr10	96201653	96260084	exon	GBM primary
chr10:97098890|97144042	chr10	97098890	97144042	exon	GBM primary
chr10:97110966|97144042	chr10	97110966	97144042	exon	GBM primary
chr10:98618049|98667504	chr10	98618049	98667504	intron	GBM primary
chr10:102013178|102021820	chr10	102013178	102021820	exon	GBM primary
chr10:103552596|103567658	chr10	103552596	103567658	exon	GBM primary
chr10:103552596|103570085	chr10	103552596	103570085	intron	GBM primary
chr10:103558599|103573363	chr10	103558599	103573363	exon	GBM primary
chr10:103649169|103755112	chr10	103649169	103755112	exon	GBM primary
chr10:104636711|104650435	chr10	104636711	104650435	exon	GBM primary
chr10:111835376|111860606	chr10	111835376	111860606	exon	GBM primary
chr10:111883775|111892158	chr10	111883775	111892158	exon	GBM primary
chr10:112352831|112358048	chr10	112352831	112358048	exon	GBM primary
chr10:112640991|112650428	chr10	112640991	112650428	exon	GBM primary
chr10:115917313|115923088	chr10	115917313	115923088	exon	GBM primary
chr10:116873772|116889297	chr10	116873772	116889297	intron	GBM primary
chr10:116873772|117045907	chr10	116873772	117045907	intron	GBM primary
chr10:116879949|116980261	chr10	116879949	116980261	intron	GBM primary
chr10:116975455|117154262	chr10	116975455	117154262	exon	GBM primary
chr10:117040865|117093929	chr10	117040865	117093929	exon	GBM primary
chr10:117093792|117228839	chr10	117093792	117228839	exon	GBM primary
chr10:117185760|117278834	chr10	117185760	117278834	exon	GBM primary
chr10:117221485|117278834	chr10	117221485	117278834	exon	GBM primary
chr10:120445495|120467099	chr10	120445495	120467099	exon	GBM primary
chr10:123298106|123315059	chr10	123298106	123315059	intron	GBM primary
chr10:123549684|123662135	chr10	123549684	123662135	exon	GBM primary
chr10:127677120|127697119	chr10	127677120	127697119	exon	GBM primary
chr10:128768966|128785881	chr10	128768966	128785881	exon	GBM primary
chr10:131964771|131969900	chr10	131964771	131969900	exon	GBM primary
chr10:132915062|132944923	chr10	132915062	132944923	exon	GBM primary
chr10:133058522|133107562	chr10	133058522	133107562	exon	GBM primary
chr10:134503896|134523960	chr10	134503896	134523960	exon	GBM primary
chr11:3752621|3752808	chr11	3752621	3752808	exon	GBM primary
chr11:9983504|10015545	chr11	9983504	10015545	exon	GBM primary
chr11:11348633|11362551	chr11	11348633	11362551	exon	GBM primary
chr11:12785726|12785981	chr11	12785726	12785981	exon	GBM primary
chr11:14004394|14101567	chr11	14004394	14101567	exon	GBM primary
chr11:14317601|14378315	chr11	14317601	14378315	intron	GBM primary
chr11:14839729|14882912	chr11	14839729	14882912	exon	GBM primary
chr11:17118604|17121516	chr11	17118604	17121516	exon	GBM primary
chr11:17190224|17191353	chr11	17190224	17191353	exon	GBM primary
chr11:17316871|17323417	chr11	17316871	17323417	exon	GBM primary
chr11:17316871|17351844	chr11	17316871	17351844	exon	GBM primary
chr11:18010144|18017456	chr11	18010144	18017456	exon	GBM primary
chr11:18524033|18541150	chr11	18524033	18541150	exon	GBM primary
chr11:19371920|19372574	chr11	19371920	19372574	intergenic_region	GBM primary
chr11:20424465|20486092	chr11	20424465	20486092	exon	GBM primary
chr11:20429457|20473754	chr11	20429457	20473754	exon	GBM primary
chr11:22225350|22284589	chr11	22225350	22284589	exon	GBM primary
chr11:22242643|22297745	chr11	22242643	22297745	exon	GBM primary
chr11:27393162|27414065	chr11	27393162	27414065	exon	GBM primary
chr11:34736241|34776154	chr11	34736241	34776154	intergenic_region	GBM primary
chr11:36631631|36669705	chr11	36631631	36669705	exon	GBM primary
chr11:38891627|38900910	chr11	38891627	38900910	intergenic_region	GBM primary
chr11:41244347|41263975	chr11	41244347	41263975	intron	GBM primary
chr11:43530245|43531076	chr11	43530245	43531076	intergenic_region	GBM primary
chr11:50368218|50381487	chr11	50368218	50381487	exon	GBM primary
chr11:62905213|62934416	chr11	62905213	62934416	intergenic_region	GBM primary
chr11:63472323|63488504	chr11	63472323	63488504	exon	GBM primary
chr11:64427804|64457948	chr11	64427804	64457948	exon	GBM primary
chr11:65267237|65267637	chr11	65267237	65267637	exon	GBM primary
chr11:68527037|68529155	chr11	68527037	68529155	exon	GBM primary
chr11:68571468|68575106	chr11	68571468	68575106	exon	GBM primary
chr11:72598515|72600990	chr11	72598515	72600990	exon	GBM primary
chr11:75590923|75728024	chr11	75590923	75728024	exon	GBM primary
chr11:76183608|76239510	chr11	76183608	76239510	exon	GBM primary
chr11:76687333|76709865	chr11	76687333	76709865	exon	GBM primary
chr11:77043775|77060332	chr11	77043775	77060332	exon	GBM primary
chr11:77064581|77085410	chr11	77064581	77085410	exon	GBM primary
chr11:78279678|78282489	chr11	78279678	78282489	exon	GBM primary
chr11:82549429|82571159	chr11	82549429	82571159	exon	GBM primary
chr11:82972764|82991303	chr11	82972764	82991303	exon	GBM primary
chr11:85692788|85707972	chr11	85692788	85707972	exon	GBM primary
chr11:86267595|86270865	chr11	86267595	86270865	exon	GBM primary
chr11:94408752|94412702	chr11	94408752	94412702	intron	GBM primary
chr11:100126492|100141973	chr11	100126492	100141973	exon	GBM primary
chr11:106804943|106810904	chr11	106804943	106810904	intron	GBM primary
chr11:107940823|107948967	chr11	107940823	107948967	exon	GBM primary
chr11:108005869|108019585	chr11	108005869	108019585	intergenic_region	GBM primary
chr11:108137898|108139336	chr11	108137898	108139336	exon	GBM primary
chr11:111680367|111724459	chr11	111680367	111724459	exon	GBM primary
chr11:111904128|111922073	chr11	111904128	111922073	exon	GBM primary
chr11:111914190|111931898	chr11	111914190	111931898	exon	GBM primary
chr11:114397345|114411482	chr11	114397345	114411482	intron	GBM primary
chr11:117115161|117117664	chr11	117115161	117117664	exon	GBM primary
chr11:120291462|120348235	chr11	120291462	120348235	exon	GBM primary
chr11:120335946|120338017	chr11	120335946	120338017	exon	GBM primary
chr11:120924339|120930794	chr11	120924339	120930794	exon	GBM primary
chr11:128910823|128936763	chr11	128910823	128936763	exon	GBM primary
chr11:128963516|128994789	chr11	128963516	128994789	exon	GBM primary
chr12:401925|463400	chr12	401925	463400	exon	GBM primary
chr12:514677|547720	chr12	514677	547720	exon	GBM primary
chr12:1250786|1399178	chr12	1250786	1399178	exon	GBM primary
chr12:1372200|1553916	chr12	1372200	1553916	exon	GBM primary
chr12:10392685|10412925	chr12	10392685	10412925	intron	GBM primary
chr12:10977651|11001006	chr12	10977651	11001006	intron	GBM primary
chr12:12273304|12340053	chr12	12273304	12340053	exon	GBM primary
chr12:19427450|19427917	chr12	19427450	19427917	exon	GBM primary
chr12:19498776|19501453	chr12	19498776	19501453	exon	GBM primary
chr12:19626182|19671047	chr12	19626182	19671047	exon	GBM primary
chr12:19705787|19706326	chr12	19705787	19706326	intron	GBM primary
chr12:20076132|20127661	chr12	20076132	20127661	intron	GBM primary
chr12:22622643|22659753	chr12	22622643	22659753	exon	GBM primary
chr12:25274687|25314131	chr12	25274687	25314131	exon	GBM primary
chr12:26147970|26220646	chr12	26147970	26220646	exon	GBM primary
chr12:27579065|27579250	chr12	27579065	27579250	intron	GBM primary
chr12:29904599|29911710	chr12	29904599	29911710	exon	GBM primary
chr12:31542258|31562318	chr12	31542258	31562318	exon	GBM primary
chr12:31555432|31579358	chr12	31555432	31579358	exon	GBM primary
chr12:31613128|31648853	chr12	31613128	31648853	exon	GBM primary
chr12:31648744|31652605	chr12	31648744	31652605	exon	GBM primary
chr12:31841941|31854941	chr12	31841941	31854941	exon	GBM primary
chr12:34343128|34344367	chr12	34343128	34344367	intergenic_region	GBM primary
chr12:39154649|39170103	chr12	39154649	39170103	exon	GBM primary
chr12:40345059|40486735	chr12	40345059	40486735	intron	GBM primary
chr12:40422103|40493891	chr12	40422103	40493891	intron	GBM primary
chr12:40645072|40681341	chr12	40645072	40681341	exon	GBM primary
chr12:40696591|40697936	chr12	40696591	40697936	exon	GBM primary
chr12:41333137|41410718	chr12	41333137	41410718	exon	GBM primary
chr12:51079616|51108379	chr12	51079616	51108379	exon	GBM primary
chr12:52077958|52100499	chr12	52077958	52100499	exon	GBM primary
chr12:53925528|53928443	chr12	53925528	53928443	exon	GBM primary
chr12:62708571|62749256	chr12	62708571	62749256	exon	GBM primary
chr12:62936877|62946954	chr12	62936877	62946954	exon	GBM primary
chr12:65702309|65762806	chr12	65702309	65762806	exon	GBM primary
chr12:69047892|69050997	chr12	69047892	69050997	exon	GBM primary
chr12:71077907|71095103	chr12	71077907	71095103	exon	GBM primary
chr12:72680461|72771901	chr12	72680461	72771901	exon	GBM primary
chr12:72955945|72969322	chr12	72955945	72969322	exon	GBM primary
chr12:73012671|73015531	chr12	73012671	73015531	exon	GBM primary
chr12:76844631|76881398	chr12	76844631	76881398	exon	GBM primary
chr12:78360009|78362482	chr12	78360009	78362482	exon	GBM primary
chr12:78360009|78401225	chr12	78360009	78401225	exon	GBM primary
chr12:78400199|78415642	chr12	78400199	78415642	exon	GBM primary
chr12:78443773|78452895	chr12	78443773	78452895	exon	GBM primary
chr12:81688614|81738472	chr12	81688614	81738472	exon	GBM primary
chr12:81732959|81778023	chr12	81732959	81778023	exon	GBM primary
chr12:81768413|81778023	chr12	81768413	81778023	exon	GBM primary
chr12:81833751|81851645	chr12	81833751	81851645	exon	GBM primary
chr12:88500452|88500875	chr12	88500452	88500875	exon	GBM primary
chr12:90383001|90462619	chr12	90383001	90462619	intron	GBM primary
chr12:93192668|93196510	chr12	93192668	93196510	exon	GBM primary
chr12:93786668|93789309	chr12	93786668	93789309	intron	GBM primary
chr12:94769662|94797038	chr12	94769662	94797038	exon	GBM primary
chr12:95681440|95690034	chr12	95681440	95690034	exon	GBM primary
chr12:100166700|100200478	chr12	100166700	100200478	exon	GBM primary
chr12:100166700|100206089	chr12	100166700	100206089	exon	GBM primary
chr12:101436112|101480602	chr12	101436112	101480602	exon	GBM primary
chr12:102419752|102439897	chr12	102419752	102439897	exon	GBM primary
chr12:104182616|104187775	chr12	104182616	104187775	exon	GBM primary
chr12:104341089|104341559	chr12	104341089	104341559	exon	GBM primary
chr12:105255069|105325569	chr12	105255069	105325569	exon	GBM primary
chr12:107080662|107090224	chr12	107080662	107090224	exon	GBM primary
chr12:111923075|111993723	chr12	111923075	111993723	exon	GBM primary
chr12:111951161|111993723	chr12	111951161	111993723	exon	GBM primary
chr12:111962996|111993723	chr12	111962996	111993723	exon	GBM primary
chr12:112096540|112117144	chr12	112096540	112117144	exon	GBM primary
chr12:112667502|112670889	chr12	112667502	112670889	exon	GBM primary
chr12:113266106|113285647	chr12	113266106	113285647	exon	GBM primary
chr12:117423011|117426674	chr12	117423011	117426674	exon	GBM primary
chr12:118693253|118693460	chr12	118693253	118693460	exon	GBM primary
chr12:121682376|121686537	chr12	121682376	121686537	exon	GBM primary
chr12:121853962|121855714	chr12	121853962	121855714	exon	GBM primary
chr12:122332645|122341013	chr12	122332645	122341013	exon	GBM primary
chr12:122773036|122865105	chr12	122773036	122865105	exon	GBM primary
chr12:129410904|129442188	chr12	129410904	129442188	exon	GBM primary
chr13:19857340|19891197	chr13	19857340	19891197	intergenic_region	GBM primary
chr13:20600752|20633702	chr13	20600752	20633702	exon	GBM primary
chr13:21163950|21245178	chr13	21163950	21245178	exon	GBM primary
chr13:21302419|21311944	chr13	21302419	21311944	intergenic_region	GBM primary
chr13:26898909|26928017	chr13	26898909	26928017	intron	GBM primary
chr13:28748409|28794515	chr13	28748409	28794515	exon	GBM primary
chr13:28748409|28813833	chr13	28748409	28813833	exon	GBM primary
chr13:28830429|28855516	chr13	28830429	28855516	exon	GBM primary
chr13:28840852|28862259	chr13	28840852	28862259	exon	GBM primary
chr13:31789188|31835219	chr13	31789188	31835219	exon	GBM primary
chr13:32835753|32841496	chr13	32835753	32841496	exon	GBM primary
chr13:33010498|33018263	chr13	33010498	33018263	exon	GBM primary
chr13:35619084|35644989	chr13	35619084	35644989	exon	GBM primary
chr13:35729911|35758208	chr13	35729911	35758208	exon	GBM primary
chr13:42245082|42277547	chr13	42245082	42277547	exon	GBM primary
chr13:42742576|42761284	chr13	42742576	42761284	exon	GBM primary
chr13:44330422|44338931	chr13	44330422	44338931	intron	GBM primary
chr13:45975218|45985615	chr13	45975218	45985615	exon	GBM primary
chr13:46090278|46093229	chr13	46090278	46093229	exon	GBM primary
chr13:67434871|67477737	chr13	67434871	67477737	intron	GBM primary
chr13:73482669|73539542	chr13	73482669	73539542	exon	GBM primary
chr13:76773759|76774170	chr13	76773759	76774170	intergenic_region	GBM primary
chr13:77779391|77792092	chr13	77779391	77792092	exon	GBM primary
chr13:77779391|77838137	chr13	77779391	77838137	exon	GBM primary
chr13:77791975|77818086	chr13	77791975	77818086	exon	GBM primary
chr13:77798586|77818086	chr13	77798586	77818086	exon	GBM primary
chr13:78318418|78320990	chr13	78318418	78320990	exon	GBM primary
chr13:78762444|78848472	chr13	78762444	78848472	exon	GBM primary
chr13:79932409|79953042	chr13	79932409	79953042	exon	GBM primary
chr13:84294296|84385403	chr13	84294296	84385403	intergenic_region	GBM primary
chr13:84376512|84423362	chr13	84376512	84423362	intergenic_region	GBM primary
chr13:96599291|96636118	chr13	96599291	96636118	exon	GBM primary
chr13:100191700|100211788	chr13	100191700	100211788	exon	GBM primary
chr13:100909849|101101559	chr13	100909849	101101559	exon	GBM primary
chr13:100914983|100925600	chr13	100914983	100925600	exon	GBM primary
chr13:100959446|101077985	chr13	100959446	101077985	exon	GBM primary
chr13:100982815|100992513	chr13	100982815	100992513	exon	GBM primary
chr13:101020726|101101559	chr13	101020726	101101559	exon	GBM primary
chr13:101776959|101797247	chr13	101776959	101797247	exon	GBM primary
chr13:101881744|102051516	chr13	101881744	102051516	exon	GBM primary
chr13:113742641|113744042	chr13	113742641	113744042	exon	GBM primary
chr14:33585820|33684793	chr14	33585820	33684793	intron	GBM primary
chr14:33684388|33874607	chr14	33684388	33874607	intron	GBM primary
chr14:35476489|35483108	chr14	35476489	35483108	exon	GBM primary
chr14:36133848|36194359	chr14	36133848	36194359	exon	GBM primary
chr14:39623415|39628754	chr14	39623415	39628754	exon	GBM primary
chr14:42118856|42236232	chr14	42118856	42236232	intron	GBM primary
chr14:42170689|42236232	chr14	42170689	42236232	exon	GBM primary
chr14:47342636|47504507	chr14	47342636	47504507	exon	GBM primary
chr14:50647290|50671127	chr14	50647290	50671127	exon	GBM primary
chr14:50892625|50901783	chr14	50892625	50901783	exon	GBM primary
chr14:51475798|51492078	chr14	51475798	51492078	exon	GBM primary
chr14:52164860|52169306	chr14	52164860	52169306	exon	GBM primary
chr14:55168780|55218255	chr14	55168780	55218255	exon	GBM primary
chr14:57706313|57714430	chr14	57706313	57714430	exon	GBM primary
chr14:58563442|58564821	chr14	58563442	58564821	intron	GBM primary
chr14:60581418|60582778	chr14	60581418	60582778	exon	GBM primary
chr14:60585047|60592541	chr14	60585047	60592541	exon	GBM primary
chr14:61259762|61285565	chr14	61259762	61285565	intron	GBM primary
chr14:61259762|61346553	chr14	61259762	61346553	intron	GBM primary
chr14:61509865|61550418	chr14	61509865	61550418	exon	GBM primary
chr14:61540566|61550418	chr14	61540566	61550418	exon	GBM primary
chr14:68049477|68054374	chr14	68049477	68054374	intron	GBM primary
chr14:69588934|69616220	chr14	69588934	69616220	exon	GBM primary
chr14:71209068|71209308	chr14	71209068	71209308	exon	GBM primary
chr14:71867511|71884913	chr14	71867511	71884913	exon	GBM primary
chr14:73198515|73238601	chr14	73198515	73238601	exon	GBM primary
chr14:73614503|73664837	chr14	73614503	73664837	exon	GBM primary
chr14:76248830|76249873	chr14	76248830	76249873	exon	GBM primary
chr14:80163973|80271533	chr14	80163973	80271533	exon	GBM primary
chr14:81209419|81304622	chr14	81209419	81304622	exon	GBM primary
chr14:89123720|89206916	chr14	89123720	89206916	exon	GBM primary
chr14:89212529|89221015	chr14	89212529	89221015	exon	GBM primary
chr14:90263568|90398971	chr14	90263568	90398971	exon	GBM primary
chr14:91931594|91943330	chr14	91931594	91943330	exon	GBM primary
chr14:94008812|94009042	chr14	94008812	94009042	exon	GBM primary
chr14:101396784|101417831	chr14	101396784	101417831	intron	GBM primary
chr14:102687491|102690294	chr14	102687491	102690294	intron	GBM primary
chr14:103465902|103478525	chr14	103465902	103478525	exon	GBM primary
chr14:104053611|104056766	chr14	104053611	104056766	exon	GBM primary
chr15:25328543|25339104	chr15	25328543	25339104	exon	GBM primary
chr15:25342468|25344425	chr15	25342468	25344425	exon	GBM primary
chr15:33999120|34023895	chr15	33999120	34023895	exon	GBM primary
chr15:41339606|41348904	chr15	41339606	41348904	exon	GBM primary
chr15:42040835|42042813	chr15	42040835	42042813	exon	GBM primary
chr15:43067333|43109295	chr15	43067333	43109295	exon	GBM primary
chr15:43294753|43317627	chr15	43294753	43317627	exon	GBM primary
chr15:43335413|43340689	chr15	43335413	43340689	exon	GBM primary
chr15:43427710|43452992	chr15	43427710	43452992	exon	GBM primary
chr15:43438691|43461875	chr15	43438691	43461875	exon	GBM primary
chr15:43440953|43452992	chr15	43440953	43452992	exon	GBM primary
chr15:43628824|43643239	chr15	43628824	43643239	exon	GBM primary
chr15:43733724|43773220	chr15	43733724	43773220	exon	GBM primary
chr15:49528048|49620327	chr15	49528048	49620327	exon	GBM primary
chr15:50330965|50366382	chr15	50330965	50366382	exon	GBM primary
chr15:50763830|50776558	chr15	50763830	50776558	exon	GBM primary
chr15:50923614|50941082	chr15	50923614	50941082	exon	GBM primary
chr15:52697484|52702673	chr15	52697484	52702673	exon	GBM primary
chr15:56686363|56687032	chr15	56686363	56687032	exon	GBM primary
chr15:56935150|56950684	chr15	56935150	56950684	exon	GBM primary
chr15:62299507|62312737	chr15	62299507	62312737	exon	GBM primary
chr15:63068963|63076089	chr15	63068963	63076089	exon	GBM primary
chr15:64495281|64508912	chr15	64495281	64508912	exon	GBM primary
chr15:64791492|64812232	chr15	64791492	64812232	intron	GBM primary
chr15:65992882|65994228	chr15	65992882	65994228	exon	GBM primary
chr15:66015186|66048810	chr15	66015186	66048810	exon	GBM primary
chr15:67984817|68065090	chr15	67984817	68065090	exon	GBM primary
chr15:72252242|72302788	chr15	72252242	72302788	exon	GBM primary
chr15:72283444|72302788	chr15	72283444	72302788	exon	GBM primary
chr15:73414866|73418911	chr15	73414866	73418911	exon	GBM primary
chr15:75211136|75221573	chr15	75211136	75221573	intergenic_region	GBM primary
chr15:75215989|75221573	chr15	75215989	75221573	exon	GBM primary
chr15:76146727|76191902	chr15	76146727	76191902	exon	GBM primary
chr15:76248273|76345324	chr15	76248273	76345324	exon	GBM primary
chr15:76866499|76975402	chr15	76866499	76975402	intron	GBM primary
chr15:77425347|77426092	chr15	77425347	77426092	exon	GBM primary
chr15:77769897|77771663	chr15	77769897	77771663	exon	GBM primary
chr15:81199004|81201647	chr15	81199004	81201647	exon	GBM primary
chr15:84228005|84373260	chr15	84228005	84373260	intergenic_region	GBM primary
chr15:85070012|85098301	chr15	85070012	85098301	exon	GBM primary
chr15:88576088|88690634	chr15	88576088	88690634	exon	GBM primary
chr15:89930662|89932713	chr15	89930662	89932713	exon	GBM primary
chr15:89931048|89932713	chr15	89931048	89932713	exon	GBM primary
chr15:91162973|91172764	chr15	91162973	91172764	exon	GBM primary
chr15:91769103|91795750	chr15	91769103	91795750	exon	GBM primary
chr15:91824958|91836401	chr15	91824958	91836401	exon	GBM primary
chr15:93480748|93510743	chr15	93480748	93510743	exon	GBM primary
chr15:99816781|99828156	chr15	99816781	99828156	exon	GBM primary
chr15:99816781|99874334	chr15	99816781	99874334	exon	GBM primary
chr15:101691925|101719185	chr15	101691925	101719185	intergenic_region	GBM primary
chr16:249061|258187	chr16	249061	258187	exon	GBM primary
chr16:2415557|2429582	chr16	2415557	2429582	intron	GBM primary
chr16:5046349|5053574	chr16	5046349	5053574	exon	GBM primary
chr16:10522725|10534319	chr16	10522725	10534319	exon	GBM primary
chr16:11121965|11124596	chr16	11121965	11124596	intron	GBM primary
chr16:11857334|11859541	chr16	11857334	11859541	exon	GBM primary
chr16:11868092|11873219	chr16	11868092	11873219	exon	GBM primary
chr16:14173147|14234617	chr16	14173147	14234617	exon	GBM primary
chr16:14687158|14704666	chr16	14687158	14704666	exon	GBM primary
chr16:16235030|16236799	chr16	16235030	16236799	exon	GBM primary
chr16:23022339|23029111	chr16	23022339	23029111	intergenic_region	GBM primary
chr16:23999829|24046868	chr16	23999829	24046868	exon	GBM primary
chr16:24366154|24372919	chr16	24366154	24372919	exon	GBM primary
chr16:25507199|25515426	chr16	25507199	25515426	intergenic_region	GBM primary
chr16:47345151|47347734	chr16	47345151	47347734	exon	GBM primary
chr16:48286042|48286276	chr16	48286042	48286276	exon	GBM primary
chr16:48303927|48337216	chr16	48303927	48337216	exon	GBM primary
chr16:50063636|50068067	chr16	50063636	50068067	exon	GBM primary
chr16:50783487|50788335	chr16	50783487	50788335	exon	GBM primary
chr16:53289512|53340309	chr16	53289512	53340309	exon	GBM primary
chr16:53907698|53913899	chr16	53907698	53913899	exon	GBM primary
chr16:56419831|56448256	chr16	56419831	56448256	exon	GBM primary
chr16:66971940|66973261	chr16	66971940	66973261	exon	GBM primary
chr16:69269651|69294163	chr16	69269651	69294163	exon	GBM primary
chr16:69279505|69304188	chr16	69279505	69304188	exon	GBM primary
chr16:69304046|69318147	chr16	69304046	69318147	exon	GBM primary
chr16:69687139|69693802	chr16	69687139	69693802	exon	GBM primary
chr16:70076254|70076906	chr16	70076254	70076906	exon	GBM primary
chr16:74122150|74124390	chr16	74122150	74124390	intron	GBM primary
chr16:74334013|74336190	chr16	74334013	74336190	exon	GBM primary
chr16:79028137|79030253	chr16	79028137	79030253	intron	GBM primary
chr16:81388010|81399083	chr16	81388010	81399083	exon	GBM primary
chr16:89484692|89497734	chr16	89484692	89497734	exon	GBM primary
chr17:556531|565135	chr17	556531	565135	exon	GBM primary
chr17:565049|602620	chr17	565049	602620	exon	GBM primary
chr17:1451590|1456443	chr17	1451590	1456443	exon	GBM primary
chr17:3924423|3928412	chr17	3924423	3928412	exon	GBM primary
chr17:3937309|3968123	chr17	3937309	3968123	exon	GBM primary
chr17:14969265|14969751	chr17	14969265	14969751	intergenic_region	GBM primary
chr17:15974723|15976883	chr17	15974723	15976883	exon	GBM primary
chr17:17924437|17929730	chr17	17924437	17929730	exon	GBM primary
chr17:17927938|17931973	chr17	17927938	17931973	exon	GBM primary
chr17:19843026|19866335	chr17	19843026	19866335	exon	GBM primary
chr17:20149239|20209395	chr17	20149239	20209395	exon	GBM primary
chr17:20156818|20209395	chr17	20156818	20209395	exon	GBM primary
chr17:20914464|20919212	chr17	20914464	20919212	exon	GBM primary
chr17:27809215|27818883	chr17	27809215	27818883	exon	GBM primary
chr17:28003838|28022541	chr17	28003838	28022541	exon	GBM primary
chr17:28003838|28030080	chr17	28003838	28030080	exon	GBM primary
chr17:28811232|28837927	chr17	28811232	28837927	exon	GBM primary
chr17:29490204|29541603	chr17	29490204	29541603	exon	GBM primary
chr17:30267305|30300250	chr17	30267305	30300250	exon	GBM primary
chr17:30267305|30323896	chr17	30267305	30323896	exon	GBM primary
chr17:32259619|32263841	chr17	32259619	32263841	exon	GBM primary
chr17:33951416|33968994	chr17	33951416	33968994	exon	GBM primary
chr17:35640168|35641871	chr17	35640168	35641871	exon	GBM primary
chr17:43992731|43992911	chr17	43992731	43992911	intron	GBM primary
chr17:44127899|44172067	chr17	44127899	44172067	exon	GBM primary
chr17:48814321|48824063	chr17	48814321	48824063	exon	GBM primary
chr17:49343543|49346265	chr17	49343543	49346265	exon	GBM primary
chr17:57046900|57050286	chr17	57046900	57050286	exon	GBM primary
chr17:57092971|57094785	chr17	57092971	57094785	exon	GBM primary
chr17:57744339|57746137	chr17	57744339	57746137	intron	GBM primary
chr17:58365884|58422969	chr17	58365884	58422969	exon	GBM primary
chr17:58443449|58445091	chr17	58443449	58445091	intron	GBM primary
chr17:60061532|60064489	chr17	60061532	60064489	exon	GBM primary
chr17:61428611|61432751	chr17	61428611	61432751	exon	GBM primary
chr17:61869772|61887019	chr17	61869772	61887019	exon	GBM primary
chr17:65116521|65120130	chr17	65116521	65120130	exon	GBM primary
chr17:65147162|65181261	chr17	65147162	65181261	intron	GBM primary
chr17:65882244|65914954	chr17	65882244	65914954	exon	GBM primary
chr17:65906993|65920705	chr17	65906993	65920705	exon	GBM primary
chr17:65906993|65936772	chr17	65906993	65936772	exon	GBM primary
chr17:67151160|67175149	chr17	67151160	67175149	exon	GBM primary
chr17:67210845|67225001	chr17	67210845	67225001	exon	GBM primary
chr17:67270084|67280213	chr17	67270084	67280213	exon	GBM primary
chr17:74162542|74195128	chr17	74162542	74195128	intron	GBM primary
chr17:76027597|76047529	chr17	76027597	76047529	exon	GBM primary
chr17:76388557|76400170	chr17	76388557	76400170	exon	GBM primary
chr18:756557|756835	chr18	756557	756835	exon	GBM primary
chr18:1183831|1269799	chr18	1183831	1269799	intergenic_region	GBM primary
chr18:2951053|2960847	chr18	2951053	2960847	exon	GBM primary
chr18:8076453|8088849	chr18	8076453	8088849	exon	GBM primary
chr18:12506476|12535600	chr18	12506476	12535600	exon	GBM primary
chr18:14763685|14764089	chr18	14763685	14764089	exon	GBM primary
chr18:14769342|14772227	chr18	14769342	14772227	exon	GBM primary
chr18:18571137|18608896	chr18	18571137	18608896	exon	GBM primary
chr18:19358064|19359646	chr18	19358064	19359646	exon	GBM primary
chr18:21698089|21705514	chr18	21698089	21705514	exon	GBM primary
chr18:23845134|23873495	chr18	23845134	23873495	exon	GBM primary
chr18:24282721|24283755	chr18	24282721	24283755	intron	GBM primary
chr18:29210922|29238052	chr18	29210922	29238052	exon	GBM primary
chr18:31187558|31251830	chr18	31187558	31251830	exon	GBM primary
chr18:32259432|32346005	chr18	32259432	32346005	exon	GBM primary
chr18:39584320|39613921	chr18	39584320	39613921	exon	GBM primary
chr18:39595440|39613921	chr18	39595440	39613921	exon	GBM primary
chr18:42281140|42283072	chr18	42281140	42283072	intron	GBM primary
chr18:48581151|48593557	chr18	48581151	48593557	exon	GBM primary
chr18:54547175|54547396	chr18	54547175	54547396	exon	GBM primary
chr18:54591153|54629760	chr18	54591153	54629760	exon	GBM primary
chr18:55912659|55919286	chr18	55912659	55919286	exon	GBM primary
chr18:59167616|59174793	chr18	59167616	59174793	exon	GBM primary
chr18:60223436|60232329	chr18	60223436	60232329	exon	GBM primary
chr18:60497268|60537268	chr18	60497268	60537268	intron	GBM primary
chr19:2832301|2834867	chr19	2832301	2834867	exon	GBM primary
chr19:9763629|9767329	chr19	9763629	9767329	exon	GBM primary
chr19:11168934|11170863	chr19	11168934	11170863	exon	GBM primary
chr19:12429483|12432146	chr19	12429483	12432146	exon	GBM primary
chr19:13335481|13341023	chr19	13335481	13341023	exon	GBM primary
chr19:17737442|17752365	chr19	17737442	17752365	exon	GBM primary
chr19:20718856|20728782	chr19	20718856	20728782	exon	GBM primary
chr19:24231739|24328111	chr19	24231739	24328111	intergenic_region	GBM primary
chr19:24309056|24310982	chr19	24309056	24310982	exon	GBM primary
chr19:32851410|32875535	chr19	32851410	32875535	exon	GBM primary
chr19:33493153|33493906	chr19	33493153	33493906	exon	GBM primary
chr19:37177639|37180399	chr19	37177639	37180399	intergenic_region	GBM primary
chr19:37416102|37428144	chr19	37416102	37428144	exon	GBM primary
chr19:38229804|38231095	chr19	38229804	38231095	exon	GBM primary
chr19:38597177|38610522	chr19	38597177	38610522	exon	GBM primary
chr19:41231245|41235320	chr19	41231245	41235320	exon	GBM primary
chr19:41231245|41239269	chr19	41231245	41239269	exon	GBM primary
chr19:41774128|41787180	chr19	41774128	41787180	exon	GBM primary
chr19:44047543|44065172	chr19	44047543	44065172	exon	GBM primary
chr19:45767942|45769539	chr19	45767942	45769539	exon	GBM primary
chr19:47421745|47492932	chr19	47421745	47492932	intergenic_region	GBM primary
chr19:47646751|47658470	chr19	47646751	47658470	exon	GBM primary
chr19:47865733|47865950	chr19	47865733	47865950	exon	GBM primary
chr19:49416268|49416821	chr19	49416268	49416821	exon	GBM primary
chr19:49642925|49643345	chr19	49642925	49643345	exon	GBM primary
chr19:56918395|56925809	chr19	56918395	56925809	exon	GBM primary
chr19:58130780|58132861	chr19	58130780	58132861	exon	GBM primary
chr19:58805464|58806947	chr19	58805464	58806947	exon	GBM primary
chr2:8427468|8439923	chr2	8427468	8439923	exon	GBM primary
chr2:9484661|9491024	chr2	9484661	9491024	exon	GBM primary
chr2:10784446|10811816	chr2	10784446	10811816	exon	GBM primary
chr2:15555670|15618413	chr2	15555670	15618413	exon	GBM primary
chr2:20518298|20527139	chr2	20518298	20527139	exon	GBM primary
chr2:24787164|24866991	chr2	24787164	24866991	exon	GBM primary
chr2:25799707|25851253	chr2	25799707	25851253	exon	GBM primary
chr2:25851040|25875530	chr2	25851040	25875530	exon	GBM primary
chr2:26587170|26597957	chr2	26587170	26597957	exon	GBM primary
chr2:26596235|26606215	chr2	26596235	26606215	exon	GBM primary
chr2:29129326|29137074	chr2	29129326	29137074	exon	GBM primary
chr2:29344240|29404563	chr2	29344240	29404563	exon	GBM primary
chr2:30775359|30791042	chr2	30775359	30791042	exon	GBM primary
chr2:32361632|32362257	chr2	32361632	32362257	exon	GBM primary
chr2:32664576|32668656	chr2	32664576	32668656	exon	GBM primary
chr2:32703703|32704685	chr2	32703703	32704685	exon	GBM primary
chr2:36605500|36623930	chr2	36605500	36623930	exon	GBM primary
chr2:36623757|36691798	chr2	36623757	36691798	exon	GBM primary
chr2:37316783|37317865	chr2	37316783	37317865	exon	GBM primary
chr2:38349127|38358756	chr2	38349127	38358756	exon	GBM primary
chr2:39212360|39216455	chr2	39212360	39216455	exon	GBM primary
chr2:39262353|39294894	chr2	39262353	39294894	exon	GBM primary
chr2:42922905|42950175	chr2	42922905	42950175	exon	GBM primary
chr2:43625110|43739980	chr2	43625110	43739980	intron	GBM primary
chr2:44546145|44573529	chr2	44546145	44573529	exon	GBM primary
chr2:44556076|44573529	chr2	44556076	44573529	exon	GBM primary
chr2:47690170|47710111	chr2	47690170	47710111	exon	GBM primary
chr2:48573340|48589846	chr2	48573340	48589846	exon	GBM primary
chr2:50692580|50765774	chr2	50692580	50765774	exon	GBM primary
chr2:53628798|53642744	chr2	53628798	53642744	intergenic_region	GBM primary
chr2:55040369|55056614	chr2	55040369	55056614	exon	GBM primary
chr2:55096318|55144072	chr2	55096318	55144072	exon	GBM primary
chr2:55155450|55155888	chr2	55155450	55155888	exon	GBM primary
chr2:56570014|56611431	chr2	56570014	56611431	exon	GBM primary
chr2:61575005|61577828	chr2	61575005	61577828	exon	GBM primary
chr2:61597456|61647968	chr2	61597456	61647968	exon	GBM primary
chr2:61719170|61724142	chr2	61719170	61724142	exon	GBM primary
chr2:61725808|61753656	chr2	61725808	61753656	exon	GBM primary
chr2:62100137|62107529	chr2	62100137	62107529	exon	GBM primary
chr2:63605521|63798760	chr2	63605521	63798760	exon	GBM primary
chr2:64169599|64211153	chr2	64169599	64211153	exon	GBM primary
chr2:69642317|69659137	chr2	69642317	69659137	exon	GBM primary
chr2:71645732|71655781	chr2	71645732	71655781	exon	GBM primary
chr2:71651780|71653904	chr2	71651780	71653904	exon	GBM primary
chr2:72945232|72958374	chr2	72945232	72958374	exon	GBM primary
chr2:73646251|73659419	chr2	73646251	73659419	exon	GBM primary
chr2:73675090|73717285	chr2	73675090	73717285	exon	GBM primary
chr2:98421551|98449889	chr2	98421551	98449889	exon	GBM primary
chr2:110919180|110920709	chr2	110919180	110920709	exon	GBM primary
chr2:114476731|114493435	chr2	114476731	114493435	exon	GBM primary
chr2:120567413|120677817	chr2	120567413	120677817	exon	GBM primary
chr2:120776653|120799686	chr2	120776653	120799686	exon	GBM primary
chr2:120918457|120932580	chr2	120918457	120932580	exon	GBM primary
chr2:122259789|122260810	chr2	122259789	122260810	intron	GBM primary
chr2:125175020|125204514	chr2	125175020	125204514	exon	GBM primary
chr2:125261869|125285033	chr2	125261869	125285033	exon	GBM primary
chr2:128747138|128754065	chr2	128747138	128754065	exon	GBM primary
chr2:136360070|136418963	chr2	136360070	136418963	exon	GBM primary
chr2:136373722|136418963	chr2	136373722	136418963	exon	GBM primary
chr2:136389288|136409602	chr2	136389288	136409602	exon	GBM primary
chr2:136432902|136473264	chr2	136432902	136473264	exon	GBM primary
chr2:140992355|141004731	chr2	140992355	141004731	exon	GBM primary
chr2:141072504|141083447	chr2	141072504	141083447	exon	GBM primary
chr2:141739729|141751704	chr2	141739729	141751704	exon	GBM primary
chr2:144899449|144993304	chr2	144899449	144993304	exon	GBM primary
chr2:152698182|152698602	chr2	152698182	152698602	exon	GBM primary
chr2:160284822|160289874	chr2	160284822	160289874	exon	GBM primary
chr2:161143489|161157241	chr2	161143489	161157241	exon	GBM primary
chr2:162627483|162696437	chr2	162627483	162696437	exon	GBM primary
chr2:162728803|162738954	chr2	162728803	162738954	exon	GBM primary
chr2:162728803|162757521	chr2	162728803	162757521	exon	GBM primary
chr2:163360953|163393590	chr2	163360953	163393590	exon	GBM primary
chr2:170394523|170401345	chr2	170394523	170401345	exon	GBM primary
chr2:170401231|170419860	chr2	170401231	170419860	exon	GBM primary
chr2:172305191|172325540	chr2	172305191	172325540	exon	GBM primary
chr2:173426948|173429801	chr2	173426948	173429801	exon	GBM primary
chr2:175324606|175346715	chr2	175324606	175346715	exon	GBM primary
chr2:175945388|175986268	chr2	175945388	175986268	exon	GBM primary
chr2:178370234|178378636	chr2	178370234	178378636	exon	GBM primary
chr2:178378547|178388533	chr2	178378547	178388533	exon	GBM primary
chr2:179462323|179465394	chr2	179462323	179465394	exon	GBM primary
chr2:183799480|183853914	chr2	183799480	183853914	exon	GBM primary
chr2:197653928|197656184	chr2	197653928	197656184	exon	GBM primary
chr2:198281465|198285266	chr2	198281465	198285266	exon	GBM primary
chr2:200188526|200213896	chr2	200188526	200213896	exon	GBM primary
chr2:200245087|200263221	chr2	200245087	200263221	intron	GBM primary
chr2:200261550|200298237	chr2	200261550	200298237	exon	GBM primary
chr2:201881714|201926147	chr2	201881714	201926147	exon	GBM primary
chr2:201886782|201888762	chr2	201886782	201888762	exon	GBM primary
chr2:202410266|202440049	chr2	202410266	202440049	exon	GBM primary
chr2:203003155|203030079	chr2	203003155	203030079	exon	GBM primary
chr2:203329532|203384924	chr2	203329532	203384924	exon	GBM primary
chr2:203378442|203383775	chr2	203378442	203383775	exon	GBM primary
chr2:203644113|203693739	chr2	203644113	203693739	exon	GBM primary
chr2:203748332|203760942	chr2	203748332	203760942	exon	GBM primary
chr2:203782600|203826149	chr2	203782600	203826149	exon	GBM primary
chr2:204037452|204045235	chr2	204037452	204045235	exon	GBM primary
chr2:206959646|206960515	chr2	206959646	206960515	intergenic_region	GBM primary
chr2:206991263|207018406	chr2	206991263	207018406	exon	GBM primary
chr2:207665888|207744164	chr2	207665888	207744164	intergenic_region	GBM primary
chr2:210940276|211019335	chr2	210940276	211019335	exon	GBM primary
chr2:221618333|221689655	chr2	221618333	221689655	intergenic_region	GBM primary
chr2:223464647|223489494	chr2	223464647	223489494	exon	GBM primary
chr2:223464647|223493607	chr2	223464647	223493607	exon	GBM primary
chr2:223765392|223799405	chr2	223765392	223799405	exon	GBM primary
chr2:224856520|224866639	chr2	224856520	224866639	exon	GBM primary
chr2:228881122|228884872	chr2	228881122	228884872	exon	GBM primary
chr2:230638813|230642195	chr2	230638813	230642195	exon	GBM primary
chr2:233587264|233589401	chr2	233587264	233589401	exon	GBM primary
chr2:239090706|239096898	chr2	239090706	239096898	exon	GBM primary
chr2:239237327|239268943	chr2	239237327	239268943	intron	GBM primary
chr20:3925824|3944671	chr20	3925824	3944671	exon	GBM primary
chr20:7976673|7990962	chr20	7976673	7990962	exon	GBM primary
chr20:8665579|8770908	chr20	8665579	8770908	exon	GBM primary
chr20:8942843|8948002	chr20	8942843	8948002	exon	GBM primary
chr20:16316571|16362775	chr20	16316571	16362775	exon	GBM primary
chr20:16316571|16478323	chr20	16316571	16478323	exon	GBM primary
chr20:16351231|16362775	chr20	16351231	16362775	exon	GBM primary
chr20:17376612|17377404	chr20	17376612	17377404	intron	GBM primary
chr20:17436993|17446198	chr20	17436993	17446198	exon	GBM primary
chr20:21112738|21143800	chr20	21112738	21143800	exon	GBM primary
chr20:31413731|31427662	chr20	31413731	31427662	exon	GBM primary
chr20:31948157|31960503	chr20	31948157	31960503	exon	GBM primary
chr20:33045195|33069011	chr20	33045195	33069011	exon	GBM primary
chr20:33045195|33080402	chr20	33045195	33080402	exon	GBM primary
chr20:33834643|33842557	chr20	33834643	33842557	exon	GBM primary
chr20:34302107|34320057	chr20	34302107	34320057	exon	GBM primary
chr20:34763473|34766594	chr20	34763473	34766594	exon	GBM primary
chr20:37144835|37154685	chr20	37144835	37154685	exon	GBM primary
chr20:37159810|37169835	chr20	37159810	37169835	exon	GBM primary
chr20:37756481|37769707	chr20	37756481	37769707	intergenic_region	GBM primary
chr20:41385102|41420106	chr20	41385102	41420106	exon	GBM primary
chr20:42602007|42635432	chr20	42602007	42635432	exon	GBM primary
chr20:42891870|42908261	chr20	42891870	42908261	exon	GBM primary
chr20:43600719|43615937	chr20	43600719	43615937	exon	GBM primary
chr20:43607084|43615937	chr20	43607084	43615937	exon	GBM primary
chr20:43629033|43629994	chr20	43629033	43629994	exon	GBM primary
chr20:44869602|44869896	chr20	44869602	44869896	exon	GBM primary
chr20:47318006|47318535	chr20	47318006	47318535	intron	GBM primary
chr20:47567860|47582560	chr20	47567860	47582560	exon	GBM primary
chr20:47691322|47711500	chr20	47691322	47711500	exon	GBM primary
chr20:58342241|58349545	chr20	58342241	58349545	exon	GBM primary
chr20:58342241|58381249	chr20	58342241	58381249	exon	GBM primary
chr20:58348334|58349545	chr20	58348334	58349545	exon	GBM primary
chr20:58486805|58497514	chr20	58486805	58497514	exon	GBM primary
chr20:62079176|62082297	chr20	62079176	62082297	intron	GBM primary
chr20:62559688|62562375	chr20	62559688	62562375	exon	GBM primary
chr21:16762897|16767816	chr21	16762897	16767816	exon	GBM primary
chr21:17150223|17177577	chr21	17150223	17177577	exon	GBM primary
chr21:26793020|26802321	chr21	26793020	26802321	exon	GBM primary
chr21:27326904|27328069	chr21	27326904	27328069	exon	GBM primary
chr21:31015146|31066382	chr21	31015146	31066382	exon	GBM primary
chr21:37619815|37623582	chr21	37619815	37623582	exon	GBM primary
chr21:37705944|37717329	chr21	37705944	37717329	exon	GBM primary
chr21:37759896|37775149	chr21	37759896	37775149	exon	GBM primary
chr21:38844986|38853128	chr21	38844986	38853128	exon	GBM primary
chr21:39086514|39087434	chr21	39086514	39087434	exon	GBM primary
chr21:40630413|40646398	chr21	40630413	40646398	exon	GBM primary
chr21:45106685|45108121	chr21	45106685	45108121	exon	GBM primary
chr21:45201186|45202191	chr21	45201186	45202191	intergenic_region	GBM primary
chr22:18347665|18389652	chr22	18347665	18389652	exon	GBM primary
chr22:21172771|21193019	chr22	21172771	21193019	exon	GBM primary
chr22:24698163|24734445	chr22	24698163	24734445	exon	GBM primary
chr22:24720188|24765288	chr22	24720188	24765288	exon	GBM primary
chr22:24734354|24743144	chr22	24734354	24743144	exon	GBM primary
chr22:29879364|29881836	chr22	29879364	29881836	exon	GBM primary
chr22:31843412|31846346	chr22	31843412	31846346	exon	GBM primary
chr22:31850130|31859119	chr22	31850130	31859119	exon	GBM primary
chr22:32108069|32121596	chr22	32108069	32121596	exon	GBM primary
chr22:32154532|32164849	chr22	32154532	32164849	exon	GBM primary
chr22:32874968|32889268	chr22	32874968	32889268	exon	GBM primary
chr22:33260902|33327466	chr22	33260902	33327466	exon	GBM primary
chr22:33260902|33402809	chr22	33260902	33402809	exon	GBM primary
chr22:34157358|34157545	chr22	34157358	34157545	exon	GBM primary
chr22:37769094|37772036	chr22	37769094	37772036	exon	GBM primary
chr22:39111912|39113005	chr22	39111912	39113005	exon	GBM primary
chr22:44151646|44178205	chr22	44151646	44178205	exon	GBM primary
chr22:46085592|46098727	chr22	46085592	46098727	exon	GBM primary
chr22:47370186|47433094	chr22	47370186	47433094	exon	GBM primary
chr3:1337285|1371619	chr3	1337285	1371619	exon	GBM primary
chr3:2924829|2944689	chr3	2924829	2944689	exon	GBM primary
chr3:2924829|2967463	chr3	2924829	2967463	exon	GBM primary
chr3:9051992|9057415	chr3	9051992	9057415	exon	GBM primary
chr3:9406700|9408669	chr3	9406700	9408669	exon	GBM primary
chr3:10571540|10575817	chr3	10571540	10575817	intron	GBM primary
chr3:11382119|11383753	chr3	11382119	11383753	exon	GBM primary
chr3:11399892|11421526	chr3	11399892	11421526	exon	GBM primary
chr3:11874477|11880788	chr3	11874477	11880788	exon	GBM primary
chr3:13542213|13544480	chr3	13542213	13544480	exon	GBM primary
chr3:15981017|15988735	chr3	15981017	15988735	intergenic_region	GBM primary
chr3:20161090|20181856	chr3	20161090	20181856	exon	GBM primary
chr3:24270429|24378862	chr3	24270429	24378862	exon	GBM primary
chr3:27424644|27493989	chr3	27424644	27493989	exon	GBM primary
chr3:33661095|33673863	chr3	33661095	33673863	exon	GBM primary
chr3:35721279|35785457	chr3	35721279	35785457	exon	GBM primary
chr3:38263069|38271921	chr3	38263069	38271921	exon	GBM primary
chr3:43341246|43351434	chr3	43341246	43351434	intron	GBM primary
chr3:44434347|44438326	chr3	44434347	44438326	exon	GBM primary
chr3:47139445|47158244	chr3	47139445	47158244	exon	GBM primary
chr3:47742768|47787483	chr3	47742768	47787483	exon	GBM primary
chr3:47747899|47770584	chr3	47747899	47770584	exon	GBM primary
chr3:49081823|49114471	chr3	49081823	49114471	exon	GBM primary
chr3:51266943|51275021	chr3	51266943	51275021	exon	GBM primary
chr3:51474986|51477919	chr3	51474986	51477919	exon	GBM primary
chr3:54596827|54604131	chr3	54596827	54604131	exon	GBM primary
chr3:54786626|54798378	chr3	54786626	54798378	exon	GBM primary
chr3:55922417|56001983	chr3	55922417	56001983	intron	GBM primary
chr3:55984453|56026278	chr3	55984453	56026278	exon	GBM primary
chr3:56700288|56707753	chr3	56700288	56707753	exon	GBM primary
chr3:56992851|57069204	chr3	56992851	57069204	exon	GBM primary
chr3:62423779|62467544	chr3	62423779	62467544	exon	GBM primary
chr3:62451042|62467544	chr3	62451042	62467544	exon	GBM primary
chr3:64132506|64148805	chr3	64132506	64148805	exon	GBM primary
chr3:71739161|71777774	chr3	71739161	71777774	exon	GBM primary
chr3:72881520|72893574	chr3	72881520	72893574	exon	GBM primary
chr3:72890196|72893574	chr3	72890196	72893574	exon	GBM primary
chr3:78987751|78988077	chr3	78987751	78988077	exon	GBM primary
chr3:85932441|85985007	chr3	85932441	85985007	exon	GBM primary
chr3:100013689|100015119	chr3	100013689	100015119	intron	GBM primary
chr3:100951625|101038676	chr3	100951625	101038676	exon	GBM primary
chr3:105389077|105423017	chr3	105389077	105423017	exon	GBM primary
chr3:105397275|105423017	chr3	105397275	105423017	exon	GBM primary
chr3:106104497|106147785	chr3	106104497	106147785	intergenic_region	GBM primary
chr3:106639813|106646841	chr3	106639813	106646841	exon	GBM primary
chr3:108324182|108335504	chr3	108324182	108335504	exon	GBM primary
chr3:119624602|119642330	chr3	119624602	119642330	exon	GBM primary
chr3:120998652|121037387	chr3	120998652	121037387	exon	GBM primary
chr3:124193510|124281936	chr3	124193510	124281936	exon	GBM primary
chr3:127965679|127983624	chr3	127965679	127983624	exon	GBM primary
chr3:130889617|130992418	chr3	130889617	130992418	exon	GBM primary
chr3:133907681|133921718	chr3	133907681	133921718	exon	GBM primary
chr3:138038320|138043772	chr3	138038320	138043772	exon	GBM primary
chr3:139894793|139944482	chr3	139894793	139944482	intron	GBM primary
chr3:141678516|141811969	chr3	141678516	141811969	exon	GBM primary
chr3:141712380|141820683	chr3	141712380	141820683	exon	GBM primary
chr3:141900303|141917775	chr3	141900303	141917775	exon	GBM primary
chr3:141905294|141917775	chr3	141905294	141917775	exon	GBM primary
chr3:141917644|141932443	chr3	141917644	141932443	exon	GBM primary
chr3:142455221|142523472	chr3	142455221	142523472	exon	GBM primary
chr3:152163071|152165562	chr3	152163071	152165562	exon	GBM primary
chr3:153905474|153958368	chr3	153905474	153958368	exon	GBM primary
chr3:155611307|155649669	chr3	155611307	155649669	exon	GBM primary
chr3:155611307|155655670	chr3	155611307	155655670	exon	GBM primary
chr3:155637022|155643155	chr3	155637022	155643155	exon	GBM primary
chr3:167413384|167443261	chr3	167413384	167443261	exon	GBM primary
chr3:170841385|170846667	chr3	170841385	170846667	exon	GBM primary
chr3:170855980|170885059	chr3	170855980	170885059	exon	GBM primary
chr3:170855980|170912424	chr3	170855980	170912424	exon	GBM primary
chr3:171451234|171455872	chr3	171451234	171455872	exon	GBM primary
chr3:173525470|173525622	chr3	173525470	173525622	exon	GBM primary
chr3:178577277|178721972	chr3	178577277	178721972	intergenic_region	GBM primary
chr3:179533649|179597911	chr3	179533649	179597911	exon	GBM primary
chr3:180331602|180362045	chr3	180331602	180362045	exon	GBM primary
chr3:182910787|182933882	chr3	182910787	182933882	exon	GBM primary
chr3:184566859|184603944	chr3	184566859	184603944	exon	GBM primary
chr3:185313499|185314555	chr3	185313499	185314555	intron	GBM primary
chr3:185638892|185641772	chr3	185638892	185641772	exon	GBM primary
chr3:186509514|186510736	chr3	186509514	186510736	exon	GBM primary
chr3:191074877|191109686	chr3	191074877	191109686	exon	GBM primary
chr3:192973440|192981024	chr3	192973440	192981024	exon	GBM primary
chr3:194180200|194182965	chr3	194180200	194182965	exon	GBM primary
chr3:195015448|195053852	chr3	195015448	195053852	exon	GBM primary
chr3:195101738|195133645	chr3	195101738	195133645	exon	GBM primary
chr3:195800801|195802231	chr3	195800801	195802231	exon	GBM primary
chr3:196802708|196831876	chr3	196802708	196831876	exon	GBM primary
chr3:197557641|197592342	chr3	197557641	197592342	exon	GBM primary
chr4:2993942|3031136	chr4	2993942	3031136	exon	GBM primary
chr4:3317797|3388164	chr4	3317797	3388164	exon	GBM primary
chr4:4762273|4764775	chr4	4762273	4764775	intergenic_region	GBM primary
chr4:6349573|6382821	chr4	6349573	6382821	exon	GBM primary
chr4:13462323|13481150	chr4	13462323	13481150	exon	GBM primary
chr4:15613889|15646331	chr4	15613889	15646331	exon	GBM primary
chr4:23121943|23124059	chr4	23121943	23124059	exon	GBM primary
chr4:24572277|24578301	chr4	24572277	24578301	exon	GBM primary
chr4:26387975|26426365	chr4	26387975	26426365	exon	GBM primary
chr4:30921775|30936966	chr4	30921775	30936966	intron	GBM primary
chr4:39871014|39905811	chr4	39871014	39905811	exon	GBM primary
chr4:42487513|42526864	chr4	42487513	42526864	exon	GBM primary
chr4:42505467|42558057	chr4	42505467	42558057	exon	GBM primary
chr4:42553215|42588493	chr4	42553215	42588493	exon	GBM primary
chr4:57344545|57351030	chr4	57344545	57351030	exon	GBM primary
chr4:62775278|62863983	chr4	62775278	62863983	exon	GBM primary
chr4:62812632|62813994	chr4	62812632	62813994	exon	GBM primary
chr4:62894573|62910267	chr4	62894573	62910267	exon	GBM primary
chr4:66270092|66286283	chr4	66270092	66286283	exon	GBM primary
chr4:68284569|68286776	chr4	68284569	68286776	exon	GBM primary
chr4:68664357|68690013	chr4	68664357	68690013	intron	GBM primary
chr4:77565974|77568880	chr4	77565974	77568880	intron	GBM primary
chr4:85781565|85781775	chr4	85781565	85781775	exon	GBM primary
chr4:86985419|86989108	chr4	86985419	86989108	exon	GBM primary
chr4:88362981|88372887	chr4	88362981	88372887	exon	GBM primary
chr4:88959403|88987031	chr4	88959403	88987031	exon	GBM primary
chr4:95796982|95917285	chr4	95796982	95917285	exon	GBM primary
chr4:96171638|96256782	chr4	96171638	96256782	exon	GBM primary
chr4:99016678|99055610	chr4	99016678	99055610	intron	GBM primary
chr4:103207106|103236987	chr4	103207106	103236987	intron	GBM primary
chr4:105559055|105597343	chr4	105559055	105597343	intron	GBM primary
chr4:106345353|106370560	chr4	106345353	106370560	exon	GBM primary
chr4:107114766|107133992	chr4	107114766	107133992	exon	GBM primary
chr4:109667555|109670619	chr4	109667555	109670619	exon	GBM primary
chr4:109669161|109677648	chr4	109669161	109677648	exon	GBM primary
chr4:109672092|109677648	chr4	109672092	109677648	exon	GBM primary
chr4:114284494|114294605	chr4	114284494	114294605	exon	GBM primary
chr4:118974911|119064839	chr4	118974911	119064839	exon	GBM primary
chr4:123111155|123122281	chr4	123111155	123122281	exon	GBM primary
chr4:123113384|123120605	chr4	123113384	123120605	exon	GBM primary
chr4:128732592|128751954	chr4	128732592	128751954	exon	GBM primary
chr4:128995615|129043343	chr4	128995615	129043343	exon	GBM primary
chr4:129042981|129121820	chr4	129042981	129121820	exon	GBM primary
chr4:140046318|140089196	chr4	140046318	140089196	intron	GBM primary
chr4:146073693|146077148	chr4	146073693	146077148	exon	GBM primary
chr4:146806830|146824367	chr4	146806830	146824367	exon	GBM primary
chr4:149181130|149358014	chr4	149181130	149358014	exon	GBM primary
chr4:151509200|151604869	chr4	151509200	151604869	exon	GBM primary
chr4:152069074|152070713	chr4	152069074	152070713	exon	GBM primary
chr4:152095822|152100549	chr4	152095822	152100549	exon	GBM primary
chr4:152274052|152274543	chr4	152274052	152274543	intergenic_region	GBM primary
chr4:170498079|170511960	chr4	170498079	170511960	exon	GBM primary
chr4:174309664|174325101	chr4	174309664	174325101	intron	GBM primary
chr4:184605128|184615876	chr4	184605128	184615876	exon	GBM primary
chr4:185580494|185606838	chr4	185580494	185606838	exon	GBM primary
chr4:187584453|187630999	chr4	187584453	187630999	exon	GBM primary
chr5:254508|256570	chr5	254508	256570	exon	GBM primary
chr5:11346484|11397315	chr5	11346484	11397315	exon	GBM primary
chr5:11346484|11412181	chr5	11346484	11412181	exon	GBM primary
chr5:29126556|29209046	chr5	29126556	29209046	intergenic_region	GBM primary
chr5:31448654|31472339	chr5	31448654	31472339	exon	GBM primary
chr5:32390381|32397444	chr5	32390381	32397444	exon	GBM primary
chr5:36117837|36143508	chr5	36117837	36143508	exon	GBM primary
chr5:36953720|36972143	chr5	36953720	36972143	exon	GBM primary
chr5:37179463|37181107	chr5	37179463	37181107	exon	GBM primary
chr5:37187516|37187944	chr5	37187516	37187944	exon	GBM primary
chr5:38482691|38530768	chr5	38482691	38530768	exon	GBM primary
chr5:41749629|41807540	chr5	41749629	41807540	exon	GBM primary
chr5:54637509|54649097	chr5	54637509	54649097	exon	GBM primary
chr5:54639159|54646857	chr5	54639159	54646857	exon	GBM primary
chr5:54639159|54683930	chr5	54639159	54683930	exon	GBM primary
chr5:70791077|70808255	chr5	70791077	70808255	exon	GBM primary
chr5:70818116|70828254	chr5	70818116	70828254	exon	GBM primary
chr5:72173055|72179059	chr5	72173055	72179059	exon	GBM primary
chr5:72182897|72185784	chr5	72182897	72185784	exon	GBM primary
chr5:73930509|73932323	chr5	73930509	73932323	exon	GBM primary
chr5:74076188|74137504	chr5	74076188	74137504	exon	GBM primary
chr5:77684661|77755185	chr5	77684661	77755185	exon	GBM primary
chr5:78734833|78746944	chr5	78734833	78746944	exon	GBM primary
chr5:78915435|78975493	chr5	78915435	78975493	exon	GBM primary
chr5:78952781|78964851	chr5	78952781	78964851	exon	GBM primary
chr5:80809447|80946158	chr5	80809447	80946158	exon	GBM primary
chr5:86627165|86649052	chr5	86627165	86649052	exon	GBM primary
chr5:89971897|90000305	chr5	89971897	90000305	exon	GBM primary
chr5:94134718|94248681	chr5	94134718	94248681	exon	GBM primary
chr5:94224584|94267696	chr5	94224584	94267696	exon	GBM primary
chr5:106562854|106621831	chr5	106562854	106621831	intergenic_region	GBM primary
chr5:108281831|108382899	chr5	108281831	108382899	exon	GBM primary
chr5:108373123|108382899	chr5	108373123	108382899	exon	GBM primary
chr5:108691616|108719221	chr5	108691616	108719221	exon	GBM primary
chr5:108698541|108719221	chr5	108698541	108719221	exon	GBM primary
chr5:112090570|112128226	chr5	112090570	112128226	exon	GBM primary
chr5:112102023|112128226	chr5	112102023	112128226	exon	GBM primary
chr5:112870002|112874878	chr5	112870002	112874878	exon	GBM primary
chr5:118576114|118580271	chr5	118576114	118580271	exon	GBM primary
chr5:127292496|127302620	chr5	127292496	127302620	exon	GBM primary
chr5:128552115|128554887	chr5	128552115	128554887	intergenic_region	GBM primary
chr5:129015457|129040084	chr5	129015457	129040084	exon	GBM primary
chr5:132224771|132232932	chr5	132224771	132232932	exon	GBM primary
chr5:142281500|142311690	chr5	142281500	142311690	exon	GBM primary
chr5:142675025|142693733	chr5	142675025	142693733	exon	GBM primary
chr5:146236062|146303017	chr5	146236062	146303017	intron	GBM primary
chr5:150918814|150935619	chr5	150918814	150935619	intron	GBM primary
chr5:153026488|153035432	chr5	153026488	153035432	exon	GBM primary
chr5:153476584|153514476	chr5	153476584	153514476	exon	GBM primary
chr5:155544888|155583252	chr5	155544888	155583252	intron	GBM primary
chr5:156074474|156075193	chr5	156074474	156075193	intron	GBM primary
chr5:156729802|156731374	chr5	156729802	156731374	exon	GBM primary
chr5:157230658|157244555	chr5	157230658	157244555	exon	GBM primary
chr5:159462147|159463810	chr5	159462147	159463810	exon	GBM primary
chr5:159476521|159478190	chr5	159476521	159478190	exon	GBM primary
chr5:160097470|160115101	chr5	160097470	160115101	exon	GBM primary
chr5:179135240|179137066	chr5	179135240	179137066	exon	GBM primary
chr6:532469|619543	chr6	532469	619543	exon	GBM primary
chr6:6366588|6369388	chr6	6366588	6369388	exon	GBM primary
chr6:12933865|13053761	chr6	12933865	13053761	exon	GBM primary
chr6:16658007|16754322	chr6	16658007	16754322	exon	GBM primary
chr6:16940080|16957227	chr6	16940080	16957227	intergenic_region	GBM primary
chr6:17539500|17551835	chr6	17539500	17551835	exon	GBM primary
chr6:20781376|20955816	chr6	20781376	20955816	exon	GBM primary
chr6:22397733|22400872	chr6	22397733	22400872	intron	GBM primary
chr6:24578338|24583930	chr6	24578338	24583930	exon	GBM primary
chr6:30002685|30003760	chr6	30002685	30003760	exon	GBM primary
chr6:31860184|31860687	chr6	31860184	31860687	exon	GBM primary
chr6:32029934|32035761	chr6	32029934	32035761	exon	GBM primary
chr6:32489682|32522748	chr6	32489682	32522748	intergenic_region	GBM primary
chr6:34100755|34101636	chr6	34100755	34101636	exon	GBM primary
chr6:38045816|38050233	chr6	38045816	38050233	intron	GBM primary
chr6:39545832|39564036	chr6	39545832	39564036	exon	GBM primary
chr6:40399453|40400870	chr6	40399453	40400870	exon	GBM primary
chr6:42582809|42585245	chr6	42582809	42585245	exon	GBM primary
chr6:44320463|44344210	chr6	44320463	44344210	exon	GBM primary
chr6:47541800|47549801	chr6	47541800	47549801	exon	GBM primary
chr6:54001513|54122159	chr6	54001513	54122159	exon	GBM primary
chr6:55344326|55406938	chr6	55344326	55406938	intron	GBM primary
chr6:56416982|56438685	chr6	56416982	56438685	exon	GBM primary
chr6:56989532|57015660	chr6	56989532	57015660	exon	GBM primary
chr6:57058640|57061404	chr6	57058640	57061404	exon	GBM primary
chr6:62388792|62407158	chr6	62388792	62407158	intergenic_region	GBM primary
chr6:62432847|62442669	chr6	62432847	62442669	intron	GBM primary
chr6:69640451|69685232	chr6	69640451	69685232	exon	GBM primary
chr6:69640451|69785930	chr6	69640451	69785930	exon	GBM primary
chr6:69653722|69666701	chr6	69653722	69666701	exon	GBM primary
chr6:69653722|69685232	chr6	69653722	69685232	exon	GBM primary
chr6:69785887|69949118	chr6	69785887	69949118	exon	GBM primary
chr6:70647930|70745831	chr6	70647930	70745831	exon	GBM primary
chr6:71162195|71212494	chr6	71162195	71212494	exon	GBM primary
chr6:73001637|73023375	chr6	73001637	73023375	exon	GBM primary
chr6:73590600|73607929	chr6	73590600	73607929	intron	GBM primary
chr6:73590600|73713721	chr6	73590600	73713721	intron	GBM primary
chr6:73713631|73725125	chr6	73713631	73725125	intron	GBM primary
chr6:74190398|74191967	chr6	74190398	74191967	exon	GBM primary
chr6:80222929|80228802	chr6	80222929	80228802	exon	GBM primary
chr6:80837264|80912929	chr6	80837264	80912929	exon	GBM primary
chr6:82923944|82941559	chr6	82923944	82941559	exon	GBM primary
chr6:84573894|84634311	chr6	84573894	84634311	exon	GBM primary
chr6:86328536|86347074	chr6	86328536	86347074	exon	GBM primary
chr6:86725887|86826597	chr6	86725887	86826597	intergenic_region	GBM primary
chr6:87925621|87955362	chr6	87925621	87955362	exon	GBM primary
chr6:89554076|89614674	chr6	89554076	89614674	exon	GBM primary
chr6:89600214|89650899	chr6	89600214	89650899	exon	GBM primary
chr6:90387289|90399862	chr6	90387289	90399862	exon	GBM primary
chr6:98925427|98930980	chr6	98925427	98930980	intergenic_region	GBM primary
chr6:105259186|105291173	chr6	105259186	105291173	exon	GBM primary
chr6:107954718|107956673	chr6	107954718	107956673	exon	GBM primary
chr6:108222574|108246136	chr6	108222574	108246136	exon	GBM primary
chr6:109197346|109220995	chr6	109197346	109220995	exon	GBM primary
chr6:109232102|109258202	chr6	109232102	109258202	exon	GBM primary
chr6:109740390|109752548	chr6	109740390	109752548	exon	GBM primary
chr6:109900753|109940439	chr6	109900753	109940439	exon	GBM primary
chr6:109962721|109996959	chr6	109962721	109996959	exon	GBM primary
chr6:110036281|110064975	chr6	110036281	110064975	exon	GBM primary
chr6:111493898|111498868	chr6	111493898	111498868	exon	GBM primary
chr6:128385903|128388937	chr6	128385903	128388937	exon	GBM primary
chr6:128399958|128411137	chr6	128399958	128411137	exon	GBM primary
chr6:134301220|134308306	chr6	134301220	134308306	exon	GBM primary
chr6:136704809|136742937	chr6	136704809	136742937	exon	GBM primary
chr6:136922160|137019820	chr6	136922160	137019820	exon	GBM primary
chr6:139228632|139235898	chr6	139228632	139235898	exon	GBM primary
chr6:139228632|139237113	chr6	139228632	139237113	exon	GBM primary
chr6:143486219|143654582	chr6	143486219	143654582	exon	GBM primary
chr6:147527107|147612308	chr6	147527107	147612308	exon	GBM primary
chr6:149833291|149838586	chr6	149833291	149838586	exon	GBM primary
chr6:150157221|150174296	chr6	150157221	150174296	exon	GBM primary
chr6:151766443|151766960	chr6	151766443	151766960	exon	GBM primary
chr6:157120799|157150555	chr6	157120799	157150555	intron	GBM primary
chr6:158288579|158296208	chr6	158288579	158296208	exon	GBM primary
chr6:158703295|158850929	chr6	158703295	158850929	exon	GBM primary
chr6:158720525|158735300	chr6	158720525	158735300	intron	GBM primary
chr6:158733083|158850929	chr6	158733083	158850929	exon	GBM primary
chr7:716866|751164	chr7	716866	751164	exon	GBM primary
chr7:5780604|5781446	chr7	5780604	5781446	exon	GBM primary
chr7:7491950|7557468	chr7	7491950	7557468	exon	GBM primary
chr7:8043538|8126127	chr7	8043538	8126127	exon	GBM primary
chr7:8167503|8275635	chr7	8167503	8275635	exon	GBM primary
chr7:14613837|14661119	chr7	14613837	14661119	exon	GBM primary
chr7:14613837|14669893	chr7	14613837	14669893	exon	GBM primary
chr7:14647059|14758326	chr7	14647059	14758326	exon	GBM primary
chr7:14661003|14758310	chr7	14661003	14758310	exon	GBM primary
chr7:14661003|14775819	chr7	14661003	14775819	exon	GBM primary
chr7:14733700|14775819	chr7	14733700	14775819	exon	GBM primary
chr7:16317754|16445962	chr7	16317754	16445962	exon	GBM primary
chr7:26232115|26237486	chr7	26232115	26237486	exon	GBM primary
chr7:30868295|30880464	chr7	30868295	30880464	exon	GBM primary
chr7:32660016|32718742	chr7	32660016	32718742	exon	GBM primary
chr7:38282029|38299831	chr7	38282029	38299831	intergenic_region	GBM primary
chr7:40027198|40127930	chr7	40027198	40127930	exon	GBM primary
chr7:43490427|43506167	chr7	43490427	43506167	exon	GBM primary
chr7:43495896|43581597	chr7	43495896	43581597	exon	GBM primary
chr7:51251799|51261286	chr7	51251799	51261286	exon	GBM primary
chr7:63981442|63996314	chr7	63981442	63996314	intron	GBM primary
chr7:63981442|64004810	chr7	63981442	64004810	exon	GBM primary
chr7:64377408|64389723	chr7	64377408	64389723	exon	GBM primary
chr7:65444386|65445396	chr7	65444386	65445396	exon	GBM primary
chr7:66240214|66270383	chr7	66240214	66270383	exon	GBM primary
chr7:66410040|66415995	chr7	66410040	66415995	exon	GBM primary
chr7:72861594|72884813	chr7	72861594	72884813	exon	GBM primary
chr7:77003387|77026732	chr7	77003387	77026732	exon	GBM primary
chr7:77549596|77581029	chr7	77549596	77581029	exon	GBM primary
chr7:77755011|77756733	chr7	77755011	77756733	exon	GBM primary
chr7:87329737|87407271	chr7	87329737	87407271	exon	GBM primary
chr7:87762182|87800876	chr7	87762182	87800876	exon	GBM primary
chr7:91682040|91695860	chr7	91682040	91695860	exon	GBM primary
chr7:91924203|91963034	chr7	91924203	91963034	intron	GBM primary
chr7:92130821|92136440	chr7	92130821	92136440	exon	GBM primary
chr7:104714066|104742641	chr7	104714066	104742641	exon	GBM primary
chr7:106820324|106827126	chr7	106820324	106827126	exon	GBM primary
chr7:111617187|111629218	chr7	111617187	111629218	exon	GBM primary
chr7:121659178|121695141	chr7	121659178	121695141	exon	GBM primary
chr7:122019422|122033636	chr7	122019422	122033636	exon	GBM primary
chr7:122076414|122114571	chr7	122076414	122114571	exon	GBM primary
chr7:122091428|122153369	chr7	122091428	122153369	exon	GBM primary
chr7:128263629|128265909	chr7	128263629	128265909	exon	GBM primary
chr7:128655033|128681771	chr7	128655033	128681771	exon	GBM primary
chr7:129297186|129330386	chr7	129297186	129330386	exon	GBM primary
chr7:131060183|131113904	chr7	131060183	131113904	exon	GBM primary
chr7:131060183|131130662	chr7	131060183	131130662	exon	GBM primary
chr7:134632259|134635265	chr7	134632259	134635265	exon	GBM primary
chr7:135321079|135329766	chr7	135321079	135329766	intron	GBM primary
chr7:137206612|137294355	chr7	137206612	137294355	exon	GBM primary
chr7:137206612|137304686	chr7	137206612	137304686	exon	GBM primary
chr7:137237115|137304686	chr7	137237115	137304686	exon	GBM primary
chr7:137330218|137374748	chr7	137330218	137374748	exon	GBM primary
chr7:138921751|138982710	chr7	138921751	138982710	exon	GBM primary
chr7:138921754|138969320	chr7	138921754	138969320	exon	GBM primary
chr7:138958043|138958820	chr7	138958043	138958820	exon	GBM primary
chr7:139741444|139757834	chr7	139741444	139757834	exon	GBM primary
chr7:144288516|144463044	chr7	144288516	144463044	exon	GBM primary
chr7:145892203|145893115	chr7	145892203	145893115	intron	GBM primary
chr7:148454075|148464841	chr7	148454075	148464841	exon	GBM primary
chr7:148809229|148815440	chr7	148809229	148815440	exon	GBM primary
chr7:149246284|149255930	chr7	149246284	149255930	exon	GBM primary
chr7:149247959|149255930	chr7	149247959	149255930	exon	GBM primary
chr7:151261164|151265928	chr7	151261164	151265928	exon	GBM primary
chr7:151917608|151933018	chr7	151917608	151933018	exon	GBM primary
chr7:155465561|155477746	chr7	155465561	155477746	exon	GBM primary
chr8:2855533|3019799	chr8	2855533	3019799	exon	GBM primary
chr8:4822930|4840408	chr8	4822930	4840408	intron	GBM primary
chr8:10289194|10289957	chr8	10289194	10289957	intergenic_region	GBM primary
chr8:10677703|10692285	chr8	10677703	10692285	exon	GBM primary
chr8:13017575|13019926	chr8	13017575	13019926	intron	GBM primary
chr8:16935292|16944544	chr8	16935292	16944544	exon	GBM primary
chr8:16955967|16991770	chr8	16955967	16991770	intergenic_region	GBM primary
chr8:17137884|17143936	chr8	17137884	17143936	exon	GBM primary
chr8:19234748|19260648	chr8	19234748	19260648	intergenic_region	GBM primary
chr8:19572396|19590077	chr8	19572396	19590077	intron	GBM primary
chr8:24774921|24775091	chr8	24774921	24775091	exon	GBM primary
chr8:26425862|26441499	chr8	26425862	26441499	intron	GBM primary
chr8:26627798|26628183	chr8	26627798	26628183	exon	GBM primary
chr8:27457495|27462651	chr8	27457495	27462651	exon	GBM primary
chr8:30557598|30560757	chr8	30557598	30560757	exon	GBM primary
chr8:31792482|31802318	chr8	31792482	31802318	intron	GBM primary
chr8:38105231|38109805	chr8	38105231	38109805	exon	GBM primary
chr8:38975605|39114862	chr8	38975605	39114862	exon	GBM primary
chr8:41801266|41812929	chr8	41801266	41812929	exon	GBM primary
chr8:42202471|42207583	chr8	42202471	42207583	exon	GBM primary
chr8:42202471|42210086	chr8	42202471	42210086	exon	GBM primary
chr8:42716888|42729149	chr8	42716888	42729149	exon	GBM primary
chr8:42761316|42829337	chr8	42761316	42829337	exon	GBM primary
chr8:42924698|42940539	chr8	42924698	42940539	exon	GBM primary
chr8:48812933|48843347	chr8	48812933	48843347	exon	GBM primary
chr8:51306772|51415440	chr8	51306772	51415440	exon	GBM primary
chr8:51351103|51370512	chr8	51351103	51370512	exon	GBM primary
chr8:51415338|51465739	chr8	51415338	51465739	exon	GBM primary
chr8:51442737|51465739	chr8	51442737	51465739	exon	GBM primary
chr8:54682178|54714456	chr8	54682178	54714456	exon	GBM primary
chr8:54708207|54714456	chr8	54708207	54714456	exon	GBM primary
chr8:54708207|54742093	chr8	54708207	54742093	exon	GBM primary
chr8:54723724|54742093	chr8	54723724	54742093	exon	GBM primary
chr8:59535779|59555632	chr8	59535779	59555632	exon	GBM primary
chr8:62460630|62479877	chr8	62460630	62479877	exon	GBM primary
chr8:67356602|67356983	chr8	67356602	67356983	exon	GBM primary
chr8:68183937|68189692	chr8	68183937	68189692	exon	GBM primary
chr8:68956722|68973014	chr8	68956722	68973014	exon	GBM primary
chr8:69039613|69069671	chr8	69039613	69069671	exon	GBM primary
chr8:71593016|71625811	chr8	71593016	71625811	intron	GBM primary
chr8:73117534|73123790	chr8	73117534	73123790	intron	GBM primary
chr8:74495005|74601048	chr8	74495005	74601048	exon	GBM primary
chr8:75412748|75525175	chr8	75412748	75525175	intergenic_region	GBM primary
chr8:85258354|85441812	chr8	85258354	85441812	exon	GBM primary
chr8:89086833|89180202	chr8	89086833	89180202	exon	GBM primary
chr8:99560197|99608397	chr8	99560197	99608397	exon	GBM primary
chr8:104778455|104898451	chr8	104778455	104898451	exon	GBM primary
chr8:104922362|104973361	chr8	104922362	104973361	exon	GBM primary
chr8:107715134|107726213	chr8	107715134	107726213	exon	GBM primary
chr8:119251954|119253509	chr8	119251954	119253509	exon	GBM primary
chr8:119736758|119776623	chr8	119736758	119776623	intron	GBM primary
chr8:124035953|124042956	chr8	124035953	124042956	exon	GBM primary
chr8:124089351|124132428	chr8	124089351	124132428	exon	GBM primary
chr8:126061248|126069908	chr8	126061248	126069908	exon	GBM primary
chr8:131191510|131193126	chr8	131191510	131193126	exon	GBM primary
chr8:138151090|138184248	chr8	138151090	138184248	intergenic_region	GBM primary
chr8:140623580|140624917	chr8	140623580	140624917	exon	GBM primary
chr8:141684397|141685598	chr8	141684397	141685598	exon	GBM primary
chr8:141856359|141935848	chr8	141856359	141935848	exon	GBM primary
chr9:3262935|3293258	chr9	3262935	3293258	exon	GBM primary
chr9:4622408|4635399	chr9	4622408	4635399	exon	GBM primary
chr9:9938507|10033790	chr9	9938507	10033790	exon	GBM primary
chr9:15563976|15591554	chr9	15563976	15591554	exon	GBM primary
chr9:19276156|19300329	chr9	19276156	19300329	exon	GBM primary
chr9:20715321|20765072	chr9	20715321	20765072	exon	GBM primary
chr9:26501574|26569673	chr9	26501574	26569673	intergenic_region	GBM primary
chr9:26978126|26984557	chr9	26978126	26984557	exon	GBM primary
chr9:33675624|33676485	chr9	33675624	33676485	exon	GBM primary
chr9:37126309|37206491	chr9	37126309	37206491	intron	GBM primary
chr9:37302185|37305711	chr9	37302185	37305711	exon	GBM primary
chr9:72831202|72834837	chr9	72831202	72834837	intron	GBM primary
chr9:74305008|74313120	chr9	74305008	74313120	exon	GBM primary
chr9:77092583|77101205	chr9	77092583	77101205	intergenic_region	GBM primary
chr9:79825532|79895154	chr9	79825532	79895154	exon	GBM primary
chr9:82227571|82268990	chr9	82227571	82268990	exon	GBM primary
chr9:87317074|87367000	chr9	87317074	87367000	exon	GBM primary
chr9:91723963|91727541	chr9	91723963	91727541	intron	GBM primary
chr9:91943575|91956394	chr9	91943575	91956394	exon	GBM primary
chr9:94808281|94843245	chr9	94808281	94843245	exon	GBM primary
chr9:97535284|97563284	chr9	97535284	97563284	exon	GBM primary
chr9:98728844|98766983	chr9	98728844	98766983	exon	GBM primary
chr9:99680925|99705034	chr9	99680925	99705034	exon	GBM primary
chr9:101124997|101156537	chr9	101124997	101156537	exon	GBM primary
chr9:101124997|101168423	chr9	101124997	101168423	exon	GBM primary
chr9:111812563|111835718	chr9	111812563	111835718	exon	GBM primary
chr9:111819471|111826847	chr9	111819471	111826847	exon	GBM primary
chr9:111903623|111912000	chr9	111903623	111912000	exon	GBM primary
chr9:115013209|115092754	chr9	115013209	115092754	exon	GBM primary
chr9:115038124|115092754	chr9	115038124	115092754	exon	GBM primary
chr9:119380603|119382722	chr9	119380603	119382722	exon	GBM primary
chr9:119567911|119626012	chr9	119567911	119626012	exon	GBM primary
chr9:120819308|120929210	chr9	120819308	120929210	intergenic_region	GBM primary
chr9:125616231|125618157	chr9	125616231	125618157	exon	GBM primary
chr9:125616231|125639862	chr9	125616231	125639862	exon	GBM primary
chr9:125639750|125659855	chr9	125639750	125659855	exon	GBM primary
chr9:125832629|125839041	chr9	125832629	125839041	exon	GBM primary
chr9:126319849|126371760	chr9	126319849	126371760	exon	GBM primary
chr9:127818155|127828337	chr9	127818155	127828337	exon	GBM primary
chr9:129143343|129184227	chr9	129143343	129184227	exon	GBM primary
chr9:129724504|129740024	chr9	129724504	129740024	exon	GBM primary
chr9:129928348|129937061	chr9	129928348	129937061	exon	GBM primary
chr9:130094553|130107756	chr9	130094553	130107756	exon	GBM primary
chr9:138754313|138774924	chr9	138754313	138774924	exon	GBM primary
chr9:140622801|140657272	chr9	140622801	140657272	exon	GBM primary
chr9:140685300|140712590	chr9	140685300	140712590	exon	GBM primary
chr9:140846726|140852139	chr9	140846726	140852139	exon	GBM primary
chrX:1469715|1470631	chrX	1469715	1470631	intron	GBM primary
chrX:11187625|11207104	chrX	11187625	11207104	exon	GBM primary
chrX:16846217|16847893	chrX	16846217	16847893	exon	GBM primary
chrX:21534603|21613513	chrX	21534603	21613513	exon	GBM primary
chrX:21534603|21619467	chrX	21534603	21619467	exon	GBM primary
chrX:24828015|24906239	chrX	24828015	24906239	exon	GBM primary
chrX:53595652|53596787	chrX	53595652	53596787	exon	GBM primary
chrX:53672263|53707139	chrX	53672263	53707139	exon	GBM primary
chrX:54491884|54492285	chrX	54491884	54492285	exon	GBM primary
chrX:62443612|62563168	chrX	62443612	62563168	intergenic_region	GBM primary
chrX:64271342|64333693	chrX	64271342	64333693	intergenic_region	GBM primary
chrX:67266836|67293141	chrX	67266836	67293141	exon	GBM primary
chrX:67316712|67421552	chrX	67316712	67421552	exon	GBM primary
chrX:67731691|67742759	chrX	67731691	67742759	exon	GBM primary
chrX:69716702|69717071	chrX	69716702	69717071	intron	GBM primary
chrX:79973072|79985519	chrX	79973072	79985519	exon	GBM primary
chrX:83371237|83419395	chrX	83371237	83419395	exon	GBM primary
chrX:83390112|83419395	chrX	83390112	83419395	exon	GBM primary
chrX:95614565|95619679	chrX	95614565	95619679	intergenic_region	GBM primary
chrX:102071920|102120080	chrX	102071920	102120080	exon	GBM primary
chrX:102119970|102160665	chrX	102119970	102160665	intergenic_region	GBM primary
chrX:103838700|103903676	chrX	103838700	103903676	intron	GBM primary
chrX:110390965|110439868	chrX	110390965	110439868	exon	GBM primary
chrX:117526595|117538407	chrX	117526595	117538407	exon	GBM primary
chrX:118774655|118787003	chrX	118774655	118787003	exon	GBM primary
chrX:133607389|133632466	chrX	133607389	133632466	exon	GBM primary
chrX:133607389|133648081	chrX	133607389	133648081	intron	GBM primary
chrY:4899947|4968748	chrY	4899947	4968748	exon	GBM primary
chrY:4924930|5102427	chrY	4924930	5102427	intron	GBM primary
chrY:21094629|21095361	chrY	21094629	21095361	intron	GBM primary
chrY:21205049|21206581	chrY	21205049	21206581	exon	GBM primary
chr1:8926354|8938730	chr1	8926354	8938730	exon	GBM primary
chr1:10340570|10344144	chr1	10340570	10344144	intron	GBM primary
chr1:13933668|13937011	chr1	13933668	13937011	exon	GBM primary
chr1:21071237|21100103	chr1	21071237	21100103	exon	GBM primary
chr1:22816373|22818026	chr1	22816373	22818026	exon	GBM primary
chr1:29010095|29023596	chr1	29010095	29023596	exon	GBM primary
chr1:33149611|33149983	chr1	33149611	33149983	exon	GBM primary
chr1:38029742|38030078	chr1	38029742	38030078	intron	GBM primary
chr1:40733458|40737707	chr1	40733458	40737707	exon	GBM primary
chr1:48860939|48869554	chr1	48860939	48869554	exon	GBM primary
chr1:51968484|51971784	chr1	51968484	51971784	intron	GBM primary
chr1:52682041|52705267	chr1	52682041	52705267	exon	GBM primary
chr1:61553821|61743257	chr1	61553821	61743257	exon	GBM primary
chr1:61743192|61849037	chr1	61743192	61849037	exon	GBM primary
chr1:61848909|61872399	chr1	61848909	61872399	exon	GBM primary
chr1:61848909|61892228	chr1	61848909	61892228	exon	GBM primary
chr1:63962058|63967273	chr1	63962058	63967273	intron	GBM primary
chr1:67299268|67371058	chr1	67299268	67371058	exon	GBM primary
chr1:67308374|67308620	chr1	67308374	67308620	intron	GBM primary
chr1:78268955|78272786	chr1	78268955	78272786	exon	GBM primary
chr1:93142715|93170301	chr1	93142715	93170301	exon	GBM primary
chr1:93770945|93791452	chr1	93770945	93791452	exon	GBM primary
chr1:97981282|98165858	chr1	97981282	98165858	intron	GBM primary
chr1:155340295|155365344	chr1	155340295	155365344	exon	GBM primary
chr1:155631098|155741008	chr1	155631098	155741008	intergenic_region	GBM primary
chr1:155790397|155796819	chr1	155790397	155796819	exon	GBM primary
chr1:161748034|161772062	chr1	161748034	161772062	exon	GBM primary
chr1:164630895|164631327	chr1	164630895	164631327	intron	GBM primary
chr1:164761731|164790863	chr1	164761731	164790863	exon	GBM primary
chr1:173542321|173556969	chr1	173542321	173556969	exon	GBM primary
chr1:179347772|179364337	chr1	179347772	179364337	exon	GBM primary
chr1:179862308|179862631	chr1	179862308	179862631	intron	GBM primary
chr1:179869261|179883189	chr1	179869261	179883189	exon	GBM primary
chr1:207989274|207992491	chr1	207989274	207992491	exon	GBM primary
chr1:213244348|213277911	chr1	213244348	213277911	exon	GBM primary
chr1:219467403|219484777	chr1	219467403	219484777	intergenic_region	GBM primary
chr1:222997226|223073207	chr1	222997226	223073207	exon	GBM primary
chr1:231406504|231411942	chr1	231406504	231411942	exon	GBM primary
chr1:233334685|233353930	chr1	233334685	233353930	exon	GBM primary
chr1:240286479|240458183	chr1	240286479	240458183	exon	GBM primary
chr1:245165423|245246990	chr1	245165423	245246990	exon	GBM primary
chr1:246091233|246093239	chr1	246091233	246093239	exon	GBM primary
chr1:247076534|247081679	chr1	247076534	247081679	exon	GBM primary
chr10:17645559|17646046	chr10	17645559	17646046	exon	GBM primary
chr10:20436713|20466338	chr10	20436713	20466338	exon	GBM primary
chr10:27356086|27375538	chr10	27356086	27375538	exon	GBM primary
chr10:34558585|34649187	chr10	34558585	34649187	exon	GBM primary
chr10:60994064|61004972	chr10	60994064	61004972	exon	GBM primary
chr10:70411603|70433244	chr10	70411603	70433244	intron	GBM primary
chr10:71964629|71969441	chr10	71964629	71969441	exon	GBM primary
chr10:74474869|74475660	chr10	74474869	74475660	exon	GBM primary
chr10:75830428|75832610	chr10	75830428	75832610	exon	GBM primary
chr10:95123718|95129533	chr10	95123718	95129533	exon	GBM primary
chr11:933176|935148	chr11	933176	935148	intron	GBM primary
chr11:9746205|9761894	chr11	9746205	9761894	exon	GBM primary
chr11:19848422|19864469	chr11	19848422	19864469	intron	GBM primary
chr11:33307959|33327555	chr11	33307959	33327555	intron	GBM primary
chr11:46771824|46775047	chr11	46771824	46775047	exon	GBM primary
chr11:47647226|47656286	chr11	47647226	47656286	exon	GBM primary
chr11:47804625|47808106	chr11	47804625	47808106	exon	GBM primary
chr11:63662631|63663105	chr11	63662631	63663105	exon	GBM primary
chr11:65270592|65271829	chr11	65270592	65271829	exon	GBM primary
chr11:77436590|77475734	chr11	77436590	77475734	exon	GBM primary
chr11:102076624|102094483	chr11	102076624	102094483	exon	GBM primary
chr11:102936998|102954055	chr11	102936998	102954055	exon	GBM primary
chr11:103144001|103145745	chr11	103144001	103145745	intron	GBM primary
chr11:107673727|107686691	chr11	107673727	107686691	exon	GBM primary
chr11:120276827|120302620	chr11	120276827	120302620	exon	GBM primary
chr11:121934888|121959756	chr11	121934888	121959756	intron	GBM primary
chr11:122827204|122828199	chr11	122827204	122828199	exon	GBM primary
chr11:125330394|125333466	chr11	125330394	125333466	exon	GBM primary
chr12:1289706|1346070	chr12	1289706	1346070	exon	GBM primary
chr12:14576843|14619524	chr12	14576843	14619524	exon	GBM primary
chr12:19615444|19667718	chr12	19615444	19667718	exon	GBM primary
chr12:26540367|26628351	chr12	26540367	26628351	exon	GBM primary
chr12:28458582|28605587	chr12	28458582	28605587	exon	GBM primary
chr12:47497896|47501947	chr12	47497896	47501947	intron	GBM primary
chr12:54635528|54651476	chr12	54635528	54651476	exon	GBM primary
chr12:56997143|56999111	chr12	56997143	56999111	exon	GBM primary
chr12:78522486|78571093	chr12	78522486	78571093	exon	GBM primary
chr12:83358803|83379825	chr12	83358803	83379825	exon	GBM primary
chr12:88926218|88939642	chr12	88926218	88939642	exon	GBM primary
chr12:97015368|97038186	chr12	97015368	97038186	exon	GBM primary
chr12:97041653|97186277	chr12	97041653	97186277	exon	GBM primary
chr12:97147521|97158996	chr12	97147521	97158996	exon	GBM primary
chr12:97147521|97186277	chr12	97147521	97186277	exon	GBM primary
chr12:97303530|97313903	chr12	97303530	97313903	exon	GBM primary
chr12:107080662|107083142	chr12	107080662	107083142	exon	GBM primary
chr12:110463547|110471762	chr12	110463547	110471762	exon	GBM primary
chr12:116628603|116675510	chr12	116628603	116675510	intron	GBM primary
chr13:41869431|41877831	chr13	41869431	41877831	intergenic_region	GBM primary
chr14:20863609|20864889	chr14	20863609	20864889	exon	GBM primary
chr14:30068233|30095762	chr14	30068233	30095762	exon	GBM primary
chr14:30193676|30194880	chr14	30193676	30194880	exon	GBM primary
chr14:31392416|31425448	chr14	31392416	31425448	intron	GBM primary
chr14:31416296|31425448	chr14	31416296	31425448	exon	GBM primary
chr14:33525111|33684793	chr14	33525111	33684793	exon	GBM primary
chr14:33684388|33725084	chr14	33684388	33725084	intron	GBM primary
chr14:36184913|36194359	chr14	36184913	36194359	intron	GBM primary
chr14:50647290|50655418	chr14	50647290	50655418	exon	GBM primary
chr14:51101932|51111732	chr14	51101932	51111732	exon	GBM primary
chr14:56083235|56096815	chr14	56083235	56096815	exon	GBM primary
chr14:71413632|71445365	chr14	71413632	71445365	exon	GBM primary
chr14:73538335|73544244	chr14	73538335	73544244	exon	GBM primary
chr14:76105695|76108241	chr14	76105695	76108241	exon	GBM primary
chr14:76211438|76286504	chr14	76211438	76286504	exon	GBM primary
chr14:90390857|90398971	chr14	90390857	90398971	exon	GBM primary
chr14:91655254|91666249	chr14	91655254	91666249	exon	GBM primary
chr14:91931594|91957146	chr14	91931594	91957146	exon	GBM primary
chr14:99866436|99924872	chr14	99866436	99924872	exon	GBM primary
chr14:100836255|100837571	chr14	100836255	100837571	intron	GBM primary
chr14:102356574|102376027	chr14	102356574	102376027	exon	GBM primary
chr15:34781164|34782997	chr15	34781164	34782997	intergenic_region	GBM primary
chr15:41032752|41033921	chr15	41032752	41033921	intron	GBM primary
chr15:43348542|43351390	chr15	43348542	43351390	exon	GBM primary
chr15:43707792|43730614	chr15	43707792	43730614	exon	GBM primary
chr15:48460828|48461036	chr15	48460828	48461036	exon	GBM primary
chr15:50595126|50596330	chr15	50595126	50596330	exon	GBM primary
chr15:55731670|55742565	chr15	55731670	55742565	exon	GBM primary
chr15:56161777|56166206	chr15	56161777	56166206	exon	GBM primary
chr15:56434976|56436681	chr15	56434976	56436681	exon	GBM primary
chr15:56676150|56704634	chr15	56676150	56704634	exon	GBM primary
chr15:56923636|56927448	chr15	56923636	56927448	exon	GBM primary
chr15:65110145|65111422	chr15	65110145	65111422	exon	GBM primary
chr15:65959787|65962526	chr15	65959787	65962526	exon	GBM primary
chr15:72292192|72302788	chr15	72292192	72302788	exon	GBM primary
chr15:75702177|75705386	chr15	75702177	75705386	exon	GBM primary
chr15:86064659|86087186	chr15	86064659	86087186	exon	GBM primary
chr15:93496587|93518180	chr15	93496587	93518180	exon	GBM primary
chr15:93540187|93558139	chr15	93540187	93558139	exon	GBM primary
chr16:9039203|9041287	chr16	9039203	9041287	intron	GBM primary
chr16:14304100|14312855	chr16	14304100	14312855	exon	GBM primary
chr16:17352845|17451907	chr16	17352845	17451907	exon	GBM primary
chr16:21639233|21639846	chr16	21639233	21639846	intron	GBM primary
chr16:22157557|22159627	chr16	22157557	22159627	exon	GBM primary
chr16:27222467|27226329	chr16	27222467	27226329	exon	GBM primary
chr16:53281205|53289691	chr16	53281205	53289691	exon	GBM primary
chr16:70497072|70497677	chr16	70497072	70497677	exon	GBM primary
chr16:70594372|70597953	chr16	70594372	70597953	exon	GBM primary
chr16:71149599|71220821	chr16	71149599	71220821	exon	GBM primary
chr16:71163543|71220821	chr16	71163543	71220821	exon	GBM primary
chr16:71186562|71220821	chr16	71186562	71220821	exon	GBM primary
chr16:72845476|72845937	chr16	72845476	72845937	exon	GBM primary
chr16:74919551|74920294	chr16	74919551	74920294	exon	GBM primary
chr16:89371614|89383483	chr16	89371614	89383483	exon	GBM primary
chr17:5211989|5250220	chr17	5211989	5250220	exon	GBM primary
chr17:11958206|11984847	chr17	11958206	11984847	exon	GBM primary
chr17:19554860|19575269	chr17	19554860	19575269	exon	GBM primary
chr17:19835689|19836441	chr17	19835689	19836441	intron	GBM primary
chr17:27829607|27838010	chr17	27829607	27838010	exon	GBM primary
chr17:37500085|37500539	chr17	37500085	37500539	intron	GBM primary
chr17:37721013|37723145	chr17	37721013	37723145	intergenic_region	GBM primary
chr17:43552466|43555513	chr17	43552466	43555513	exon	GBM primary
chr17:44770269|44806300	chr17	44770269	44806300	exon	GBM primary
chr17:45041063|45042405	chr17	45041063	45042405	exon	GBM primary
chr17:63081894|63084852	chr17	63081894	63084852	intergenic_region	GBM primary
chr17:64023619|64066119	chr17	64023619	64066119	exon	GBM primary
chr17:65528918|65628354	chr17	65528918	65628354	exon	GBM primary
chr17:73142761|73144766	chr17	73142761	73144766	exon	GBM primary
chr17:76000251|76027923	chr17	76000251	76027923	exon	GBM primary
chr18:196637|199316	chr18	196637	199316	exon	GBM primary
chr18:346295|357522	chr18	346295	357522	exon	GBM primary
chr18:6171827|6244587	chr18	6171827	6244587	exon	GBM primary
chr18:6977726|6980636	chr18	6977726	6980636	exon	GBM primary
chr18:12323715|12324543	chr18	12323715	12324543	intron	GBM primary
chr18:46858234|46860223	chr18	46858234	46860223	exon	GBM primary
chr18:51686135|51692536	chr18	51686135	51692536	exon	GBM primary
chr18:51797730|51810435	chr18	51797730	51810435	exon	GBM primary
chr18:52942850|52946887	chr18	52942850	52946887	exon	GBM primary
chr18:56601665|56615461	chr18	56601665	56615461	exon	GBM primary
chr18:66490603|66564919	chr18	66490603	66564919	exon	GBM primary
chr18:76886267|76974038	chr18	76886267	76974038	exon	GBM primary
chr19:23527784|23545527	chr19	23527784	23545527	intron	GBM primary
chr19:23844916|23845960	chr19	23844916	23845960	exon	GBM primary
chr19:31695862|31733781	chr19	31695862	31733781	exon	GBM primary
chr19:34934749|34936026	chr19	34934749	34936026	exon	GBM primary
chr19:34941170|34957919	chr19	34941170	34957919	exon	GBM primary
chr19:47767860|47768203	chr19	47767860	47768203	exon	GBM primary
chr19:48781478|48781985	chr19	48781478	48781985	intron	GBM primary
chr19:52856935|52857632	chr19	52856935	52857632	exon	GBM primary
chr19:58372744|58374628	chr19	58372744	58374628	exon	GBM primary
chr2:15506704|15542425	chr2	15506704	15542425	exon	GBM primary
chr2:15739793|15761240	chr2	15739793	15761240	exon	GBM primary
chr2:19100479|19248319	chr2	19100479	19248319	intergenic_region	GBM primary
chr2:24533153|24538093	chr2	24533153	24538093	exon	GBM primary
chr2:27865296|27870810	chr2	27865296	27870810	exon	GBM primary
chr2:32399132|32400430	chr2	32399132	32400430	exon	GBM primary
chr2:32664576|32698307	chr2	32664576	32698307	exon	GBM primary
chr2:33505106|33572577	chr2	33505106	33572577	exon	GBM primary
chr2:53921021|53992722	chr2	53921021	53992722	exon	GBM primary
chr2:68729863|68753374	chr2	68729863	68753374	exon	GBM primary
chr2:71282309|71283956	chr2	71282309	71283956	intron	GBM primary
chr2:73716761|73747143	chr2	73716761	73747143	exon	GBM primary
chr2:74392345|74399879	chr2	74392345	74399879	exon	GBM primary
chr2:97864200|97868130	chr2	97864200	97868130	exon	GBM primary
chr2:97869928|97873576	chr2	97869928	97873576	exon	GBM primary
chr2:110325392|110343415	chr2	110325392	110343415	exon	GBM primary
chr2:114974390|114975599	chr2	114974390	114975599	intergenic_region	GBM primary
chr2:150325159|150342859	chr2	150325159	150342859	intergenic_region	GBM primary
chr2:173423436|173427019	chr2	173423436	173427019	exon	GBM primary
chr2:186946057|186964557	chr2	186946057	186964557	intergenic_region	GBM primary
chr2:197080589|197172809	chr2	197080589	197172809	exon	GBM primary
chr2:208420352|208435045	chr2	208420352	208435045	exon	GBM primary
chr2:218290025|218298839	chr2	218290025	218298839	exon	GBM primary
chr20:17937577|17941969	chr20	17937577	17941969	exon	GBM primary
chr20:44387031|44416621	chr20	44387031	44416621	exon	GBM primary
chr20:48744512|48747484	chr20	48744512	48747484	exon	GBM primary
chr21:35138179|35172233	chr21	35138179	35172233	exon	GBM primary
chr22:28910745|28924716	chr22	28910745	28924716	intron	GBM primary
chr22:33960834|33973950	chr22	33960834	33973950	intron	GBM primary
chr22:38733174|38734836	chr22	38733174	38734836	intron	GBM primary
chr22:41521868|41569788	chr22	41521868	41569788	exon	GBM primary
chr3:12641190|12645788	chr3	12641190	12645788	exon	GBM primary
chr3:15604865|15631119	chr3	15604865	15631119	exon	GBM primary
chr3:29910349|29941246	chr3	29910349	29941246	exon	GBM primary
chr3:33661095|33686395	chr3	33661095	33686395	exon	GBM primary
chr3:38542846|38548459	chr3	38542846	38548459	exon	GBM primary
chr3:41657160|41723295	chr3	41657160	41723295	exon	GBM primary
chr3:47227556|47229665	chr3	47227556	47229665	intron	GBM primary
chr3:47703824|47717078	chr3	47703824	47717078	exon	GBM primary
chr3:48729154|48729387	chr3	48729154	48729387	intron	GBM primary
chr3:54172660|54174201	chr3	54172660	54174201	intron	GBM primary
chr3:56605209|56647778	chr3	56605209	56647778	exon	GBM primary
chr3:81691932|81720104	chr3	81691932	81720104	exon	GBM primary
chr3:111793143|111797725	chr3	111793143	111797725	exon	GBM primary
chr3:121354582|121356103	chr3	121354582	121356103	exon	GBM primary
chr3:122842913|122843190	chr3	122842913	122843190	exon	GBM primary
chr3:130851589|130852800	chr3	130851589	130852800	exon	GBM primary
chr3:142083889|142141764	chr3	142083889	142141764	exon	GBM primary
chr3:149563798|149629870	chr3	149563798	149629870	exon	GBM primary
chr3:169693396|169706147	chr3	169693396	169706147	exon	GBM primary
chr3:169835014|169840532	chr3	169835014	169840532	exon	GBM primary
chr3:169866874|169896726	chr3	169866874	169896726	exon	GBM primary
chr3:170884884|170912424	chr3	170884884	170912424	exon	GBM primary
chr3:178519581|178639698	chr3	178519581	178639698	intergenic_region	GBM primary
chr3:179481790|179483636	chr3	179481790	179483636	exon	GBM primary
chr3:180652926|180671628	chr3	180652926	180671628	exon	GBM primary
chr3:183454506|183480067	chr3	183454506	183480067	exon	GBM primary
chr3:188609963|188631126	chr3	188609963	188631126	intergenic_region	GBM primary
chr3:193746077|193748535	chr3	193746077	193748535	intron	GBM primary
chr3:195343807|195444620	chr3	195343807	195444620	intergenic_region	GBM primary
chr4:2877623|2886393	chr4	2877623	2886393	exon	GBM primary
chr4:25398286|25408875	chr4	25398286	25408875	exon	GBM primary
chr4:26719555|26750148	chr4	26719555	26750148	exon	GBM primary
chr4:36179449|36231267	chr4	36179449	36231267	exon	GBM primary
chr4:48512076|48529670	chr4	48512076	48529670	exon	GBM primary
chr4:80006381|80020388	chr4	80006381	80020388	intron	GBM primary
chr4:80006381|80117086	chr4	80006381	80117086	intron	GBM primary
chr4:80116990|80118184	chr4	80116990	80118184	intron	GBM primary
chr4:87593518|87614827	chr4	87593518	87614827	exon	GBM primary
chr4:95561427|95585186	chr4	95561427	95585186	exon	GBM primary
chr4:99027104|99055610	chr4	99027104	99055610	exon	GBM primary
chr4:99325628|99342545	chr4	99325628	99342545	exon	GBM primary
chr4:103225474|103236896	chr4	103225474	103236896	exon	GBM primary
chr4:106367540|106374799	chr4	106367540	106374799	exon	GBM primary
chr4:123848789|123900541	chr4	123848789	123900541	exon	GBM primary
chr4:147788650|147830401	chr4	147788650	147830401	exon	GBM primary
chr4:151082441|151083952	chr4	151082441	151083952	intron	GBM primary
chr4:186291794|186298172	chr4	186291794	186298172	exon	GBM primary
chr5:11117562|11236935	chr5	11117562	11236935	exon	GBM primary
chr5:13914629|13931353	chr5	13914629	13931353	exon	GBM primary
chr5:34048755|34049290	chr5	34048755	34049290	intron	GBM primary
chr5:37238959|37247847	chr5	37238959	37247847	exon	GBM primary
chr5:54767337|54768170	chr5	54767337	54768170	intron	GBM primary
chr5:64747302|64748745	chr5	64747302	64748745	exon	GBM primary
chr5:70811913|70849147	chr5	70811913	70849147	exon	GBM primary
chr5:79768580|79770649	chr5	79768580	79770649	exon	GBM primary
chr5:79974746|80048075	chr5	79974746	80048075	intron	GBM primary
chr5:80021272|80040434	chr5	80021272	80040434	exon	GBM primary
chr5:80021272|80057497	chr5	80021272	80057497	exon	GBM primary
chr5:92880501|92899169	chr5	92880501	92899169	exon	GBM primary
chr5:110418230|110446977	chr5	110418230	110446977	intergenic_region	GBM primary
chr5:118264232|118280344	chr5	118264232	118280344	exon	GBM primary
chr5:123974826|123980354	chr5	123974826	123980354	exon	GBM primary
chr5:125761362|125767721	chr5	125761362	125767721	intron	GBM primary
chr5:141511373|141524241	chr5	141511373	141524241	exon	GBM primary
chr5:146017814|146080705	chr5	146017814	146080705	exon	GBM primary
chr5:157268497|157268738	chr5	157268497	157268738	intron	GBM primary
chr5:179020479|179021964	chr5	179020479	179021964	exon	GBM primary
chr5:179151721|179153760	chr5	179151721	179153760	exon	GBM primary
chr6:2799552|2827031	chr6	2799552	2827031	intergenic_region	GBM primary
chr6:11565899|11567768	chr6	11565899	11567768	intron	GBM primary
chr6:15452237|15468949	chr6	15452237	15468949	exon	GBM primary
chr6:32088548|32094029	chr6	32088548	32094029	exon	GBM primary
chr6:32610387|32713849	chr6	32610387	32713849	intergenic_region	GBM primary
chr6:55988860|56006781	chr6	55988860	56006781	exon	GBM primary
chr6:56394772|56465019	chr6	56394772	56465019	exon	GBM primary
chr6:71136273|71162274	chr6	71136273	71162274	exon	GBM primary
chr6:74432974|74446231	chr6	74432974	74446231	exon	GBM primary
chr6:80838878|80914855	chr6	80838878	80914855	intron	GBM primary
chr6:101214441|101215221	chr6	101214441	101215221	exon	GBM primary
chr6:109249291|109258202	chr6	109249291	109258202	exon	GBM primary
chr6:121866730|121881026	chr6	121866730	121881026	intergenic_region	GBM primary
chr6:125366357|125398004	chr6	125366357	125398004	exon	GBM primary
chr6:129815213|129879311	chr6	129815213	129879311	intergenic_region	GBM primary
chr6:146202764|146216113	chr6	146202764	146216113	intron	GBM primary
chr6:146214351|146216113	chr6	146214351	146216113	exon	GBM primary
chr6:151116992|151125877	chr6	151116992	151125877	exon	GBM primary
chr6:152554916|152565791	chr6	152554916	152565791	exon	GBM primary
chr6:158731398|158735300	chr6	158731398	158735300	exon	GBM primary
chr6:167356507|167362113	chr6	167356507	167362113	exon	GBM primary
chr7:2400345|2404164	chr7	2400345	2404164	exon	GBM primary
chr7:3658712|3681737	chr7	3658712	3681737	exon	GBM primary
chr7:6736970|6737442	chr7	6736970	6737442	exon	GBM primary
chr7:11675757|11676588	chr7	11675757	11676588	exon	GBM primary
chr7:18624904|18633652	chr7	18624904	18633652	exon	GBM primary
chr7:32528861|32530378	chr7	32528861	32530378	exon	GBM primary
chr7:33185854|33231175	chr7	33185854	33231175	intron	GBM primary
chr7:33185881|33217203	chr7	33185881	33217203	exon	GBM primary
chr7:38829401|38836464	chr7	38829401	38836464	exon	GBM primary
chr7:39683364|39692723	chr7	39683364	39692723	intron	GBM primary
chr7:56049903|56065142	chr7	56049903	56065142	exon	GBM primary
chr7:65892936|65904291	chr7	65892936	65904291	exon	GBM primary
chr7:72401295|72402344	chr7	72401295	72402344	intron	GBM primary
chr7:90546916|90585132	chr7	90546916	90585132	exon	GBM primary
chr7:92881966|92888944	chr7	92881966	92888944	exon	GBM primary
chr7:92881966|92940584	chr7	92881966	92940584	exon	GBM primary
chr7:101801840|101821937	chr7	101801840	101821937	exon	GBM primary
chr7:102453724|102495307	chr7	102453724	102495307	exon	GBM primary
chr7:102603980|102669865	chr7	102603980	102669865	exon	GBM primary
chr7:102665510|102687467	chr7	102665510	102687467	exon	GBM primary
chr7:102994368|102996240	chr7	102994368	102996240	exon	GBM primary
chr7:105121499|105146720	chr7	105121499	105146720	exon	GBM primary
chr7:107953109|108040037	chr7	107953109	108040037	exon	GBM primary
chr7:120372957|120388025	chr7	120372957	120388025	exon	GBM primary
chr7:123119849|123136960	chr7	123119849	123136960	exon	GBM primary
chr7:131113792|131155703	chr7	131113792	131155703	exon	GBM primary
chr7:138822593|138833123	chr7	138822593	138833123	exon	GBM primary
chr7:148463653|148464841	chr7	148463653	148464841	exon	GBM primary
chr7:151935792|151948051	chr7	151935792	151948051	exon	GBM primary
chr7:153555506|153562137	chr7	153555506	153562137	intergenic_region	GBM primary
chr7:153777941|153780814	chr7	153777941	153780814	intron	GBM primary
chr7:155493467|155511137	chr7	155493467	155511137	exon	GBM primary
chr7:155530224|155538296	chr7	155530224	155538296	exon	GBM primary
chr7:158662546|158672680	chr7	158662546	158672680	exon	GBM primary
chr7:158662546|158711560	chr7	158662546	158711560	exon	GBM primary
chr8:1824737|1833873	chr8	1824737	1833873	exon	GBM primary
chr8:8791363|8793300	chr8	8791363	8793300	intergenic_region	GBM primary
chr8:17847368|17872349	chr8	17847368	17872349	exon	GBM primary
chr8:32453346|32474403	chr8	32453346	32474403	exon	GBM primary
chr8:38975605|39018484	chr8	38975605	39018484	exon	GBM primary
chr8:38994176|39044564	chr8	38994176	39044564	exon	GBM primary
chr8:42780700|42814457	chr8	42780700	42814457	exon	GBM primary
chr8:67383665|67386173	chr8	67383665	67386173	exon	GBM primary
chr8:68211444|68213615	chr8	68211444	68213615	exon	GBM primary
chr8:74464247|74601048	chr8	74464247	74601048	exon	GBM primary
chr8:101232507|101245765	chr8	101232507	101245765	exon	GBM primary
chr8:101232507|101252999	chr8	101232507	101252999	exon	GBM primary
chr8:123816597|123821469	chr8	123816597	123821469	intron	GBM primary
chr9:3320475|3321012	chr9	3320475	3321012	intron	GBM primary
chr9:3484974|3490345	chr9	3484974	3490345	intron	GBM primary
chr9:4191786|4286523	chr9	4191786	4286523	intron	GBM primary
chr9:4600653|4635399	chr9	4600653	4635399	exon	GBM primary
chr9:14120439|14180865	chr9	14120439	14180865	intron	GBM primary
chr9:15199859|15211395	chr9	15199859	15211395	exon	GBM primary
chr9:33351558|33352717	chr9	33351558	33352717	exon	GBM primary
chr9:80409379|80430686	chr9	80409379	80430686	exon	GBM primary
chr9:95009659|95014167	chr9	95009659	95014167	exon	GBM primary
chr9:97686268|97730083	chr9	97686268	97730083	exon	GBM primary
chr9:99324975|99327765	chr9	99324975	99327765	exon	GBM primary
chr9:107620803|107624081	chr9	107620803	107624081	exon	GBM primary
chr9:110068660|110081160	chr9	110068660	110081160	exon	GBM primary
chr9:123914763|123922580	chr9	123914763	123922580	exon	GBM primary
chr9:126214555|126217058	chr9	126214555	126217058	exon	GBM primary
chr9:131362359|131367756	chr9	131362359	131367756	exon	GBM primary
chr9:134010285|134022971	chr9	134010285	134022971	exon	GBM primary
chr9:136302869|136303486	chr9	136302869	136303486	exon	GBM primary
chrX:1892528|1893779	chrX	1892528	1893779	intergenic_region	GBM primary
chrX:5676959|5678370	chrX	5676959	5678370	intergenic_region	GBM primary
chrX:6528801|6530616	chrX	6528801	6530616	intergenic_region	GBM primary
chrX:24828015|24873598	chrX	24828015	24873598	intron	GBM primary
chrX:38146347|38178240	chrX	38146347	38178240	exon	GBM primary
chrX:44870206|44879975	chrX	44870206	44879975	exon	GBM primary
chrX:57862954|57868991	chrX	57862954	57868991	intergenic_region	GBM primary
chrX:77268376|77275895	chrX	77268376	77275895	exon	GBM primary
chrX:130843526|130919286	chrX	130843526	130919286	exon	GBM primary
chrX:130877124|130918067	chrX	130877124	130918067	exon	GBM primary
chrX:131516206|131526362	chrX	131516206	131526362	exon	GBM primary
chrX:133938131|133941738	chrX	133938131	133941738	exon	GBM primary
chr1:1735858|1770677	chr1	1735858	1770677	exon	GBM primary
chr1:1737914|1770677	chr1	1737914	1770677	exon	GBM primary
chr1:2234417|2236024	chr1	2234417	2236024	exon	GBM primary
chr1:8684369|8716500	chr1	8684369	8716500	exon	GBM primary
chr1:10340570|10342988	chr1	10340570	10342988	intron	GBM primary
chr1:12647306|12647630	chr1	12647306	12647630	intron	GBM primary
chr1:19596077|19633595	chr1	19596077	19633595	intergenic_region	GBM primary
chr1:19629100|19629664	chr1	19629100	19629664	intergenic_region	GBM primary
chr1:21573714|21585332	chr1	21573714	21585332	exon	GBM primary
chr1:23842827|23844296	chr1	23842827	23844296	intron	GBM primary
chr1:25124233|25153607	chr1	25124233	25153607	exon	GBM primary
chr1:29362338|29365938	chr1	29362338	29365938	exon	GBM primary
chr1:35497416|35643000	chr1	35497416	35643000	intergenic_region	GBM primary
chr1:39459640|39461861	chr1	39459640	39461861	intron	GBM primary
chr1:39904946|39905172	chr1	39904946	39905172	exon	GBM primary
chr1:41578955|41627104	chr1	41578955	41627104	exon	GBM primary
chr1:45325253|45325538	chr1	45325253	45325538	intron	GBM primary
chr1:54266366|54272190	chr1	54266366	54272190	exon	GBM primary
chr1:58999621|59004978	chr1	58999621	59004978	intron	GBM primary
chr1:59147457|59150923	chr1	59147457	59150923	exon	GBM primary
chr1:61743192|61892228	chr1	61743192	61892228	exon	GBM primary
chr1:62910409|62913182	chr1	62910409	62913182	exon	GBM primary
chr1:63084377|63128801	chr1	63084377	63128801	exon	GBM primary
chr1:63090930|63128801	chr1	63090930	63128801	exon	GBM primary
chr1:63877597|63885111	chr1	63877597	63885111	exon	GBM primary
chr1:100127875|100133322	chr1	100127875	100133322	exon	GBM primary
chr1:109773500|109774408	chr1	109773500	109774408	exon	GBM primary
chr1:110125059|110129504	chr1	110125059	110129504	exon	GBM primary
chr1:113134147|113153625	chr1	113134147	113153625	exon	GBM primary
chr1:150202906|150204264	chr1	150202906	150204264	exon	GBM primary
chr1:150270018|150274115	chr1	150270018	150274115	intron	GBM primary
chr1:155447677|155452240	chr1	155447677	155452240	exon	GBM primary
chr1:155724166|155730432	chr1	155724166	155730432	exon	GBM primary
chr1:155836426|155838582	chr1	155836426	155838582	intron	GBM primary
chr1:171519225|171530242	chr1	171519225	171530242	exon	GBM primary
chr1:179494469|179504097	chr1	179494469	179504097	exon	GBM primary
chr1:180756889|180780624	chr1	180756889	180780624	exon	GBM primary
chr1:180793889|180794480	chr1	180793889	180794480	exon	GBM primary
chr1:196434423|196461471	chr1	196434423	196461471	exon	GBM primary
chr1:212515530|212522584	chr1	212515530	212522584	exon	GBM primary
chr1:214820421|214832371	chr1	214820421	214832371	exon	GBM primary
chr1:235937142|235945387	chr1	235937142	235945387	exon	GBM primary
chr1:235944165|235964397	chr1	235944165	235964397	exon	GBM primary
chr1:236341714|236343328	chr1	236341714	236343328	exon	GBM primary
chr1:240286479|240341368	chr1	240286479	240341368	exon	GBM primary
chr1:240492376|240519208	chr1	240492376	240519208	exon	GBM primary
chr1:240519116|240601510	chr1	240519116	240601510	exon	GBM primary
chr1:243542023|243589860	chr1	243542023	243589860	exon	GBM primary
chr1:244640843|244643086	chr1	244640843	244643086	exon	GBM primary
chr10:6470404|6475535	chr10	6470404	6475535	intron	GBM primary
chr10:12123471|12133683	chr10	12123471	12133683	exon	GBM primary
chr10:12160748|12162266	chr10	12160748	12162266	exon	GBM primary
chr10:20465928|20508031	chr10	20465928	20508031	exon	GBM primary
chr10:27301811|27303640	chr10	27301811	27303640	exon	GBM primary
chr10:27301811|27306721	chr10	27301811	27306721	exon	GBM primary
chr10:38092761|38127039	chr10	38092761	38127039	exon	GBM primary
chr10:70152895|70164601	chr10	70152895	70164601	exon	GBM primary
chr10:74773982|74806859	chr10	74773982	74806859	exon	GBM primary
chr10:79613112|79614128	chr10	79613112	79614128	exon	GBM primary
chr10:111860383|111879112	chr10	111860383	111879112	exon	GBM primary
chr10:117221479|117278828	chr10	117221479	117278828	exon	GBM primary
chr11:7697605|7748061	chr11	7697605	7748061	intergenic_region	GBM primary
chr11:9462002|9463744	chr11	9462002	9463744	exon	GBM primary
chr11:10791757|10794202	chr11	10791757	10794202	exon	GBM primary
chr11:16203703|16208501	chr11	16203703	16208501	intron	GBM primary
chr11:32987846|32995095	chr11	32987846	32995095	exon	GBM primary
chr11:43348057|43357544	chr11	43348057	43357544	exon	GBM primary
chr11:63463805|63464062	chr11	63463805	63464062	intron	GBM primary
chr11:65202524|65205128	chr11	65202524	65205128	exon	GBM primary
chr11:65266997|65267809	chr11	65266997	65267809	exon	GBM primary
chr11:65269792|65272490	chr11	65269792	65272490	exon	GBM primary
chr11:65270592|65272490	chr11	65270592	65272490	exon	GBM primary
chr11:68282496|68305359	chr11	68282496	68305359	exon	GBM primary
chr11:75672488|75728024	chr11	75672488	75728024	exon	GBM primary
chr11:77085373|77103586	chr11	77085373	77103586	exon	GBM primary
chr11:82067554|82224452	chr11	82067554	82224452	intron	GBM primary
chr11:85692172|85693046	chr11	85692172	85693046	exon	GBM primary
chr11:120916383|120918376	chr11	120916383	120918376	exon	GBM primary
chr12:14576843|14610229	chr12	14576843	14610229	exon	GBM primary
chr12:19301119|19302317	chr12	19301119	19302317	intron	GBM primary
chr12:19511162|19514640	chr12	19511162	19514640	exon	GBM primary
chr12:19615444|19653155	chr12	19615444	19653155	exon	GBM primary
chr12:23845149|23846302	chr12	23845149	23846302	intron	GBM primary
chr12:24366277|24430246	chr12	24366277	24430246	exon	GBM primary
chr12:28544237|28637098	chr12	28544237	28637098	exon	GBM primary
chr12:49523025|49579773	chr12	49523025	49579773	intergenic_region	GBM primary
chr12:50829271|50835426	chr12	50829271	50835426	exon	GBM primary
chr12:51324272|51325277	chr12	51324272	51325277	exon	GBM primary
chr12:62775271|62778083	chr12	62775271	62778083	exon	GBM primary
chr12:64377727|64410792	chr12	64377727	64410792	exon	GBM primary
chr12:64456697|64509673	chr12	64456697	64509673	exon	GBM primary
chr12:78334099|78362482	chr12	78334099	78362482	exon	GBM primary
chr12:80211174|80215970	chr12	80211174	80215970	exon	GBM primary
chr12:89853415|89861462	chr12	89853415	89861462	exon	GBM primary
chr12:93219942|93246801	chr12	93219942	93246801	exon	GBM primary
chr12:95058569|95063066	chr12	95058569	95063066	intergenic_region	GBM primary
chr12:97137798|97151366	chr12	97137798	97151366	exon	GBM primary
chr12:97886239|97954476	chr12	97886239	97954476	exon	GBM primary
chr12:100676721|100685438	chr12	100676721	100685438	exon	GBM primary
chr12:109046048|109051199	chr12	109046048	109051199	exon	GBM primary
chr12:110941611|110944498	chr12	110941611	110944498	exon	GBM primary
chr12:122801296|122803895	chr12	122801296	122803895	exon	GBM primary
chr12:123829805|123834988	chr12	123829805	123834988	exon	GBM primary
chr12:124882665|124887107	chr12	124882665	124887107	exon	GBM primary
chr12:125284670|125292473	chr12	125284670	125292473	exon	GBM primary
chr13:20399060|20409829	chr13	20399060	20409829	exon	GBM primary
chr13:21401206|21418025	chr13	21401206	21418025	exon	GBM primary
chr13:45910671|45911523	chr13	45910671	45911523	exon	GBM primary
chr13:46936344|46955805	chr13	46936344	46955805	intron	GBM primary
chr13:108237301|108237575	chr13	108237301	108237575	intron	GBM primary
chr13:109535407|109550481	chr13	109535407	109550481	exon	GBM primary
chr14:26949183|26949349	chr14	26949183	26949349	exon	GBM primary
chr14:27675043|27676324	chr14	27675043	27676324	intergenic_region	GBM primary
chr14:31112522|31122794	chr14	31112522	31122794	exon	GBM primary
chr14:31611064|31614147	chr14	31611064	31614147	exon	GBM primary
chr14:31762495|31771725	chr14	31762495	31771725	exon	GBM primary
chr14:33619516|33684793	chr14	33619516	33684793	intron	GBM primary
chr14:35055436|35078948	chr14	35055436	35078948	exon	GBM primary
chr14:36633326|36684721	chr14	36633326	36684721	intergenic_region	GBM primary
chr14:47985014|47988379	chr14	47985014	47988379	intron	GBM primary
chr14:50585509|50655418	chr14	50585509	50655418	exon	GBM primary
chr14:50904194|50907159	chr14	50904194	50907159	exon	GBM primary
chr14:50933301|50943024	chr14	50933301	50943024	exon	GBM primary
chr14:50941795|50971575	chr14	50941795	50971575	exon	GBM primary
chr14:51710574|51716483	chr14	51710574	51716483	exon	GBM primary
chr14:52936755|52957723	chr14	52936755	52957723	exon	GBM primary
chr14:53064990|53067059	chr14	53064990	53067059	exon	GBM primary
chr14:53339517|53360145	chr14	53339517	53360145	exon	GBM primary
chr14:55148653|55169298	chr14	55148653	55169298	intron	GBM primary
chr14:56078737|56094746	chr14	56078737	56094746	exon	GBM primary
chr14:62188227|62207906	chr14	62188227	62207906	exon	GBM primary
chr14:65896934|65922436	chr14	65896934	65922436	exon	GBM primary
chr14:69695533|69697315	chr14	69695533	69697315	exon	GBM primary
chr14:73490734|73491650	chr14	73490734	73491650	exon	GBM primary
chr14:88881549|88904247	chr14	88881549	88904247	exon	GBM primary
chr14:100551024|100563995	chr14	100551024	100563995	exon	GBM primary
chr15:28491027|28493882	chr15	28491027	28493882	exon	GBM primary
chr15:45623219|45643875	chr15	45623219	45643875	intergenic_region	GBM primary
chr15:49319562|49329966	chr15	49319562	49329966	exon	GBM primary
chr15:49528048|49612002	chr15	49528048	49612002	exon	GBM primary
chr15:55919206|55921202	chr15	55919206	55921202	exon	GBM primary
chr15:56970862|56974675	chr15	56970862	56974675	exon	GBM primary
chr15:56981239|56999504	chr15	56981239	56999504	exon	GBM primary
chr15:68467975|68468992	chr15	68467975	68468992	exon	GBM primary
chr15:85641179|85661070	chr15	85641179	85661070	exon	GBM primary
chr15:86198648|86251317	chr15	86198648	86251317	exon	GBM primary
chr15:93510555|93536228	chr15	93510555	93536228	exon	GBM primary
chr15:93750904|93752028	chr15	93750904	93752028	intergenic_region	GBM primary
chr16:1004357|1004666	chr16	1004357	1004666	exon	GBM primary
chr16:12126976|12128569	chr16	12126976	12128569	intron	GBM primary
chr16:14306211|14328140	chr16	14306211	14328140	exon	GBM primary
chr16:14645878|14649566	chr16	14645878	14649566	exon	GBM primary
chr16:14645878|14680218	chr16	14645878	14680218	exon	GBM primary
chr16:16101673|16110478	chr16	16101673	16110478	exon	GBM primary
chr16:16103633|16110478	chr16	16103633	16110478	exon	GBM primary
chr16:23541917|23544003	chr16	23541917	23544003	intron	GBM primary
chr16:24988536|24990326	chr16	24988536	24990326	exon	GBM primary
chr16:56660792|56673241	chr16	56660792	56673241	intergenic_region	GBM primary
chr16:66850484|66855462	chr16	66850484	66855462	exon	GBM primary
chr16:69269651|69279718	chr16	69269651	69279718	exon	GBM primary
chr16:69685806|69686118	chr16	69685806	69686118	intron	GBM primary
chr16:70044654|70052000	chr16	70044654	70052000	exon	GBM primary
chr16:70566382|70578436	chr16	70566382	70578436	exon	GBM primary
chr16:74694830|74695349	chr16	74694830	74695349	exon	GBM primary
chr16:90090627|90093588	chr16	90090627	90093588	intron	GBM primary
chr17:1451590|1461853	chr17	1451590	1461853	exon	GBM primary
chr17:2341403|2371170	chr17	2341403	2371170	exon	GBM primary
chr17:2506813|2507129	chr17	2506813	2507129	intron	GBM primary
chr17:4109616|4120413	chr17	4109616	4120413	exon	GBM primary
chr17:20910209|20914622	chr17	20910209	20914622	exon	GBM primary
chr17:27778473|27804724	chr17	27778473	27804724	exon	GBM primary
chr17:37646810|37649143	chr17	37646810	37649143	exon	GBM primary
chr17:40989666|40991397	chr17	40989666	40991397	exon	GBM primary
chr17:41199660|41209152	chr17	41199660	41209152	exon	GBM primary
chr17:41215350|41226538	chr17	41215350	41226538	exon	GBM primary
chr17:41576230|41582193	chr17	41576230	41582193	exon	GBM primary
chr17:44127899|44159908	chr17	44127899	44159908	exon	GBM primary
chr17:45221249|45247408	chr17	45221249	45247408	exon	GBM primary
chr17:45668083|45669911	chr17	45668083	45669911	exon	GBM primary
chr17:49091593|49098726	chr17	49091593	49098726	exon	GBM primary
chr17:53062975|53124515	chr17	53062975	53124515	exon	GBM primary
chr17:57814814|57886237	chr17	57814814	57886237	exon	GBM primary
chr17:59093112|59118253	chr17	59093112	59118253	exon	GBM primary
chr17:59115250|59161925	chr17	59115250	59161925	exon	GBM primary
chr17:61841376|61842207	chr17	61841376	61842207	exon	GBM primary
chr17:62486913|62489138	chr17	62486913	62489138	exon	GBM primary
chr17:65103285|65124971	chr17	65103285	65124971	exon	GBM primary
chr17:66246329|66247319	chr17	66246329	66247319	exon	GBM primary
chr17:78263458|78264527	chr17	78263458	78264527	exon	GBM primary
chr17:79813018|79813462	chr17	79813018	79813462	exon	GBM primary
chr18:12493071|12546903	chr18	12493071	12546903	exon	GBM primary
chr18:20562181|20581692	chr18	20562181	20581692	exon	GBM primary
chr18:20570900|20576425	chr18	20570900	20576425	exon	GBM primary
chr18:20572711|20576425	chr18	20572711	20576425	exon	GBM primary
chr18:29426679|29429702	chr18	29426679	29429702	exon	GBM primary
chr18:34261399|34273386	chr18	34261399	34273386	exon	GBM primary
chr18:44395275|44409830	chr18	44395275	44409830	exon	GBM primary
chr18:54446662|54483375	chr18	54446662	54483375	exon	GBM primary
chr18:56598878|56621031	chr18	56598878	56621031	exon	GBM primary
chr18:60206914|60242783	chr18	60206914	60242783	exon	GBM primary
chr18:76870355|76886375	chr18	76870355	76886375	exon	GBM primary
chr19:8306313|8307967	chr19	8306313	8307967	intron	GBM primary
chr19:8619361|8619627	chr19	8619361	8619627	exon	GBM primary
chr19:9768685|9770143	chr19	9768685	9770143	exon	GBM primary
chr19:10274002|10284581	chr19	10274002	10284581	exon	GBM primary
chr19:11964022|11965284	chr19	11964022	11965284	intron	GBM primary
chr19:12825635|12826553	chr19	12825635	12826553	exon	GBM primary
chr19:18986275|18986903	chr19	18986275	18986903	intron	GBM primary
chr19:20228590|20232155	chr19	20228590	20232155	exon	GBM primary
chr19:23277814|23318845	chr19	23277814	23318845	intron	GBM primary
chr19:23316882|23321357	chr19	23316882	23321357	intron	GBM primary
chr19:23556544|23688783	chr19	23556544	23688783	intergenic_region	GBM primary
chr19:33390763|33406423	chr19	33390763	33406423	exon	GBM primary
chr19:37408481|37428144	chr19	37408481	37428144	exon	GBM primary
chr19:37680563|37698156	chr19	37680563	37698156	exon	GBM primary
chr19:37916770|37917280	chr19	37916770	37917280	exon	GBM primary
chr19:39408364|39409453	chr19	39408364	39409453	exon	GBM primary
chr19:40376313|40406060	chr19	40376313	40406060	intron	GBM primary
chr19:44469956|44622727	chr19	44469956	44622727	intergenic_region	GBM primary
chr19:46324642|46457204	chr19	46324642	46457204	intergenic_region	GBM primary
chr19:51298998|51300653	chr19	51298998	51300653	intergenic_region	GBM primary
chr19:53116042|53138406	chr19	53116042	53138406	exon	GBM primary
chr19:58287911|58291514	chr19	58287911	58291514	exon	GBM primary
chr2:8938332|8943257	chr2	8938332	8943257	exon	GBM primary
chr2:26321531|26332775	chr2	26321531	26332775	exon	GBM primary
chr2:29356521|29380268	chr2	29356521	29380268	exon	GBM primary
chr2:32698180|32702651	chr2	32698180	32702651	exon	GBM primary
chr2:33468729|33540336	chr2	33468729	33540336	exon	GBM primary
chr2:33518227|33540336	chr2	33518227	33540336	exon	GBM primary
chr2:37259772|37268435	chr2	37259772	37268435	exon	GBM primary
chr2:37285594|37296073	chr2	37285594	37296073	exon	GBM primary
chr2:39743555|39745851	chr2	39743555	39745851	exon	GBM primary
chr2:44776694|44785152	chr2	44776694	44785152	intron	GBM primary
chr2:55548595|55550942	chr2	55548595	55550942	intron	GBM primary
chr2:55563817|55566784	chr2	55563817	55566784	exon	GBM primary
chr2:61717777|61729445	chr2	61717777	61729445	exon	GBM primary
chr2:61721029|61724142	chr2	61721029	61724142	exon	GBM primary
chr2:63086304|63101667	chr2	63086304	63101667	exon	GBM primary
chr2:68740212|68765359	chr2	68740212	68765359	exon	GBM primary
chr2:73646251|73653681	chr2	73646251	73653681	exon	GBM primary
chr2:73716761|73718625	chr2	73716761	73718625	exon	GBM primary
chr2:80248424|80250927	chr2	80248424	80250927	intron	GBM primary
chr2:99811214|99832577	chr2	99811214	99832577	exon	GBM primary
chr2:109405308|109473426	chr2	109405308	109473426	exon	GBM primary
chr2:109805528|109805761	chr2	109805528	109805761	intron	GBM primary
chr2:113304589|113312155	chr2	113304589	113312155	exon	GBM primary
chr2:115108751|115126092	chr2	115108751	115126092	intergenic_region	GBM primary
chr2:128246755|128253724	chr2	128246755	128253724	exon	GBM primary
chr2:131786840|131787221	chr2	131786840	131787221	intron	GBM primary
chr2:136620177|136622733	chr2	136620177	136622733	exon	GBM primary
chr2:141986752|142012210	chr2	141986752	142012210	exon	GBM primary
chr2:154996850|155115651	chr2	154996850	155115651	exon	GBM primary
chr2:160585520|160619504	chr2	160585520	160619504	exon	GBM primary
chr2:162036125|162081257	chr2	162036125	162081257	exon	GBM primary
chr2:171879382|171902872	chr2	171879382	171902872	exon	GBM primary
chr2:173426948|173431661	chr2	173426948	173431661	exon	GBM primary
chr2:174943696|175006728	chr2	174943696	175006728	exon	GBM primary
chr2:178284997|178326746	chr2	178284997	178326746	exon	GBM primary
chr2:180309603|180311497	chr2	180309603	180311497	exon	GBM primary
chr2:183866681|183888644	chr2	183866681	183888644	exon	GBM primary
chr2:201680485|201681047	chr2	201680485	201681047	intron	GBM primary
chr2:208420352|208442379	chr2	208420352	208442379	exon	GBM primary
chr2:217005909|217026771	chr2	217005909	217026771	exon	GBM primary
chr2:223494832|223513514	chr2	223494832	223513514	exon	GBM primary
chr2:225709920|225710359	chr2	225709920	225710359	exon	GBM primary
chr2:228197135|228221835	chr2	228197135	228221835	exon	GBM primary
chr2:230683080|230744844	chr2	230683080	230744844	exon	GBM primary
chr2:232079544|232081506	chr2	232079544	232081506	exon	GBM primary
chr2:240267403|240268484	chr2	240267403	240268484	intron	GBM primary
chr20:30935547|30941575	chr20	30935547	30941575	intergenic_region	GBM primary
chr20:33306541|33307241	chr20	33306541	33307241	intron	GBM primary
chr20:33622926|33632515	chr20	33622926	33632515	exon	GBM primary
chr20:34800194|34810316	chr20	34800194	34810316	exon	GBM primary
chr20:35695127|35696589	chr20	35695127	35696589	exon	GBM primary
chr20:43560279|43560539	chr20	43560279	43560539	exon	GBM primary
chr20:43995515|44038895	chr20	43995515	44038895	intron	GBM primary
chr21:30313542|30329798	chr21	30313542	30329798	exon	GBM primary
chr21:35091102|35138316	chr21	35091102	35138316	exon	GBM primary
chr21:44424436|44448984	chr21	44424436	44448984	exon	GBM primary
chr22:35815877|35817453	chr22	35815877	35817453	exon	GBM primary
chr22:41547837|41553412	chr22	41547837	41553412	exon	GBM primary
chr22:50563821|50566936	chr22	50563821	50566936	exon	GBM primary
chr3:8881880|8894632	chr3	8881880	8894632	intron	GBM primary
chr3:43640024|43647355	chr3	43640024	43647355	exon	GBM primary
chr3:47079156|47139571	chr3	47079156	47139571	exon	GBM primary
chr3:47087977|47108608	chr3	47087977	47108608	exon	GBM primary
chr3:47716965|47727660	chr3	47716965	47727660	exon	GBM primary
chr3:47750491|47770584	chr3	47750491	47770584	intron	GBM primary
chr3:47899815|47907568	chr3	47899815	47907568	intron	GBM primary
chr3:50150816|50151684	chr3	50150816	50151684	exon	GBM primary
chr3:50816106|50971508	chr3	50816106	50971508	exon	GBM primary
chr3:57643435|57646513	chr3	57643435	57646513	exon	GBM primary
chr3:67718637|67818857	chr3	67718637	67818857	intron	GBM primary
chr3:105412338|105423017	chr3	105412338	105423017	exon	GBM primary
chr3:107910368|107932868	chr3	107910368	107932868	exon	GBM primary
chr3:111632166|111639266	chr3	111632166	111639266	exon	GBM primary
chr3:114099064|114219238	chr3	114099064	114219238	exon	GBM primary
chr3:114412375|114462626	chr3	114412375	114462626	exon	GBM primary
chr3:118620978|118649122	chr3	118620978	118649122	exon	GBM primary
chr3:119562102|119595355	chr3	119562102	119595355	exon	GBM primary
chr3:120150126|120150398	chr3	120150126	120150398	intron	GBM primary
chr3:129576093|129599402	chr3	129576093	129599402	exon	GBM primary
chr3:131186935|131190123	chr3	131186935	131190123	exon	GBM primary
chr3:138400809|138403645	chr3	138400809	138403645	exon	GBM primary
chr3:148773090|148793834	chr3	148773090	148793834	exon	GBM primary
chr3:152132730|152150709	chr3	152132730	152150709	exon	GBM primary
chr3:154018383|154022957	chr3	154018383	154022957	exon	GBM primary
chr3:168472332|168542713	chr3	168472332	168542713	intron	GBM primary
chr3:172003716|172028671	chr3	172003716	172028671	exon	GBM primary
chr3:182665026|182681837	chr3	182665026	182681837	exon	GBM primary
chr3:192053150|192120485	chr3	192053150	192120485	intron	GBM primary
chr3:193177459|193179817	chr3	193177459	193179817	intron	GBM primary
chr3:195435005|195435712	chr3	195435005	195435712	exon	GBM primary
chr3:195675462|195675782	chr3	195675462	195675782	intron	GBM primary
chr3:195746751|195754131	chr3	195746751	195754131	intron	GBM primary
chr3:196626537|196630481	chr3	196626537	196630481	exon	GBM primary
chr3:197597031|197602646	chr3	197597031	197602646	exon	GBM primary
chr4:39707390|39751221	chr4	39707390	39751221	intron	GBM primary
chr4:39915231|39924368	chr4	39915231	39924368	exon	GBM primary
chr4:42003633|42051496	chr4	42003633	42051496	exon	GBM primary
chr4:48379913|48385801	chr4	48379913	48385801	exon	GBM primary
chr4:48552609|48553595	chr4	48552609	48553595	exon	GBM primary
chr4:56756389|56763066	chr4	56756389	56763066	exon	GBM primary
chr4:56835262|56841135	chr4	56835262	56841135	exon	GBM primary
chr4:56877578|56878151	chr4	56877578	56878151	exon	GBM primary
chr4:57138487|57141305	chr4	57138487	57141305	intron	GBM primary
chr4:57237617|57244630	chr4	57237617	57244630	exon	GBM primary
chr4:73981538|73991029	chr4	73981538	73991029	exon	GBM primary
chr4:101982244|102030235	chr4	101982244	102030235	exon	GBM primary
chr4:114213402|114213540	chr4	114213402	114213540	intron	GBM primary
chr4:120517678|120528452	chr4	120517678	120528452	exon	GBM primary
chr4:148785997|148803083	chr4	148785997	148803083	exon	GBM primary
chr4:169589341|169633074	chr4	169589341	169633074	exon	GBM primary
chr5:7784478|7804805	chr5	7784478	7804805	exon	GBM primary
chr5:14270934|14336836	chr5	14270934	14336836	exon	GBM primary
chr5:16702652|16703065	chr5	16702652	16703065	exon	GBM primary
chr5:40728447|40730445	chr5	40728447	40730445	exon	GBM primary
chr5:64023934|64037027	chr5	64023934	64037027	exon	GBM primary
chr5:64556427|64569274	chr5	64556427	64569274	exon	GBM primary
chr5:68487622|68498797	chr5	68487622	68498797	exon	GBM primary
chr5:70888753|70931073	chr5	70888753	70931073	exon	GBM primary
chr5:72264325|72302376	chr5	72264325	72302376	exon	GBM primary
chr5:74134790|74137504	chr5	74134790	74137504	exon	GBM primary
chr5:82683967|82694109	chr5	82683967	82694109	intergenic_region	GBM primary
chr5:82807922|82850857	chr5	82807922	82850857	exon	GBM primary
chr5:96861496|97006388	chr5	96861496	97006388	intron	GBM primary
chr5:112321532|112343739	chr5	112321532	112343739	exon	GBM primary
chr5:113821171|113831875	chr5	113821171	113831875	intron	GBM primary
chr5:115188676|115205825	chr5	115188676	115205825	exon	GBM primary
chr5:122130961|122139308	chr5	122130961	122139308	exon	GBM primary
chr5:132400672|132406188	chr5	132400672	132406188	exon	GBM primary
chr5:137027974|137045545	chr5	137027974	137045545	exon	GBM primary
chr5:138281090|138281297	chr5	138281090	138281297	intergenic_region	GBM primary
chr5:139815689|139844361	chr5	139815689	139844361	exon	GBM primary
chr5:151166164|151183557	chr5	151166164	151183557	exon	GBM primary
chr5:176618885|176678854	chr5	176618885	176678854	exon	GBM primary
chr6:2397455|2399271	chr6	2397455	2399271	exon	GBM primary
chr6:3076998|3085642	chr6	3076998	3085642	exon	GBM primary
chr6:20546577|20548936	chr6	20546577	20548936	exon	GBM primary
chr6:21979174|22056919	chr6	21979174	22056919	exon	GBM primary
chr6:22056775|22063469	chr6	22056775	22063469	exon	GBM primary
chr6:22056775|22143180	chr6	22056775	22143180	intron	GBM primary
chr6:23457818|23503245	chr6	23457818	23503245	intergenic_region	GBM primary
chr6:26385243|26388522	chr6	26385243	26388522	exon	GBM primary
chr6:32629744|32725660	chr6	32629744	32725660	intergenic_region	GBM primary
chr6:55926447|55942371	chr6	55926447	55942371	exon	GBM primary
chr6:56475225|56479282	chr6	56475225	56479282	exon	GBM primary
chr6:72002996|72006520	chr6	72002996	72006520	exon	GBM primary
chr6:72012673|72020345	chr6	72012673	72020345	exon	GBM primary
chr6:84870531|84872989	chr6	84870531	84872989	exon	GBM primary
chr6:88265126|88279308	chr6	88265126	88279308	exon	GBM primary
chr6:88269108|88269319	chr6	88269108	88269319	intron	GBM primary
chr6:92067646|92076483	chr6	92067646	92076483	intergenic_region	GBM primary
chr6:102069824|102074512	chr6	102069824	102074512	exon	GBM primary
chr6:105192035|105198347	chr6	105192035	105198347	exon	GBM primary
chr6:105280917|105300246	chr6	105280917	105300246	exon	GBM primary
chr6:105563561|105573453	chr6	105563561	105573453	exon	GBM primary
chr6:108202353|108204350	chr6	108202353	108204350	exon	GBM primary
chr6:109466422|109468140	chr6	109466422	109468140	exon	GBM primary
chr6:110531910|110534363	chr6	110531910	110534363	exon	GBM primary
chr6:111590259|111599917	chr6	111590259	111599917	intergenic_region	GBM primary
chr6:111640587|111641142	chr6	111640587	111641142	intron	GBM primary
chr6:131520601|131540948	chr6	131520601	131540948	exon	GBM primary
chr6:135784263|135813429	chr6	135784263	135813429	exon	GBM primary
chr6:144858718|144898424	chr6	144858718	144898424	exon	GBM primary
chr6:149924404|149925918	chr6	149924404	149925918	exon	GBM primary
chr6:150022915|150023402	chr6	150022915	150023402	exon	GBM primary
chr6:155108995|155116273	chr6	155108995	155116273	exon	GBM primary
chr6:159128262|159146669	chr6	159128262	159146669	exon	GBM primary
chr6:160412216|160448346	chr6	160412216	160448346	exon	GBM primary
chr6:161443042|161455481	chr6	161443042	161455481	intron	GBM primary
chr6:167435897|167438382	chr6	167435897	167438382	exon	GBM primary
chr7:5876188|5876924	chr7	5876188	5876924	intron	GBM primary
chr7:20403260|20421508	chr7	20403260	20421508	exon	GBM primary
chr7:21695450|21730499	chr7	21695450	21730499	exon	GBM primary
chr7:24663282|24681487	chr7	24663282	24681487	exon	GBM primary
chr7:24681335|24708279	chr7	24681335	24708279	exon	GBM primary
chr7:24901232|24932240	chr7	24901232	24932240	exon	GBM primary
chr7:26766501|26883756	chr7	26766501	26883756	exon	GBM primary
chr7:27642757|27689252	chr7	27642757	27689252	intron	GBM primary
chr7:29976172|29994976	chr7	29976172	29994976	exon	GBM primary
chr7:33390639|33427756	chr7	33390639	33427756	intron	GBM primary
chr7:35797789|35833632	chr7	35797789	35833632	exon	GBM primary
chr7:38050278|38053183	chr7	38050278	38053183	intron	GBM primary
chr7:40027198|40087476	chr7	40027198	40087476	exon	GBM primary
chr7:69187445|69192498	chr7	69187445	69192498	intron	GBM primary
chr7:72178579|72193899	chr7	72178579	72193899	exon	GBM primary
chr7:72884675|72922801	chr7	72884675	72922801	exon	GBM primary
chr7:77221502|77230123	chr7	77221502	77230123	exon	GBM primary
chr7:77265099|77268641	chr7	77265099	77268641	exon	GBM primary
chr7:90355881|90492584	chr7	90355881	90492584	exon	GBM primary
chr7:91453448|91456794	chr7	91453448	91456794	intron	GBM primary
chr7:91603025|91610272	chr7	91603025	91610272	intron	GBM primary
chr7:91726003|91730370	chr7	91726003	91730370	exon	GBM primary
chr7:91851216|91855996	chr7	91851216	91855996	exon	GBM primary
chr7:99195559|99208224	chr7	99195559	99208224	intergenic_region	GBM primary
chr7:99672758|99675056	chr7	99672758	99675056	exon	GBM primary
chr7:104681286|104722244	chr7	104681286	104722244	exon	GBM primary
chr7:104808455|104809712	chr7	104808455	104809712	exon	GBM primary
chr7:104968933|104990295	chr7	104968933	104990295	intron	GBM primary
chr7:105111208|105135700	chr7	105111208	105135700	exon	GBM primary
chr7:107813709|107817837	chr7	107813709	107817837	intron	GBM primary
chr7:120478831|120480163	chr7	120478831	120480163	exon	GBM primary
chr7:121568210|121638060	chr7	121568210	121638060	exon	GBM primary
chr7:126746550|126883569	chr7	126746550	126883569	exon	GBM primary
chr7:127338929|127361454	chr7	127338929	127361454	exon	GBM primary
chr7:127361341|127447627	chr7	127361341	127447627	exon	GBM primary
chr7:130293134|130293280	chr7	130293134	130293280	intron	GBM primary
chr7:131060183|131151174	chr7	131060183	131151174	exon	GBM primary
chr7:131060183|131163436	chr7	131060183	131163436	exon	GBM primary
chr7:131096065|131113904	chr7	131096065	131113904	exon	GBM primary
chr7:133761179|133767288	chr7	133761179	133767288	intergenic_region	GBM primary
chr7:133821776|133842912	chr7	133821776	133842912	exon	GBM primary
chr7:134678244|134766542	chr7	134678244	134766542	exon	GBM primary
chr7:136935977|136969515	chr7	136935977	136969515	intron	GBM primary
chr7:137255921|137270092	chr7	137255921	137270092	exon	GBM primary
chr7:137372489|137374748	chr7	137372489	137374748	intron	GBM primary
chr7:137729089|137738194	chr7	137729089	137738194	intron	GBM primary
chr7:138189035|138213975	chr7	138189035	138213975	exon	GBM primary
chr7:148529726|148547617	chr7	148529726	148547617	intron	GBM primary
chr7:151057227|151065973	chr7	151057227	151065973	exon	GBM primary
chr7:153526577|153531084	chr7	153526577	153531084	intergenic_region	GBM primary
chr7:156516806|156549159	chr7	156516806	156549159	exon	GBM primary
chr7:157015948|157041274	chr7	157015948	157041274	exon	GBM primary
chr8:28902878|28906565	chr8	28902878	28906565	exon	GBM primary
chr8:38994176|39018484	chr8	38994176	39018484	exon	GBM primary
chr8:48696303|48701799	chr8	48696303	48701799	exon	GBM primary
chr8:52758221|52773806	chr8	52758221	52773806	exon	GBM primary
chr8:66684033|66687972	chr8	66684033	66687972	intron	GBM primary
chr8:67716610|67743546	chr8	67716610	67743546	exon	GBM primary
chr8:68015272|68028357	chr8	68015272	68028357	exon	GBM primary
chr8:68999959|69021858	chr8	68999959	69021858	exon	GBM primary
chr8:87410571|87424103	chr8	87410571	87424103	exon	GBM primary
chr8:87498713|87519341	chr8	87498713	87519341	exon	GBM primary
chr8:95900155|95902778	chr8	95900155	95902778	exon	GBM primary
chr8:100533127|100568881	chr8	100533127	100568881	exon	GBM primary
chr8:100568678|100589861	chr8	100568678	100589861	exon	GBM primary
chr8:139255185|139323163	chr8	139255185	139323163	exon	GBM primary
chr8:141684397|141696793	chr8	141684397	141696793	exon	GBM primary
chr8:142146608|142148236	chr8	142146608	142148236	exon	GBM primary
chr9:3256991|3293258	chr9	3256991	3293258	exon	GBM primary
chr9:3879427|3937189	chr9	3879427	3937189	exon	GBM primary
chr9:6814631|6893232	chr9	6814631	6893232	exon	GBM primary
chr9:8633317|8733946	chr9	8633317	8733946	exon	GBM primary
chr9:14120439|14155892	chr9	14120439	14155892	exon	GBM primary
chr9:17226201|17236586	chr9	17226201	17236586	exon	GBM primary
chr9:20413719|20456784	chr9	20413719	20456784	exon	GBM primary
chr9:72892226|72895815	chr9	72892226	72895815	exon	GBM primary
chr9:78682871|78749128	chr9	78682871	78749128	exon	GBM primary
chr9:86294690|86297981	chr9	86294690	86297981	exon	GBM primary
chr9:86368173|86383885	chr9	86368173	86383885	exon	GBM primary
chr9:86383733|86403593	chr9	86383733	86403593	exon	GBM primary
chr9:88247577|88272558	chr9	88247577	88272558	exon	GBM primary
chr9:97686268|97718297	chr9	97686268	97718297	exon	GBM primary
chr9:99220661|99229331	chr9	99220661	99229331	intron	GBM primary
chr9:99709402|99709702	chr9	99709402	99709702	intron	GBM primary
chr9:102778604|102784508	chr9	102778604	102784508	exon	GBM primary
chr9:107566907|107568711	chr9	107566907	107568711	exon	GBM primary
chr9:108483818|108510471	chr9	108483818	108510471	exon	GBM primary
chr9:108483818|108536307	chr9	108483818	108536307	exon	GBM primary
chr9:114886537|114905903	chr9	114886537	114905903	exon	GBM primary
chr9:117838311|117838854	chr9	117838311	117838854	exon	GBM primary
chr9:125743399|125744250	chr9	125743399	125744250	intron	GBM primary
chr9:125827627|125861828	chr9	125827627	125861828	exon	GBM primary
chr9:140458886|140459606	chr9	140458886	140459606	exon	GBM primary
chrX:2310395|2343345	chrX	2310395	2343345	exon	GBM primary
chrX:67316712|67339174	chrX	67316712	67339174	exon	GBM primary
chrX:70641159|70644088	chrX	70641159	70644088	exon	GBM primary
chrX:80064512|80064803	chrX	80064512	80064803	exon	GBM primary
chrX:84322133|84329406	chrX	84322133	84329406	intron	GBM primary
chrX:96327940|96369964	chrX	96327940	96369964	exon	GBM primary
chrX:117528018|117540989	chrX	117528018	117540989	exon	GBM primary
chrX:120285465|120431305	chrX	120285465	120431305	exon	GBM primary
chrX:128781458|128781815	chrX	128781458	128781815	exon	GBM primary
chrX:131373648|131417060	chrX	131373648	131417060	intron	GBM primary
chr1:1572770|1635783	chr1	1572770	1635783	intergenic_region	GBM primary
chr1:1750914|1751582	chr1	1750914	1751582	intron	GBM primary
chr1:6709196|6710394	chr1	6709196	6710394	intron	GBM primary
chr1:8850665|8852647	chr1	8850665	8852647	intron	GBM primary
chr1:23736320|23746098	chr1	23736320	23746098	intron	GBM primary
chr1:32495899|32504220	chr1	32495899	32504220	exon	GBM primary
chr1:35643590|35653691	chr1	35643590	35653691	exon	GBM primary
chr1:36213508|36230927	chr1	36213508	36230927	exon	GBM primary
chr1:40638374|40639243	chr1	40638374	40639243	intron	GBM primary
chr1:45223228|45223812	chr1	45223228	45223812	exon	GBM primary
chr1:51860053|51913807	chr1	51860053	51913807	exon	GBM primary
chr1:52489163|52494302	chr1	52489163	52494302	exon	GBM primary
chr1:76205665|76215244	chr1	76205665	76215244	exon	GBM primary
chr1:78267016|78332076	chr1	78267016	78332076	exon	GBM primary
chr1:86241357|86252144	chr1	86241357	86252144	exon	GBM primary
chr1:117626640|117631604	chr1	117626640	117631604	exon	GBM primary
chr1:118035769|118045592	chr1	118035769	118045592	exon	GBM primary
chr1:154213989|154218851	chr1	154213989	154218851	exon	GBM primary
chr1:154233368|154239044	chr1	154233368	154239044	exon	GBM primary
chr1:158986323|159002481	chr1	158986323	159002481	exon	GBM primary
chr1:168204339|168208398	chr1	168204339	168208398	exon	GBM primary
chr1:179306972|179312770	chr1	179306972	179312770	exon	GBM primary
chr1:217783663|217787544	chr1	217783663	217787544	exon	GBM primary
chr1:219366424|219564456	chr1	219366424	219564456	intergenic_region	GBM primary
chr1:219366472|219392054	chr1	219366472	219392054	intergenic_region	GBM primary
chr1:224734531|224753966	chr1	224734531	224753966	exon	GBM primary
chr1:225140372|225161855	chr1	225140372	225161855	exon	GBM primary
chr1:233334685|233344435	chr1	233334685	233344435	exon	GBM primary
chr1:235618871|235647831	chr1	235618871	235647831	exon	GBM primary
chr1:236187370|236201553	chr1	236187370	236201553	exon	GBM primary
chr10:27420788|27425314	chr10	27420788	27425314	exon	GBM primary
chr10:70164428|70229920	chr10	70164428	70229920	intergenic_region	GBM primary
chr10:70958128|70962799	chr10	70958128	70962799	exon	GBM primary
chr10:73956569|73973089	chr10	73956569	73973089	exon	GBM primary
chr10:79574598|79575190	chr10	79574598	79575190	intron	GBM primary
chr10:86223689|86237420	chr10	86223689	86237420	exon	GBM primary
chr10:112711366|112724819	chr10	112711366	112724819	exon	GBM primary
chr10:126631026|126655350	chr10	126631026	126655350	exon	GBM primary
chr11:65267870|65268013	chr11	65267870	65268013	exon	GBM primary
chr11:65661485|65664477	chr11	65661485	65664477	exon	GBM primary
chr11:108106397|108119829	chr11	108106397	108119829	exon	GBM primary
chr12:1213916|1225199	chr12	1213916	1225199	exon	GBM primary
chr12:6859014|6859932	chr12	6859014	6859932	exon	GBM primary
chr12:8379041|8388595	chr12	8379041	8388595	intergenic_region	GBM primary
chr12:22811948|22826594	chr12	22811948	22826594	exon	GBM primary
chr12:27809549|27825416	chr12	27809549	27825416	exon	GBM primary
chr12:46285563|46287504	chr12	46285563	46287504	exon	GBM primary
chr12:49521795|49578906	chr12	49521795	49578906	intergenic_region	GBM primary
chr12:69986802|69987366	chr12	69986802	69987366	exon	GBM primary
chr12:72036216|72041593	chr12	72036216	72041593	exon	GBM primary
chr12:98686188|98687215	chr12	98686188	98687215	intergenic_region	GBM primary
chr12:112370390|112381173	chr12	112370390	112381173	exon	GBM primary
chr12:122817534|122826244	chr12	122817534	122826244	exon	GBM primary
chr12:124882665|125020157	chr12	124882665	125020157	exon	GBM primary
chr13:43357319|43374177	chr13	43357319	43374177	intergenic_region	GBM primary
chr13:43368231|43372898	chr13	43368231	43372898	intergenic_region	GBM primary
chr13:50025689|50059859	chr13	50025689	50059859	exon	GBM primary
chr13:94482407|94482798	chr13	94482407	94482798	exon	GBM primary
chr14:35062251|35078948	chr14	35062251	35078948	exon	GBM primary
chr14:35492949|35493265	chr14	35492949	35493265	intron	GBM primary
chr14:64496613|64498075	chr14	64496613	64498075	exon	GBM primary
chr14:64905814|64908171	chr14	64905814	64908171	exon	GBM primary
chr14:64988205|64990120	chr14	64988205	64990120	exon	GBM primary
chr14:71880665|71884913	chr14	71880665	71884913	exon	GBM primary
chr14:75202687|75203028	chr14	75202687	75203028	exon	GBM primary
chr14:92597295|92625626	chr14	92597295	92625626	exon	GBM primary
chr14:100380516|100381034	chr14	100380516	100381034	exon	GBM primary
chr14:101403740|101455127	chr14	101403740	101455127	exon	GBM primary
chr15:30766559|30776889	chr15	30766559	30776889	exon	GBM primary
chr15:36936479|36950106	chr15	36936479	36950106	exon	GBM primary
chr15:41001223|41021022	chr15	41001223	41021022	exon	GBM primary
chr15:52186012|52194233	chr15	52186012	52194233	exon	GBM primary
chr15:59036112|59036948	chr15	59036112	59036948	intron	GBM primary
chr15:63824846|63852169	chr15	63824846	63852169	exon	GBM primary
chr15:64495281|64499793	chr15	64495281	64499793	exon	GBM primary
chr15:70975097|70991999	chr15	70975097	70991999	exon	GBM primary
chr15:72642859|72648958	chr15	72642859	72648958	exon	GBM primary
chr16:2660463|2732801	chr16	2660463	2732801	intergenic_region	GBM primary
chr16:30744601|30745329	chr16	30744601	30745329	exon	GBM primary
chr16:67070542|67100701	chr16	67070542	67100701	exon	GBM primary
chr16:70260673|70280513	chr16	70260673	70280513	exon	GBM primary
chr16:74624618|74626150	chr16	74624618	74626150	intron	GBM primary
chr17:2538677|2541614	chr17	2538677	2541614	exon	GBM primary
chr17:4109616|4139185	chr17	4109616	4139185	exon	GBM primary
chr17:26425120|26499644	chr17	26425120	26499644	intron	GBM primary
chr17:30302501|30315516	chr17	30302501	30315516	exon	GBM primary
chr17:33689758|33690845	chr17	33689758	33690845	exon	GBM primary
chr17:48262644|48262825	chr17	48262644	48262825	exon	GBM primary
chr17:57842332|57851246	chr17	57842332	57851246	exon	GBM primary
chr17:60042367|60045619	chr17	60042367	60045619	exon	GBM primary
chr17:60114596|60116709	chr17	60114596	60116709	intron	GBM primary
chr17:62557618|62568074	chr17	62557618	62568074	exon	GBM primary
chr17:65955657|65972074	chr17	65955657	65972074	exon	GBM primary
chr17:80714041|80755678	chr17	80714041	80755678	exon	GBM primary
chr18:10534463|10550251	chr18	10534463	10550251	exon	GBM primary
chr18:33694060|33706979	chr18	33694060	33706979	exon	GBM primary
chr18:42281140|42292759	chr18	42281140	42292759	intron	GBM primary
chr18:43705710|43708803	chr18	43705710	43708803	intergenic_region	GBM primary
chr18:48444480|48447557	chr18	48444480	48447557	exon	GBM primary
chr18:51807037|51813781	chr18	51807037	51813781	exon	GBM primary
chr19:5016268|5047680	chr19	5016268	5047680	exon	GBM primary
chr19:16192723|16212219	chr19	16192723	16212219	exon	GBM primary
chr19:17948741|17949199	chr19	17948741	17949199	exon	GBM primary
chr19:30774979|30827523	chr19	30774979	30827523	intron	GBM primary
chr19:34921481|34955036	chr19	34921481	34955036	exon	GBM primary
chr19:48722128|48725112	chr19	48722128	48725112	exon	GBM primary
chr2:40387905|40404995	chr2	40387905	40404995	exon	GBM primary
chr2:43798846|43802166	chr2	43798846	43802166	exon	GBM primary
chr2:63170937|63176297	chr2	63170937	63176297	exon	GBM primary
chr2:69555403|69565697	chr2	69555403	69565697	exon	GBM primary
chr2:85598209|85604597	chr2	85598209	85604597	exon	GBM primary
chr2:100029193|100081447	chr2	100029193	100081447	exon	GBM primary
chr2:102022405|102038934	chr2	102022405	102038934	exon	GBM primary
chr2:102033996|102038934	chr2	102033996	102038934	exon	GBM primary
chr2:128772377|128774121	chr2	128772377	128774121	exon	GBM primary
chr2:160005653|160007067	chr2	160005653	160007067	exon	GBM primary
chr2:170870351|170917953	chr2	170870351	170917953	exon	GBM primary
chr2:173451006|173460751	chr2	173451006	173460751	exon	GBM primary
chr2:183993015|183998351	chr2	183993015	183998351	exon	GBM primary
chr2:189918902|189922107	chr2	189918902	189922107	exon	GBM primary
chr2:190670378|190682906	chr2	190670378	190682906	exon	GBM primary
chr2:197157289|197172809	chr2	197157289	197172809	exon	GBM primary
chr2:202614435|202622482	chr2	202614435	202622482	exon	GBM primary
chr2:213800666|213808528	chr2	213800666	213808528	intron	GBM primary
chr2:228205008|228212100	chr2	228205008	228212100	exon	GBM primary
chr2:230684184|230685414	chr2	230684184	230685414	intron	GBM primary
chr2:238619208|238650184	chr2	238619208	238650184	intron	GBM primary
chr20:13509080|13550233	chr20	13509080	13550233	exon	GBM primary
chr20:30954187|30989835	chr20	30954187	30989835	intron	GBM primary
chr21:16225595|16230029	chr21	16225595	16230029	exon	GBM primary
chr21:34903065|34911662	chr21	34903065	34911662	exon	GBM primary
chr21:35475134|35497780	chr21	35475134	35497780	exon	GBM primary
chr21:37722513|37723429	chr21	37722513	37723429	intron	GBM primary
chr21:38792601|38801210	chr21	38792601	38801210	exon	GBM primary
chr21:38792601|38828610	chr21	38792601	38828610	exon	GBM primary
chr21:48068370|48069651	chr21	48068370	48069651	exon	GBM primary
chr22:24161110|24163960	chr22	24161110	24163960	intron	GBM primary
chr22:30032740|30038274	chr22	30032740	30038274	exon	GBM primary
chr22:31998198|31998771	chr22	31998198	31998771	exon	GBM primary
chr22:36737415|36745300	chr22	36737415	36745300	exon	GBM primary
chr22:41349559|41363888	chr22	41349559	41363888	exon	GBM primary
chr22:41547837|41548354	chr22	41547837	41548354	exon	GBM primary
chr3:9840178|9844453	chr3	9840178	9844453	intron	GBM primary
chr3:16689081|16690119	chr3	16689081	16690119	intron	GBM primary
chr3:30713130|30715738	chr3	30713130	30715738	exon	GBM primary
chr3:32586368|32587457	chr3	32586368	32587457	exon	GBM primary
chr3:50145503|50145737	chr3	50145503	50145737	exon	GBM primary
chr3:73651505|73657835	chr3	73651505	73657835	exon	GBM primary
chr3:78807497|78810036	chr3	78807497	78810036	intron	GBM primary
chr3:160073801|160099506	chr3	160073801	160099506	exon	GBM primary
chr3:169889161|169896726	chr3	169889161	169896726	exon	GBM primary
chr3:171830242|171830380	chr3	171830242	171830380	exon	GBM primary
chr3:171944661|171965566	chr3	171944661	171965566	exon	GBM primary
chr3:171969050|172025291	chr3	171969050	172025291	exon	GBM primary
chr3:172223764|172224709	chr3	172223764	172224709	exon	GBM primary
chr3:188123900|188242575	chr3	188123900	188242575	exon	GBM primary
chr3:188202380|188242575	chr3	188202380	188242575	exon	GBM primary
chr3:188208210|188242575	chr3	188208210	188242575	intron	GBM primary
chr3:188242453|188327632	chr3	188242453	188327632	exon	GBM primary
chr3:195047614|195066046	chr3	195047614	195066046	exon	GBM primary
chr3:196626537|196627283	chr3	196626537	196627283	exon	GBM primary
chr3:196842798|196846401	chr3	196842798	196846401	exon	GBM primary
chr4:2490098|2490632	chr4	2490098	2490632	intron	GBM primary
chr4:5141632|5170177	chr4	5141632	5170177	exon	GBM primary
chr4:15636268|15637149	chr4	15636268	15637149	intron	GBM primary
chr4:38933856|38937411	chr4	38933856	38937411	exon	GBM primary
chr4:77977115|77987558	chr4	77977115	77987558	exon	GBM primary
chr4:87275683|87320959	chr4	87275683	87320959	exon	GBM primary
chr4:103635595|103651893	chr4	103635595	103651893	intron	GBM primary
chr4:113174364|113187872	chr4	113174364	113187872	exon	GBM primary
chr4:125422051|125477665	chr4	125422051	125477665	exon	GBM primary
chr4:129960196|130003528	chr4	129960196	130003528	exon	GBM primary
chr4:152058884|152086848	chr4	152058884	152086848	exon	GBM primary
chr4:169312691|169369930	chr4	169312691	169369930	exon	GBM primary
chr4:170428188|170430003	chr4	170428188	170430003	exon	GBM primary
chr5:14741936|14751348	chr5	14741936	14751348	exon	GBM primary
chr5:34770733|34803881	chr5	34770733	34803881	intron	GBM primary
chr5:43122141|43162033	chr5	43122141	43162033	exon	GBM primary
chr5:49570822|49707217	chr5	49570822	49707217	intergenic_region	GBM primary
chr5:54701253|54711960	chr5	54701253	54711960	exon	GBM primary
chr5:64803894|64825026	chr5	64803894	64825026	intergenic_region	GBM primary
chr5:79441913|79462301	chr5	79441913	79462301	exon	GBM primary
chr5:90008104|90021049	chr5	90008104	90021049	exon	GBM primary
chr5:94244956|94259726	chr5	94244956	94259726	exon	GBM primary
chr5:95078683|95079507	chr5	95078683	95079507	intron	GBM primary
chr5:122700190|122734978	chr5	122700190	122734978	exon	GBM primary
chr5:128440649|128442755	chr5	128440649	128442755	exon	GBM primary
chr5:134010305|134018172	chr5	134010305	134018172	exon	GBM primary
chr5:156945831|156947039	chr5	156945831	156947039	exon	GBM primary
chr5:167915607|167919852	chr5	167915607	167919852	exon	GBM primary
chr5:167927596|167937691	chr5	167927596	167937691	exon	GBM primary
chr5:170027261|170027439	chr5	170027261	170027439	intron	GBM primary
chr5:179007948|179020646	chr5	179007948	179020646	exon	GBM primary
chr5:180668492|180669345	chr5	180668492	180669345	exon	GBM primary
chr6:3006702|3017219	chr6	3006702	3017219	exon	GBM primary
chr6:3410422|3438789	chr6	3410422	3438789	exon	GBM primary
chr6:15246612|15374483	chr6	15246612	15374483	exon	GBM primary
chr6:20649524|20846409	chr6	20649524	20846409	exon	GBM primary
chr6:25966563|25969648	chr6	25966563	25969648	exon	GBM primary
chr6:30652717|30653004	chr6	30652717	30653004	exon	GBM primary
chr6:45399600|45405788	chr6	45399600	45405788	exon	GBM primary
chr6:52424965|52426190	chr6	52424965	52426190	intron	GBM primary
chr6:70451681|70462248	chr6	70451681	70462248	exon	GBM primary
chr6:76372937|76380436	chr6	76372937	76380436	exon	GBM primary
chr6:77981057|77983024	chr6	77981057	77983024	intergenic_region	GBM primary
chr6:84108086|84117620	chr6	84108086	84117620	exon	GBM primary
chr6:108240346|108246136	chr6	108240346	108246136	intron	GBM primary
chr6:130505248|130505768	chr6	130505248	130505768	exon	GBM primary
chr6:157851256|157869703	chr6	157851256	157869703	intron	GBM primary
chr7:2405952|2409317	chr7	2405952	2409317	exon	GBM primary
chr7:6178723|6183827	chr7	6178723	6183827	exon	GBM primary
chr7:26232115|26237352	chr7	26232115	26237352	exon	GBM primary
chr7:32582784|32591907	chr7	32582784	32591907	exon	GBM primary
chr7:45776386|45798773	chr7	45776386	45798773	exon	GBM primary
chr7:50737419|50771605	chr7	50737419	50771605	exon	GBM primary
chr7:50737419|50773020	chr7	50737419	50773020	exon	GBM primary
chr7:64002108|64004810	chr7	64002108	64004810	intron	GBM primary
chr7:73634074|73635064	chr7	73634074	73635064	exon	GBM primary
chr7:77236552|77261742	chr7	77236552	77261742	exon	GBM primary
chr7:98985662|98987635	chr7	98985662	98987635	exon	GBM primary
chr7:99088700|99092254	chr7	99088700	99092254	intron	GBM primary
chr7:99552759|99553901	chr7	99552759	99553901	intergenic_region	GBM primary
chr7:102212890|102309451	chr7	102212890	102309451	intergenic_region	GBM primary
chr7:105099615|105105861	chr7	105099615	105105861	exon	GBM primary
chr7:155499554|155511137	chr7	155499554	155511137	exon	GBM primary
chr8:15480589|15531345	chr8	15480589	15531345	exon	GBM primary
chr8:18656805|18712892	chr8	18656805	18712892	intron	GBM primary
chr8:38314874|38315052	chr8	38314874	38315052	exon	GBM primary
chr8:38646222|38684893	chr8	38646222	38684893	exon	GBM primary
chr8:42812237|42837839	chr8	42812237	42837839	exon	GBM primary
chr8:68331052|68334926	chr8	68331052	68334926	intergenic_region	GBM primary
chr8:94780176|94780753	chr8	94780176	94780753	intron	GBM primary
chr8:97692671|97694304	chr8	97692671	97694304	intron	GBM primary
chr8:98725890|98731417	chr8	98725890	98731417	exon	GBM primary
chr8:99676158|99719539	chr8	99676158	99719539	intron	GBM primary
chr8:101718879|101719225	chr8	101718879	101719225	exon	GBM primary
chr8:141810558|141874498	chr8	141810558	141874498	exon	GBM primary
chr9:4280668|4286523	chr9	4280668	4286523	intron	GBM primary
chr9:17309056|17416187	chr9	17309056	17416187	exon	GBM primary
chr9:33852065|33853942	chr9	33852065	33853942	intron	GBM primary
chr9:91680444|91692818	chr9	91680444	91692818	exon	GBM primary
chr9:96827016|96857736	chr9	96827016	96857736	exon	GBM primary
chr9:101891137|101911583	chr9	101891137	101911583	exon	GBM primary
chr9:107571747|107575003	chr9	107571747	107575003	exon	GBM primary
chr9:115013209|115060196	chr9	115013209	115060196	exon	GBM primary
chr9:125616231|125659855	chr9	125616231	125659855	exon	GBM primary
chr9:128432097|128434922	chr9	128432097	128434922	exon	GBM primary
chr9:132861736|132863502	chr9	132861736	132863502	exon	GBM primary
chr9:137588312|137588632	chr9	137588312	137588632	intron	GBM primary
chr9:137619112|137620653	chr9	137619112	137620653	exon	GBM primary
chr9:137674513|137676942	chr9	137674513	137676942	exon	GBM primary
chr9:140611078|140712590	chr9	140611078	140712590	exon	GBM primary
chrX:14861782|14883702	chrX	14861782	14883702	exon	GBM primary
chrX:20204414|20213263	chrX	20204414	20213263	exon	GBM primary
chrX:24512859|24523415	chrX	24512859	24523415	exon	GBM primary
chrX:41450961|41455254	chrX	41450961	41455254	intron	GBM primary
chrX:44948988|44950109	chrX	44948988	44950109	exon	GBM primary
chrX:76944311|76954117	chrX	76944311	76954117	exon	GBM primary
chrX:77378332|77380922	chrX	77378332	77380922	exon	GBM primary
chrX:119070260|119072773	chrX	119070260	119072773	exon	GBM primary
chrX:123022469|123034543	chrX	123022469	123034543	exon	GBM primary
chrY:7209156|7235474	chrY	7209156	7235474	exon	GBM primary
chrY:15447443|15481229	chrY	15447443	15481229	exon	GBM primary
chr1:7854017|7861251	chr1	7854017	7861251	exon	GBM primary
chr1:10321963|10328321	chr1	10321963	10328321	exon	GBM primary
chr1:10463128|10464336	chr1	10463128	10464336	exon	GBM primary
chr1:11169347|11177143	chr1	11169347	11177143	exon	GBM primary
chr1:36216851|36219537	chr1	36216851	36219537	exon	GBM primary
chr1:61125033|61125529	chr1	61125033	61125529	intergenic_region	GBM primary
chr1:91742185|91781741	chr1	91742185	91781741	exon	GBM primary
chr1:100736600|100736919	chr1	100736600	100736919	intron	GBM primary
chr1:113098490|113153625	chr1	113098490	113153625	exon	GBM primary
chr1:150440128|150440365	chr1	150440128	150440365	intron	GBM primary
chr1:151955142|151958727	chr1	151955142	151958727	intergenic_region	GBM primary
chr1:155640111|155650247	chr1	155640111	155650247	exon	GBM primary
chr1:201749549|201752980	chr1	201749549	201752980	exon	GBM primary
chr1:220771673|220809368	chr1	220771673	220809368	exon	GBM primary
chr1:236341714|236347206	chr1	236341714	236347206	exon	GBM primary
chr10:3200232|3202522	chr10	3200232	3202522	exon	GBM primary
chr10:5202775|5324861	chr10	5202775	5324861	intergenic_region	GBM primary
chr10:13214376|13214765	chr10	13214376	13214765	exon	GBM primary
chr10:118661276|118700123	chr10	118661276	118700123	exon	GBM primary
chr11:5624476|5624965	chr11	5624476	5624965	exon	GBM primary
chr11:20417349|20448411	chr11	20417349	20448411	exon	GBM primary
chr11:46829581|46831424	chr11	46829581	46831424	exon	GBM primary
chr11:74053506|74054461	chr11	74053506	74054461	exon	GBM primary
chr11:74315737|74331134	chr11	74315737	74331134	exon	GBM primary
chr11:94163077|94180604	chr11	94163077	94180604	exon	GBM primary
chr11:108042926|108047817	chr11	108042926	108047817	exon	GBM primary
chr11:111899239|111904254	chr11	111899239	111904254	exon	GBM primary
chr11:126142864|126143349	chr11	126142864	126143349	exon	GBM primary
chr11:128830707|128832162	chr11	128830707	128832162	intergenic_region	GBM primary
chr12:26628229|26755639	chr12	26628229	26755639	exon	GBM primary
chr12:27786295|27788048	chr12	27786295	27788048	exon	GBM primary
chr12:39713708|39720126	chr12	39713708	39720126	exon	GBM primary
chr12:56510559|56510995	chr12	56510559	56510995	exon	GBM primary
chr12:70465827|70467144	chr12	70465827	70467144	intron	GBM primary
chr12:112374496|112381173	chr12	112374496	112381173	exon	GBM primary
chr12:118682699|118693460	chr12	118682699	118693460	exon	GBM primary
chr12:125292307|125294835	chr12	125292307	125294835	exon	GBM primary
chr13:21742127|21746820	chr13	21742127	21746820	exon	GBM primary
chr13:25051839|25052414	chr13	25051839	25052414	exon	GBM primary
chr13:32899213|32900750	chr13	32899213	32900750	exon	GBM primary
chr13:33095510|33101669	chr13	33095510	33101669	exon	GBM primary
chr13:39282699|39282991	chr13	39282699	39282991	intron	GBM primary
chr13:46930567|46933766	chr13	46930567	46933766	exon	GBM primary
chr13:53232534|53254290	chr13	53232534	53254290	exon	GBM primary
chr14:29193474|29208050	chr14	29193474	29208050	intergenic_region	GBM primary
chr14:30093358|30108110	chr14	30093358	30108110	exon	GBM primary
chr14:31813102|31844174	chr14	31813102	31844174	exon	GBM primary
chr14:35871977|35872407	chr14	35871977	35872407	exon	GBM primary
chr14:57713429|57714430	chr14	57713429	57714430	exon	GBM primary
chr14:61504343|61518853	chr14	61504343	61518853	exon	GBM primary
chr14:62193424|62194373	chr14	62193424	62194373	exon	GBM primary
chr14:62211423|62212535	chr14	62211423	62212535	exon	GBM primary
chr14:76088422|76108241	chr14	76088422	76108241	exon	GBM primary
chr14:77914837|77920445	chr14	77914837	77920445	exon	GBM primary
chr14:80944597|80997230	chr14	80944597	80997230	exon	GBM primary
chr14:86445314|86537311	chr14	86445314	86537311	intron	GBM primary
chr14:102449356|102449946	chr14	102449356	102449946	exon	GBM primary
chr14:102496562|102498643	chr14	102496562	102498643	exon	GBM primary
chr14:104128453|104129264	chr14	104128453	104129264	exon	GBM primary
chr15:30033535|30064369	chr15	30033535	30064369	exon	GBM primary
chr15:35207239|35231014	chr15	35207239	35231014	exon	GBM primary
chr15:44941064|44952814	chr15	44941064	44952814	exon	GBM primary
chr15:45028681|45048661	chr15	45028681	45048661	exon	GBM primary
chr15:63990927|64008672	chr15	63990927	64008672	exon	GBM primary
chr15:65224390|65225755	chr15	65224390	65225755	intron	GBM primary
chr15:77471132|77578846	chr15	77471132	77578846	exon	GBM primary
chr15:96814932|96834012	chr15	96814932	96834012	exon	GBM primary
chr16:3556331|3562478	chr16	3556331	3562478	exon	GBM primary
chr16:18846214|18856973	chr16	18846214	18856973	exon	GBM primary
chr16:19191713|19195469	chr16	19191713	19195469	exon	GBM primary
chr16:67070542|67116211	chr16	67070542	67116211	exon	GBM primary
chr16:68208277|68225678	chr16	68208277	68225678	exon	GBM primary
chr16:71825970|71826495	chr16	71825970	71826495	intron	GBM primary
chr16:72270668|72425114	chr16	72270668	72425114	intergenic_region	GBM primary
chr17:26484076|26491312	chr17	26484076	26491312	intron	GBM primary
chr17:40362189|40369482	chr17	40362189	40369482	exon	GBM primary
chr17:49340635|49350811	chr17	49340635	49350811	exon	GBM primary
chr17:64001808|64026141	chr17	64001808	64026141	exon	GBM primary
chr17:70369343|70372085	chr17	70369343	70372085	intron	GBM primary
chr17:73371329|73371695	chr17	73371329	73371695	intron	GBM primary
chr17:79841992|79842840	chr17	79841992	79842840	intergenic_region	GBM primary
chr18:2700537|2700916	chr18	2700537	2700916	exon	GBM primary
chr18:44266137|44284627	chr18	44266137	44284627	exon	GBM primary
chr18:46284290|46288060	chr18	46284290	46288060	exon	GBM primary
chr18:48450468|48458730	chr18	48450468	48458730	exon	GBM primary
chr19:960092|968503	chr19	960092	968503	exon	GBM primary
chr19:15475545|15476615	chr19	15475545	15476615	intron	GBM primary
chr19:17267719|17273932	chr19	17267719	17273932	exon	GBM primary
chr19:19339953|19342208	chr19	19339953	19342208	intron	GBM primary
chr19:19353543|19356266	chr19	19353543	19356266	intron	GBM primary
chr19:19636991|19638579	chr19	19636991	19638579	exon	GBM primary
chr19:21116830|21117853	chr19	21116830	21117853	exon	GBM primary
chr19:21909196|21927869	chr19	21909196	21927869	exon	GBM primary
chr19:24108633|24109245	chr19	24108633	24109245	intron	GBM primary
chr19:41239065|41243674	chr19	41239065	41243674	exon	GBM primary
chr19:57755857|57756871	chr19	57755857	57756871	intron	GBM primary
chr19:58371886|58378986	chr19	58371886	58378986	intron	GBM primary
chr19:58755331|58758160	chr19	58755331	58758160	exon	GBM primary
chr2:24098699|24111269	chr2	24098699	24111269	exon	GBM primary
chr2:43725972|43755127	chr2	43725972	43755127	exon	GBM primary
chr2:61528086|61542109	chr2	61528086	61542109	exon	GBM primary
chr2:63540383|63667005	chr2	63540383	63667005	exon	GBM primary
chr2:64160807|64171789	chr2	64160807	64171789	exon	GBM primary
chr2:65703392|65710286	chr2	65703392	65710286	exon	GBM primary
chr2:96559444|96579928	chr2	96559444	96579928	exon	GBM primary
chr2:112758778|112761561	chr2	112758778	112761561	exon	GBM primary
chr2:141376368|141376737	chr2	141376368	141376737	intron	GBM primary
chr2:153417397|153437563	chr2	153417397	153437563	exon	GBM primary
chr2:155098543|155158102	chr2	155098543	155158102	exon	GBM primary
chr2:200188526|200193633	chr2	200188526	200193633	exon	GBM primary
chr2:201277034|201305507	chr2	201277034	201305507	exon	GBM primary
chr2:207006665|207012558	chr2	207006665	207012558	exon	GBM primary
chr2:236617823|236715975	chr2	236617823	236715975	exon	GBM primary
chr2:242343243|242352836	chr2	242343243	242352836	exon	GBM primary
chr20:3338041|3339040	chr20	3338041	3339040	intron	GBM primary
chr20:36393599|36431450	chr20	36393599	36431450	exon	GBM primary
chr21:37734481|37744829	chr21	37734481	37744829	exon	GBM primary
chr22:23641970|23645238	chr22	23641970	23645238	intron	GBM primary
chr22:24431892|24434909	chr22	24431892	24434909	exon	GBM primary
chr22:28324946|28325532	chr22	28324946	28325532	intron	GBM primary
chr22:38019334|38019640	chr22	38019334	38019640	exon	GBM primary
chr3:10011403|10019130	chr3	10011403	10019130	exon	GBM primary
chr3:33626242|33633988	chr3	33626242	33633988	exon	GBM primary
chr3:48327736|48328420	chr3	48327736	48328420	exon	GBM primary
chr3:52952500|52962357	chr3	52952500	52962357	exon	GBM primary
chr3:64547254|64582667	chr3	64547254	64582667	exon	GBM primary
chr3:130649260|130699523	chr3	130649260	130699523	exon	GBM primary
chr3:169814864|169896726	chr3	169814864	169896726	exon	GBM primary
chr3:169831148|169847340	chr3	169831148	169847340	exon	GBM primary
chr3:172491693|172501699	chr3	172491693	172501699	exon	GBM primary
chr3:178627387|178721972	chr3	178627387	178721972	intergenic_region	GBM primary
chr4:371862|372152	chr4	371862	372152	exon	GBM primary
chr4:3009041|3024178	chr4	3009041	3024178	intron	GBM primary
chr4:72332161|72363409	chr4	72332161	72363409	exon	GBM primary
chr4:77916934|77952123	chr4	77916934	77952123	exon	GBM primary
chr4:83276457|83280792	chr4	83276457	83280792	exon	GBM primary
chr4:87614740|87638270	chr4	87614740	87638270	exon	GBM primary
chr4:95471010|95476259	chr4	95471010	95476259	intron	GBM primary
chr4:128958326|128958615	chr4	128958326	128958615	exon	GBM primary
chr4:154330123|154479520	chr4	154330123	154479520	intergenic_region	GBM primary
chr4:160107794|160162520	chr4	160107794	160162520	exon	GBM primary
chr5:1611784|1612187	chr5	1611784	1612187	intron	GBM primary
chr5:9190379|9202352	chr5	9190379	9202352	exon	GBM primary
chr5:9379935|9437964	chr5	9379935	9437964	exon	GBM primary
chr5:21491430|21501935	chr5	21491430	21501935	exon	GBM primary
chr5:70797389|70800578	chr5	70797389	70800578	exon	GBM primary
chr5:72151601|72161556	chr5	72151601	72161556	exon	GBM primary
chr5:72185613|72189530	chr5	72185613	72189530	exon	GBM primary
chr5:77808827|77818040	chr5	77808827	77818040	intron	GBM primary
chr5:78734833|78797382	chr5	78734833	78797382	intron	GBM primary
chr5:86539763|86543184	chr5	86539763	86543184	intergenic_region	GBM primary
chr5:108219097|108295048	chr5	108219097	108295048	exon	GBM primary
chr5:111598191|111616020	chr5	111598191	111616020	exon	GBM primary
chr5:137756590|137759837	chr5	137756590	137759837	exon	GBM primary
chr5:151326200|151327356	chr5	151326200	151327356	intergenic_region	GBM primary
chr5:172507588|172518404	chr5	172507588	172518404	exon	GBM primary
chr5:176696603|176715926	chr5	176696603	176715926	exon	GBM primary
chr5:179134133|179137066	chr5	179134133	179137066	exon	GBM primary
chr6:5771524|5775549	chr6	5771524	5775549	intron	GBM primary
chr6:35604791|35614627	chr6	35604791	35614627	intron	GBM primary
chr6:35842010|35858790	chr6	35842010	35858790	exon	GBM primary
chr6:76616162|76617229	chr6	76616162	76617229	intron	GBM primary
chr6:107824861|107908379	chr6	107824861	107908379	exon	GBM primary
chr6:110538905|110541072	chr6	110538905	110541072	exon	GBM primary
chr6:118801034|118845083	chr6	118801034	118845083	exon	GBM primary
chr6:118893322|118893966	chr6	118893322	118893966	intron	GBM primary
chr6:129843622|129879311	chr6	129843622	129879311	intergenic_region	GBM primary
chr6:150092298|150094305	chr6	150092298	150094305	exon	GBM primary
chr6:151270167|151281551	chr6	151270167	151281551	exon	GBM primary
chr7:15405139|15433804	chr7	15405139	15433804	exon	GBM primary
chr7:18801780|18914219	chr7	18801780	18914219	exon	GBM primary
chr7:26233252|26236047	chr7	26233252	26236047	exon	GBM primary
chr7:30005943|30008684	chr7	30005943	30008684	intron	GBM primary
chr7:55111134|55115366	chr7	55111134	55115366	intron	GBM primary
chr7:55224226|55225446	chr7	55224226	55225446	exon	GBM primary
chr7:72131933|72135276	chr7	72131933	72135276	intron	GBM primary
chr7:74088419|74088669	chr7	74088419	74088669	intron	GBM primary
chr7:77236552|77265166	chr7	77236552	77265166	exon	GBM primary
chr7:91974292|92000921	chr7	91974292	92000921	exon	GBM primary
chr7:94832977|94898019	chr7	94832977	94898019	exon	GBM primary
chr7:99042412|99045896	chr7	99042412	99045896	exon	GBM primary
chr7:128317618|128323309	chr7	128317618	128323309	exon	GBM primary
chr7:140285389|140287580	chr7	140285389	140287580	exon	GBM primary
chr7:141174305|141174603	chr7	141174305	141174603	exon	GBM primary
chr7:156589083|156629579	chr7	156589083	156629579	exon	GBM primary
chr8:8743322|8744572	chr8	8743322	8744572	intron	GBM primary
chr8:24919887|24927649	chr8	24919887	24927649	intergenic_region	GBM primary
chr8:68130017|68151128	chr8	68130017	68151128	exon	GBM primary
chr8:95897295|95897786	chr8	95897295	95897786	exon	GBM primary
chr8:131130407|131138335	chr8	131130407	131138335	exon	GBM primary
chr9:738285|740934	chr9	738285	740934	exon	GBM primary
chr9:14672828|14680160	chr9	14672828	14680160	exon	GBM primary
chr9:86274695|86284242	chr9	86274695	86284242	intergenic_region	GBM primary
chr9:99129785|99130587	chr9	99129785	99130587	intron	GBM primary
chr9:111812563|111822732	chr9	111812563	111822732	exon	GBM primary
chrX:32360217|32366645	chrX	32360217	32366645	exon	GBM primary
chrX:48797181|48798178	chrX	48797181	48798178	intron	GBM primary
chrX:67301543|67333081	chrX	67301543	67333081	intron	GBM primary
chrX:70601593|70607311	chrX	70601593	70607311	exon	GBM primary
chrX:73045950|73051109	chrX	73045950	73051109	exon	GBM primary
chrX:73045950|73057338	chrX	73045950	73057338	exon	GBM primary
chrX:76932540|76934088	chrX	76932540	76934088	intron	GBM primary
chrX:149905067|149905920	chrX	149905067	149905920	exon	GBM primary
chr1:1835635|1836252	chr1	1835635	1836252	intergenic_region	GBM primary
chr1:6867043|6913249	chr1	6867043	6913249	exon	GBM primary
chr1:6880241|6913249	chr1	6880241	6913249	exon	GBM primary
chr1:8616534|8674745	chr1	8616534	8674745	exon	GBM primary
chr1:10318551|10328321	chr1	10318551	10328321	exon	GBM primary
chr1:11076901|11078930	chr1	11076901	11078930	exon	GBM primary
chr1:12359259|12368698	chr1	12359259	12368698	exon	GBM primary
chr1:12359259|12383837	chr1	12359259	12383837	exon	GBM primary
chr1:21083659|21094157	chr1	21083659	21094157	exon	GBM primary
chr1:21586764|21599404	chr1	21586764	21599404	exon	GBM primary
chr1:22041882|22056325	chr1	22041882	22056325	exon	GBM primary
chr1:23356962|23366927	chr1	23356962	23366927	intron	GBM primary
chr1:23370920|23385660	chr1	23370920	23385660	exon	GBM primary
chr1:24495907|24507344	chr1	24495907	24507344	exon	GBM primary
chr1:24706143|24710493	chr1	24706143	24710493	exon	GBM primary
chr1:26581662|26582356	chr1	26581662	26582356	exon	GBM primary
chr1:27747348|27748046	chr1	27747348	27748046	intron	GBM primary
chr1:28165210|28169841	chr1	28165210	28169841	exon	GBM primary
chr1:28907072|28907741	chr1	28907072	28907741	exon	GBM primary
chr1:31413998|31454252	chr1	31413998	31454252	exon	GBM primary
chr1:31437521|31454252	chr1	31437521	31454252	exon	GBM primary
chr1:31465237|31479946	chr1	31465237	31479946	exon	GBM primary
chr1:31742005|31764853	chr1	31742005	31764853	exon	GBM primary
chr1:32495899|32497241	chr1	32495899	32497241	exon	GBM primary
chr1:32502511|32504220	chr1	32502511	32504220	exon	GBM primary
chr1:32502511|32505174	chr1	32502511	32505174	exon	GBM primary
chr1:32792540|32793278	chr1	32792540	32793278	exon	GBM primary
chr1:33097428|33100393	chr1	33097428	33100393	exon	GBM primary
chr1:40654727|40661436	chr1	40654727	40661436	exon	GBM primary
chr1:41578955|41582682	chr1	41578955	41582682	exon	GBM primary
chr1:42660561|42671534	chr1	42660561	42671534	exon	GBM primary
chr1:44707587|44713710	chr1	44707587	44713710	exon	GBM primary
chr1:45340350|45363116	chr1	45340350	45363116	exon	GBM primary
chr1:46066057|46068037	chr1	46066057	46068037	exon	GBM primary
chr1:46080685|46082065	chr1	46080685	46082065	exon	GBM primary
chr1:46120215|46120991	chr1	46120215	46120991	exon	GBM primary
chr1:46543187|46546422	chr1	46543187	46546422	exon	GBM primary
chr1:47725961|47737913	chr1	47725961	47737913	exon	GBM primary
chr1:47737748|47767420	chr1	47737748	47767420	exon	GBM primary
chr1:47761437|47767420	chr1	47761437	47767420	exon	GBM primary
chr1:51929345|51930998	chr1	51929345	51930998	exon	GBM primary
chr1:52289336|52306186	chr1	52289336	52306186	exon	GBM primary
chr1:52911459|52927441	chr1	52911459	52927441	exon	GBM primary
chr1:52956404|52975384	chr1	52956404	52975384	exon	GBM primary
chr1:58992933|59002413	chr1	58992933	59002413	exon	GBM primary
chr1:60994591|61065942	chr1	60994591	61065942	exon	GBM primary
chr1:61053709|61065942	chr1	61053709	61065942	exon	GBM primary
chr1:62970301|62979569	chr1	62970301	62979569	exon	GBM primary
chr1:65268659|65280523	chr1	65268659	65280523	exon	GBM primary
chr1:70639148|70654956	chr1	70639148	70654956	exon	GBM primary
chr1:78177432|78207433	chr1	78177432	78207433	exon	GBM primary
chr1:91356594|91383711	chr1	91356594	91383711	intergenic_region	GBM primary
chr1:91382197|91383711	chr1	91382197	91383711	exon	GBM primary
chr1:109908507|109910103	chr1	109908507	109910103	intron	GBM primary
chr1:116562203|116563506	chr1	116562203	116563506	exon	GBM primary
chr1:117957335|117984947	chr1	117957335	117984947	exon	GBM primary
chr1:118003111|118009049	chr1	118003111	118009049	exon	GBM primary
chr1:145153068|145299939	chr1	145153068	145299939	intergenic_region	GBM primary
chr1:151164105|151164244	chr1	151164105	151164244	intron	GBM primary
chr1:152287382|152307915	chr1	152287382	152307915	exon	GBM primary
chr1:152287382|152310565	chr1	152287382	152310565	exon	GBM primary
chr1:153734046|153737539	chr1	153734046	153737539	exon	GBM primary
chr1:155638418|155650247	chr1	155638418	155650247	exon	GBM primary
chr1:155646339|155650247	chr1	155646339	155650247	exon	GBM primary
chr1:155902698|155903163	chr1	155902698	155903163	intron	GBM primary
chr1:168200752|168212307	chr1	168200752	168212307	exon	GBM primary
chr1:168336729|168349020	chr1	168336729	168349020	intergenic_region	GBM primary
chr1:168338261|168349020	chr1	168338261	168349020	intergenic_region	GBM primary
chr1:168338733|168349020	chr1	168338733	168349020	intergenic_region	GBM primary
chr1:168345211|168349020	chr1	168345211	168349020	intergenic_region	GBM primary
chr1:168348092|168349020	chr1	168348092	168349020	intergenic_region	GBM primary
chr1:172525009|172560211	chr1	172525009	172560211	exon	GBM primary
chr1:175956079|175958615	chr1	175956079	175958615	exon	GBM primary
chr1:179961197|179966310	chr1	179961197	179966310	exon	GBM primary
chr1:180461404|180464660	chr1	180461404	180464660	exon	GBM primary
chr1:180945254|180974599	chr1	180945254	180974599	exon	GBM primary
chr1:192990227|192998787	chr1	192990227	192998787	exon	GBM primary
chr1:197552282|197586889	chr1	197552282	197586889	exon	GBM primary
chr1:201823723|201826322	chr1	201823723	201826322	exon	GBM primary
chr1:202385915|202398057	chr1	202385915	202398057	exon	GBM primary
chr1:202397983|202418299	chr1	202397983	202418299	exon	GBM primary
chr1:202724399|202727638	chr1	202724399	202727638	exon	GBM primary
chr1:205072985|205074296	chr1	205072985	205074296	exon	GBM primary
chr1:207930359|207933069	chr1	207930359	207933069	exon	GBM primary
chr1:210186978|210194599	chr1	210186978	210194599	exon	GBM primary
chr1:212502477|212506940	chr1	212502477	212506940	exon	GBM primary
chr1:213037067|213046160	chr1	213037067	213046160	exon	GBM primary
chr1:213244348|213251158	chr1	213244348	213251158	exon	GBM primary
chr1:214478530|214510283	chr1	214478530	214510283	exon	GBM primary
chr1:214488105|214498051	chr1	214488105	214498051	exon	GBM primary
chr1:214788175|214792563	chr1	214788175	214792563	exon	GBM primary
chr1:216737561|216741440	chr1	216737561	216741440	exon	GBM primary
chr1:219366424|219385094	chr1	219366424	219385094	exon	GBM primary
chr1:219366424|219484777	chr1	219366424	219484777	intergenic_region	GBM primary
chr1:220752696|220754460	chr1	220752696	220754460	exon	GBM primary
chr1:220752696|220777479	chr1	220752696	220777479	exon	GBM primary
chr1:220752696|220792425	chr1	220752696	220792425	intron	GBM primary
chr1:220789281|220792097	chr1	220789281	220792097	exon	GBM primary
chr1:225140372|225211567	chr1	225140372	225211567	exon	GBM primary
chr1:225140372|225239497	chr1	225140372	225239497	exon	GBM primary
chr1:225140372|225284941	chr1	225140372	225284941	exon	GBM primary
chr1:225161793|225340585	chr1	225161793	225340585	exon	GBM primary
chr1:225305386|225373127	chr1	225305386	225373127	exon	GBM primary
chr1:225355641|225477784	chr1	225355641	225477784	exon	GBM primary
chr1:231500073|231503382	chr1	231500073	231503382	exon	GBM primary
chr1:231752390|231753805	chr1	231752390	231753805	exon	GBM primary
chr1:232636955|232639834	chr1	232636955	232639834	intron	GBM primary
chr1:233372591|233388534	chr1	233372591	233388534	exon	GBM primary
chr1:235403628|235424067	chr1	235403628	235424067	exon	GBM primary
chr1:235775424|235775806	chr1	235775424	235775806	intron	GBM primary
chr1:237532834|237586548	chr1	237532834	237586548	exon	GBM primary
chr1:237538017|237586548	chr1	237538017	237586548	exon	GBM primary
chr1:237604619|237693810	chr1	237604619	237693810	exon	GBM primary
chr1:243362362|243375266	chr1	243362362	243375266	exon	GBM primary
chr1:244574589|244601070	chr1	244574589	244601070	exon	GBM primary
chr1:246021798|246027188	chr1	246021798	246027188	exon	GBM primary
chr1:246890194|246907427	chr1	246890194	246907427	exon	GBM primary
chr1:247318868|247323169	chr1	247318868	247323169	intron	GBM primary
chr10:4872867|4884696	chr10	4872867	4884696	exon	GBM primary
chr10:4872867|4889491	chr10	4872867	4889491	exon	GBM primary
chr10:5738434|5755910	chr10	5738434	5755910	intron	GBM primary
chr10:5810176|5842668	chr10	5810176	5842668	exon	GBM primary
chr10:7285520|7290611	chr10	7285520	7290611	exon	GBM primary
chr10:11639630|11643979	chr10	11639630	11643979	intron	GBM primary
chr10:12123471|12143180	chr10	12123471	12143180	exon	GBM primary
chr10:18955504|18957606	chr10	18955504	18957606	exon	GBM primary
chr10:21129668|21158770	chr10	21129668	21158770	exon	GBM primary
chr10:30602820|30630569	chr10	30602820	30630569	exon	GBM primary
chr10:34636893|34649187	chr10	34636893	34649187	exon	GBM primary
chr10:35321363|35338693	chr10	35321363	35338693	exon	GBM primary
chr10:46135264|46148507	chr10	46135264	46148507	exon	GBM primary
chr10:46135264|46159290	chr10	46135264	46159290	exon	GBM primary
chr10:49609655|49613024	chr10	49609655	49613024	exon	GBM primary
chr10:51829307|51840691	chr10	51829307	51840691	exon	GBM primary
chr10:61636101|61660564	chr10	61636101	61660564	intron	GBM primary
chr10:70196768|70229920	chr10	70196768	70229920	exon	GBM primary
chr10:75286405|75299351	chr10	75286405	75299351	exon	GBM primary
chr10:79135768|79163781	chr10	79135768	79163781	intron	GBM primary
chr10:94366022|94381230	chr10	94366022	94381230	exon	GBM primary
chr10:96269848|96282210	chr10	96269848	96282210	exon	GBM primary
chr10:99967858|99969656	chr10	99967858	99969656	exon	GBM primary
chr10:100374661|100380465	chr10	100374661	100380465	exon	GBM primary
chr10:103557737|103573363	chr10	103557737	103573363	exon	GBM primary
chr10:111160777|111171871	chr10	111160777	111171871	intergenic_region	GBM primary
chr10:112723883|112724819	chr10	112723883	112724819	exon	GBM primary
chr10:115639333|115664795	chr10	115639333	115664795	exon	GBM primary
chr10:117849252|117856275	chr10	117849252	117856275	exon	GBM primary
chr10:120467004|120489922	chr10	120467004	120489922	exon	GBM primary
chr10:121929821|121968507	chr10	121929821	121968507	intergenic_region	GBM primary
chr10:121931985|121968507	chr10	121931985	121968507	intergenic_region	GBM primary
chr10:121940742|121968507	chr10	121940742	121968507	intergenic_region	GBM primary
chr10:121945345|122047979	chr10	121945345	122047979	intergenic_region	GBM primary
chr10:121946630|121968507	chr10	121946630	121968507	intergenic_region	GBM primary
chr10:121946630|122047979	chr10	121946630	122047979	intergenic_region	GBM primary
chr10:121964507|121968507	chr10	121964507	121968507	intergenic_region	GBM primary
chr10:122047902|122053687	chr10	122047902	122053687	intergenic_region	GBM primary
chr10:124151819|124184475	chr10	124151819	124184475	exon	GBM primary
chr10:128768966|128908618	chr10	128768966	128908618	exon	GBM primary
chr11:2972489|3000467	chr11	2972489	3000467	exon	GBM primary
chr11:2997254|3000467	chr11	2997254	3000467	exon	GBM primary
chr11:3712577|3716836	chr11	3712577	3716836	exon	GBM primary
chr11:6962802|6977013	chr11	6962802	6977013	exon	GBM primary
chr11:8732392|8739439	chr11	8732392	8739439	exon	GBM primary
chr11:10011044|10052717	chr11	10011044	10052717	exon	GBM primary
chr11:11394062|11400811	chr11	11394062	11400811	exon	GBM primary
chr11:11708110|11863771	chr11	11708110	11863771	intergenic_region	GBM primary
chr11:17167215|17172202	chr11	17167215	17172202	exon	GBM primary
chr11:17167215|17177176	chr11	17167215	17177176	exon	GBM primary
chr11:22696396|22707335	chr11	22696396	22707335	exon	GBM primary
chr11:22856453|22859910	chr11	22856453	22859910	exon	GBM primary
chr11:24998137|25004839	chr11	24998137	25004839	exon	GBM primary
chr11:28098554|28113060	chr11	28098554	28113060	exon	GBM primary
chr11:28557375|28585875	chr11	28557375	28585875	intergenic_region	GBM primary
chr11:34978931|35013926	chr11	34978931	35013926	exon	GBM primary
chr11:46455024|46456587	chr11	46455024	46456587	exon	GBM primary
chr11:46804824|46810323	chr11	46804824	46810323	exon	GBM primary
chr11:46829581|46842819	chr11	46829581	46842819	exon	GBM primary
chr11:47819331|47823482	chr11	47819331	47823482	exon	GBM primary
chr11:62406455|62407203	chr11	62406455	62407203	exon	GBM primary
chr11:76162902|76175124	chr11	76162902	76175124	exon	GBM primary
chr11:77043775|77091039	chr11	77043775	77091039	exon	GBM primary
chr11:85707869|85726006	chr11	85707869	85726006	exon	GBM primary
chr11:85718585|85726006	chr11	85718585	85726006	exon	GBM primary
chr11:85961338|85967554	chr11	85961338	85967554	exon	GBM primary
chr11:95546096|95546753	chr11	95546096	95546753	exon	GBM primary
chr11:107916997|107969256	chr11	107916997	107969256	exon	GBM primary
chr11:120916383|120926017	chr11	120916383	120926017	exon	GBM primary
chr11:133520430|133523742	chr11	133520430	133523742	intergenic_region	GBM primary
chr11:134076494|134080348	chr11	134076494	134080348	exon	GBM primary
chr12:1219358|1225199	chr12	1219358	1225199	exon	GBM primary
chr12:4848329|4855424	chr12	4848329	4855424	exon	GBM primary
chr12:5269473|5281055	chr12	5269473	5281055	intergenic_region	GBM primary
chr12:12300300|12318229	chr12	12300300	12318229	exon	GBM primary
chr12:15304754|15321889	chr12	15304754	15321889	intron	GBM primary
chr12:25362745|25380346	chr12	25362745	25380346	exon	GBM primary
chr12:26703180|26808785	chr12	26703180	26808785	exon	GBM primary
chr12:29908642|29911710	chr12	29908642	29911710	exon	GBM primary
chr12:41302159|41318454	chr12	41302159	41318454	exon	GBM primary
chr12:41302159|41387071	chr12	41302159	41387071	exon	GBM primary
chr12:42335331|42382982	chr12	42335331	42382982	intergenic_region	GBM primary
chr12:42345822|42382982	chr12	42345822	42382982	intergenic_region	GBM primary
chr12:42418091|42420457	chr12	42418091	42420457	intergenic_region	GBM primary
chr12:42491244|42512973	chr12	42491244	42512973	exon	GBM primary
chr12:46230372|46254732	chr12	46230372	46254732	exon	GBM primary
chr12:49883248|49884514	chr12	49883248	49884514	exon	GBM primary
chr12:50385781|50388292	chr12	50385781	50388292	exon	GBM primary
chr12:50821545|50829407	chr12	50821545	50829407	exon	GBM primary
chr12:52488463|52501993	chr12	52488463	52501993	intron	GBM primary
chr12:53775443|53803345	chr12	53775443	53803345	exon	GBM primary
chr12:56643943|56644806	chr12	56643943	56644806	intron	GBM primary
chr12:56826810|56828015	chr12	56826810	56828015	exon	GBM primary
chr12:62877950|62895478	chr12	62877950	62895478	exon	GBM primary
chr12:70178500|70194112	chr12	70178500	70194112	exon	GBM primary
chr12:70178500|70195501	chr12	70178500	70195501	exon	GBM primary
chr12:72163580|72176438	chr12	72163580	72176438	exon	GBM primary
chr12:72764544|72771901	chr12	72764544	72771901	intron	GBM primary
chr12:72769770|72969322	chr12	72769770	72969322	intron	GBM primary
chr12:73145877|73188532	chr12	73145877	73188532	intergenic_region	GBM primary
chr12:73187807|73275804	chr12	73187807	73275804	intergenic_region	GBM primary
chr12:73313621|73376290	chr12	73313621	73376290	intergenic_region	GBM primary
chr12:74678805|74700449	chr12	74678805	74700449	exon	GBM primary
chr12:88542065|88570096	chr12	88542065	88570096	exon	GBM primary
chr12:88553891|88570096	chr12	88553891	88570096	exon	GBM primary
chr12:90003714|90029028	chr12	90003714	90029028	exon	GBM primary
chr12:90024282|90029028	chr12	90024282	90029028	exon	GBM primary
chr12:95887832|95889874	chr12	95887832	95889874	exon	GBM primary
chr12:96704830|96728643	chr12	96704830	96728643	exon	GBM primary
chr12:98921664|98931350	chr12	98921664	98931350	exon	GBM primary
chr12:101560272|101588940	chr12	101560272	101588940	exon	GBM primary
chr12:101573807|101587557	chr12	101573807	101587557	exon	GBM primary
chr12:101573807|101588940	chr12	101573807	101588940	exon	GBM primary
chr12:107236367|107245372	chr12	107236367	107245372	exon	GBM primary
chr12:109327971|109338942	chr12	109327971	109338942	exon	GBM primary
chr12:111733137|111736393	chr12	111733137	111736393	exon	GBM primary
chr12:112641440|112666615	chr12	112641440	112666615	exon	GBM primary
chr12:116434281|116435035	chr12	116434281	116435035	exon	GBM primary
chr12:117157568|117161028	chr12	117157568	117161028	exon	GBM primary
chr12:117365828|117387511	chr12	117365828	117387511	exon	GBM primary
chr12:117402502|117426674	chr12	117402502	117426674	exon	GBM primary
chr12:122773036|122819252	chr12	122773036	122819252	exon	GBM primary
chr12:133696874|133698610	chr12	133696874	133698610	exon	GBM primary
chr13:20399060|20426097	chr13	20399060	20426097	exon	GBM primary
chr13:20625573|20626451	chr13	20625573	20626451	exon	GBM primary
chr13:20625573|20635364	chr13	20625573	20635364	exon	GBM primary
chr13:21732061|21746820	chr13	21732061	21746820	exon	GBM primary
chr13:21735929|21742538	chr13	21735929	21742538	exon	GBM primary
chr13:22067399|22096789	chr13	22067399	22096789	exon	GBM primary
chr13:23027599|23030429	chr13	23027599	23030429	intergenic_region	GBM primary
chr13:26898909|26911779	chr13	26898909	26911779	intron	GBM primary
chr13:28155434|28155940	chr13	28155434	28155940	exon	GBM primary
chr13:28840852|28845003	chr13	28840852	28845003	exon	GBM primary
chr13:30814597|30829752	chr13	30814597	30829752	exon	GBM primary
chr13:31211881|31221194	chr13	31211881	31221194	exon	GBM primary
chr13:33054727|33096407	chr13	33054727	33096407	exon	GBM primary
chr13:37614542|37625720	chr13	37614542	37625720	exon	GBM primary
chr13:41207284|41219623	chr13	41207284	41219623	intron	GBM primary
chr13:41890982|41902979	chr13	41890982	41902979	exon	GBM primary
chr13:41892942|41902979	chr13	41892942	41902979	exon	GBM primary
chr13:45919563|45920186	chr13	45919563	45920186	intron	GBM primary
chr13:46616299|46619651	chr13	46616299	46619651	exon	GBM primary
chr13:48916735|48923159	chr13	48916735	48923159	exon	GBM primary
chr13:49712883|49720071	chr13	49712883	49720071	exon	GBM primary
chr13:50550469|50603628	chr13	50550469	50603628	exon	GBM primary
chr13:50564996|50571555	chr13	50564996	50571555	intron	GBM primary
chr13:50571210|50618904	chr13	50571210	50618904	exon	GBM primary
chr13:51939839|51963580	chr13	51939839	51963580	exon	GBM primary
chr13:52971367|52976829	chr13	52971367	52976829	intron	GBM primary
chr13:60348323|60385057	chr13	60348323	60385057	exon	GBM primary
chr13:60544078|60566717	chr13	60544078	60566717	exon	GBM primary
chr13:60667762|60686320	chr13	60667762	60686320	exon	GBM primary
chr13:61013822|61060082	chr13	61013822	61060082	exon	GBM primary
chr13:64576518|64578945	chr13	64576518	64578945	intron	GBM primary
chr13:64576518|64608670	chr13	64576518	64608670	exon	GBM primary
chr13:72049273|72063280	chr13	72049273	72063280	exon	GBM primary
chr13:72131156|72134087	chr13	72131156	72134087	exon	GBM primary
chr13:72131156|72147144	chr13	72131156	72147144	exon	GBM primary
chr13:72131156|72147705	chr13	72131156	72147705	exon	GBM primary
chr13:72131156|72256042	chr13	72131156	72256042	exon	GBM primary
chr13:76134889|76169126	chr13	76134889	76169126	exon	GBM primary
chr13:76287318|76335174	chr13	76287318	76335174	exon	GBM primary
chr13:76627143|76632897	chr13	76627143	76632897	intergenic_region	GBM primary
chr13:78293667|78335245	chr13	78293667	78335245	exon	GBM primary
chr13:79945080|79946065	chr13	79945080	79946065	exon	GBM primary
chr13:80094945|80113910	chr13	80094945	80113910	exon	GBM primary
chr13:95813443|95822882	chr13	95813443	95822882	exon	GBM primary
chr13:96485181|96489456	chr13	96485181	96489456	exon	GBM primary
chr13:96638587|96648389	chr13	96638587	96648389	exon	GBM primary
chr13:97881062|97882244	chr13	97881062	97882244	intron	GBM primary
chr13:99723764|99724762	chr13	99723764	99724762	intron	GBM primary
chr13:100495250|100495777	chr13	100495250	100495777	intron	GBM primary
chr13:103468778|103474509	chr13	103468778	103474509	exon	GBM primary
chr13:113210366|113223573	chr13	113210366	113223573	exon	GBM primary
chr14:21461277|21462222	chr14	21461277	21462222	exon	GBM primary
chr14:31050282|31062845	chr14	31050282	31062845	exon	GBM primary
chr14:31097415|31122794	chr14	31097415	31122794	exon	GBM primary
chr14:31097415|31144271	chr14	31097415	31144271	exon	GBM primary
chr14:31103153|31107453	chr14	31103153	31107453	exon	GBM primary
chr14:31103153|31112611	chr14	31103153	31112611	exon	GBM primary
chr14:31596991|31638674	chr14	31596991	31638674	exon	GBM primary
chr14:35079459|35084570	chr14	35079459	35084570	intron	GBM primary
chr14:36064840|36104804	chr14	36064840	36104804	exon	GBM primary
chr14:37709638|37717112	chr14	37709638	37717112	exon	GBM primary
chr14:37716308|37754652	chr14	37716308	37754652	exon	GBM primary
chr14:37736143|37754652	chr14	37736143	37754652	exon	GBM primary
chr14:39618705|39628754	chr14	39618705	39628754	exon	GBM primary
chr14:42355809|42368163	chr14	42355809	42368163	exon	GBM primary
chr14:45564424|45566208	chr14	45564424	45566208	exon	GBM primary
chr14:45700344|45716580	chr14	45700344	45716580	exon	GBM primary
chr14:46680027|46681007	chr14	46680027	46681007	exon	GBM primary
chr14:50130033|50136316	chr14	50130033	50136316	exon	GBM primary
chr14:50750589|50769735	chr14	50750589	50769735	exon	GBM primary
chr14:52905922|53011089	chr14	52905922	53011089	exon	GBM primary
chr14:53138348|53149126	chr14	53138348	53149126	exon	GBM primary
chr14:55467221|55468903	chr14	55467221	55468903	exon	GBM primary
chr14:59988292|60018154	chr14	59988292	60018154	exon	GBM primary
chr14:60582437|60592541	chr14	60582437	60592541	exon	GBM primary
chr14:61258333|61285565	chr14	61258333	61285565	intron	GBM primary
chr14:61275043|61285565	chr14	61275043	61285565	exon	GBM primary
chr14:61315725|61346553	chr14	61315725	61346553	intron	GBM primary
chr14:61497163|61512885	chr14	61497163	61512885	exon	GBM primary
chr14:62188227|62201003	chr14	62188227	62201003	exon	GBM primary
chr14:64465632|64470048	chr14	64465632	64470048	exon	GBM primary
chr14:64465632|64483349	chr14	64465632	64483349	exon	GBM primary
chr14:64564667|64568760	chr14	64564667	64568760	exon	GBM primary
chr14:64564667|64574325	chr14	64564667	64574325	exon	GBM primary
chr14:65922339|65927869	chr14	65922339	65927869	intron	GBM primary
chr14:67736418|67746254	chr14	67736418	67746254	exon	GBM primary
chr14:71413632|71435827	chr14	71413632	71435827	exon	GBM primary
chr14:71511850|71556059	chr14	71511850	71556059	exon	GBM primary
chr14:71880665|71933964	chr14	71880665	71933964	exon	GBM primary
chr14:72054288|72090953	chr14	72054288	72090953	exon	GBM primary
chr14:72169098|72172057	chr14	72169098	72172057	exon	GBM primary
chr14:73614503|73653628	chr14	73614503	73653628	exon	GBM primary
chr14:75522084|75524411	chr14	75522084	75524411	intron	GBM primary
chr14:81209419|81227957	chr14	81209419	81227957	exon	GBM primary
chr14:81209419|81297638	chr14	81209419	81297638	exon	GBM primary
chr14:81302549|81307112	chr14	81302549	81307112	exon	GBM primary
chr14:84112888|84132553	chr14	84112888	84132553	intergenic_region	GBM primary
chr14:89041037|89044484	chr14	89041037	89044484	exon	GBM primary
chr14:89148234|89163296	chr14	89148234	89163296	exon	GBM primary
chr14:91386550|91413894	chr14	91386550	91413894	exon	GBM primary
chr14:91409422|91413894	chr14	91409422	91413894	exon	GBM primary
chr14:91413779|91467503	chr14	91413779	91467503	exon	GBM primary
chr14:93685558|93686757	chr14	93685558	93686757	exon	GBM primary
chr14:93962757|93963632	chr14	93962757	93963632	exon	GBM primary
chr14:94017684|94024614	chr14	94017684	94024614	intron	GBM primary
chr14:96986392|96987409	chr14	96986392	96987409	exon	GBM primary
chr14:96986392|96991728	chr14	96986392	96991728	exon	GBM primary
chr14:97018817|97022750	chr14	97018817	97022750	exon	GBM primary
chr14:97299804|97313681	chr14	97299804	97313681	exon	GBM primary
chr14:97299804|97322923	chr14	97299804	97322923	exon	GBM primary
chr14:97312432|97327072	chr14	97312432	97327072	exon	GBM primary
chr14:97319168|97327072	chr14	97319168	97327072	exon	GBM primary
chr14:99924616|99929915	chr14	99924616	99929915	exon	GBM primary
chr14:100316461|100331983	chr14	100316461	100331983	exon	GBM primary
chr14:102706647|102708512	chr14	102706647	102708512	intron	GBM primary
chr14:103180760|103187714	chr14	103180760	103187714	exon	GBM primary
chr14:103209815|103210047	chr14	103209815	103210047	intergenic_region	GBM primary
chr14:103871413|103894777	chr14	103871413	103894777	exon	GBM primary
chr14:103918255|103934523	chr14	103918255	103934523	exon	GBM primary
chr14:104037960|104053701	chr14	104037960	104053701	exon	GBM primary
chr14:104219337|104224088	chr14	104219337	104224088	exon	GBM primary
chr14:104239950|104263855	chr14	104239950	104263855	intron	GBM primary
chr15:30614562|30616492	chr15	30614562	30616492	intergenic_region	GBM primary
chr15:31266517|31269158	chr15	31266517	31269158	exon	GBM primary
chr15:40475915|40488975	chr15	40475915	40488975	exon	GBM primary
chr15:43738585|43739683	chr15	43738585	43739683	exon	GBM primary
chr15:45467417|45470504	chr15	45467417	45470504	exon	GBM primary
chr15:56683441|56687032	chr15	56683441	56687032	exon	GBM primary
chr15:59168413|59169645	chr15	59168413	59169645	intron	GBM primary
chr15:59204762|59213783	chr15	59204762	59213783	exon	GBM primary
chr15:63821213|63866602	chr15	63821213	63866602	exon	GBM primary
chr15:63845914|63866602	chr15	63845914	63866602	exon	GBM primary
chr15:69709722|69715668	chr15	69709722	69715668	exon	GBM primary
chr15:69713986|69715668	chr15	69713986	69715668	exon	GBM primary
chr15:76566753|76584854	chr15	76566753	76584854	exon	GBM primary
chr15:78398081|78398276	chr15	78398081	78398276	exon	GBM primary
chr15:82218014|82218366	chr15	82218014	82218366	intergenic_region	GBM primary
chr15:85070850|85085515	chr15	85070850	85085515	exon	GBM primary
chr15:93480748|93536228	chr15	93480748	93536228	exon	GBM primary
chr15:100692817|100695525	chr15	100692817	100695525	exon	GBM primary
chr16:3789579|3795355	chr16	3789579	3795355	exon	GBM primary
chr16:4555485|4557013	chr16	4555485	4557013	exon	GBM primary
chr16:7855228|7885928	chr16	7855228	7885928	intergenic_region	GBM primary
chr16:7855228|7901929	chr16	7855228	7901929	intergenic_region	GBM primary
chr16:7898762|7901929	chr16	7898762	7901929	intergenic_region	GBM primary
chr16:7929541|7944397	chr16	7929541	7944397	intergenic_region	GBM primary
chr16:8044659|8045260	chr16	8044659	8045260	intergenic_region	GBM primary
chr16:14407968|14410887	chr16	14407968	14410887	intron	GBM primary
chr16:15116561|15125714	chr16	15116561	15125714	exon	GBM primary
chr16:21982846|21987564	chr16	21982846	21987564	exon	GBM primary
chr16:29906580|29907181	chr16	29906580	29907181	exon	GBM primary
chr16:47143394|47163275	chr16	47143394	47163275	exon	GBM primary
chr16:49823398|49839680	chr16	49823398	49839680	intron	GBM primary
chr16:53472928|53481018	chr16	53472928	53481018	exon	GBM primary
chr16:58616697|58617086	chr16	58616697	58617086	exon	GBM primary
chr16:72270668|72383105	chr16	72270668	72383105	intergenic_region	GBM primary
chr16:72557231|72604414	chr16	72557231	72604414	exon	GBM primary
chr16:72589164|72604414	chr16	72589164	72604414	exon	GBM primary
chr16:74666421|74671868	chr16	74666421	74671868	exon	GBM primary
chr16:74683030|74686020	chr16	74683030	74686020	exon	GBM primary
chr16:75425278|75429107	chr16	75425278	75429107	exon	GBM primary
chr16:87376483|87380856	chr16	87376483	87380856	exon	GBM primary
chr16:89810154|89810415	chr16	89810154	89810415	intron	GBM primary
chr17:1257505|1268352	chr17	1257505	1268352	exon	GBM primary
chr17:1437393|1461853	chr17	1437393	1461853	exon	GBM primary
chr17:1703151|1704318	chr17	1703151	1704318	exon	GBM primary
chr17:1746097|1748360	chr17	1746097	1748360	intron	GBM primary
chr17:1756395|1787238	chr17	1756395	1787238	exon	GBM primary
chr17:2185941|2187029	chr17	2185941	2187029	exon	GBM primary
chr17:3955265|3968123	chr17	3955265	3968123	exon	GBM primary
chr17:4100668|4113242	chr17	4100668	4113242	exon	GBM primary
chr17:4109616|4113242	chr17	4109616	4113242	exon	GBM primary
chr17:5257654|5276749	chr17	5257654	5276749	exon	GBM primary
chr17:6795322|6803304	chr17	6795322	6803304	exon	GBM primary
chr17:8347578|8363478	chr17	8347578	8363478	exon	GBM primary
chr17:11984673|11999011	chr17	11984673	11999011	exon	GBM primary
chr17:17924437|17931973	chr17	17924437	17931973	exon	GBM primary
chr17:18768782|18814564	chr17	18768782	18814564	exon	GBM primary
chr17:20149239|20163607	chr17	20149239	20163607	exon	GBM primary
chr17:25630393|25631937	chr17	25630393	25631937	exon	GBM primary
chr17:27306776|27308441	chr17	27306776	27308441	exon	GBM primary
chr17:28180406|28181694	chr17	28180406	28181694	intron	GBM primary
chr17:29061915|29096983	chr17	29061915	29096983	exon	GBM primary
chr17:30320884|30321740	chr17	30320884	30321740	exon	GBM primary
chr17:30500850|30521126	chr17	30500850	30521126	exon	GBM primary
chr17:35343916|35348156	chr17	35343916	35348156	exon	GBM primary
chr17:35345818|35388982	chr17	35345818	35388982	exon	GBM primary
chr17:35376304|35388982	chr17	35376304	35388982	exon	GBM primary
chr17:35800606|35827629	chr17	35800606	35827629	exon	GBM primary
chr17:42541840|42552271	chr17	42541840	42552271	exon	GBM primary
chr17:43107460|43112367	chr17	43107460	43112367	exon	GBM primary
chr17:44246897|44249598	chr17	44246897	44249598	exon	GBM primary
chr17:45734226|45736026	chr17	45734226	45736026	exon	GBM primary
chr17:49278953|49294777	chr17	49278953	49294777	exon	GBM primary
chr17:52990027|53016381	chr17	52990027	53016381	exon	GBM primary
chr17:57033010|57050286	chr17	57033010	57050286	exon	GBM primary
chr17:57886157|57895134	chr17	57886157	57895134	exon	GBM primary
chr17:59172113|59172922	chr17	59172113	59172922	intron	GBM primary
chr17:59853762|59886118	chr17	59853762	59886118	exon	GBM primary
chr17:60613531|60642498	chr17	60613531	60642498	exon	GBM primary
chr17:61910429|61912927	chr17	61910429	61912927	exon	GBM primary
chr17:66518897|66521099	chr17	66518897	66521099	exon	GBM primary
chr17:73933647|73934313	chr17	73933647	73934313	exon	GBM primary
chr17:79937060|79943483	chr17	79937060	79943483	exon	GBM primary
chr17:80721841|80730383	chr17	80721841	80730383	exon	GBM primary
chr17:80842021|80851508	chr17	80842021	80851508	exon	GBM primary
chr17:80842021|80858607	chr17	80842021	80858607	exon	GBM primary
chr17:80842021|80867183	chr17	80842021	80867183	exon	GBM primary
chr18:2585112|2610860	chr18	2585112	2610860	exon	GBM primary
chr18:2700537|2729407	chr18	2700537	2729407	exon	GBM primary
chr18:2732263|2740819	chr18	2732263	2740819	exon	GBM primary
chr18:2762103|2772370	chr18	2762103	2772370	exon	GBM primary
chr18:9182380|9195696	chr18	9182380	9195696	exon	GBM primary
chr18:9182380|9211782	chr18	9182380	9211782	exon	GBM primary
chr18:9182380|9216898	chr18	9182380	9216898	exon	GBM primary
chr18:9593766|9595100	chr18	9593766	9595100	exon	GBM primary
chr18:12999420|13001581	chr18	12999420	13001581	exon	GBM primary
chr18:12999420|13053089	chr18	12999420	13053089	exon	GBM primary
chr18:12999420|13073184	chr18	12999420	13073184	exon	GBM primary
chr18:14077333|14085075	chr18	14077333	14085075	exon	GBM primary
chr18:14752565|14764089	chr18	14752565	14764089	exon	GBM primary
chr18:14803733|14813164	chr18	14803733	14813164	exon	GBM primary
chr18:18622058|18629841	chr18	18622058	18629841	exon	GBM primary
chr18:19236822|19244191	chr18	19236822	19244191	exon	GBM primary
chr18:19353585|19359646	chr18	19353585	19359646	exon	GBM primary
chr18:20548769|20564953	chr18	20548769	20564953	exon	GBM primary
chr18:23597983|23658124	chr18	23597983	23658124	exon	GBM primary
chr18:29206246|29225442	chr18	29206246	29225442	exon	GBM primary
chr18:29218607|29246335	chr18	29218607	29246335	exon	GBM primary
chr18:34388524|34396691	chr18	34388524	34396691	intron	GBM primary
chr18:34539279|34664195	chr18	34539279	34664195	exon	GBM primary
chr18:34646853|34647508	chr18	34646853	34647508	exon	GBM primary
chr18:36782075|36788753	chr18	36782075	36788753	intergenic_region	GBM primary
chr18:36787649|36788753	chr18	36787649	36788753	exon	GBM primary
chr18:39792329|39806072	chr18	39792329	39806072	exon	GBM primary
chr18:44395275|44401035	chr18	44395275	44401035	exon	GBM primary
chr18:44470543|44471017	chr18	44470543	44471017	exon	GBM primary
chr18:45367889|45423180	chr18	45367889	45423180	exon	GBM primary
chr18:46783380|46808545	chr18	46783380	46808545	exon	GBM primary
chr18:46798548|46906128	chr18	46798548	46906128	exon	GBM primary
chr18:48581151|48586286	chr18	48581151	48586286	exon	GBM primary
chr18:51714084|51715381	chr18	51714084	51715381	exon	GBM primary
chr18:52921728|52928764	chr18	52921728	52928764	exon	GBM primary
chr18:56376610|56402561	chr18	56376610	56402561	exon	GBM primary
chr18:59805476|59815571	chr18	59805476	59815571	exon	GBM primary
chr18:59878386|59899660	chr18	59878386	59899660	exon	GBM primary
chr18:59888270|59899660	chr18	59888270	59899660	exon	GBM primary
chr18:59911997|59936181	chr18	59911997	59936181	exon	GBM primary
chr18:60206914|60243885	chr18	60206914	60243885	exon	GBM primary
chr18:63476940|63492067	chr18	63476940	63492067	exon	GBM primary
chr18:63476940|63511301	chr18	63476940	63511301	exon	GBM primary
chr18:72589153|72601994	chr18	72589153	72601994	exon	GBM primary
chr18:74145973|74146335	chr18	74145973	74146335	intron	GBM primary
chr18:76886267|76953263	chr18	76886267	76953263	exon	GBM primary
chr19:5641605|5649986	chr19	5641605	5649986	exon	GBM primary
chr19:11094797|11107056	chr19	11094797	11107056	exon	GBM primary
chr19:11094800|11107056	chr19	11094800	11107056	exon	GBM primary
chr19:12154455|12156024	chr19	12154455	12156024	intron	GBM primary
chr19:12734514|12735524	chr19	12734514	12735524	exon	GBM primary
chr19:12734514|12740171	chr19	12734514	12740171	exon	GBM primary
chr19:21280991|21350469	chr19	21280991	21350469	intergenic_region	GBM primary
chr19:21349138|21350469	chr19	21349138	21350469	exon	GBM primary
chr19:23316882|23323230	chr19	23316882	23323230	intron	GBM primary
chr19:23990628|23991616	chr19	23990628	23991616	exon	GBM primary
chr19:34158673|34180297	chr19	34158673	34180297	exon	GBM primary
chr19:34922766|34925873	chr19	34922766	34925873	exon	GBM primary
chr19:36579940|36580208	chr19	36579940	36580208	exon	GBM primary
chr19:37579941|37582023	chr19	37579941	37582023	exon	GBM primary
chr19:37999167|38024305	chr19	37999167	38024305	exon	GBM primary
chr19:38190686|38202593	chr19	38190686	38202593	exon	GBM primary
chr19:41054744|41056233	chr19	41054744	41056233	intron	GBM primary
chr19:44580475|44589956	chr19	44580475	44589956	exon	GBM primary
chr19:48922491|48923071	chr19	48922491	48923071	exon	GBM primary
chr19:50210775|50212096	chr19	50210775	50212096	exon	GBM primary
chr19:57743401|57746426	chr19	57743401	57746426	exon	GBM primary
chr2:9675963|9683414	chr2	9675963	9683414	exon	GBM primary
chr2:15534351|15557836	chr2	15534351	15557836	exon	GBM primary
chr2:20482708|20527139	chr2	20482708	20527139	exon	GBM primary
chr2:26596235|26598016	chr2	26596235	26598016	exon	GBM primary
chr2:29073194|29087985	chr2	29073194	29087985	exon	GBM primary
chr2:30785012|30791042	chr2	30785012	30791042	exon	GBM primary
chr2:32142995|32145979	chr2	32142995	32145979	exon	GBM primary
chr2:32323867|32341281	chr2	32323867	32341281	exon	GBM primary
chr2:32396356|32409407	chr2	32396356	32409407	exon	GBM primary
chr2:32417405|32434630	chr2	32417405	32434630	exon	GBM primary
chr2:32602656|32641231	chr2	32602656	32641231	exon	GBM primary
chr2:33002949|33012216	chr2	33002949	33012216	exon	GBM primary
chr2:33245976|33246273	chr2	33245976	33246273	exon	GBM primary
chr2:37105034|37126801	chr2	37105034	37126801	exon	GBM primary
chr2:39283843|39285945	chr2	39283843	39285945	exon	GBM primary
chr2:39406328|39456729	chr2	39406328	39456729	exon	GBM primary
chr2:39559058|39583480	chr2	39559058	39583480	exon	GBM primary
chr2:42483641|42491871	chr2	42483641	42491871	exon	GBM primary
chr2:42513409|42531691	chr2	42513409	42531691	exon	GBM primary
chr2:44190727|44202356	chr2	44190727	44202356	exon	GBM primary
chr2:45773456|45780869	chr2	45773456	45780869	intron	GBM primary
chr2:47383935|47385282	chr2	47383935	47385282	intron	GBM primary
chr2:47600602|47601187	chr2	47600602	47601187	exon	GBM primary
chr2:47600602|47602438	chr2	47600602	47602438	exon	GBM primary
chr2:50280409|50282182	chr2	50280409	50282182	exon	GBM primary
chr2:51149007|51149825	chr2	51149007	51149825	exon	GBM primary
chr2:51149007|51153090	chr2	51149007	51153090	exon	GBM primary
chr2:51149019|51153093	chr2	51149019	51153093	intron	GBM primary
chr2:52033094|52088626	chr2	52033094	52088626	intron	GBM primary
chr2:52331308|52332292	chr2	52331308	52332292	intron	GBM primary
chr2:55785911|55831212	chr2	55785911	55831212	exon	GBM primary
chr2:61118818|61149134	chr2	61118818	61149134	exon	GBM primary
chr2:61330988|61333797	chr2	61330988	61333797	exon	GBM primary
chr2:61710092|61717911	chr2	61710092	61717911	exon	GBM primary
chr2:61725808|61727029	chr2	61725808	61727029	exon	GBM primary
chr2:64208780|64211153	chr2	64208780	64211153	exon	GBM primary
chr2:67790049|67792776	chr2	67790049	67792776	intron	GBM primary
chr2:86968050|86980681	chr2	86968050	86980681	exon	GBM primary
chr2:86997146|86998835	chr2	86997146	86998835	exon	GBM primary
chr2:98525121|98543950	chr2	98525121	98543950	exon	GBM primary
chr2:101666863|101676001	chr2	101666863	101676001	exon	GBM primary
chr2:101675883|101684965	chr2	101675883	101684965	intron	GBM primary
chr2:103978995|104021484	chr2	103978995	104021484	intergenic_region	GBM primary
chr2:104104108|104117768	chr2	104104108	104117768	intergenic_region	GBM primary
chr2:109067484|109068922	chr2	109067484	109068922	exon	GBM primary
chr2:114691856|114713283	chr2	114691856	114713283	exon	GBM primary
chr2:122273241|122287901	chr2	122273241	122287901	exon	GBM primary
chr2:123150539|123154980	chr2	123150539	123154980	intergenic_region	GBM primary
chr2:128608164|128610679	chr2	128608164	128610679	exon	GBM primary
chr2:128949360|128951712	chr2	128949360	128951712	exon	GBM primary
chr2:135075100|135160708	chr2	135075100	135160708	exon	GBM primary
chr2:135260472|135265013	chr2	135260472	135265013	intron	GBM primary
chr2:135694411|135705469	chr2	135694411	135705469	exon	GBM primary
chr2:137917783|137928508	chr2	137917783	137928508	exon	GBM primary
chr2:137988614|138033596	chr2	137988614	138033596	exon	GBM primary
chr2:144709549|144728329	chr2	144709549	144728329	exon	GBM primary
chr2:149679706|149799274	chr2	149679706	149799274	exon	GBM primary
chr2:165378490|165383645	chr2	165378490	165383645	exon	GBM primary
chr2:165548731|165586625	chr2	165548731	165586625	exon	GBM primary
chr2:166938075|166949173	chr2	166938075	166949173	exon	GBM primary
chr2:168902799|168904832	chr2	168902799	168904832	intron	GBM primary
chr2:172180554|172196064	chr2	172180554	172196064	exon	GBM primary
chr2:172325398|172330485	chr2	172325398	172330485	exon	GBM primary
chr2:172666116|172671712	chr2	172666116	172671712	exon	GBM primary
chr2:173423436|173429801	chr2	173423436	173429801	exon	GBM primary
chr2:173423436|173435552	chr2	173423436	173435552	exon	GBM primary
chr2:173423436|173451116	chr2	173423436	173451116	exon	GBM primary
chr2:173659753|173679153	chr2	173659753	173679153	exon	GBM primary
chr2:174047582|174104224	chr2	174047582	174104224	exon	GBM primary
chr2:177161588|177195388	chr2	177161588	177195388	exon	GBM primary
chr2:182403819|182414435	chr2	182403819	182414435	exon	GBM primary
chr2:184016236|184025923	chr2	184016236	184025923	exon	GBM primary
chr2:195332006|195356404	chr2	195332006	195356404	intron	GBM primary
chr2:195346096|195350240	chr2	195346096	195350240	intron	GBM primary
chr2:195440283|195443961	chr2	195440283	195443961	intergenic_region	GBM primary
chr2:197143252|197157474	chr2	197143252	197157474	exon	GBM primary
chr2:197735665|197767466	chr2	197735665	197767466	exon	GBM primary
chr2:197755552|197767466	chr2	197755552	197767466	exon	GBM primary
chr2:198324656|198327455	chr2	198324656	198327455	exon	GBM primary
chr2:204276008|204291992	chr2	204276008	204291992	exon	GBM primary
chr2:204354307|204356042	chr2	204354307	204356042	exon	GBM primary
chr2:208432187|208442379	chr2	208432187	208442379	exon	GBM primary
chr2:215617171|215634036	chr2	215617171	215634036	exon	GBM primary
chr2:225360549|225379489	chr2	225360549	225379489	exon	GBM primary
chr2:225393664|225400358	chr2	225393664	225400358	intron	GBM primary
chr2:238979229|238986689	chr2	238979229	238986689	intron	GBM primary
chr2:242194466|242196221	chr2	242194466	242196221	exon	GBM primary
chr20:11970369|11979844	chr20	11970369	11979844	intergenic_region	GBM primary
chr20:16316571|16362392	chr20	16316571	16362392	exon	GBM primary
chr20:18429628|18436005	chr20	18429628	18436005	exon	GBM primary
chr20:21306917|21309308	chr20	21306917	21309308	exon	GBM primary
chr20:25394426|25405963	chr20	25394426	25405963	exon	GBM primary
chr20:25398741|25422412	chr20	25398741	25422412	exon	GBM primary
chr20:30345210|30347982	chr20	30345210	30347982	exon	GBM primary
chr20:30370052|30385318	chr20	30370052	30385318	exon	GBM primary
chr20:30380538|30382351	chr20	30380538	30382351	exon	GBM primary
chr20:32605216|32619410	chr20	32605216	32619410	intron	GBM primary
chr20:33202304|33203943	chr20	33202304	33203943	intron	GBM primary
chr20:34304662|34320057	chr20	34304662	34320057	exon	GBM primary
chr20:35668556|35684059	chr20	35668556	35684059	exon	GBM primary
chr20:36393599|36396446	chr20	36393599	36396446	exon	GBM primary
chr20:40841906|40844382	chr20	40841906	40844382	intron	GBM primary
chr20:43623731|43629994	chr20	43623731	43629994	exon	GBM primary
chr20:44815227|44815586	chr20	44815227	44815586	exon	GBM primary
chr20:45700824|45702974	chr20	45700824	45702974	exon	GBM primary
chr20:45891032|45912392	chr20	45891032	45912392	exon	GBM primary
chr20:46398953|46406788	chr20	46398953	46406788	intron	GBM primary
chr20:47557736|47570327	chr20	47557736	47570327	exon	GBM primary
chr20:47691322|47707559	chr20	47691322	47707559	exon	GBM primary
chr20:47849843|47853047	chr20	47849843	47853047	exon	GBM primary
chr20:48466116|48494600	chr20	48466116	48494600	exon	GBM primary
chr20:50234029|50245611	chr20	50234029	50245611	exon	GBM primary
chr20:50746889|50762080	chr20	50746889	50762080	intron	GBM primary
chr20:56846419|56847931	chr20	56846419	56847931	exon	GBM primary
chr20:57009658|57016139	chr20	57009658	57016139	exon	GBM primary
chr21:17150223|17205867	chr21	17150223	17205867	exon	GBM primary
chr21:17177440|17214859	chr21	17177440	17214859	exon	GBM primary
chr21:18392011|18454429	chr21	18392011	18454429	intergenic_region	GBM primary
chr21:19400187|19413621	chr21	19400187	19413621	intron	GBM primary
chr21:19628826|19638466	chr21	19628826	19638466	exon	GBM primary
chr21:33073308|33077780	chr21	33073308	33077780	exon	GBM primary
chr21:38480692|38525577	chr21	38480692	38525577	exon	GBM primary
chr21:40604103|40622815	chr21	40604103	40622815	exon	GBM primary
chr21:45472161|45483666	chr21	45472161	45483666	exon	GBM primary
chr21:46538479|46554747	chr21	46538479	46554747	exon	GBM primary
chr21:46548317|46564616	chr21	46548317	46564616	exon	GBM primary
chr21:46600245|46605006	chr21	46600245	46605006	exon	GBM primary
chr21:47148590|47155343	chr21	47148590	47155343	exon	GBM primary
chr21:47155306|47175366	chr21	47155306	47175366	intron	GBM primary
chr22:18178907|18185152	chr22	18178907	18185152	exon	GBM primary
chr22:18187947|18188158	chr22	18187947	18188158	intron	GBM primary
chr22:18975270|18975708	chr22	18975270	18975708	exon	GBM primary
chr22:24147981|24148810	chr22	24147981	24148810	intron	GBM primary
chr22:28910745|28913267	chr22	28910745	28913267	intron	GBM primary
chr22:29025540|29029962	chr22	29025540	29029962	intron	GBM primary
chr22:30353025|30375041	chr22	30353025	30375041	exon	GBM primary
chr22:32044087|32046764	chr22	32044087	32046764	exon	GBM primary
chr22:32121524|32134897	chr22	32121524	32134897	exon	GBM primary
chr22:40991219|40992914	chr22	40991219	40992914	intron	GBM primary
chr22:41513191|41513825	chr22	41513191	41513825	exon	GBM primary
chr22:42987961|42992371	chr22	42987961	42992371	exon	GBM primary
chr22:46085592|46125470	chr22	46085592	46125470	exon	GBM primary
chr22:46202839|46207673	chr22	46202839	46207673	exon	GBM primary
chr3:3819409|3833137	chr3	3819409	3833137	intron	GBM primary
chr3:3819409|3837112	chr3	3819409	3837112	exon	GBM primary
chr3:3864418|3869193	chr3	3864418	3869193	exon	GBM primary
chr3:12182151|12192826	chr3	12182151	12192826	exon	GBM primary
chr3:12208734|12211406	chr3	12208734	12211406	exon	GBM primary
chr3:15776917|15793327	chr3	15776917	15793327	exon	GBM primary
chr3:17279655|17300083	chr3	17279655	17300083	exon	GBM primary
chr3:27420740|27493989	chr3	27420740	27493989	exon	GBM primary
chr3:27439175|27444875	chr3	27439175	27444875	exon	GBM primary
chr3:27453133|27493989	chr3	27453133	27493989	exon	GBM primary
chr3:27958265|27972446	chr3	27958265	27972446	exon	GBM primary
chr3:27958265|28055089	chr3	27958265	28055089	intron	GBM primary
chr3:28051961|28070094	chr3	28051961	28070094	exon	GBM primary
chr3:32745360|32758729	chr3	32745360	32758729	exon	GBM primary
chr3:32745360|32769362	chr3	32745360	32769362	exon	GBM primary
chr3:33093250|33110462	chr3	33093250	33110462	exon	GBM primary
chr3:33686249|33738425	chr3	33686249	33738425	exon	GBM primary
chr3:34323626|34342333	chr3	34323626	34342333	intron	GBM primary
chr3:34340345|34342333	chr3	34340345	34342333	intron	GBM primary
chr3:34359433|34360797	chr3	34359433	34360797	intron	GBM primary
chr3:42659062|42676858	chr3	42659062	42676858	exon	GBM primary
chr3:44683392|44688149	chr3	44683392	44688149	exon	GBM primary
chr3:44835709|44835918	chr3	44835709	44835918	exon	GBM primary
chr3:47125210|47139571	chr3	47125210	47139571	exon	GBM primary
chr3:47702784|47704082	chr3	47702784	47704082	exon	GBM primary
chr3:47712148|47718272	chr3	47712148	47718272	exon	GBM primary
chr3:47719688|47721998	chr3	47719688	47721998	exon	GBM primary
chr3:50677797|50679763	chr3	50677797	50679763	exon	GBM primary
chr3:53289852|53326857	chr3	53289852	53326857	intergenic_region	GBM primary
chr3:56702425|56707753	chr3	56702425	56707753	exon	GBM primary
chr3:57832924|57843886	chr3	57832924	57843886	exon	GBM primary
chr3:58592806|58593672	chr3	58592806	58593672	intron	GBM primary
chr3:60311598|60314588	chr3	60311598	60314588	intron	GBM primary
chr3:89390066|89391240	chr3	89390066	89391240	exon	GBM primary
chr3:93714718|93716145	chr3	93714718	93716145	intron	GBM primary
chr3:93714722|93722752	chr3	93714722	93722752	exon	GBM primary
chr3:99998493|100002655	chr3	99998493	100002655	exon	GBM primary
chr3:112063809|112068666	chr3	112063809	112068666	exon	GBM primary
chr3:113077592|113085156	chr3	113077592	113085156	exon	GBM primary
chr3:119666115|119812440	chr3	119666115	119812440	exon	GBM primary
chr3:121630421|121659335	chr3	121630421	121659335	exon	GBM primary
chr3:122160885|122172848	chr3	122160885	122172848	exon	GBM primary
chr3:122422589|122427115	chr3	122422589	122427115	exon	GBM primary
chr3:122928046|122978436	chr3	122928046	122978436	exon	GBM primary
chr3:124412651|124415102	chr3	124412651	124415102	exon	GBM primary
chr3:126326494|126366139	chr3	126326494	126366139	exon	GBM primary
chr3:126340585|126366139	chr3	126340585	126366139	exon	GBM primary
chr3:127801326|127806651	chr3	127801326	127806651	exon	GBM primary
chr3:128339100|128341252	chr3	128339100	128341252	exon	GBM primary
chr3:129546646|129547351	chr3	129546646	129547351	exon	GBM primary
chr3:129576093|129599405	chr3	129576093	129599405	exon	GBM primary
chr3:130685989|130688240	chr3	130685989	130688240	exon	GBM primary
chr3:133356720|133363207	chr3	133356720	133363207	exon	GBM primary
chr3:134250687|134256110	chr3	134250687	134256110	exon	GBM primary
chr3:136035783|136047699	chr3	136035783	136047699	exon	GBM primary
chr3:136323151|136323315	chr3	136323151	136323315	exon	GBM primary
chr3:138340249|138347998	chr3	138340249	138347998	exon	GBM primary
chr3:139857219|139894915	chr3	139857219	139894915	intron	GBM primary
chr3:143704385|143704688	chr3	143704385	143704688	exon	GBM primary
chr3:155611307|155615830	chr3	155611307	155615830	exon	GBM primary
chr3:155639976|155643155	chr3	155639976	155643155	exon	GBM primary
chr3:157839892|157850052	chr3	157839892	157850052	exon	GBM primary
chr3:157839892|158015864	chr3	157839892	158015864	exon	GBM primary
chr3:158399784|158409437	chr3	158399784	158409437	exon	GBM primary
chr3:160018671|160025569	chr3	160018671	160025569	exon	GBM primary
chr3:160131261|160141628	chr3	160131261	160141628	exon	GBM primary
chr3:167371049|167376114	chr3	167371049	167376114	intergenic_region	GBM primary
chr3:167405022|167414914	chr3	167405022	167414914	exon	GBM primary
chr3:168538981|168628602	chr3	168538981	168628602	intergenic_region	GBM primary
chr3:169998954|169999756	chr3	169998954	169999756	exon	GBM primary
chr3:175181189|175189546	chr3	175181189	175189546	exon	GBM primary
chr3:175455094|175473206	chr3	175455094	175473206	exon	GBM primary
chr3:178627387|178683284	chr3	178627387	178683284	intergenic_region	GBM primary
chr3:179408029|179426745	chr3	179408029	179426745	exon	GBM primary
chr3:179424722|179426745	chr3	179424722	179426745	exon	GBM primary
chr3:182602541|182605501	chr3	182602541	182605501	exon	GBM primary
chr3:184675162|184689540	chr3	184675162	184689540	exon	GBM primary
chr3:185155235|185169183	chr3	185155235	185169183	exon	GBM primary
chr3:185316200|185329533	chr3	185316200	185329533	exon	GBM primary
chr3:186509514|186522513	chr3	186509514	186522513	exon	GBM primary
chr3:192444970|192446343	chr3	192444970	192446343	intron	GBM primary
chr3:192444970|192463145	chr3	192444970	192463145	intron	GBM primary
chr3:195047614|195112876	chr3	195047614	195112876	exon	GBM primary
chr3:195086211|195112876	chr3	195086211	195112876	intron	GBM primary
chr3:195101728|195133645	chr3	195101728	195133645	intron	GBM primary
chr3:196612022|196613565	chr3	196612022	196613565	exon	GBM primary
chr3:196807922|196831876	chr3	196807922	196831876	exon	GBM primary
chr4:1102131|1105609	chr4	1102131	1105609	intron	GBM primary
chr4:3122955|3127356	chr4	3122955	3127356	exon	GBM primary
chr4:17816476|17816981	chr4	17816476	17816981	exon	GBM primary
chr4:18970203|18986993	chr4	18970203	18986993	intergenic_region	GBM primary
chr4:38037209|38051519	chr4	38037209	38051519	exon	GBM primary
chr4:54249940|54266006	chr4	54249940	54266006	exon	GBM primary
chr4:55561678|55565932	chr4	55561678	55565932	exon	GBM primary
chr4:56830440|56865811	chr4	56830440	56865811	exon	GBM primary
chr4:77976303|77987558	chr4	77976303	77987558	exon	GBM primary
chr4:79186179|79188586	chr4	79186179	79188586	exon	GBM primary
chr4:83978079|83978561	chr4	83978079	83978561	exon	GBM primary
chr4:87607863|87614827	chr4	87607863	87614827	exon	GBM primary
chr4:89570991|89579642	chr4	89570991	89579642	exon	GBM primary
chr4:89570991|89602476	chr4	89570991	89602476	exon	GBM primary
chr4:93967360|93988577	chr4	93967360	93988577	intron	GBM primary
chr4:93967360|94014595	chr4	93967360	94014595	intron	GBM primary
chr4:115856362|115858659	chr4	115856362	115858659	exon	GBM primary
chr4:121698343|121732604	chr4	121698343	121732604	exon	GBM primary
chr4:122251581|122261765	chr4	122251581	122261765	exon	GBM primary
chr4:129042981|129099797	chr4	129042981	129099797	exon	GBM primary
chr4:129913322|129965206	chr4	129913322	129965206	exon	GBM primary
chr4:131921826|131928240	chr4	131921826	131928240	intergenic_region	GBM primary
chr4:131921826|131944803	chr4	131921826	131944803	intergenic_region	GBM primary
chr4:131928133|131940291	chr4	131928133	131940291	intergenic_region	GBM primary
chr4:131928190|131944803	chr4	131928190	131944803	intergenic_region	GBM primary
chr4:147425001|147438272	chr4	147425001	147438272	exon	GBM primary
chr4:151682935|151753128	chr4	151682935	151753128	exon	GBM primary
chr4:170345704|170459062	chr4	170345704	170459062	exon	GBM primary
chr5:619105|620376	chr5	619105	620376	exon	GBM primary
chr5:6651955|6663079	chr5	6651955	6663079	exon	GBM primary
chr5:10414545|10417516	chr5	10414545	10417516	exon	GBM primary
chr5:14601074|14602441	chr5	14601074	14602441	exon	GBM primary
chr5:14678790|14681716	chr5	14678790	14681716	exon	GBM primary
chr5:32121601|32143986	chr5	32121601	32143986	intergenic_region	GBM primary
chr5:36953720|36958333	chr5	36953720	36958333	exon	GBM primary
chr5:36984778|36995906	chr5	36984778	36995906	exon	GBM primary
chr5:59938639|59943360	chr5	59938639	59943360	exon	GBM primary
chr5:72151601|72168547	chr5	72151601	72168547	exon	GBM primary
chr5:72302272|72313135	chr5	72302272	72313135	exon	GBM primary
chr5:73128163|73148517	chr5	73128163	73148517	exon	GBM primary
chr5:77711344|77717784	chr5	77711344	77717784	exon	GBM primary
chr5:78181407|78301230	chr5	78181407	78301230	intergenic_region	GBM primary
chr5:93964516|93966448	chr5	93964516	93966448	exon	GBM primary
chr5:93964516|94014660	chr5	93964516	94014660	exon	GBM primary
chr5:96762940|96767604	chr5	96762940	96767604	intron	GBM primary
chr5:96762940|96772337	chr5	96762940	96772337	intron	GBM primary
chr5:96767448|96775322	chr5	96767448	96775322	intergenic_region	GBM primary
chr5:102485483|102486397	chr5	102485483	102486397	intron	GBM primary
chr5:106408952|106420409	chr5	106408952	106420409	intergenic_region	GBM primary
chr5:106621595|106723472	chr5	106621595	106723472	intergenic_region	GBM primary
chr5:106762918|106764564	chr5	106762918	106764564	intron	GBM primary
chr5:115202367|115238689	chr5	115202367	115238689	exon	GBM primary
chr5:123974826|123985390	chr5	123974826	123985390	exon	GBM primary
chr5:126140468|126168493	chr5	126140468	126168493	exon	GBM primary
chr5:130883740|130940386	chr5	130883740	130940386	exon	GBM primary
chr5:132400672|132409818	chr5	132400672	132409818	exon	GBM primary
chr5:139818046|139825560	chr5	139818046	139825560	exon	GBM primary
chr5:147468917|147473305	chr5	147468917	147473305	intron	GBM primary
chr5:158621724|158630664	chr5	158621724	158630664	exon	GBM primary
chr5:170305101|170319557	chr5	170305101	170319557	exon	GBM primary
chr5:170319391|170351554	chr5	170319391	170351554	exon	GBM primary
chr5:170336665|170351554	chr5	170336665	170351554	exon	GBM primary
chr5:170667932|170669824	chr5	170667932	170669824	exon	GBM primary
chr5:171805585|171809131	chr5	171805585	171809131	intron	GBM primary
chr5:175716657|175723323	chr5	175716657	175723323	exon	GBM primary
chr6:629835|637861	chr6	629835	637861	exon	GBM primary
chr6:18249882|18258636	chr6	18249882	18258636	exon	GBM primary
chr6:34574332|34574681	chr6	34574332	34574681	exon	GBM primary
chr6:35586873|35614627	chr6	35586873	35614627	intron	GBM primary
chr6:42559889|42604932	chr6	42559889	42604932	exon	GBM primary
chr6:42796231|42797910	chr6	42796231	42797910	exon	GBM primary
chr6:43193385|43194133	chr6	43193385	43194133	exon	GBM primary
chr6:56915572|56920595	chr6	56915572	56920595	intergenic_region	GBM primary
chr6:65300116|65303202	chr6	65300116	65303202	exon	GBM primary
chr6:66200487|66205886	chr6	66200487	66205886	exon	GBM primary
chr6:76514824|76516027	chr6	76514824	76516027	intron	GBM primary
chr6:84618728|84634311	chr6	84618728	84634311	exon	GBM primary
chr6:89554076|89601634	chr6	89554076	89601634	exon	GBM primary
chr6:91246056|91281526	chr6	91246056	91281526	exon	GBM primary
chr6:96805684|96812683	chr6	96805684	96812683	intergenic_region	GBM primary
chr6:101247307|101253756	chr6	101247307	101253756	exon	GBM primary
chr6:101311940|101315914	chr6	101311940	101315914	exon	GBM primary
chr6:105192035|105233194	chr6	105192035	105233194	exon	GBM primary
chr6:105280917|105297121	chr6	105280917	105297121	exon	GBM primary
chr6:105291098|105300246	chr6	105291098	105300246	exon	GBM primary
chr6:108233920|108246136	chr6	108233920	108246136	exon	GBM primary
chr6:108267639|108268014	chr6	108267639	108268014	intron	GBM primary
chr6:111708968|111726833	chr6	111708968	111726833	exon	GBM primary
chr6:119147945|119177708	chr6	119147945	119177708	exon	GBM primary
chr6:121576474|121642940	chr6	121576474	121642940	exon	GBM primary
chr6:121600267|121642940	chr6	121600267	121642940	exon	GBM primary
chr6:126667351|126754771	chr6	126667351	126754771	intron	GBM primary
chr6:132777100|132824727	chr6	132777100	132824727	exon	GBM primary
chr6:135359170|135363264	chr6	135359170	135363264	intron	GBM primary
chr6:136599003|136603825	chr6	136599003	136603825	exon	GBM primary
chr6:138966892|138967944	chr6	138966892	138967944	intron	GBM primary
chr6:142487365|142510671	chr6	142487365	142510671	exon	GBM primary
chr6:147581751|147588303	chr6	147581751	147588303	exon	GBM primary
chr6:149953895|149959696	chr6	149953895	149959696	exon	GBM primary
chr6:157150361|157157084	chr6	157150361	157157084	intron	GBM primary
chr6:159026299|159029782	chr6	159026299	159029782	exon	GBM primary
chr6:159204552|159210403	chr6	159204552	159210403	exon	GBM primary
chr6:167435897|167446130	chr6	167435897	167446130	exon	GBM primary
chr6:168271063|168299147	chr6	168271063	168299147	exon	GBM primary
chr6:168271063|168303066	chr6	168271063	168303066	exon	GBM primary
chr7:3458195|3479888	chr7	3458195	3479888	intron	GBM primary
chr7:3645884|3681737	chr7	3645884	3681737	intron	GBM primary
chr7:3678636|3681737	chr7	3678636	3681737	exon	GBM primary
chr7:3678636|3861215	chr7	3678636	3861215	exon	GBM primary
chr7:4088980|4091462	chr7	4088980	4091462	exon	GBM primary
chr7:4116630|4119216	chr7	4116630	4119216	exon	GBM primary
chr7:5953975|5960677	chr7	5953975	5960677	intron	GBM primary
chr7:6154954|6155357	chr7	6154954	6155357	intron	GBM primary
chr7:7628129|7636092	chr7	7628129	7636092	exon	GBM primary
chr7:8389154|8433210	chr7	8389154	8433210	intergenic_region	GBM primary
chr7:11053374|11101712	chr7	11053374	11101712	exon	GBM primary
chr7:11068308|11101712	chr7	11068308	11101712	exon	GBM primary
chr7:11068308|11151094	chr7	11068308	11151094	exon	GBM primary
chr7:17889970|17915413	chr7	17889970	17915413	exon	GBM primary
chr7:22999875|23023664	chr7	22999875	23023664	exon	GBM primary
chr7:23545365|23547154	chr7	23545365	23547154	exon	GBM primary
chr7:23808614|23830565	chr7	23808614	23830565	exon	GBM primary
chr7:24663285|24681487	chr7	24663285	24681487	exon	GBM primary
chr7:26232871|26237486	chr7	26232871	26237486	exon	GBM primary
chr7:26709710|26729981	chr7	26709710	26729981	exon	GBM primary
chr7:28141238|28144689	chr7	28141238	28144689	intron	GBM primary
chr7:29552428|29554933	chr7	29552428	29554933	intergenic_region	GBM primary
chr7:29963572|29983795	chr7	29963572	29983795	exon	GBM primary
chr7:30363258|30405911	chr7	30363258	30405911	exon	GBM primary
chr7:30395344|30405911	chr7	30395344	30405911	exon	GBM primary
chr7:31117606|31132349	chr7	31117606	31132349	exon	GBM primary
chr7:32660016|32663051	chr7	32660016	32663051	exon	GBM primary
chr7:33185854|33195314	chr7	33185854	33195314	exon	GBM primary
chr7:38429405|38433814	chr7	38429405	38433814	exon	GBM primary
chr7:38500883|38516569	chr7	38500883	38516569	exon	GBM primary
chr7:38530650|38543304	chr7	38530650	38543304	exon	GBM primary
chr7:38631158|38632100	chr7	38631158	38632100	intron	GBM primary
chr7:44875128|44882953	chr7	44875128	44882953	exon	GBM primary
chr7:69092385|69137140	chr7	69092385	69137140	intron	GBM primary
chr7:71457470|71458354	chr7	71457470	71458354	intron	GBM primary
chr7:72879769|72884813	chr7	72879769	72884813	exon	GBM primary
chr7:75728758|75730732	chr7	75728758	75730732	intron	GBM primary
chr7:81964451|81978965	chr7	81964451	81978965	exon	GBM primary
chr7:82763566|82785708	chr7	82763566	82785708	exon	GBM primary
chr7:86554844|86571420	chr7	86554844	86571420	exon	GBM primary
chr7:105903838|105909046	chr7	105903838	105909046	exon	GBM primary
chr7:133821776|133848292	chr7	133821776	133848292	exon	GBM primary
chr7:140034229|140037149	chr7	140034229	140037149	exon	GBM primary
chr7:140859326|140912504	chr7	140859326	140912504	intron	GBM primary
chr7:148086775|148091784	chr7	148086775	148091784	intron	GBM primary
chr7:156994415|157009665	chr7	156994415	157009665	exon	GBM primary
chr7:157174940|157178305	chr7	157174940	157178305	exon	GBM primary
chr7:158672375|158684024	chr7	158672375	158684024	exon	GBM primary
chr8:10683662|10692285	chr8	10683662	10692285	exon	GBM primary
chr8:16921593|16948093	chr8	16921593	16948093	exon	GBM primary
chr8:20217237|20230236	chr8	20217237	20230236	exon	GBM primary
chr8:29970007|29970551	chr8	29970007	29970551	intron	GBM primary
chr8:34032329|34042423	chr8	34032329	34042423	intergenic_region	GBM primary
chr8:41905896|41907225	chr8	41905896	41907225	exon	GBM primary
chr8:48352885|48353104	chr8	48352885	48353104	exon	GBM primary
chr8:48765234|48767934	chr8	48765234	48767934	exon	GBM primary
chr8:52697638|52758323	chr8	52697638	52758323	intergenic_region	GBM primary
chr8:61707545|61729060	chr8	61707545	61729060	exon	GBM primary
chr8:62550506|62557191	chr8	62550506	62557191	exon	GBM primary
chr8:67740889|67755782	chr8	67740889	67755782	exon	GBM primary
chr8:68015272|68066371	chr8	68015272	68066371	exon	GBM primary
chr8:71550050|71553285	chr8	71550050	71553285	exon	GBM primary
chr8:71587053|71593565	chr8	71587053	71593565	exon	GBM primary
chr8:72211282|72211955	chr8	72211282	72211955	exon	GBM primary
chr8:80963762|80976828	chr8	80963762	80976828	exon	GBM primary
chr8:81505730|81508412	chr8	81505730	81508412	intergenic_region	GBM primary
chr8:90949254|90958523	chr8	90949254	90958523	exon	GBM primary
chr8:92301364|92307931	chr8	92301364	92307931	exon	GBM primary
chr8:95676925|95677424	chr8	95676925	95677424	exon	GBM primary
chr8:95690431|95705055	chr8	95690431	95705055	exon	GBM primary
chr8:100587886|100589861	chr8	100587886	100589861	exon	GBM primary
chr8:101281013|101287389	chr8	101281013	101287389	exon	GBM primary
chr8:102555469|102571040	chr8	102555469	102571040	exon	GBM primary
chr8:102555469|102589747	chr8	102555469	102589747	exon	GBM primary
chr8:102570647|102571040	chr8	102570647	102571040	exon	GBM primary
chr8:104664433|104709524	chr8	104664433	104709524	intron	GBM primary
chr8:105105815|105161076	chr8	105105815	105161076	exon	GBM primary
chr8:107696474|107719373	chr8	107696474	107719373	exon	GBM primary
chr8:124031435|124042956	chr8	124031435	124042956	exon	GBM primary
chr8:124089351|124096580	chr8	124089351	124096580	exon	GBM primary
chr8:124089351|124105982	chr8	124089351	124105982	exon	GBM primary
chr8:126194345|126207514	chr8	126194345	126207514	intron	GBM primary
chr8:133622412|133650353	chr8	133622412	133650353	exon	GBM primary
chr8:141407719|141436740	chr8	141407719	141436740	exon	GBM primary
chr8:141696731|141727808	chr8	141696731	141727808	exon	GBM primary
chr8:143412262|143427253	chr8	143412262	143427253	exon	GBM primary
chr9:2181571|2186228	chr9	2181571	2186228	exon	GBM primary
chr9:2493075|2494302	chr9	2493075	2494302	exon	GBM primary
chr9:2984382|3053412	chr9	2984382	3053412	intergenic_region	GBM primary
chr9:6420912|6460791	chr9	6420912	6460791	exon	GBM primary
chr9:14120439|14125765	chr9	14120439	14125765	exon	GBM primary
chr9:14639894|14662324	chr9	14639894	14662324	exon	GBM primary
chr9:17235656|17273864	chr9	17235656	17273864	exon	GBM primary
chr9:34286615|34290387	chr9	34286615	34290387	exon	GBM primary
chr9:36369716|36376124	chr9	36369716	36376124	exon	GBM primary
chr9:36375931|36376124	chr9	36375931	36376124	exon	GBM primary
chr9:36375931|36390613	chr9	36375931	36390613	exon	GBM primary
chr9:36580070|36583709	chr9	36580070	36583709	intron	GBM primary
chr9:36581641|36589649	chr9	36581641	36589649	exon	GBM primary
chr9:37842086|37861415	chr9	37842086	37861415	exon	GBM primary
chr9:72831202|72872851	chr9	72831202	72872851	exon	GBM primary
chr9:88292351|88327481	chr9	88292351	88327481	exon	GBM primary
chr9:98002931|98011651	chr9	98002931	98011651	exon	GBM primary
chr9:99481791|99483412	chr9	99481791	99483412	intergenic_region	GBM primary
chr9:99579647|99589463	chr9	99579647	99589463	exon	GBM primary
chr9:102722199|102738001	chr9	102722199	102738001	intergenic_region	GBM primary
chr9:103082547|103084053	chr9	103082547	103084053	exon	GBM primary
chr9:103082547|103111654	chr9	103082547	103111654	exon	GBM primary
chr9:103108354|103111654	chr9	103108354	103111654	exon	GBM primary
chr9:108467878|108536307	chr9	108467878	108536307	exon	GBM primary
chr9:110081033|110087285	chr9	110081033	110087285	exon	GBM primary
chr9:111795587|111870850	chr9	111795587	111870850	exon	GBM primary
chr9:111812563|111870850	chr9	111812563	111870850	exon	GBM primary
chr9:112005898|112042201	chr9	112005898	112042201	exon	GBM primary
chr9:115014958|115060196	chr9	115014958	115060196	exon	GBM primary
chr9:115024715|115038293	chr9	115024715	115038293	exon	GBM primary
chr9:119050955|119088026	chr9	119050955	119088026	intron	GBM primary
chr9:119107780|119109125	chr9	119107780	119109125	intron	GBM primary
chr9:125047448|125048445	chr9	125047448	125048445	exon	GBM primary
chr9:125230840|125231464	chr9	125230840	125231464	exon	GBM primary
chr9:125772633|125782738	chr9	125772633	125782738	exon	GBM primary
chr9:125890493|125936121	chr9	125890493	125936121	exon	GBM primary
chr9:125932181|125936121	chr9	125932181	125936121	exon	GBM primary
chrX:6526866|6530616	chrX	6526866	6530616	intergenic_region	GBM primary
chrX:8140231|8196446	chrX	8140231	8196446	intron	GBM primary
chrX:13684436|13686502	chrX	13684436	13686502	exon	GBM primary
chrX:14861782|14880454	chrX	14861782	14880454	exon	GBM primary
chrX:17121841|17153529	chrX	17121841	17153529	exon	GBM primary
chrX:18264697|18266002	chrX	18264697	18266002	exon	GBM primary
chrX:19947903|19954016	chrX	19947903	19954016	exon	GBM primary
chrX:20204414|20227522	chrX	20204414	20227522	exon	GBM primary
chrX:23739998|23751334	chrX	23739998	23751334	exon	GBM primary
chrX:24757492|24767109	chrX	24757492	24767109	exon	GBM primary
chrX:24828015|24844718	chrX	24828015	24844718	exon	GBM primary
chrX:24828015|24948666	chrX	24828015	24948666	exon	GBM primary
chrX:37892787|37913675	chrX	37892787	37913675	exon	GBM primary
chrX:44935942|44950109	chrX	44935942	44950109	exon	GBM primary
chrX:47269675|47273090	chrX	47269675	47273090	exon	GBM primary
chrX:53622147|53634660	chrX	53622147	53634660	exon	GBM primary
chrX:67283696|67333081	chrX	67283696	67333081	exon	GBM primary
chrX:71681854|71684581	chrX	71681854	71684581	exon	GBM primary
chrX:73959204|73965532	chrX	73959204	73965532	exon	GBM primary
chrX:74318777|74334669	chrX	74318777	74334669	exon	GBM primary
chrX:76872081|76876000	chrX	76872081	76876000	exon	GBM primary
chrX:90669903|90708185	chrX	90669903	90708185	intergenic_region	GBM primary
chrX:95990757|95993761	chrX	95990757	95993761	exon	GBM primary
chrX:100356047|100364987	chrX	100356047	100364987	exon	GBM primary
chrX:106390973|106396733	chrX	106390973	106396733	exon	GBM primary
chrX:117532350|117538407	chrX	117532350	117538407	exon	GBM primary
chrX:122744769|122748040	chrX	122744769	122748040	exon	GBM primary
chrX:122799493|122846758	chrX	122799493	122846758	exon	GBM primary
chrX:130498723|130503026	chrX	130498723	130503026	exon	GBM primary
chrX:147003451|147018132	chrX	147003451	147018132	exon	GBM primary
chrX:149895687|149901202	chrX	149895687	149901202	exon	GBM primary
chrX:151804336|151808254	chrX	151804336	151808254	intergenic_region	GBM primary
chrX:151804336|151809756	chrX	151804336	151809756	intergenic_region	GBM primary
chrX:153740638|153741260	chrX	153740638	153741260	exon	GBM primary
chr1:10316305|10328321	chr1	10316305	10328321	exon	GBM primary
chr1:78268955|78280916	chr1	78268955	78280916	exon	GBM primary
chr1:153544052|153544805	chr1	153544052	153544805	intergenic_region	GBM primary
chr1:179033062|179033631	chr1	179033062	179033631	exon	GBM primary
chr10:123670421|123683844	chr10	123670421	123683844	exon	GBM primary
chr11:47159196|47179473	chr11	47159196	47179473	exon	GBM primary
chr11:74559160|74563127	chr11	74559160	74563127	exon	GBM primary
chr12:9246061|9317963	chr12	9246061	9317963	intergenic_region	GBM primary
chr12:23793746|23818498	chr12	23793746	23818498	exon	GBM primary
chr12:27811749|27829532	chr12	27811749	27829532	exon	GBM primary
chr12:51207793|51208222	chr12	51207793	51208222	exon	GBM primary
chr12:58240155|58329336	chr12	58240155	58329336	intergenic_region	GBM primary
chr12:58240155|58335661	chr12	58240155	58335661	intergenic_region	GBM primary
chr12:58240155|58348870	chr12	58240155	58348870	intergenic_region	GBM primary
chr12:66597491|66622150	chr12	66597491	66622150	exon	GBM primary
chr13:20638591|20657172	chr13	20638591	20657172	exon	GBM primary
chr13:46090278|46104915	chr13	46090278	46104915	exon	GBM primary
chr14:58681923|58690574	chr14	58681923	58690574	exon	GBM primary
chr14:76198681|76203950	chr14	76198681	76203950	exon	GBM primary
chr14:95606996|95608085	chr14	95606996	95608085	exon	GBM primary
chr14:100820024|100828258	chr14	100820024	100828258	exon	GBM primary
chr15:30053342|30054641	chr15	30053342	30054641	exon	GBM primary
chr15:41297791|41319934	chr15	41297791	41319934	exon	GBM primary
chr15:67855621|67923265	chr15	67855621	67923265	exon	GBM primary
chr16:19619500|19637545	chr16	19619500	19637545	exon	GBM primary
chr16:67615357|67616462	chr16	67615357	67616462	intron	GBM primary
chr16:68191862|68225678	chr16	68191862	68225678	exon	GBM primary
chr16:84911044|84914190	chr16	84911044	84914190	exon	GBM primary
chr16:89289565|89291210	chr16	89289565	89291210	exon	GBM primary
chr17:43352758|43353238	chr17	43352758	43353238	intron	GBM primary
chr17:66426137|66429716	chr17	66426137	66429716	exon	GBM primary
chr17:76782516|76783152	chr17	76782516	76783152	intergenic_region	GBM primary
chr19:10856177|10857194	chr19	10856177	10857194	intron	GBM primary
chr19:34881389|34881537	chr19	34881389	34881537	intron	GBM primary
chr19:41891156|41896083	chr19	41891156	41896083	intron	GBM primary
chr2:61422317|61426472	chr2	61422317	61426472	intron	GBM primary
chr2:65559121|65572030	chr2	65559121	65572030	exon	GBM primary
chr2:70486492|70505006	chr2	70486492	70505006	exon	GBM primary
chr2:100453939|100628033	chr2	100453939	100628033	exon	GBM primary
chr20:3893105|3899443	chr20	3893105	3899443	exon	GBM primary
chr20:3915641|3928926	chr20	3915641	3928926	exon	GBM primary
chr20:16380378|16380518	chr20	16380378	16380518	intron	GBM primary
chr20:34430495|34446303	chr20	34430495	34446303	exon	GBM primary
chr21:27264034|27284274	chr21	27264034	27284274	exon	GBM primary
chr21:40688657|40692471	chr21	40688657	40692471	intron	GBM primary
chr3:15984133|15988362	chr3	15984133	15988362	intergenic_region	GBM primary
chr3:16343133|16345099	chr3	16343133	16345099	exon	GBM primary
chr3:30664691|30691952	chr3	30664691	30691952	exon	GBM primary
chr3:33400459|33406211	chr3	33400459	33406211	exon	GBM primary
chr3:44396231|44434469	chr3	44396231	44434469	exon	GBM primary
chr3:47084051|47098980	chr3	47084051	47098980	exon	GBM primary
chr3:98600384|98600611	chr3	98600384	98600611	exon	GBM primary
chr3:140681969|140692847	chr3	140681969	140692847	exon	GBM primary
chr3:174814580|174951994	chr3	174814580	174951994	exon	GBM primary
chr3:181417386|181417671	chr3	181417386	181417671	exon	GBM primary
chr3:182810197|182812393	chr3	182810197	182812393	exon	GBM primary
chr3:183435439|183470041	chr3	183435439	183470041	exon	GBM primary
chr3:184654034|184700882	chr3	184654034	184700882	exon	GBM primary
chr3:197707197|197710919	chr3	197707197	197710919	exon	GBM primary
chr4:3012243|3013021	chr4	3012243	3013021	intron	GBM primary
chr4:87693931|87720357	chr4	87693931	87720357	exon	GBM primary
chr4:107216251|107230146	chr4	107216251	107230146	exon	GBM primary
chr4:129857810|129920949	chr4	129857810	129920949	exon	GBM primary
chr5:8387640|8452393	chr5	8387640	8452393	exon	GBM primary
chr5:65320134|65340138	chr5	65320134	65340138	exon	GBM primary
chr5:137897269|137903411	chr5	137897269	137903411	exon	GBM primary
chr5:138654054|138655270	chr5	138654054	138655270	intron	GBM primary
chr5:171337576|171341409	chr5	171337576	171341409	exon	GBM primary
chr5:176671196|176675325	chr5	176671196	176675325	exon	GBM primary
chr6:33053556|33095875	chr6	33053556	33095875	intergenic_region	GBM primary
chr6:44900390|44922344	chr6	44900390	44922344	exon	GBM primary
chr6:47976370|48037662	chr6	47976370	48037662	intergenic_region	GBM primary
chr6:90562885|90566918	chr6	90562885	90566918	exon	GBM primary
chr6:117037382|117045538	chr6	117037382	117045538	exon	GBM primary
chr6:150063526|150065778	chr6	150063526	150065778	intron	GBM primary
chr6:150931516|150932663	chr6	150931516	150932663	intron	GBM primary
chr7:80418622|80435074	chr7	80418622	80435074	exon	GBM primary
chr7:90350138|90419967	chr7	90350138	90419967	intron	GBM primary
chr7:94037166|94037546	chr7	94037166	94037546	exon	GBM primary
chr7:94430366|94431069	chr7	94430366	94431069	intergenic_region	GBM primary
chr7:115732191|115752092	chr7	115732191	115752092	intron	GBM primary
chr7:128266349|128282335	chr7	128266349	128282335	intergenic_region	GBM primary
chr7:130771519|130778555	chr7	130771519	130778555	intron	GBM primary
chr7:131147976|131163436	chr7	131147976	131163436	exon	GBM primary
chr7:149992341|149995284	chr7	149992341	149995284	intron	GBM primary
chr9:84267099|84268951	chr9	84267099	84268951	exon	GBM primary
chrX:10491132|10535643	chrX	10491132	10535643	exon	GBM primary
