circRNA_ID	chr	circRNA_start	circRNA_end	circRNA_type	dataset
chr1:46093932|46126897	chr1	46093932	46126897	exon	GBM neural
chr1:53548451|53548613	chr1	53548451	53548613	intron	GBM neural
chr1:61228468|61292257	chr1	61228468	61292257	intron	GBM neural
chr1:63042933|63085664	chr1	63042933	63085664	exon	GBM neural
chr1:90744179|90790167	chr1	90744179	90790167	intergenic_region	GBM neural
chr1:100960374|100964818	chr1	100960374	100964818	exon	GBM neural
chr1:117998707|118045592	chr1	117998707	118045592	intron	GBM neural
chr1:155327107|155327540	chr1	155327107	155327540	exon	GBM neural
chr1:223987601|223991154	chr1	223987601	223991154	exon	GBM neural
chr1:229602381|229634053	chr1	229602381	229634053	exon	GBM neural
chr1:231954075|231954263	chr1	231954075	231954263	exon	GBM neural
chr10:15373206|15375567	chr10	15373206	15375567	intron	GBM neural
chr10:34661426|34759191	chr10	34661426	34759191	exon	GBM neural
chr10:70282495|70282956	chr10	70282495	70282956	intron	GBM neural
chr10:97141442|97192333	chr10	97141442	97192333	exon	GBM neural
chr10:105900600|105924058	chr10	105900600	105924058	exon	GBM neural
chr10:116975455|116980261	chr10	116975455	116980261	intron	GBM neural
chr11:45967391|45971032	chr11	45967391	45971032	exon	GBM neural
chr11:68350511|68363686	chr11	68350511	68363686	exon	GBM neural
chr11:77815026|77832220	chr11	77815026	77832220	exon	GBM neural
chr11:100730285|100792335	chr11	100730285	100792335	exon	GBM neural
chr12:80447737|80477478	chr12	80447737	80477478	intergenic_region	GBM neural
chr12:96897664|96934765	chr12	96897664	96934765	exon	GBM neural
chr12:97041653|97057710	chr12	97041653	97057710	exon	GBM neural
chr12:97082694|97102581	chr12	97082694	97102581	exon	GBM neural
chr13:42040959|42042974	chr13	42040959	42042974	exon	GBM neural
chr14:40685486|40688495	chr14	40685486	40688495	intron	GBM neural
chr15:42851537|42853600	chr15	42851537	42853600	exon	GBM neural
chr15:43122136|43132631	chr15	43122136	43132631	exon	GBM neural
chr15:49867208|49882204	chr15	49867208	49882204	exon	GBM neural
chr15:50657039|50659387	chr15	50657039	50659387	exon	GBM neural
chr15:56681516|56687032	chr15	56681516	56687032	exon	GBM neural
chr16:19234367|19236160	chr16	19234367	19236160	exon	GBM neural
chr16:47531310|47614269	chr16	47531310	47614269	exon	GBM neural
chr16:70260673|70279519	chr16	70260673	70279519	exon	GBM neural
chr17:15881114|15890682	chr17	15881114	15890682	exon	GBM neural
chr17:16216861|16221222	chr17	16216861	16221222	exon	GBM neural
chr17:27778473|27778698	chr17	27778473	27778698	exon	GBM neural
chr17:42984396|42984606	chr17	42984396	42984606	exon	GBM neural
chr17:71289290|71299211	chr17	71289290	71299211	intron	GBM neural
chr19:8604616|8604944	chr19	8604616	8604944	intron	GBM neural
chr19:53036161|53036574	chr19	53036161	53036574	intron	GBM neural
chr2:54119945|54120936	chr2	54119945	54120936	exon	GBM neural
chr2:73659257|73717285	chr2	73659257	73717285	intron	GBM neural
chr2:122363277|122392781	chr2	122363277	122392781	intron	GBM neural
chr2:152988628|152992117	chr2	152988628	152992117	exon	GBM neural
chr2:197872530|197873755	chr2	197872530	197873755	exon	GBM neural
chr2:201784945|201807870	chr2	201784945	201807870	exon	GBM neural
chr20:52773708|52788209	chr20	52773708	52788209	exon	GBM neural
chr21:41081418|41082119	chr21	41081418	41082119	intron	GBM neural
chr3:42218306|42230616	chr3	42218306	42230616	exon	GBM neural
chr3:56694759|56695045	chr3	56694759	56695045	exon	GBM neural
chr3:100560842|100567719	chr3	100560842	100567719	exon	GBM neural
chr3:117651167|117653287	chr3	117651167	117653287	intron	GBM neural
chr3:117651213|117653287	chr3	117651213	117653287	intron	GBM neural
chr3:132217970|132219757	chr3	132217970	132219757	exon	GBM neural
chr3:142455221|142512802	chr3	142455221	142512802	intron	GBM neural
chr3:167217941|167345080	chr3	167217941	167345080	exon	GBM neural
chr3:167272438|167351325	chr3	167272438	167351325	intron	GBM neural
chr3:167293706|167345080	chr3	167293706	167345080	exon	GBM neural
chr3:167293706|167351320	chr3	167293706	167351320	exon	GBM neural
chr3:181335734|181356124	chr3	181335734	181356124	intron	GBM neural
chr4:68594258|68595888	chr4	68594258	68595888	exon	GBM neural
chr4:95444875|95507595	chr4	95444875	95507595	exon	GBM neural
chr4:95539155|95561601	chr4	95539155	95561601	exon	GBM neural
chr4:121675708|121742500	chr4	121675708	121742500	exon	GBM neural
chr4:129214089|129411604	chr4	129214089	129411604	intron	GBM neural
chr4:170345704|170384546	chr4	170345704	170384546	exon	GBM neural
chr5:68180845|68265746	chr5	68180845	68265746	intergenic_region	GBM neural
chr5:130515788|130522802	chr5	130515788	130522802	exon	GBM neural
chr5:133638281|133695782	chr5	133638281	133695782	exon	GBM neural
chr5:137893091|137903411	chr5	137893091	137903411	exon	GBM neural
chr5:139213287|139219755	chr5	139213287	139219755	exon	GBM neural
chr5:146741080|146763517	chr5	146741080	146763517	exon	GBM neural
chr6:19113538|19114514	chr6	19113538	19114514	intergenic_region	GBM neural
chr6:43286040|43286823	chr6	43286040	43286823	intron	GBM neural
chr6:47494364|47522502	chr6	47494364	47522502	intron	GBM neural
chr6:87947191|87947991	chr6	87947191	87947991	intron	GBM neural
chr6:110448672|110481935	chr6	110448672	110481935	exon	GBM neural
chr6:152560668|152583323	chr6	152560668	152583323	exon	GBM neural
chr7:92086866|92120789	chr7	92086866	92120789	intergenic_region	GBM neural
chr7:100004317|100022759	chr7	100004317	100022759	exon	GBM neural
chr7:129588155|129588393	chr7	129588155	129588393	intron	GBM neural
chr7:151868349|151875095	chr7	151868349	151875095	exon	GBM neural
chr8:67922950|67925331	chr8	67922950	67925331	exon	GBM neural
chr8:68999959|69058587	chr8	68999959	69058587	exon	GBM neural
chr9:3647338|3651867	chr9	3647338	3651867	intron	GBM neural
chr9:13205035|13250371	chr9	13205035	13250371	exon	GBM neural
chr9:25527946|25622101	chr9	25527946	25622101	intergenic_region	GBM neural
chr9:25581479|25582635	chr9	25581479	25582635	intergenic_region	GBM neural
chr9:26424107|26426587	chr9	26424107	26426587	intergenic_region	GBM neural
chr9:79251387|79259825	chr9	79251387	79259825	exon	GBM neural
chr9:87105574|87112661	chr9	87105574	87112661	intron	GBM neural
chr9:87112384|87136140	chr9	87112384	87136140	exon	GBM neural
chr9:87193686|87226912	chr9	87193686	87226912	intron	GBM neural
chr9:87193686|87237658	chr9	87193686	87237658	intron	GBM neural
chr9:87198112|87226912	chr9	87198112	87226912	exon	GBM neural
chr9:111954069|111962614	chr9	111954069	111962614	intron	GBM neural
chr9:125832629|125852664	chr9	125832629	125852664	exon	GBM neural
chr9:132719639|132720832	chr9	132719639	132720832	exon	GBM neural
chrX:19068924|19069099	chrX	19068924	19069099	intron	GBM neural
chrX:21250789|21255086	chrX	21250789	21255086	intron	GBM neural
chrX:21549974|21627735	chrX	21549974	21627735	exon	GBM neural
chrX:67331696|67339174	chrX	67331696	67339174	exon	GBM neural
chrX:67494580|67518938	chrX	67494580	67518938	exon	GBM neural
chr1:1572443|1635434	chr1	1572443	1635434	intergenic_region	GBM neural
chr1:21102217|21102498	chr1	21102217	21102498	exon	GBM neural
chr1:21324094|21415706	chr1	21324094	21415706	exon	GBM neural
chr1:34204741|34209207	chr1	34204741	34209207	exon	GBM neural
chr1:35862153|35865177	chr1	35862153	35865177	exon	GBM neural
chr1:42948334|43076761	chr1	42948334	43076761	exon	GBM neural
chr1:44877653|44881895	chr1	44877653	44881895	intron	GBM neural
chr1:49328038|49332902	chr1	49328038	49332902	intron	GBM neural
chr1:63286810|63300523	chr1	63286810	63300523	exon	GBM neural
chr1:65234339|65280523	chr1	65234339	65280523	exon	GBM neural
chr1:82421561|82451039	chr1	82421561	82451039	exon	GBM neural
chr1:168050423|168052510	chr1	168050423	168052510	exon	GBM neural
chr1:174931220|174936569	chr1	174931220	174936569	intron	GBM neural
chr1:176118142|176133027	chr1	176118142	176133027	exon	GBM neural
chr1:186359843|186400481	chr1	186359843	186400481	intergenic_region	GBM neural
chr1:197509094|197522242	chr1	197509094	197522242	exon	GBM neural
chr1:202724399|202729701	chr1	202724399	202729701	exon	GBM neural
chr1:225190485|225284941	chr1	225190485	225284941	exon	GBM neural
chr1:243727022|243828185	chr1	243727022	243828185	exon	GBM neural
chr1:246778021|246894114	chr1	246778021	246894114	intergenic_region	GBM neural
chr10:7820801|7822270	chr10	7820801	7822270	exon	GBM neural
chr10:32750720|32873232	chr10	32750720	32873232	intron	GBM neural
chr10:52220433|52226692	chr10	52220433	52226692	exon	GBM neural
chr10:80870195|80921890	chr10	80870195	80921890	intron	GBM neural
chr10:93711160|93726514	chr10	93711160	93726514	exon	GBM neural
chr10:96207392|96234540	chr10	96207392	96234540	intron	GBM neural
chr10:99148009|99148381	chr10	99148009	99148381	exon	GBM neural
chr10:104183025|104183474	chr10	104183025	104183474	exon	GBM neural
chr10:117040865|117075246	chr10	117040865	117075246	exon	GBM neural
chr10:123274631|123310973	chr10	123274631	123310973	exon	GBM neural
chr10:127693453|127697119	chr10	127693453	127697119	exon	GBM neural
chr11:3752621|3756554	chr11	3752621	3756554	exon	GBM neural
chr11:13725705|13725893	chr11	13725705	13725893	intron	GBM neural
chr11:14480078|14498561	chr11	14480078	14498561	exon	GBM neural
chr11:18305342|18308257	chr11	18305342	18308257	exon	GBM neural
chr11:46832557|46842819	chr11	46832557	46842819	exon	GBM neural
chr11:72598515|72613683	chr11	72598515	72613683	exon	GBM neural
chr11:77060284|77103586	chr11	77060284	77103586	exon	GBM neural
chr11:77402204|77404656	chr11	77402204	77404656	exon	GBM neural
chr11:82046727|82067670	chr11	82046727	82067670	intron	GBM neural
chr11:93521167|93535138	chr11	93521167	93535138	exon	GBM neural
chr11:94163077|94194202	chr11	94163077	94194202	exon	GBM neural
chr11:110118428|110150481	chr11	110118428	110150481	exon	GBM neural
chr11:125104941|125109624	chr11	125104941	125109624	exon	GBM neural
chr12:13208485|13232943	chr12	13208485	13232943	exon	GBM neural
chr12:15784376|15803940	chr12	15784376	15803940	exon	GBM neural
chr12:31568301|31595859	chr12	31568301	31595859	exon	GBM neural
chr12:32458631|32481489	chr12	32458631	32481489	exon	GBM neural
chr12:41946458|41967744	chr12	41946458	41967744	exon	GBM neural
chr12:47610005|47610472	chr12	47610005	47610472	exon	GBM neural
chr12:51879571|51883735	chr12	51879571	51883735	exon	GBM neural
chr12:64485056|64509673	chr12	64485056	64509673	exon	GBM neural
chr12:85443964|85444785	chr12	85443964	85444785	intron	GBM neural
chr12:94637714|94645304	chr12	94637714	94645304	exon	GBM neural
chr12:107080662|107144571	chr12	107080662	107144571	exon	GBM neural
chr12:112301134|112304035	chr12	112301134	112304035	intron	GBM neural
chr12:112888122|112892484	chr12	112888122	112892484	exon	GBM neural
chr12:113559314|113568746	chr12	113559314	113568746	exon	GBM neural
chr12:130015604|130015750	chr12	130015604	130015750	exon	GBM neural
chr12:131297502|131311812	chr12	131297502	131311812	exon	GBM neural
chr13:30857753|30857928	chr13	30857753	30857928	exon	GBM neural
chr13:41517088|41518061	chr13	41517088	41518061	exon	GBM neural
chr13:101725936|101763577	chr13	101725936	101763577	exon	GBM neural
chr14:50269171|50272851	chr14	50269171	50272851	exon	GBM neural
chr14:92170896|92185822	chr14	92170896	92185822	exon	GBM neural
chr14:93730131|93730339	chr14	93730131	93730339	exon	GBM neural
chr14:101438599|101449879	chr14	101438599	101449879	exon	GBM neural
chr15:25207261|25227584	chr15	25207261	25227584	exon	GBM neural
chr15:25214512|25215450	chr15	25214512	25215450	intron	GBM neural
chr15:45025448|45025602	chr15	45025448	45025602	exon	GBM neural
chr15:51675982|51705561	chr15	51675982	51705561	intergenic_region	GBM neural
chr15:55724695|55759359	chr15	55724695	55759359	exon	GBM neural
chr15:70983638|70991999	chr15	70983638	70991999	exon	GBM neural
chr15:94039463|94041986	chr15	94039463	94041986	exon	GBM neural
chr16:3799628|3820933	chr16	3799628	3820933	exon	GBM neural
chr16:9200053|9200351	chr16	9200053	9200351	exon	GBM neural
chr16:24572933|24576186	chr16	24572933	24576186	exon	GBM neural
chr16:70358488|70359591	chr16	70358488	70359591	exon	GBM neural
chr16:72130721|72130908	chr16	72130721	72130908	exon	GBM neural
chr17:3953002|3954337	chr17	3953002	3954337	exon	GBM neural
chr17:27837882|27844674	chr17	27837882	27844674	exon	GBM neural
chr17:28011581|28022541	chr17	28011581	28022541	exon	GBM neural
chr17:32365034|32365524	chr17	32365034	32365524	exon	GBM neural
chr17:49062284|49072894	chr17	49062284	49072894	exon	GBM neural
chr17:58284382|58286904	chr17	58284382	58286904	exon	GBM neural
chr17:64509454|64510852	chr17	64509454	64510852	intron	GBM neural
chr17:73951647|73952028	chr17	73951647	73952028	exon	GBM neural
chr17:79536042|79539114	chr17	79536042	79539114	exon	GBM neural
chr17:80721841|80726442	chr17	80721841	80726442	exon	GBM neural
chr18:12122302|12132070	chr18	12122302	12132070	intergenic_region	GBM neural
chr18:43702433|43705757	chr18	43702433	43705757	exon	GBM neural
chr18:51797730|51809385	chr18	51797730	51809385	exon	GBM neural
chr19:33113328|33116872	chr19	33113328	33116872	exon	GBM neural
chr19:46832464|46834530	chr19	46832464	46834530	exon	GBM neural
chr2:8383695|8452979	chr2	8383695	8452979	exon	GBM neural
chr2:9458653|9475308	chr2	9458653	9475308	exon	GBM neural
chr2:10928823|10933328	chr2	10928823	10933328	exon	GBM neural
chr2:24080285|24108699	chr2	24080285	24108699	exon	GBM neural
chr2:32323870|32353548	chr2	32323870	32353548	exon	GBM neural
chr2:32701281|32707650	chr2	32701281	32707650	exon	GBM neural
chr2:33505106|33540336	chr2	33505106	33540336	exon	GBM neural
chr2:39656989|39657167	chr2	39656989	39657167	intron	GBM neural
chr2:48036297|48050499	chr2	48036297	48050499	exon	GBM neural
chr2:61406116|61413632	chr2	61406116	61413632	exon	GBM neural
chr2:68717322|68839379	chr2	68717322	68839379	exon	GBM neural
chr2:69736363|69754451	chr2	69736363	69754451	exon	GBM neural
chr2:70076784|70092107	chr2	70076784	70092107	exon	GBM neural
chr2:86768240|86769435	chr2	86768240	86769435	exon	GBM neural
chr2:96585481|96587558	chr2	96585481	96587558	intron	GBM neural
chr2:105900773|105915162	chr2	105900773	105915162	exon	GBM neural
chr2:115093170|115111770	chr2	115093170	115111770	intergenic_region	GBM neural
chr2:115108751|115111770	chr2	115108751	115111770	intergenic_region	GBM neural
chr2:120889194|120903865	chr2	120889194	120903865	exon	GBM neural
chr2:131688525|131704208	chr2	131688525	131704208	exon	GBM neural
chr2:141739729|141819842	chr2	141739729	141819842	exon	GBM neural
chr2:172182351|172187208	chr2	172182351	172187208	exon	GBM neural
chr2:182760757|182780141	chr2	182760757	182780141	exon	GBM neural
chr2:183799480|183848110	chr2	183799480	183848110	exon	GBM neural
chr2:190618642|190619071	chr2	190618642	190619071	exon	GBM neural
chr2:210906411|210907856	chr2	210906411	210907856	intron	GBM neural
chr2:242651393|242662686	chr2	242651393	242662686	exon	GBM neural
chr20:2944918|2969120	chr20	2944918	2969120	exon	GBM neural
chr20:11955689|11979844	chr20	11955689	11979844	intergenic_region	GBM neural
chr20:19560644|19566188	chr20	19560644	19566188	exon	GBM neural
chr20:35832288|35838568	chr20	35832288	35838568	exon	GBM neural
chr20:44049168|44049333	chr20	44049168	44049333	exon	GBM neural
chr20:50704931|50715126	chr20	50704931	50715126	exon	GBM neural
chr20:51601494|51601941	chr20	51601494	51601941	intron	GBM neural
chr21:27462259|27484463	chr21	27462259	27484463	exon	GBM neural
chr21:30945371|30945942	chr21	30945371	30945942	intron	GBM neural
chr21:34906885|34907626	chr21	34906885	34907626	exon	GBM neural
chr21:40585407|40601362	chr21	40585407	40601362	exon	GBM neural
chr22:41303591|41322467	chr22	41303591	41322467	exon	GBM neural
chr3:17425405|17550097	chr3	17425405	17550097	exon	GBM neural
chr3:20017093|20017661	chr3	20017093	20017661	exon	GBM neural
chr3:24338717|24359985	chr3	24338717	24359985	exon	GBM neural
chr3:27510402|27513093	chr3	27510402	27513093	intron	GBM neural
chr3:32745360|32778982	chr3	32745360	32778982	exon	GBM neural
chr3:32750162|32769362	chr3	32750162	32769362	exon	GBM neural
chr3:43373661|43384970	chr3	43373661	43384970	exon	GBM neural
chr3:47125210|47147610	chr3	47125210	47147610	exon	GBM neural
chr3:47908736|47919013	chr3	47908736	47919013	exon	GBM neural
chr3:51350275|51367654	chr3	51350275	51367654	exon	GBM neural
chr3:100986355|101023156	chr3	100986355	101023156	exon	GBM neural
chr3:110863746|110911260	chr3	110863746	110911260	exon	GBM neural
chr3:136085785|136221621	chr3	136085785	136221621	exon	GBM neural
chr3:141697362|141811969	chr3	141697362	141811969	exon	GBM neural
chr3:165163831|165229439	chr3	165163831	165229439	intron	GBM neural
chr3:170906491|170946010	chr3	170906491	170946010	exon	GBM neural
chr3:183471914|183474477	chr3	183471914	183474477	exon	GBM neural
chr3:184631307|184689540	chr3	184631307	184689540	exon	GBM neural
chr3:191074877|191078948	chr3	191074877	191078948	exon	GBM neural
chr3:196882540|196888609	chr3	196882540	196888609	intron	GBM neural
chr4:2492064|2502465	chr4	2492064	2502465	exon	GBM neural
chr4:2659530|2661781	chr4	2659530	2661781	exon	GBM neural
chr4:39747372|39779430	chr4	39747372	39779430	exon	GBM neural
chr4:52740437|52758017	chr4	52740437	52758017	exon	GBM neural
chr4:54294194|54310270	chr4	54294194	54310270	exon	GBM neural
chr4:57462666|57470388	chr4	57462666	57470388	intergenic_region	GBM neural
chr4:77084378|77087454	chr4	77084378	77087454	exon	GBM neural
chr4:87622394|87656899	chr4	87622394	87656899	exon	GBM neural
chr4:87643365|87656899	chr4	87643365	87656899	exon	GBM neural
chr4:103610731|103635718	chr4	103610731	103635718	exon	GBM neural
chr4:140046318|140069251	chr4	140046318	140069251	intron	GBM neural
chr4:144359152|144387378	chr4	144359152	144387378	exon	GBM neural
chr4:144753713|144787229	chr4	144753713	144787229	exon	GBM neural
chr4:144780169|144890532	chr4	144780169	144890532	exon	GBM neural
chr4:144780169|144908035	chr4	144780169	144908035	intron	GBM neural
chr4:169630179|169633074	chr4	169630179	169633074	exon	GBM neural
chr4:170057469|170057771	chr4	170057469	170057771	exon	GBM neural
chr5:751248|840712	chr5	751248	840712	intergenic_region	GBM neural
chr5:11199560|11201648	chr5	11199560	11201648	intron	GBM neural
chr5:37006459|37052668	chr5	37006459	37052668	exon	GBM neural
chr5:43122141|43139411	chr5	43122141	43139411	exon	GBM neural
chr5:80932376|80946158	chr5	80932376	80946158	exon	GBM neural
chr5:90083888|90089960	chr5	90083888	90089960	intron	GBM neural
chr5:94114815|94253678	chr5	94114815	94253678	exon	GBM neural
chr5:96093148|96103703	chr5	96093148	96103703	exon	GBM neural
chr5:96320784|96350799	chr5	96320784	96350799	exon	GBM neural
chr5:109117097|109139978	chr5	109117097	109139978	exon	GBM neural
chr5:132034863|132039311	chr5	132034863	132039311	exon	GBM neural
chr6:15615498|15627706	chr6	15615498	15627706	exon	GBM neural
chr6:42629922|42633983	chr6	42629922	42633983	exon	GBM neural
chr6:54001513|54095715	chr6	54001513	54095715	exon	GBM neural
chr6:56917767|56917946	chr6	56917767	56917946	exon	GBM neural
chr6:71381776|71501472	chr6	71381776	71501472	intron	GBM neural
chr6:94120219|94124485	chr6	94120219	94124485	exon	GBM neural
chr6:145992375|146007432	chr6	145992375	146007432	exon	GBM neural
chr6:167424301|167447459	chr6	167424301	167447459	exon	GBM neural
chr7:6624647|6624891	chr7	6624647	6624891	exon	GBM neural
chr7:17251946|17326140	chr7	17251946	17326140	intron	GBM neural
chr7:33134451|33185976	chr7	33134451	33185976	intergenic_region	GBM neural
chr7:35919433|35930403	chr7	35919433	35930403	exon	GBM neural
chr7:66019572|66032646	chr7	66019572	66032646	intron	GBM neural
chr7:75633076|75643205	chr7	75633076	75643205	exon	GBM neural
chr7:86223627|86226362	chr7	86223627	86226362	intergenic_region	GBM neural
chr7:86468155|86479860	chr7	86468155	86479860	exon	GBM neural
chr7:90355881|90547039	chr7	90355881	90547039	exon	GBM neural
chr7:90585012|90613556	chr7	90585012	90613556	exon	GBM neural
chr7:99923314|99926642	chr7	99923314	99926642	intron	GBM neural
chr7:106826246|106827126	chr7	106826246	106827126	exon	GBM neural
chr7:107847972|107880614	chr7	107847972	107880614	exon	GBM neural
chr7:128388627|128399906	chr7	128388627	128399906	exon	GBM neural
chr7:133002038|133059756	chr7	133002038	133059756	exon	GBM neural
chr7:138203934|138255748	chr7	138203934	138255748	exon	GBM neural
chr7:138865838|138872285	chr7	138865838	138872285	exon	GBM neural
chr7:141310995|141333780	chr7	141310995	141333780	exon	GBM neural
chr7:142696784|142736578	chr7	142696784	142736578	intergenic_region	GBM neural
chr8:25161771|25166441	chr8	25161771	25166441	exon	GBM neural
chr8:68939457|68950527	chr8	68939457	68950527	exon	GBM neural
chr8:71495399|71512317	chr8	71495399	71512317	exon	GBM neural
chr8:95866033|95871860	chr8	95866033	95871860	exon	GBM neural
chr8:100994165|101078524	chr8	100994165	101078524	exon	GBM neural
chr8:101074819|101092583	chr8	101074819	101092583	exon	GBM neural
chr8:106573591|106646585	chr8	106573591	106646585	exon	GBM neural
chr8:118830674|118847790	chr8	118830674	118847790	exon	GBM neural
chr8:136657302|136660841	chr8	136657302	136660841	exon	GBM neural
chr9:3420788|3490345	chr9	3420788	3490345	intron	GBM neural
chr9:4823548|4833228	chr9	4823548	4833228	exon	GBM neural
chr9:8404537|8492979	chr9	8404537	8492979	exon	GBM neural
chr9:8449725|8492979	chr9	8449725	8492979	exon	GBM neural
chr9:33956856|33973235	chr9	33956856	33973235	intron	GBM neural
chr9:36052262|36065621	chr9	36052262	36065621	exon	GBM neural
chr9:88292351|88307728	chr9	88292351	88307728	exon	GBM neural
chr9:97717459|97741709	chr9	97717459	97741709	exon	GBM neural
chr9:99106186|99114391	chr9	99106186	99114391	exon	GBM neural
chr9:101542471|101544855	chr9	101542471	101544855	exon	GBM neural
chr9:134308004|134330553	chr9	134308004	134330553	exon	GBM neural
chr9:134518626|134526336	chr9	134518626	134526336	exon	GBM neural
chr9:135917474|135919313	chr9	135917474	135919313	exon	GBM neural
chrX:2632463|2644414	chrX	2632463	2644414	exon	GBM neural
chrX:32456358|32509635	chrX	32456358	32509635	exon	GBM neural
chrX:53432177|53432323	chrX	53432177	53432323	exon	GBM neural
chrX:76888695|76940498	chrX	76888695	76940498	exon	GBM neural
chrX:76907604|76919047	chrX	76907604	76919047	exon	GBM neural
chrX:110390965|110416309	chrX	110390965	110416309	exon	GBM neural
chrX:130845679|130928494	chrX	130845679	130928494	exon	GBM neural
chr1:10155519|10182134	chr1	10155519	10182134	exon	GBM neural
chr1:14042036|14109326	chr1	14042036	14109326	exon	GBM neural
chr1:14075856|14080489	chr1	14075856	14080489	intron	GBM neural
chr1:21415631|21450048	chr1	21415631	21450048	intron	GBM neural
chr1:21450566|21453822	chr1	21450566	21453822	intron	GBM neural
chr1:32384571|32385259	chr1	32384571	32385259	exon	GBM neural
chr1:37282661|37307540	chr1	37282661	37307540	exon	GBM neural
chr1:39381234|39385009	chr1	39381234	39385009	exon	GBM neural
chr1:39806174|39806625	chr1	39806174	39806625	exon	GBM neural
chr1:41006258|41007382	chr1	41006258	41007382	exon	GBM neural
chr1:42654408|42744343	chr1	42654408	42744343	exon	GBM neural
chr1:44386076|44386600	chr1	44386076	44386600	exon	GBM neural
chr1:45043727|45045447	chr1	45043727	45045447	intron	GBM neural
chr1:45923236|45940820	chr1	45923236	45940820	intron	GBM neural
chr1:48821342|48878823	chr1	48821342	48878823	exon	GBM neural
chr1:51204535|51210447	chr1	51204535	51210447	exon	GBM neural
chr1:61743192|61824946	chr1	61743192	61824946	exon	GBM neural
chr1:63282246|63286880	chr1	63282246	63286880	exon	GBM neural
chr1:67786020|67796493	chr1	67786020	67796493	exon	GBM neural
chr1:70446062|70460316	chr1	70446062	70460316	exon	GBM neural
chr1:73020894|73090399	chr1	73020894	73090399	intergenic_region	GBM neural
chr1:84383287|84394913	chr1	84383287	84394913	exon	GBM neural
chr1:93312740|93341987	chr1	93312740	93341987	exon	GBM neural
chr1:94953098|94965170	chr1	94953098	94965170	exon	GBM neural
chr1:100459093|100483371	chr1	100459093	100483371	exon	GBM neural
chr1:108226110|108293824	chr1	108226110	108293824	exon	GBM neural
chr1:109170789|109172279	chr1	109170789	109172279	exon	GBM neural
chr1:109427897|109466836	chr1	109427897	109466836	exon	GBM neural
chr1:109470460|109475123	chr1	109470460	109475123	intron	GBM neural
chr1:109524355|109533951	chr1	109524355	109533951	exon	GBM neural
chr1:109878862|109888500	chr1	109878862	109888500	exon	GBM neural
chr1:110121826|110129504	chr1	110121826	110129504	exon	GBM neural
chr1:150550997|150551318	chr1	150550997	150551318	intron	GBM neural
chr1:154029291|154076686	chr1	154029291	154076686	exon	GBM neural
chr1:155299672|155329177	chr1	155299672	155329177	intergenic_region	GBM neural
chr1:155640111|155744964	chr1	155640111	155744964	intergenic_region	GBM neural
chr1:155734791|155753880	chr1	155734791	155753880	exon	GBM neural
chr1:156303338|156305679	chr1	156303338	156305679	exon	GBM neural
chr1:156946775|156957534	chr1	156946775	156957534	intron	GBM neural
chr1:167992226|168014465	chr1	167992226	168014465	exon	GBM neural
chr1:169390601|169391551	chr1	169390601	169391551	exon	GBM neural
chr1:171492362|171496983	chr1	171492362	171496983	exon	GBM neural
chr1:172097253|172100428	chr1	172097253	172100428	intron	GBM neural
chr1:172100315|172152036	chr1	172100315	172152036	intron	GBM neural
chr1:176085760|176118210	chr1	176085760	176118210	exon	GBM neural
chr1:176104146|176118210	chr1	176104146	176118210	exon	GBM neural
chr1:183849750|183867031	chr1	183849750	183867031	exon	GBM neural
chr1:197144140|197161029	chr1	197144140	197161029	exon	GBM neural
chr1:197641167|197643299	chr1	197641167	197643299	exon	GBM neural
chr1:204521309|204521551	chr1	204521309	204521551	exon	GBM neural
chr1:210948690|210962650	chr1	210948690	210962650	intron	GBM neural
chr1:211975234|211977331	chr1	211975234	211977331	intron	GBM neural
chr1:212977662|212981190	chr1	212977662	212981190	exon	GBM neural
chr1:213037067|213061936	chr1	213037067	213061936	exon	GBM neural
chr1:213302870|213372001	chr1	213302870	213372001	intron	GBM neural
chr1:216850418|216850833	chr1	216850418	216850833	exon	GBM neural
chr1:220752696|220809368	chr1	220752696	220809368	exon	GBM neural
chr1:233362972|233388534	chr1	233362972	233388534	exon	GBM neural
chr1:235338499|235346108	chr1	235338499	235346108	exon	GBM neural
chr1:237550581|237650115	chr1	237550581	237650115	intron	GBM neural
chr1:237617691|237620035	chr1	237617691	237620035	exon	GBM neural
chr1:237886428|237921076	chr1	237886428	237921076	exon	GBM neural
chr1:243493842|243542165	chr1	243493842	243542165	exon	GBM neural
chr1:243708812|243727150	chr1	243708812	243727150	exon	GBM neural
chr1:245263994|245265746	chr1	245263994	245265746	intron	GBM neural
chr1:246790658|246791569	chr1	246790658	246791569	intron	GBM neural
chr10:5751493|5766496	chr10	5751493	5766496	exon	GBM neural
chr10:7839017|7844817	chr10	7839017	7844817	exon	GBM neural
chr10:11299701|11312787	chr10	11299701	11312787	exon	GBM neural
chr10:13639458|13647744	chr10	13639458	13647744	exon	GBM neural
chr10:17199440|17204236	chr10	17199440	17204236	exon	GBM neural
chr10:21120402|21158770	chr10	21120402	21158770	exon	GBM neural
chr10:27456031|27460012	chr10	27456031	27460012	exon	GBM neural
chr10:31165927|31230580	chr10	31165927	31230580	exon	GBM neural
chr10:33134471|33165508	chr10	33134471	33165508	exon	GBM neural
chr10:43986820|43991978	chr10	43986820	43991978	intergenic_region	GBM neural
chr10:50225922|50227820	chr10	50225922	50227820	exon	GBM neural
chr10:61062561|61115703	chr10	61062561	61115703	exon	GBM neural
chr10:65140078|65144421	chr10	65140078	65144421	intron	GBM neural
chr10:70181982|70182647	chr10	70181982	70182647	exon	GBM neural
chr10:70243177|70276600	chr10	70243177	70276600	exon	GBM neural
chr10:71235756|71244971	chr10	71235756	71244971	intron	GBM neural
chr10:72579940|72619256	chr10	72579940	72619256	exon	GBM neural
chr10:74103124|74104885	chr10	74103124	74104885	exon	GBM neural
chr10:75276133|75290593	chr10	75276133	75290593	exon	GBM neural
chr10:76978821|76982160	chr10	76978821	76982160	exon	GBM neural
chr10:88227036|88260500	chr10	88227036	88260500	exon	GBM neural
chr10:88230749|88257076	chr10	88230749	88257076	exon	GBM neural
chr10:90661413|90674415	chr10	90661413	90674415	exon	GBM neural
chr10:93699709|93702325	chr10	93699709	93702325	exon	GBM neural
chr10:93702179|93726514	chr10	93702179	93726514	exon	GBM neural
chr10:96259978|96267104	chr10	96259978	96267104	exon	GBM neural
chr10:103565802|103570071	chr10	103565802	103570071	exon	GBM neural
chr10:112047753|112048551	chr10	112047753	112048551	intergenic_region	GBM neural
chr10:116873772|116925405	chr10	116873772	116925405	intron	GBM neural
chr10:118674886|118681027	chr10	118674886	118681027	exon	GBM neural
chr10:118704435|118708508	chr10	118704435	118708508	exon	GBM neural
chr10:123256046|123310973	chr10	123256046	123310973	exon	GBM neural
chr10:123718839|123721032	chr10	123718839	123721032	exon	GBM neural
chr10:124172436|124184475	chr10	124172436	124184475	exon	GBM neural
chr10:127587489|127596071	chr10	127587489	127596071	intron	GBM neural
chr10:128187846|128188809	chr10	128187846	128188809	intron	GBM neural
chr10:128768966|128780237	chr10	128768966	128780237	exon	GBM neural
chr10:128816974|128860040	chr10	128816974	128860040	exon	GBM neural
chr10:129137270|129183173	chr10	129137270	129183173	exon	GBM neural
chr10:132932642|133107562	chr10	132932642	133107562	exon	GBM neural
chr10:133734341|133736051	chr10	133734341	133736051	intergenic_region	GBM neural
chr11:9735013|9750998	chr11	9735013	9750998	exon	GBM neural
chr11:17131979|17158172	chr11	17131979	17158172	exon	GBM neural
chr11:20417349|20419267	chr11	20417349	20419267	exon	GBM neural
chr11:46665829|46681035	chr11	46665829	46681035	exon	GBM neural
chr11:56920114|56956625	chr11	56920114	56956625	intergenic_region	GBM neural
chr11:59617452|59618437	chr11	59617452	59618437	intergenic_region	GBM neural
chr11:64525251|64526176	chr11	64525251	64526176	exon	GBM neural
chr11:78239888|78282489	chr11	78239888	78282489	exon	GBM neural
chr11:81811016|81902098	chr11	81811016	81902098	intron	GBM neural
chr11:84005564|84023962	chr11	84005564	84023962	intron	GBM neural
chr11:85692172|85722179	chr11	85692172	85722179	exon	GBM neural
chr11:89165952|89185063	chr11	89165952	89185063	exon	GBM neural
chr11:94908662|94911992	chr11	94908662	94911992	exon	GBM neural
chr11:94917584|94918656	chr11	94917584	94918656	exon	GBM neural
chr11:95942610|95943503	chr11	95942610	95943503	intron	GBM neural
chr11:103187274|103194718	chr11	103187274	103194718	exon	GBM neural
chr11:107916997|107926168	chr11	107916997	107926168	intron	GBM neural
chr11:113723223|113725057	chr11	113723223	113725057	exon	GBM neural
chr11:116738662|116747758	chr11	116738662	116747758	exon	GBM neural
chr11:116894689|116895355	chr11	116894689	116895355	intron	GBM neural
chr11:116952263|116955090	chr11	116952263	116955090	intron	GBM neural
chr11:117401868|117403237	chr11	117401868	117403237	intron	GBM neural
chr11:120317112|120330029	chr11	120317112	120330029	exon	GBM neural
chr11:121348827|121403261	chr11	121348827	121403261	exon	GBM neural
chr11:122795605|122805783	chr11	122795605	122805783	exon	GBM neural
chr11:128963516|128997200	chr11	128963516	128997200	intron	GBM neural
chr12:541032|547720	chr12	541032	547720	exon	GBM neural
chr12:1863424|1863680	chr12	1863424	1863680	exon	GBM neural
chr12:6839568|6840310	chr12	6839568	6840310	exon	GBM neural
chr12:11126254|11199787	chr12	11126254	11199787	exon	GBM neural
chr12:25214526|25236427	chr12	25214526	25236427	exon	GBM neural
chr12:39713708|39716684	chr12	39713708	39716684	exon	GBM neural
chr12:45725078|45751207	chr12	45725078	45751207	exon	GBM neural
chr12:46254584|46287504	chr12	46254584	46287504	exon	GBM neural
chr12:50059615|50062337	chr12	50059615	50062337	exon	GBM neural
chr12:51125152|51126319	chr12	51125152	51126319	exon	GBM neural
chr12:51127918|51130893	chr12	51127918	51130893	exon	GBM neural
chr12:56094683|56094938	chr12	56094683	56094938	exon	GBM neural
chr12:56480315|56482652	chr12	56480315	56482652	exon	GBM neural
chr12:57789532|57791985	chr12	57789532	57791985	intron	GBM neural
chr12:66539621|66547228	chr12	66539621	66547228	exon	GBM neural
chr12:66597491|66605377	chr12	66597491	66605377	exon	GBM neural
chr12:69638235|69639629	chr12	69638235	69639629	intron	GBM neural
chr12:78388583|78401225	chr12	78388583	78401225	exon	GBM neural
chr12:99166820|99192783	chr12	99166820	99192783	exon	GBM neural
chr12:99446935|99640642	chr12	99446935	99640642	exon	GBM neural
chr12:100598718|100599522	chr12	100598718	100599522	exon	GBM neural
chr12:108136974|108138438	chr12	108136974	108138438	exon	GBM neural
chr12:109612563|109617411	chr12	109612563	109617411	intron	GBM neural
chr12:110764195|110765822	chr12	110764195	110765822	exon	GBM neural
chr12:110819557|110834257	chr12	110819557	110834257	exon	GBM neural
chr12:111923075|111957880	chr12	111923075	111957880	exon	GBM neural
chr12:111947353|111963120	chr12	111947353	111963120	exon	GBM neural
chr12:120172965|120214646	chr12	120172965	120214646	exon	GBM neural
chr12:121204066|121222396	chr12	121204066	121222396	exon	GBM neural
chr12:123712010|123715069	chr12	123712010	123715069	exon	GBM neural
chr13:20304379|20409829	chr13	20304379	20409829	intergenic_region	GBM neural
chr13:25525535|25529007	chr13	25525535	25529007	exon	GBM neural
chr13:33016525|33018263	chr13	33016525	33018263	exon	GBM neural
chr13:33275460|33327674	chr13	33275460	33327674	exon	GBM neural
chr13:36367503|36385105	chr13	36367503	36385105	exon	GBM neural
chr13:36379836|36413313	chr13	36379836	36413313	exon	GBM neural
chr13:41400642|41457108	chr13	41400642	41457108	intron	GBM neural
chr13:50502055|50505270	chr13	50502055	50505270	exon	GBM neural
chr13:51320869|51338644	chr13	51320869	51338644	intron	GBM neural
chr13:73366585|73428293	chr13	73366585	73428293	exon	GBM neural
chr13:77763086|77768379	chr13	77763086	77768379	exon	GBM neural
chr13:96589178|96624925	chr13	96589178	96624925	exon	GBM neural
chr13:99498178|99508285	chr13	99498178	99508285	exon	GBM neural
chr13:101077887|101101559	chr13	101077887	101101559	exon	GBM neural
chr13:101936284|101945607	chr13	101936284	101945607	intron	GBM neural
chr13:103459634|103474509	chr13	103459634	103474509	exon	GBM neural
chr14:32172323|32173344	chr14	32172323	32173344	intron	GBM neural
chr14:33585820|33684632	chr14	33585820	33684632	intron	GBM neural
chr14:35560276|35577442	chr14	35560276	35577442	exon	GBM neural
chr14:37716308|37838829	chr14	37716308	37838829	exon	GBM neural
chr14:67588973|67626205	chr14	67588973	67626205	exon	GBM neural
chr14:68015322|68016082	chr14	68015322	68016082	intron	GBM neural
chr14:68030951|68032561	chr14	68030951	68032561	intron	GBM neural
chr14:73544077|73563808	chr14	73544077	73563808	exon	GBM neural
chr14:75245150|75249028	chr14	75245150	75249028	exon	GBM neural
chr14:76198681|76201632	chr14	76198681	76201632	exon	GBM neural
chr14:76238077|76259443	chr14	76238077	76259443	exon	GBM neural
chr14:77930941|77932010	chr14	77930941	77932010	exon	GBM neural
chr14:89042184|89077284	chr14	89042184	89077284	exon	GBM neural
chr14:89922461|89931151	chr14	89922461	89931151	intron	GBM neural
chr14:90315146|90398971	chr14	90315146	90398971	exon	GBM neural
chr14:92465584|92477416	chr14	92465584	92477416	exon	GBM neural
chr14:92905679|92911686	chr14	92905679	92911686	exon	GBM neural
chr14:93180168|93183806	chr14	93180168	93183806	exon	GBM neural
chr14:93273081|93275864	chr14	93273081	93275864	exon	GBM neural
chr14:101396784|101415933	chr14	101396784	101415933	intron	GBM neural
chr14:102471099|102471573	chr14	102471099	102471573	exon	GBM neural
chr14:104120901|104121162	chr14	104120901	104121162	exon	GBM neural
chr15:22866716|22872499	chr15	22866716	22872499	exon	GBM neural
chr15:22999339|23000243	chr15	22999339	23000243	exon	GBM neural
chr15:27571956|27725933	chr15	27571956	27725933	exon	GBM neural
chr15:28986256|28993021	chr15	28986256	28993021	exon	GBM neural
chr15:35245086|35256491	chr15	35245086	35256491	exon	GBM neural
chr15:41352065|41362745	chr15	41352065	41362745	exon	GBM neural
chr15:41745099|41762590	chr15	41745099	41762590	exon	GBM neural
chr15:44060687|44062778	chr15	44060687	44062778	exon	GBM neural
chr15:44898223|44903183	chr15	44898223	44903183	exon	GBM neural
chr15:45653794|45669017	chr15	45653794	45669017	exon	GBM neural
chr15:49924356|49926991	chr15	49924356	49926991	exon	GBM neural
chr15:50929619|50931745	chr15	50929619	50931745	exon	GBM neural
chr15:56946396|56959184	chr15	56946396	56959184	exon	GBM neural
chr15:64966115|64970681	chr15	64966115	64970681	exon	GBM neural
chr15:65756099|65804902	chr15	65756099	65804902	exon	GBM neural
chr15:73418758|73428368	chr15	73418758	73428368	exon	GBM neural
chr15:75693071|75694311	chr15	75693071	75694311	exon	GBM neural
chr15:76797200|76975402	chr15	76797200	76975402	intron	GBM neural
chr15:76957994|77057413	chr15	76957994	77057413	exon	GBM neural
chr15:85180578|85184493	chr15	85180578	85184493	exon	GBM neural
chr15:85619093|85652361	chr15	85619093	85652361	exon	GBM neural
chr15:93889523|93916814	chr15	93889523	93916814	intron	GBM neural
chr15:102224278|102226265	chr15	102224278	102226265	exon	GBM neural
chr16:3554720|3556415	chr16	3554720	3556415	exon	GBM neural
chr16:5014363|5014672	chr16	5014363	5014672	intron	GBM neural
chr16:13154125|13157555	chr16	13154125	13157555	intron	GBM neural
chr16:14680175|14682570	chr16	14680175	14682570	intron	GBM neural
chr16:24043457|24135302	chr16	24043457	24135302	exon	GBM neural
chr16:24838822|24841074	chr16	24838822	24841074	intergenic_region	GBM neural
chr16:27539919|27556844	chr16	27539919	27556844	exon	GBM neural
chr16:27765494|27772911	chr16	27765494	27772911	exon	GBM neural
chr16:48286042|48311390	chr16	48286042	48311390	exon	GBM neural
chr16:53175091|53243725	chr16	53175091	53243725	intron	GBM neural
chr16:56660792|56717142	chr16	56660792	56717142	intergenic_region	GBM neural
chr16:56667663|56692652	chr16	56667663	56692652	intergenic_region	GBM neural
chr16:71949529|71962153	chr16	71949529	71962153	exon	GBM neural
chr16:76569442|76669520	chr16	76569442	76669520	intergenic_region	GBM neural
chr17:2218851|2224910	chr17	2218851	2224910	exon	GBM neural
chr17:8445425|8457336	chr17	8445425	8457336	exon	GBM neural
chr17:16040625|16042500	chr17	16040625	16042500	exon	GBM neural
chr17:19835118|19866335	chr17	19835118	19866335	exon	GBM neural
chr17:26459646|26512291	chr17	26459646	26512291	exon	GBM neural
chr17:26534872|26535183	chr17	26534872	26535183	intergenic_region	GBM neural
chr17:30320884|30322781	chr17	30320884	30322781	exon	GBM neural
chr17:34009714|34015255	chr17	34009714	34015255	intron	GBM neural
chr17:34144720|34165557	chr17	34144720	34165557	exon	GBM neural
chr17:34160911|34165557	chr17	34160911	34165557	exon	GBM neural
chr17:34937774|34937968	chr17	34937774	34937968	exon	GBM neural
chr17:35687113|35687365	chr17	35687113	35687365	exon	GBM neural
chr17:35797839|35800763	chr17	35797839	35800763	exon	GBM neural
chr17:35797839|35825645	chr17	35797839	35825645	exon	GBM neural
chr17:35936439|35946657	chr17	35936439	35946657	exon	GBM neural
chr17:40497577|40500538	chr17	40497577	40500538	exon	GBM neural
chr17:41247863|41256973	chr17	41247863	41256973	exon	GBM neural
chr17:42983661|42984190	chr17	42983661	42984190	exon	GBM neural
chr17:51747522|51747875	chr17	51747522	51747875	intron	GBM neural
chr17:53108529|53150437	chr17	53108529	53150437	exon	GBM neural
chr17:54926057|54936026	chr17	54926057	54936026	exon	GBM neural
chr17:56780557|56801461	chr17	56780557	56801461	exon	GBM neural
chr17:61829300|61831878	chr17	61829300	61831878	exon	GBM neural
chr17:64171162|64179425	chr17	64171162	64179425	exon	GBM neural
chr17:65901733|65904369	chr17	65901733	65904369	intron	GBM neural
chr17:73982268|73987704	chr17	73982268	73987704	exon	GBM neural
chr17:78593427|78617610	chr17	78593427	78617610	intron	GBM neural
chr18:1238348|1285742	chr18	1238348	1285742	intergenic_region	GBM neural
chr18:2762103|2770106	chr18	2762103	2770106	exon	GBM neural
chr18:10539759|10540396	chr18	10539759	10540396	exon	GBM neural
chr18:12506476|12546903	chr18	12506476	12546903	exon	GBM neural
chr18:24433576|24436481	chr18	24433576	24436481	intron	GBM neural
chr18:34174750|34182731	chr18	34174750	34182731	exon	GBM neural
chr18:44572828|44586025	chr18	44572828	44586025	exon	GBM neural
chr18:51800296|51810383	chr18	51800296	51810383	exon	GBM neural
chr18:60497268|60612504	chr18	60497268	60612504	exon	GBM neural
chr18:74700833|74702016	chr18	74700833	74702016	exon	GBM neural
chr18:74711709|74713546	chr18	74711709	74713546	intron	GBM neural
chr19:8293495|8294345	chr19	8293495	8294345	intron	GBM neural
chr19:11230768|11231198	chr19	11230768	11231198	exon	GBM neural
chr19:11356239|11356554	chr19	11356239	11356554	exon	GBM neural
chr19:14112871|14113904	chr19	14112871	14113904	intron	GBM neural
chr19:18684103|18684558	chr19	18684103	18684558	exon	GBM neural
chr19:34881596|34883797	chr19	34881596	34883797	intron	GBM neural
chr19:45528587|45528995	chr19	45528587	45528995	exon	GBM neural
chr19:47474571|47474851	chr19	47474571	47474851	intron	GBM neural
chr19:49593548|49601961	chr19	49593548	49601961	exon	GBM neural
chr2:20196895|20201841	chr2	20196895	20201841	exon	GBM neural
chr2:25830105|25851253	chr2	25830105	25851253	exon	GBM neural
chr2:25991611|25994409	chr2	25991611	25994409	exon	GBM neural
chr2:29356521|29383333	chr2	29356521	29383333	exon	GBM neural
chr2:31337609|31355578	chr2	31337609	31355578	exon	GBM neural
chr2:33748946|33759467	chr2	33748946	33759467	exon	GBM neural
chr2:39515262|39526942	chr2	39515262	39526942	exon	GBM neural
chr2:48701827|48718309	chr2	48701827	48718309	exon	GBM neural
chr2:50723043|50850753	chr2	50723043	50850753	exon	GBM neural
chr2:54101476|54112912	chr2	54101476	54112912	exon	GBM neural
chr2:54122144|54127154	chr2	54122144	54127154	exon	GBM neural
chr2:55559702|55563954	chr2	55559702	55563954	exon	GBM neural
chr2:62145710|62228117	chr2	62145710	62228117	exon	GBM neural
chr2:63206323|63265951	chr2	63206323	63265951	exon	GBM neural
chr2:69732701|69752244	chr2	69732701	69752244	exon	GBM neural
chr2:70033517|70035321	chr2	70033517	70035321	exon	GBM neural
chr2:70223818|70259387	chr2	70223818	70259387	exon	GBM neural
chr2:79566741|79567189	chr2	79566741	79567189	exon	GBM neural
chr2:79860824|79878784	chr2	79860824	79878784	exon	GBM neural
chr2:89084115|89104922	chr2	89084115	89104922	exon	GBM neural
chr2:96860696|96861287	chr2	96860696	96861287	exon	GBM neural
chr2:97860582|97871705	chr2	97860582	97871705	exon	GBM neural
chr2:99811026|99812219	chr2	99811026	99812219	intron	GBM neural
chr2:99919153|99921208	chr2	99919153	99921208	intron	GBM neural
chr2:101874253|101881509	chr2	101874253	101881509	exon	GBM neural
chr2:109408131|109432561	chr2	109408131	109432561	exon	GBM neural
chr2:113057426|113079442	chr2	113057426	113079442	exon	GBM neural
chr2:116485392|116510873	chr2	116485392	116510873	exon	GBM neural
chr2:116510750|116573305	chr2	116510750	116573305	exon	GBM neural
chr2:120639362|120640199	chr2	120639362	120640199	exon	GBM neural
chr2:122144698|122168545	chr2	122144698	122168545	exon	GBM neural
chr2:122208489|122216551	chr2	122208489	122216551	exon	GBM neural
chr2:133531389|133547778	chr2	133531389	133547778	exon	GBM neural
chr2:134275029|134284756	chr2	134275029	134284756	exon	GBM neural
chr2:136396309|136396692	chr2	136396309	136396692	exon	GBM neural
chr2:149837869|149851052	chr2	149837869	149851052	exon	GBM neural
chr2:153220312|153222054	chr2	153220312	153222054	intron	GBM neural
chr2:153378457|153417549	chr2	153378457	153417549	exon	GBM neural
chr2:160303293|160412376	chr2	160303293	160412376	exon	GBM neural
chr2:162565204|162627564	chr2	162565204	162627564	exon	GBM neural
chr2:163241198|163361167	chr2	163241198	163361167	exon	GBM neural
chr2:170343579|170356130	chr2	170343579	170356130	exon	GBM neural
chr2:172599732|172634925	chr2	172599732	172634925	intergenic_region	GBM neural
chr2:175213019|175216453	chr2	175213019	175216453	exon	GBM neural
chr2:202245847|202272320	chr2	202245847	202272320	exon	GBM neural
chr2:202410266|202462564	chr2	202410266	202462564	intron	GBM neural
chr2:202430452|202446940	chr2	202430452	202446940	exon	GBM neural
chr2:207744107|207825666	chr2	207744107	207825666	intergenic_region	GBM neural
chr2:208773238|208811236	chr2	208773238	208811236	exon	GBM neural
chr2:220883149|220896111	chr2	220883149	220896111	intergenic_region	GBM neural
chr2:221467054|221498849	chr2	221467054	221498849	intron	GBM neural
chr2:221495100|221618488	chr2	221495100	221618488	intergenic_region	GBM neural
chr2:222742707|222775836	chr2	222742707	222775836	intergenic_region	GBM neural
chr2:229889423|229890824	chr2	229889423	229890824	exon	GBM neural
chr2:232070911|232104754	chr2	232070911	232104754	exon	GBM neural
chr2:232995329|233028342	chr2	232995329	233028342	exon	GBM neural
chr2:233651860|233671367	chr2	233651860	233671367	exon	GBM neural
chr2:242350448|242357524	chr2	242350448	242357524	exon	GBM neural
chr20:1433138|1435777	chr20	1433138	1435777	exon	GBM neural
chr20:1791200|1791870	chr20	1791200	1791870	exon	GBM neural
chr20:3262287|3268436	chr20	3262287	3268436	exon	GBM neural
chr20:3329172|3340240	chr20	3329172	3340240	exon	GBM neural
chr20:5939174|5965646	chr20	5939174	5965646	exon	GBM neural
chr20:33356267|33380366	chr20	33356267	33380366	exon	GBM neural
chr20:33632308|33637797	chr20	33632308	33637797	exon	GBM neural
chr20:33711693|33714178	chr20	33711693	33714178	exon	GBM neural
chr20:37759810|37769707	chr20	37759810	37769707	intergenic_region	GBM neural
chr20:43211226|43218507	chr20	43211226	43218507	exon	GBM neural
chr20:45923410|45927616	chr20	45923410	45927616	exon	GBM neural
chr20:46385933|46386207	chr20	46385933	46386207	exon	GBM neural
chr20:47872345|47880020	chr20	47872345	47880020	exon	GBM neural
chr20:50292671|50314021	chr20	50292671	50314021	exon	GBM neural
chr20:58318162|58349545	chr20	58318162	58349545	exon	GBM neural
chr21:16229863|16415895	chr21	16229863	16415895	intergenic_region	GBM neural
chr21:17135210|17150346	chr21	17135210	17150346	exon	GBM neural
chr21:30358460|30359255	chr21	30358460	30359255	exon	GBM neural
chr21:30380217|30381179	chr21	30380217	30381179	intron	GBM neural
chr21:32496840|32503266	chr21	32496840	32503266	exon	GBM neural
chr21:33825620|33840156	chr21	33825620	33840156	exon	GBM neural
chr21:38302551|38311294	chr21	38302551	38311294	exon	GBM neural
chr21:38462533|38466390	chr21	38462533	38466390	exon	GBM neural
chr21:40646300|40652174	chr21	40646300	40652174	exon	GBM neural
chr21:47952040|47954026	chr21	47952040	47954026	exon	GBM neural
chr22:25969774|25973234	chr22	25969774	25973234	intron	GBM neural
chr22:28692186|28702631	chr22	28692186	28702631	exon	GBM neural
chr22:29895504|29901958	chr22	29895504	29901958	intergenic_region	GBM neural
chr22:35280131|35298754	chr22	35280131	35298754	intergenic_region	GBM neural
chr22:41657450|41677086	chr22	41657450	41677086	exon	GBM neural
chr22:43010805|43195166	chr22	43010805	43195166	intergenic_region	GBM neural
chr22:43227555|43231499	chr22	43227555	43231499	exon	GBM neural
chr22:44178060|44193231	chr22	44178060	44193231	exon	GBM neural
chr3:5212188|5216099	chr3	5212188	5216099	exon	GBM neural
chr3:9506109|9507242	chr3	9506109	9507242	intron	GBM neural
chr3:11850991|11852371	chr3	11850991	11852371	exon	GBM neural
chr3:16343133|16344255	chr3	16343133	16344255	exon	GBM neural
chr3:24270429|24279572	chr3	24270429	24279572	exon	GBM neural
chr3:29977577|30032700	chr3	29977577	30032700	exon	GBM neural
chr3:33093250|33114205	chr3	33093250	33114205	exon	GBM neural
chr3:43753201|43756550	chr3	43753201	43756550	exon	GBM neural
chr3:47762156|47777616	chr3	47762156	47777616	exon	GBM neural
chr3:57276884|57283576	chr3	57276884	57283576	exon	GBM neural
chr3:63812500|63825449	chr3	63812500	63825449	intron	GBM neural
chr3:69336903|69362668	chr3	69336903	69362668	exon	GBM neural
chr3:89456419|89468540	chr3	89456419	89468540	exon	GBM neural
chr3:107099432|107107456	chr3	107099432	107107456	intron	GBM neural
chr3:113118753|113125888	chr3	113118753	113125888	exon	GBM neural
chr3:132413671|132435753	chr3	132413671	132435753	exon	GBM neural
chr3:142231102|142255043	chr3	142231102	142255043	exon	GBM neural
chr3:148857791|148859167	chr3	148857791	148859167	exon	GBM neural
chr3:150293436|150299533	chr3	150293436	150299533	exon	GBM neural
chr3:154018383|154029463	chr3	154018383	154029463	exon	GBM neural
chr3:155241686|155286113	chr3	155241686	155286113	exon	GBM neural
chr3:169846128|169867032	chr3	169846128	169867032	exon	GBM neural
chr3:170080198|170085349	chr3	170080198	170085349	intron	GBM neural
chr3:179592115|179616034	chr3	179592115	179616034	exon	GBM neural
chr3:182994660|183013265	chr3	182994660	183013265	exon	GBM neural
chr3:184631307|184675309	chr3	184631307	184675309	exon	GBM neural
chr3:185823094|185823731	chr3	185823094	185823731	exon	GBM neural
chr3:196129823|196134264	chr3	196129823	196134264	exon	GBM neural
chr3:197765438|197766071	chr3	197765438	197766071	exon	GBM neural
chr4:499507|500655	chr4	499507	500655	exon	GBM neural
chr4:2986240|3015555	chr4	2986240	3015555	exon	GBM neural
chr4:6843794|6860233	chr4	6843794	6860233	exon	GBM neural
chr4:8453687|8456540	chr4	8453687	8456540	exon	GBM neural
chr4:13383115|13481150	chr4	13383115	13481150	exon	GBM neural
chr4:17503342|17506098	chr4	17503342	17506098	exon	GBM neural
chr4:21758595|21764655	chr4	21758595	21764655	intron	GBM neural
chr4:23332503|23410999	chr4	23332503	23410999	intergenic_region	GBM neural
chr4:39902046|39904080	chr4	39902046	39904080	exon	GBM neural
chr4:40125780|40155887	chr4	40125780	40155887	exon	GBM neural
chr4:40936473|41016415	chr4	40936473	41016415	exon	GBM neural
chr4:41102656|41145159	chr4	41102656	41145159	exon	GBM neural
chr4:42576636|42592901	chr4	42576636	42592901	exon	GBM neural
chr4:65639686|65751566	chr4	65639686	65751566	intergenic_region	GBM neural
chr4:74000834|74043250	chr4	74000834	74043250	exon	GBM neural
chr4:85693988|85716132	chr4	85693988	85716132	exon	GBM neural
chr4:89034455|89036210	chr4	89034455	89036210	exon	GBM neural
chr4:106155054|106194075	chr4	106155054	106194075	exon	GBM neural
chr4:108608195|108622441	chr4	108608195	108622441	exon	GBM neural
chr4:108930915|108935744	chr4	108930915	108935744	exon	GBM neural
chr4:110384682|110394342	chr4	110384682	110394342	exon	GBM neural
chr4:115540579|115614300	chr4	115540579	115614300	intergenic_region	GBM neural
chr4:155717894|155720716	chr4	155717894	155720716	exon	GBM neural
chr4:169141806|169158946	chr4	169141806	169158946	exon	GBM neural
chr4:184114752|184130178	chr4	184114752	184130178	exon	GBM neural
chr4:186339595|186339924	chr4	186339595	186339924	exon	GBM neural
chr5:15546312|15546769	chr5	15546312	15546769	intron	GBM neural
chr5:16702652|16703085	chr5	16702652	16703085	exon	GBM neural
chr5:31421379|31472339	chr5	31421379	31472339	exon	GBM neural
chr5:32263219|32276848	chr5	32263219	32276848	exon	GBM neural
chr5:36415068|36420102	chr5	36415068	36420102	intergenic_region	GBM neural
chr5:37125346|37139472	chr5	37125346	37139472	exon	GBM neural
chr5:43240362|43246169	chr5	43240362	43246169	exon	GBM neural
chr5:50045985|50093067	chr5	50045985	50093067	exon	GBM neural
chr5:53079797|53080974	chr5	53079797	53080974	exon	GBM neural
chr5:54618155|54636012	chr5	54618155	54636012	exon	GBM neural
chr5:61778928|61857084	chr5	61778928	61857084	exon	GBM neural
chr5:63575828|63577420	chr5	63575828	63577420	intron	GBM neural
chr5:65317150|65371058	chr5	65317150	65371058	exon	GBM neural
chr5:65320134|65346794	chr5	65320134	65346794	exon	GBM neural
chr5:67913310|67915874	chr5	67913310	67915874	intergenic_region	GBM neural
chr5:77396777|77461496	chr5	77396777	77461496	exon	GBM neural
chr5:82400729|82554496	chr5	82400729	82554496	exon	GBM neural
chr5:86642489|86665717	chr5	86642489	86665717	exon	GBM neural
chr5:88100415|88119744	chr5	88100415	88119744	exon	GBM neural
chr5:89992754|90025581	chr5	89992754	90025581	exon	GBM neural
chr5:95966671|95970601	chr5	95966671	95970601	intron	GBM neural
chr5:102231555|102237117	chr5	102231555	102237117	intron	GBM neural
chr5:109065043|109091157	chr5	109065043	109091157	exon	GBM neural
chr5:130769123|130782396	chr5	130769123	130782396	exon	GBM neural
chr5:141843535|141961479	chr5	141843535	141961479	exon	GBM neural
chr5:144170547|144279035	chr5	144170547	144279035	intergenic_region	GBM neural
chr5:145039231|145051117	chr5	145039231	145051117	intron	GBM neural
chr5:145044817|145051117	chr5	145044817	145051117	intron	GBM neural
chr5:145044817|145083858	chr5	145044817	145083858	intron	GBM neural
chr5:148889442|148892772	chr5	148889442	148892772	exon	GBM neural
chr5:154214185|154217738	chr5	154214185	154217738	exon	GBM neural
chr5:155935611|156074546	chr5	155935611	156074546	exon	GBM neural
chr5:158699031|158702254	chr5	158699031	158702254	exon	GBM neural
chr5:162866263|162871487	chr5	162866263	162871487	exon	GBM neural
chr5:167302991|167420187	chr5	167302991	167420187	exon	GBM neural
chr5:170346445|170395381	chr5	170346445	170395381	exon	GBM neural
chr6:532469|610178	chr6	532469	610178	exon	GBM neural
chr6:4854759|4892613	chr6	4854759	4892613	intron	GBM neural
chr6:5396866|5431405	chr6	5396866	5431405	intron	GBM neural
chr6:17661884|17669259	chr6	17661884	17669259	exon	GBM neural
chr6:17665470|17669259	chr6	17665470	17669259	exon	GBM neural
chr6:18215238|18218116	chr6	18215238	18218116	exon	GBM neural
chr6:18244739|18258636	chr6	18244739	18258636	exon	GBM neural
chr6:20758826|20781496	chr6	20758826	20781496	exon	GBM neural
chr6:28215845|28217612	chr6	28215845	28217612	exon	GBM neural
chr6:36474360|36507981	chr6	36474360	36507981	exon	GBM neural
chr6:43517226|43535091	chr6	43517226	43535091	exon	GBM neural
chr6:56330876|56347675	chr6	56330876	56347675	exon	GBM neural
chr6:56564451|56600087	chr6	56564451	56600087	exon	GBM neural
chr6:80910651|80982938	chr6	80910651	80982938	exon	GBM neural
chr6:84765031|84772711	chr6	84765031	84772711	exon	GBM neural
chr6:86650924|86756136	chr6	86650924	86756136	intergenic_region	GBM neural
chr6:99889220|99891115	chr6	99889220	99891115	intron	GBM neural
chr6:117019867|117037481	chr6	117019867	117037481	exon	GBM neural
chr6:119855046|119871560	chr6	119855046	119871560	intergenic_region	GBM neural
chr6:128643184|128643455	chr6	128643184	128643455	exon	GBM neural
chr6:129799838|129802584	chr6	129799838	129802584	exon	GBM neural
chr6:130372394|130376400	chr6	130372394	130376400	exon	GBM neural
chr6:130374004|130442103	chr6	130374004	130442103	exon	GBM neural
chr6:135307204|135315013	chr6	135307204	135315013	exon	GBM neural
chr6:148792553|148795358	chr6	148792553	148795358	exon	GBM neural
chr6:149838178|149838586	chr6	149838178	149838586	intron	GBM neural
chr6:149899958|149901859	chr6	149899958	149901859	exon	GBM neural
chr6:152557242|152570397	chr6	152557242	152570397	exon	GBM neural
chr6:166843941|166845978	chr6	166843941	166845978	exon	GBM neural
chr6:168323536|168352867	chr6	168323536	168352867	exon	GBM neural
chr6:170159934|170173498	chr6	170159934	170173498	exon	GBM neural
chr6:170667314|170704667	chr6	170667314	170704667	exon	GBM neural
chr7:14652965|14758310	chr7	14652965	14758310	exon	GBM neural
chr7:14722178|14775819	chr7	14722178	14775819	exon	GBM neural
chr7:23163396|23180563	chr7	23163396	23180563	exon	GBM neural
chr7:26233195|26237352	chr7	26233195	26237352	exon	GBM neural
chr7:33185854|33251464	chr7	33185854	33251464	intron	GBM neural
chr7:33677372|33682530	chr7	33677372	33682530	intergenic_region	GBM neural
chr7:35677960|35709938	chr7	35677960	35709938	exon	GBM neural
chr7:36901264|36917722	chr7	36901264	36917722	exon	GBM neural
chr7:37354454|37382367	chr7	37354454	37382367	exon	GBM neural
chr7:38530650|38574611	chr7	38530650	38574611	exon	GBM neural
chr7:66248662|66264401	chr7	66248662	66264401	exon	GBM neural
chr7:70227856|70233054	chr7	70227856	70233054	exon	GBM neural
chr7:72159677|72193899	chr7	72159677	72193899	exon	GBM neural
chr7:75136689|75140436	chr7	75136689	75140436	intergenic_region	GBM neural
chr7:77755011|77762377	chr7	77755011	77762377	exon	GBM neural
chr7:81636995|81689843	chr7	81636995	81689843	exon	GBM neural
chr7:85002502|85003708	chr7	85002502	85003708	intergenic_region	GBM neural
chr7:91972338|91991587	chr7	91972338	91991587	exon	GBM neural
chr7:94156474|94163114	chr7	94156474	94163114	exon	GBM neural
chr7:95906508|95926263	chr7	95906508	95926263	exon	GBM neural
chr7:99710972|99711538	chr7	99710972	99711538	exon	GBM neural
chr7:101559395|101713697	chr7	101559395	101713697	exon	GBM neural
chr7:111418332|111452005	chr7	111418332	111452005	exon	GBM neural
chr7:111702837|111707169	chr7	111702837	111707169	intron	GBM neural
chr7:113150423|113151869	chr7	113150423	113151869	intergenic_region	GBM neural
chr7:123136750|123152398	chr7	123136750	123152398	exon	GBM neural
chr7:133821776|133886328	chr7	133821776	133886328	exon	GBM neural
chr7:149246284|149250107	chr7	149246284	149250107	exon	GBM neural
chr7:149249892|149255930	chr7	149249892	149255930	exon	GBM neural
chr8:2999987|3019799	chr8	2999987	3019799	exon	GBM neural
chr8:3072019|3081389	chr8	3072019	3081389	exon	GBM neural
chr8:17804695|17851128	chr8	17804695	17851128	exon	GBM neural
chr8:18490123|18513195	chr8	18490123	18513195	exon	GBM neural
chr8:25224386|25227157	chr8	25224386	25227157	exon	GBM neural
chr8:28997580|29025102	chr8	28997580	29025102	exon	GBM neural
chr8:30998946|31007971	chr8	30998946	31007971	exon	GBM neural
chr8:42296968|42323435	chr8	42296968	42323435	exon	GBM neural
chr8:53288681|53288931	chr8	53288681	53288931	intron	GBM neural
chr8:68999959|69069671	chr8	68999959	69069671	exon	GBM neural
chr8:71126138|71209035	chr8	71126138	71209035	exon	GBM neural
chr8:72007523|72033824	chr8	72007523	72033824	intron	GBM neural
chr8:91369040|91377088	chr8	91369040	91377088	intron	GBM neural
chr8:100821603|100847966	chr8	100821603	100847966	exon	GBM neural
chr8:103236274|103237246	chr8	103236274	103237246	exon	GBM neural
chr8:104922362|104930715	chr8	104922362	104930715	exon	GBM neural
chr8:130908918|130916831	chr8	130908918	130916831	exon	GBM neural
chr8:131070200|131073315	chr8	131070200	131073315	exon	GBM neural
chr8:135611973|135622898	chr8	135611973	135622898	exon	GBM neural
chr8:136554897|136561143	chr8	136554897	136561143	exon	GBM neural
chr8:136594121|136619280	chr8	136594121	136619280	exon	GBM neural
chr9:5797817|5813035	chr9	5797817	5813035	exon	GBM neural
chr9:5825092|5831028	chr9	5825092	5831028	exon	GBM neural
chr9:5924658|5954095	chr9	5924658	5954095	exon	GBM neural
chr9:8436592|8465675	chr9	8436592	8465675	exon	GBM neural
chr9:8484119|8507434	chr9	8484119	8507434	exon	GBM neural
chr9:13126515|13140148	chr9	13126515	13140148	exon	GBM neural
chr9:13133823|13150687	chr9	13133823	13150687	exon	GBM neural
chr9:32420854|32424663	chr9	32420854	32424663	exon	GBM neural
chr9:38560742|38562165	chr9	38560742	38562165	intron	GBM neural
chr9:71837360|71837698	chr9	71837360	71837698	intron	GBM neural
chr9:76617991|76621150	chr9	76617991	76621150	intergenic_region	GBM neural
chr9:88287465|88307728	chr9	88287465	88307728	exon	GBM neural
chr9:88925621|88934585	chr9	88925621	88934585	exon	GBM neural
chr9:96392252|96398807	chr9	96392252	96398807	exon	GBM neural
chr9:103220040|103233513	chr9	103220040	103233513	intron	GBM neural
chr9:107620803|107668479	chr9	107620803	107668479	intron	GBM neural
chr9:117848851|117848997	chr9	117848851	117848997	exon	GBM neural
chr9:119050955|119088063	chr9	119050955	119088063	intron	GBM neural
chr9:121664634|121669705	chr9	121664634	121669705	intergenic_region	GBM neural
chr9:123199573|123239728	chr9	123199573	123239728	exon	GBM neural
chr9:123210173|123234156	chr9	123210173	123234156	exon	GBM neural
chr9:125846922|125852664	chr9	125846922	125852664	intron	GBM neural
chr9:126531793|126641300	chr9	126531793	126641300	exon	GBM neural
chr9:127683408|127685502	chr9	127683408	127685502	exon	GBM neural
chr9:130980510|130981531	chr9	130980510	130981531	exon	GBM neural
chr9:131362359|131366696	chr9	131362359	131366696	exon	GBM neural
chr9:132839578|132854660	chr9	132839578	132854660	exon	GBM neural
chr9:134308004|134314448	chr9	134308004	134314448	exon	GBM neural
chrX:3772733|3785847	chrX	3772733	3785847	exon	GBM neural
chrX:17040246|17047746	chrX	17040246	17047746	exon	GBM neural
chrX:17043185|17121902	chrX	17043185	17121902	exon	GBM neural
chrX:18525055|18582642	chrX	18525055	18582642	exon	GBM neural
chrX:31496223|31497220	chrX	31496223	31497220	exon	GBM neural
chrX:53651556|53681075	chrX	53651556	53681075	exon	GBM neural
chrX:76812922|76829823	chrX	76812922	76829823	exon	GBM neural
chrX:76907604|76931793	chrX	76907604	76931793	exon	GBM neural
chrX:79962926|79975140	chrX	79962926	79975140	exon	GBM neural
chrX:99596901|99657849	chrX	99596901	99657849	exon	GBM neural
chrX:120224253|120311688	chrX	120224253	120311688	intergenic_region	GBM neural
chrX:120319180|120431305	chrX	120319180	120431305	exon	GBM neural
chrX:135095117|135098917	chrX	135095117	135098917	exon	GBM neural
chrX:139865340|139866799	chrX	139865340	139866799	exon	GBM neural
chrX:139865402|139865636	chrX	139865402	139865636	exon	GBM neural
chrX:149867668|149919712	chrX	149867668	149919712	exon	GBM neural
chrX:154736559|154736795	chrX	154736559	154736795	exon	GBM neural
chrX:154736559|154743926	chrX	154736559	154743926	exon	GBM neural
chrY:13688616|13833086	chrY	13688616	13833086	intergenic_region	GBM neural
chr1:5987709|5993389	chr1	5987709	5993389	exon	GBM neural
chr1:9770163|9770654	chr1	9770163	9770654	intron	GBM neural
chr1:12328763|12331181	chr1	12328763	12331181	exon	GBM neural
chr1:16621278|16632414	chr1	16621278	16632414	exon	GBM neural
chr1:28116073|28138779	chr1	28116073	28138779	exon	GBM neural
chr1:31791014|31821821	chr1	31791014	31821821	exon	GBM neural
chr1:36756975|36762371	chr1	36756975	36762371	exon	GBM neural
chr1:41204508|41218918	chr1	41204508	41218918	exon	GBM neural
chr1:44131367|44134970	chr1	44131367	44134970	exon	GBM neural
chr1:47521076|47550650	chr1	47521076	47550650	intergenic_region	GBM neural
chr1:55117622|55138859	chr1	55117622	55138859	exon	GBM neural
chr1:65016277|65107652	chr1	65016277	65107652	exon	GBM neural
chr1:67091530|67109402	chr1	67091530	67109402	exon	GBM neural
chr1:76200476|76211599	chr1	76200476	76211599	exon	GBM neural
chr1:84369762|84387077	chr1	84369762	84387077	exon	GBM neural
chr1:84644866|84668388	chr1	84644866	84668388	exon	GBM neural
chr1:91400965|91447927	chr1	91400965	91447927	exon	GBM neural
chr1:97915615|98015300	chr1	97915615	98015300	exon	GBM neural
chr1:109473685|109475544	chr1	109473685	109475544	exon	GBM neural
chr1:150418702|150430046	chr1	150418702	150430046	exon	GBM neural
chr1:150940914|150941555	chr1	150940914	150941555	exon	GBM neural
chr1:154223517|154229910	chr1	154223517	154229910	exon	GBM neural
chr1:155340295|155429689	chr1	155340295	155429689	exon	GBM neural
chr1:165712404|165723511	chr1	165712404	165723511	exon	GBM neural
chr1:167935867|167962678	chr1	167935867	167962678	exon	GBM neural
chr1:167971720|167974031	chr1	167971720	167974031	exon	GBM neural
chr1:171492360|171556890	chr1	171492360	171556890	exon	GBM neural
chr1:175306664|175348873	chr1	175306664	175348873	exon	GBM neural
chr1:176926814|176934373	chr1	176926814	176934373	exon	GBM neural
chr1:193065778|193070334	chr1	193065778	193070334	exon	GBM neural
chr1:200816768|200819362	chr1	200816768	200819362	exon	GBM neural
chr1:220145411|220152061	chr1	220145411	220152061	exon	GBM neural
chr1:222794501|222806591	chr1	222794501	222806591	exon	GBM neural
chr1:225742608|225788064	chr1	225742608	225788064	intron	GBM neural
chr1:235543334|235590554	chr1	235543334	235590554	exon	GBM neural
chr1:239795524|239842677	chr1	239795524	239842677	intron	GBM neural
chr1:240385404|240391343	chr1	240385404	240391343	intron	GBM neural
chr1:243675626|243778463	chr1	243675626	243778463	exon	GBM neural
chr10:355971|387269	chr10	355971	387269	exon	GBM neural
chr10:5768848|5773166	chr10	5768848	5773166	exon	GBM neural
chr10:7657945|7659245	chr10	7657945	7659245	exon	GBM neural
chr10:13803647|13838588	chr10	13803647	13838588	exon	GBM neural
chr10:21120125|21129778	chr10	21120125	21129778	exon	GBM neural
chr10:24783429|24809182	chr10	24783429	24809182	exon	GBM neural
chr10:31749966|31799803	chr10	31749966	31799803	exon	GBM neural
chr10:38018749|38023500	chr10	38018749	38023500	intergenic_region	GBM neural
chr10:75029372|75038095	chr10	75029372	75038095	exon	GBM neural
chr10:84733544|84738876	chr10	84733544	84738876	exon	GBM neural
chr10:93699709|93726514	chr10	93699709	93726514	exon	GBM neural
chr10:97098890|97144042	chr10	97098890	97144042	exon	GBM neural
chr10:115917313|115923088	chr10	115917313	115923088	exon	GBM neural
chr10:123549684|123662135	chr10	123549684	123662135	exon	GBM neural
chr10:128768966|128785881	chr10	128768966	128785881	exon	GBM neural
chr11:3752621|3752808	chr11	3752621	3752808	exon	GBM neural
chr11:14317601|14378315	chr11	14317601	14378315	intron	GBM neural
chr11:17316871|17351844	chr11	17316871	17351844	exon	GBM neural
chr11:20429457|20473754	chr11	20429457	20473754	exon	GBM neural
chr11:34736241|34776154	chr11	34736241	34776154	intergenic_region	GBM neural
chr11:38891627|38900910	chr11	38891627	38900910	intergenic_region	GBM neural
chr11:43530245|43531076	chr11	43530245	43531076	intergenic_region	GBM neural
chr11:50368218|50381487	chr11	50368218	50381487	exon	GBM neural
chr11:64427804|64457948	chr11	64427804	64457948	exon	GBM neural
chr11:65267237|65267637	chr11	65267237	65267637	exon	GBM neural
chr11:68571468|68575106	chr11	68571468	68575106	exon	GBM neural
chr11:72598515|72600990	chr11	72598515	72600990	exon	GBM neural
chr11:76687333|76709865	chr11	76687333	76709865	exon	GBM neural
chr11:78279678|78282489	chr11	78279678	78282489	exon	GBM neural
chr11:82972764|82991303	chr11	82972764	82991303	exon	GBM neural
chr11:100126492|100141973	chr11	100126492	100141973	exon	GBM neural
chr11:111914190|111931898	chr11	111914190	111931898	exon	GBM neural
chr12:401925|463400	chr12	401925	463400	exon	GBM neural
chr12:514677|547720	chr12	514677	547720	exon	GBM neural
chr12:12273304|12340053	chr12	12273304	12340053	exon	GBM neural
chr12:19705787|19706326	chr12	19705787	19706326	intron	GBM neural
chr12:26147970|26220646	chr12	26147970	26220646	exon	GBM neural
chr12:27579065|27579250	chr12	27579065	27579250	intron	GBM neural
chr12:31613128|31648853	chr12	31613128	31648853	exon	GBM neural
chr12:40645072|40681341	chr12	40645072	40681341	exon	GBM neural
chr12:53925528|53928443	chr12	53925528	53928443	exon	GBM neural
chr12:62936877|62946954	chr12	62936877	62946954	exon	GBM neural
chr12:65702309|65762806	chr12	65702309	65762806	exon	GBM neural
chr12:69047892|69050997	chr12	69047892	69050997	exon	GBM neural
chr12:72680461|72771901	chr12	72680461	72771901	exon	GBM neural
chr12:76844631|76881398	chr12	76844631	76881398	exon	GBM neural
chr12:81688614|81738472	chr12	81688614	81738472	exon	GBM neural
chr12:81732959|81778023	chr12	81732959	81778023	exon	GBM neural
chr12:90383001|90462619	chr12	90383001	90462619	intron	GBM neural
chr12:93786668|93789309	chr12	93786668	93789309	intron	GBM neural
chr12:104182616|104187775	chr12	104182616	104187775	exon	GBM neural
chr12:104341089|104341559	chr12	104341089	104341559	exon	GBM neural
chr12:111923075|111993723	chr12	111923075	111993723	exon	GBM neural
chr12:118693253|118693460	chr12	118693253	118693460	exon	GBM neural
chr12:122332645|122341013	chr12	122332645	122341013	exon	GBM neural
chr12:122773036|122865105	chr12	122773036	122865105	exon	GBM neural
chr13:19857340|19891197	chr13	19857340	19891197	intergenic_region	GBM neural
chr13:21163950|21245178	chr13	21163950	21245178	exon	GBM neural
chr13:21302419|21311944	chr13	21302419	21311944	intergenic_region	GBM neural
chr13:35619084|35644989	chr13	35619084	35644989	exon	GBM neural
chr13:44330422|44338931	chr13	44330422	44338931	intron	GBM neural
chr13:46090278|46093229	chr13	46090278	46093229	exon	GBM neural
chr13:67434871|67477737	chr13	67434871	67477737	intron	GBM neural
chr13:73482669|73539542	chr13	73482669	73539542	exon	GBM neural
chr13:79932409|79953042	chr13	79932409	79953042	exon	GBM neural
chr13:84294296|84385403	chr13	84294296	84385403	intergenic_region	GBM neural
chr13:84376512|84423362	chr13	84376512	84423362	intergenic_region	GBM neural
chr13:96599291|96636118	chr13	96599291	96636118	exon	GBM neural
chr13:113742641|113744042	chr13	113742641	113744042	exon	GBM neural
chr14:33585820|33684793	chr14	33585820	33684793	intron	GBM neural
chr14:35476489|35483108	chr14	35476489	35483108	exon	GBM neural
chr14:42118856|42236232	chr14	42118856	42236232	intron	GBM neural
chr14:42170689|42236232	chr14	42170689	42236232	exon	GBM neural
chr14:57706313|57714430	chr14	57706313	57714430	exon	GBM neural
chr14:58563442|58564821	chr14	58563442	58564821	intron	GBM neural
chr14:60581418|60582778	chr14	60581418	60582778	exon	GBM neural
chr14:61540566|61550418	chr14	61540566	61550418	exon	GBM neural
chr14:68049477|68054374	chr14	68049477	68054374	intron	GBM neural
chr14:69588934|69616220	chr14	69588934	69616220	exon	GBM neural
chr14:73198515|73238601	chr14	73198515	73238601	exon	GBM neural
chr14:81209419|81304622	chr14	81209419	81304622	exon	GBM neural
chr14:90263568|90398971	chr14	90263568	90398971	exon	GBM neural
chr14:91931594|91943330	chr14	91931594	91943330	exon	GBM neural
chr14:94008812|94009042	chr14	94008812	94009042	exon	GBM neural
chr14:104053611|104056766	chr14	104053611	104056766	exon	GBM neural
chr15:25342468|25344425	chr15	25342468	25344425	exon	GBM neural
chr15:43440953|43452992	chr15	43440953	43452992	exon	GBM neural
chr15:43733724|43773220	chr15	43733724	43773220	exon	GBM neural
chr15:50763830|50776558	chr15	50763830	50776558	exon	GBM neural
chr15:56935150|56950684	chr15	56935150	56950684	exon	GBM neural
chr15:62299507|62312737	chr15	62299507	62312737	exon	GBM neural
chr15:63068963|63076089	chr15	63068963	63076089	exon	GBM neural
chr15:64791492|64812232	chr15	64791492	64812232	intron	GBM neural
chr15:73414866|73418911	chr15	73414866	73418911	exon	GBM neural
chr15:75211136|75221573	chr15	75211136	75221573	intergenic_region	GBM neural
chr15:81199004|81201647	chr15	81199004	81201647	exon	GBM neural
chr15:85070012|85098301	chr15	85070012	85098301	exon	GBM neural
chr15:91769103|91795750	chr15	91769103	91795750	exon	GBM neural
chr15:99816781|99828156	chr15	99816781	99828156	exon	GBM neural
chr15:99816781|99874334	chr15	99816781	99874334	exon	GBM neural
chr16:2415557|2429582	chr16	2415557	2429582	intron	GBM neural
chr16:5046349|5053574	chr16	5046349	5053574	exon	GBM neural
chr16:14687158|14704666	chr16	14687158	14704666	exon	GBM neural
chr16:23022339|23029111	chr16	23022339	23029111	intergenic_region	GBM neural
chr16:48286042|48286276	chr16	48286042	48286276	exon	GBM neural
chr16:50063636|50068067	chr16	50063636	50068067	exon	GBM neural
chr16:53907698|53913899	chr16	53907698	53913899	exon	GBM neural
chr16:69304046|69318147	chr16	69304046	69318147	exon	GBM neural
chr16:74122150|74124390	chr16	74122150	74124390	intron	GBM neural
chr17:565049|602620	chr17	565049	602620	exon	GBM neural
chr17:14969265|14969751	chr17	14969265	14969751	intergenic_region	GBM neural
chr17:17927938|17931973	chr17	17927938	17931973	exon	GBM neural
chr17:29490204|29541603	chr17	29490204	29541603	exon	GBM neural
chr17:32259619|32263841	chr17	32259619	32263841	exon	GBM neural
chr17:35640168|35641871	chr17	35640168	35641871	exon	GBM neural
chr17:43992731|43992911	chr17	43992731	43992911	intron	GBM neural
chr17:49343543|49346265	chr17	49343543	49346265	exon	GBM neural
chr17:57046900|57050286	chr17	57046900	57050286	exon	GBM neural
chr17:57744339|57746137	chr17	57744339	57746137	intron	GBM neural
chr17:58365884|58422969	chr17	58365884	58422969	exon	GBM neural
chr17:58443449|58445091	chr17	58443449	58445091	intron	GBM neural
chr17:60061532|60064489	chr17	60061532	60064489	exon	GBM neural
chr17:65116521|65120130	chr17	65116521	65120130	exon	GBM neural
chr17:65882244|65914954	chr17	65882244	65914954	exon	GBM neural
chr17:74162542|74195128	chr17	74162542	74195128	intron	GBM neural
chr17:76027597|76047529	chr17	76027597	76047529	exon	GBM neural
chr17:76388557|76400170	chr17	76388557	76400170	exon	GBM neural
chr18:1183831|1269799	chr18	1183831	1269799	intergenic_region	GBM neural
chr18:12506476|12535600	chr18	12506476	12535600	exon	GBM neural
chr18:18571137|18608896	chr18	18571137	18608896	exon	GBM neural
chr18:21698089|21705514	chr18	21698089	21705514	exon	GBM neural
chr18:23845134|23873495	chr18	23845134	23873495	exon	GBM neural
chr18:39584320|39613921	chr18	39584320	39613921	exon	GBM neural
chr18:54547175|54547396	chr18	54547175	54547396	exon	GBM neural
chr18:60497268|60537268	chr18	60497268	60537268	intron	GBM neural
chr19:12429483|12432146	chr19	12429483	12432146	exon	GBM neural
chr19:13335481|13341023	chr19	13335481	13341023	exon	GBM neural
chr19:24231739|24328111	chr19	24231739	24328111	intergenic_region	GBM neural
chr19:32851410|32875535	chr19	32851410	32875535	exon	GBM neural
chr19:33493153|33493906	chr19	33493153	33493906	exon	GBM neural
chr19:37177639|37180399	chr19	37177639	37180399	intergenic_region	GBM neural
chr19:37416102|37428144	chr19	37416102	37428144	exon	GBM neural
chr19:41774128|41787180	chr19	41774128	41787180	exon	GBM neural
chr19:44047543|44065172	chr19	44047543	44065172	exon	GBM neural
chr19:49642925|49643345	chr19	49642925	49643345	exon	GBM neural
chr2:9484661|9491024	chr2	9484661	9491024	exon	GBM neural
chr2:10784446|10811816	chr2	10784446	10811816	exon	GBM neural
chr2:20518298|20527139	chr2	20518298	20527139	exon	GBM neural
chr2:24787164|24866991	chr2	24787164	24866991	exon	GBM neural
chr2:32361632|32362257	chr2	32361632	32362257	exon	GBM neural
chr2:36605500|36623930	chr2	36605500	36623930	exon	GBM neural
chr2:37316783|37317865	chr2	37316783	37317865	exon	GBM neural
chr2:39212360|39216455	chr2	39212360	39216455	exon	GBM neural
chr2:43625110|43739980	chr2	43625110	43739980	intron	GBM neural
chr2:53628798|53642744	chr2	53628798	53642744	intergenic_region	GBM neural
chr2:71651780|71653904	chr2	71651780	71653904	exon	GBM neural
chr2:98421551|98449889	chr2	98421551	98449889	exon	GBM neural
chr2:120776653|120799686	chr2	120776653	120799686	exon	GBM neural
chr2:122259789|122260810	chr2	122259789	122260810	intron	GBM neural
chr2:125175020|125204514	chr2	125175020	125204514	exon	GBM neural
chr2:141072504|141083447	chr2	141072504	141083447	exon	GBM neural
chr2:160284822|160289874	chr2	160284822	160289874	exon	GBM neural
chr2:161143489|161157241	chr2	161143489	161157241	exon	GBM neural
chr2:163360953|163393590	chr2	163360953	163393590	exon	GBM neural
chr2:178370234|178378636	chr2	178370234	178378636	exon	GBM neural
chr2:200188526|200213896	chr2	200188526	200213896	exon	GBM neural
chr2:200245087|200263221	chr2	200245087	200263221	intron	GBM neural
chr2:200261550|200298237	chr2	200261550	200298237	exon	GBM neural
chr2:201881714|201926147	chr2	201881714	201926147	exon	GBM neural
chr2:203329532|203384924	chr2	203329532	203384924	exon	GBM neural
chr2:203748332|203760942	chr2	203748332	203760942	exon	GBM neural
chr2:204037452|204045235	chr2	204037452	204045235	exon	GBM neural
chr2:223464647|223489494	chr2	223464647	223489494	exon	GBM neural
chr2:230638813|230642195	chr2	230638813	230642195	exon	GBM neural
chr2:239237327|239268943	chr2	239237327	239268943	intron	GBM neural
chr20:3925824|3944671	chr20	3925824	3944671	exon	GBM neural
chr20:8665579|8770908	chr20	8665579	8770908	exon	GBM neural
chr20:16316571|16478323	chr20	16316571	16478323	exon	GBM neural
chr20:17376612|17377404	chr20	17376612	17377404	intron	GBM neural
chr20:31413731|31427662	chr20	31413731	31427662	exon	GBM neural
chr20:33045195|33069011	chr20	33045195	33069011	exon	GBM neural
chr20:33045195|33080402	chr20	33045195	33080402	exon	GBM neural
chr20:34763473|34766594	chr20	34763473	34766594	exon	GBM neural
chr20:37756481|37769707	chr20	37756481	37769707	intergenic_region	GBM neural
chr20:42891870|42908261	chr20	42891870	42908261	exon	GBM neural
chr20:43607084|43615937	chr20	43607084	43615937	exon	GBM neural
chr20:47318006|47318535	chr20	47318006	47318535	intron	GBM neural
chr20:47567860|47582560	chr20	47567860	47582560	exon	GBM neural
chr20:62079176|62082297	chr20	62079176	62082297	intron	GBM neural
chr21:17150223|17177577	chr21	17150223	17177577	exon	GBM neural
chr21:26793020|26802321	chr21	26793020	26802321	exon	GBM neural
chr21:27326904|27328069	chr21	27326904	27328069	exon	GBM neural
chr21:37759896|37775149	chr21	37759896	37775149	exon	GBM neural
chr21:45201186|45202191	chr21	45201186	45202191	intergenic_region	GBM neural
chr22:18347665|18389652	chr22	18347665	18389652	exon	GBM neural
chr22:29879364|29881836	chr22	29879364	29881836	exon	GBM neural
chr22:33260902|33327466	chr22	33260902	33327466	exon	GBM neural
chr22:33260902|33402809	chr22	33260902	33402809	exon	GBM neural
chr22:34157358|34157545	chr22	34157358	34157545	exon	GBM neural
chr22:47370186|47433094	chr22	47370186	47433094	exon	GBM neural
chr3:9406700|9408669	chr3	9406700	9408669	exon	GBM neural
chr3:44434347|44438326	chr3	44434347	44438326	exon	GBM neural
chr3:49081823|49114471	chr3	49081823	49114471	exon	GBM neural
chr3:54786626|54798378	chr3	54786626	54798378	exon	GBM neural
chr3:55922417|56001983	chr3	55922417	56001983	intron	GBM neural
chr3:64132506|64148805	chr3	64132506	64148805	exon	GBM neural
chr3:85932441|85985007	chr3	85932441	85985007	exon	GBM neural
chr3:100951625|101038676	chr3	100951625	101038676	exon	GBM neural
chr3:106104497|106147785	chr3	106104497	106147785	intergenic_region	GBM neural
chr3:124193510|124281936	chr3	124193510	124281936	exon	GBM neural
chr3:127965679|127983624	chr3	127965679	127983624	exon	GBM neural
chr3:130889617|130992418	chr3	130889617	130992418	exon	GBM neural
chr3:133907681|133921718	chr3	133907681	133921718	exon	GBM neural
chr3:138038320|138043772	chr3	138038320	138043772	exon	GBM neural
chr3:139894793|139944482	chr3	139894793	139944482	intron	GBM neural
chr3:141905294|141917775	chr3	141905294	141917775	exon	GBM neural
chr3:141917644|141932443	chr3	141917644	141932443	exon	GBM neural
chr3:153905474|153958368	chr3	153905474	153958368	exon	GBM neural
chr3:173525470|173525622	chr3	173525470	173525622	exon	GBM neural
chr3:178577277|178721972	chr3	178577277	178721972	intergenic_region	GBM neural
chr3:185313499|185314555	chr3	185313499	185314555	intron	GBM neural
chr3:191074877|191109686	chr3	191074877	191109686	exon	GBM neural
chr3:195015448|195053852	chr3	195015448	195053852	exon	GBM neural
chr3:195800801|195802231	chr3	195800801	195802231	exon	GBM neural
chr4:4762273|4764775	chr4	4762273	4764775	intergenic_region	GBM neural
chr4:13462323|13481150	chr4	13462323	13481150	exon	GBM neural
chr4:23121943|23124059	chr4	23121943	23124059	exon	GBM neural
chr4:24572277|24578301	chr4	24572277	24578301	exon	GBM neural
chr4:39871014|39905811	chr4	39871014	39905811	exon	GBM neural
chr4:62812632|62813994	chr4	62812632	62813994	exon	GBM neural
chr4:68284569|68286776	chr4	68284569	68286776	exon	GBM neural
chr4:68664357|68690013	chr4	68664357	68690013	intron	GBM neural
chr4:77565974|77568880	chr4	77565974	77568880	intron	GBM neural
chr4:86985419|86989108	chr4	86985419	86989108	exon	GBM neural
chr4:96171638|96256782	chr4	96171638	96256782	exon	GBM neural
chr4:105559055|105597343	chr4	105559055	105597343	intron	GBM neural
chr4:146073693|146077148	chr4	146073693	146077148	exon	GBM neural
chr4:174309664|174325101	chr4	174309664	174325101	intron	GBM neural
chr5:29126556|29209046	chr5	29126556	29209046	intergenic_region	GBM neural
chr5:31448654|31472339	chr5	31448654	31472339	exon	GBM neural
chr5:36117837|36143508	chr5	36117837	36143508	exon	GBM neural
chr5:37187516|37187944	chr5	37187516	37187944	exon	GBM neural
chr5:38482691|38530768	chr5	38482691	38530768	exon	GBM neural
chr5:54639159|54683930	chr5	54639159	54683930	exon	GBM neural
chr5:72173055|72179059	chr5	72173055	72179059	exon	GBM neural
chr5:78915435|78975493	chr5	78915435	78975493	exon	GBM neural
chr5:80809447|80946158	chr5	80809447	80946158	exon	GBM neural
chr5:106562854|106621831	chr5	106562854	106621831	intergenic_region	GBM neural
chr5:108373123|108382899	chr5	108373123	108382899	exon	GBM neural
chr5:112090570|112128226	chr5	112090570	112128226	exon	GBM neural
chr5:146236062|146303017	chr5	146236062	146303017	intron	GBM neural
chr5:153026488|153035432	chr5	153026488	153035432	exon	GBM neural
chr5:153476584|153514476	chr5	153476584	153514476	exon	GBM neural
chr5:155544888|155583252	chr5	155544888	155583252	intron	GBM neural
chr5:156074474|156075193	chr5	156074474	156075193	intron	GBM neural
chr5:156729802|156731374	chr5	156729802	156731374	exon	GBM neural
chr5:159476521|159478190	chr5	159476521	159478190	exon	GBM neural
chr6:6366588|6369388	chr6	6366588	6369388	exon	GBM neural
chr6:12933865|13053761	chr6	12933865	13053761	exon	GBM neural
chr6:38045816|38050233	chr6	38045816	38050233	intron	GBM neural
chr6:39545832|39564036	chr6	39545832	39564036	exon	GBM neural
chr6:56989532|57015660	chr6	56989532	57015660	exon	GBM neural
chr6:62432847|62442669	chr6	62432847	62442669	intron	GBM neural
chr6:70647930|70745831	chr6	70647930	70745831	exon	GBM neural
chr6:73590600|73713721	chr6	73590600	73713721	intron	GBM neural
chr6:86328536|86347074	chr6	86328536	86347074	exon	GBM neural
chr6:98925427|98930980	chr6	98925427	98930980	intergenic_region	GBM neural
chr6:105259186|105291173	chr6	105259186	105291173	exon	GBM neural
chr6:109197346|109220995	chr6	109197346	109220995	exon	GBM neural
chr6:109900753|109940439	chr6	109900753	109940439	exon	GBM neural
chr6:136704809|136742937	chr6	136704809	136742937	exon	GBM neural
chr6:143486219|143654582	chr6	143486219	143654582	exon	GBM neural
chr6:157120799|157150555	chr6	157120799	157150555	intron	GBM neural
chr6:158733083|158850929	chr6	158733083	158850929	exon	GBM neural
chr7:5780604|5781446	chr7	5780604	5781446	exon	GBM neural
chr7:14647059|14758326	chr7	14647059	14758326	exon	GBM neural
chr7:14661003|14775819	chr7	14661003	14775819	exon	GBM neural
chr7:38282029|38299831	chr7	38282029	38299831	intergenic_region	GBM neural
chr7:65444386|65445396	chr7	65444386	65445396	exon	GBM neural
chr7:66410040|66415995	chr7	66410040	66415995	exon	GBM neural
chr7:77003387|77026732	chr7	77003387	77026732	exon	GBM neural
chr7:111617187|111629218	chr7	111617187	111629218	exon	GBM neural
chr7:121659178|121695141	chr7	121659178	121695141	exon	GBM neural
chr7:122091428|122153369	chr7	122091428	122153369	exon	GBM neural
chr7:128263629|128265909	chr7	128263629	128265909	exon	GBM neural
chr7:129297186|129330386	chr7	129297186	129330386	exon	GBM neural
chr7:137206612|137304686	chr7	137206612	137304686	exon	GBM neural
chr7:138958043|138958820	chr7	138958043	138958820	exon	GBM neural
chr8:2855533|3019799	chr8	2855533	3019799	exon	GBM neural
chr8:4822930|4840408	chr8	4822930	4840408	intron	GBM neural
chr8:10289194|10289957	chr8	10289194	10289957	intergenic_region	GBM neural
chr8:13017575|13019926	chr8	13017575	13019926	intron	GBM neural
chr8:16935292|16944544	chr8	16935292	16944544	exon	GBM neural
chr8:16955967|16991770	chr8	16955967	16991770	intergenic_region	GBM neural
chr8:19234748|19260648	chr8	19234748	19260648	intergenic_region	GBM neural
chr8:19572396|19590077	chr8	19572396	19590077	intron	GBM neural
chr8:24774921|24775091	chr8	24774921	24775091	exon	GBM neural
chr8:26425862|26441499	chr8	26425862	26441499	intron	GBM neural
chr8:27457495|27462651	chr8	27457495	27462651	exon	GBM neural
chr8:38975605|39114862	chr8	38975605	39114862	exon	GBM neural
chr8:41801266|41812929	chr8	41801266	41812929	exon	GBM neural
chr8:42202471|42210086	chr8	42202471	42210086	exon	GBM neural
chr8:67356602|67356983	chr8	67356602	67356983	exon	GBM neural
chr8:68183937|68189692	chr8	68183937	68189692	exon	GBM neural
chr8:71593016|71625811	chr8	71593016	71625811	intron	GBM neural
chr8:85258354|85441812	chr8	85258354	85441812	exon	GBM neural
chr8:104778455|104898451	chr8	104778455	104898451	exon	GBM neural
chr8:119251954|119253509	chr8	119251954	119253509	exon	GBM neural
chr8:131191510|131193126	chr8	131191510	131193126	exon	GBM neural
chr9:3262935|3293258	chr9	3262935	3293258	exon	GBM neural
chr9:9938507|10033790	chr9	9938507	10033790	exon	GBM neural
chr9:26501574|26569673	chr9	26501574	26569673	intergenic_region	GBM neural
chr9:26978126|26984557	chr9	26978126	26984557	exon	GBM neural
chr9:37302185|37305711	chr9	37302185	37305711	exon	GBM neural
chr9:74305008|74313120	chr9	74305008	74313120	exon	GBM neural
chr9:77092583|77101205	chr9	77092583	77101205	intergenic_region	GBM neural
chr9:79825532|79895154	chr9	79825532	79895154	exon	GBM neural
chr9:91943575|91956394	chr9	91943575	91956394	exon	GBM neural
chr9:97535284|97563284	chr9	97535284	97563284	exon	GBM neural
chr9:120819308|120929210	chr9	120819308	120929210	intergenic_region	GBM neural
chr9:125616231|125639862	chr9	125616231	125639862	exon	GBM neural
chr9:126319849|126371760	chr9	126319849	126371760	exon	GBM neural
chr9:127818155|127828337	chr9	127818155	127828337	exon	GBM neural
chrX:21534603|21613513	chrX	21534603	21613513	exon	GBM neural
chrX:62443612|62563168	chrX	62443612	62563168	intergenic_region	GBM neural
chrX:83371237|83419395	chrX	83371237	83419395	exon	GBM neural
chrX:103838700|103903676	chrX	103838700	103903676	intron	GBM neural
chrY:4924930|5102427	chrY	4924930	5102427	intron	GBM neural
chr1:1835635|1836252	chr1	1835635	1836252	intergenic_region	GBM neural
chr1:6867043|6913249	chr1	6867043	6913249	exon	GBM neural
chr1:6880241|6913249	chr1	6880241	6913249	exon	GBM neural
chr1:8616534|8674745	chr1	8616534	8674745	exon	GBM neural
chr1:11076901|11078930	chr1	11076901	11078930	exon	GBM neural
chr1:12359259|12383837	chr1	12359259	12383837	exon	GBM neural
chr1:21083659|21094157	chr1	21083659	21094157	exon	GBM neural
chr1:21586764|21599404	chr1	21586764	21599404	exon	GBM neural
chr1:23356962|23366927	chr1	23356962	23366927	intron	GBM neural
chr1:23370920|23385660	chr1	23370920	23385660	exon	GBM neural
chr1:24706143|24710493	chr1	24706143	24710493	exon	GBM neural
chr1:26581662|26582356	chr1	26581662	26582356	exon	GBM neural
chr1:27747348|27748046	chr1	27747348	27748046	intron	GBM neural
chr1:28907072|28907741	chr1	28907072	28907741	exon	GBM neural
chr1:31413998|31454252	chr1	31413998	31454252	exon	GBM neural
chr1:31437521|31454252	chr1	31437521	31454252	exon	GBM neural
chr1:32495899|32497241	chr1	32495899	32497241	exon	GBM neural
chr1:32502511|32505174	chr1	32502511	32505174	exon	GBM neural
chr1:42660561|42671534	chr1	42660561	42671534	exon	GBM neural
chr1:44707587|44713710	chr1	44707587	44713710	exon	GBM neural
chr1:45340350|45363116	chr1	45340350	45363116	exon	GBM neural
chr1:46066057|46068037	chr1	46066057	46068037	exon	GBM neural
chr1:46120215|46120991	chr1	46120215	46120991	exon	GBM neural
chr1:47725961|47737913	chr1	47725961	47737913	exon	GBM neural
chr1:47737748|47767420	chr1	47737748	47767420	exon	GBM neural
chr1:47761437|47767420	chr1	47761437	47767420	exon	GBM neural
chr1:51929345|51930998	chr1	51929345	51930998	exon	GBM neural
chr1:52289336|52306186	chr1	52289336	52306186	exon	GBM neural
chr1:58992933|59002413	chr1	58992933	59002413	exon	GBM neural
chr1:60994591|61065942	chr1	60994591	61065942	exon	GBM neural
chr1:61053709|61065942	chr1	61053709	61065942	exon	GBM neural
chr1:62970301|62979569	chr1	62970301	62979569	exon	GBM neural
chr1:65268659|65280523	chr1	65268659	65280523	exon	GBM neural
chr1:78177432|78207433	chr1	78177432	78207433	exon	GBM neural
chr1:91356594|91383711	chr1	91356594	91383711	intergenic_region	GBM neural
chr1:116562203|116563506	chr1	116562203	116563506	exon	GBM neural
chr1:117957335|117984947	chr1	117957335	117984947	exon	GBM neural
chr1:118003111|118009049	chr1	118003111	118009049	exon	GBM neural
chr1:145153068|145299939	chr1	145153068	145299939	intergenic_region	GBM neural
chr1:151164105|151164244	chr1	151164105	151164244	intron	GBM neural
chr1:152287382|152307915	chr1	152287382	152307915	exon	GBM neural
chr1:152287382|152310565	chr1	152287382	152310565	exon	GBM neural
chr1:153734046|153737539	chr1	153734046	153737539	exon	GBM neural
chr1:155902698|155903163	chr1	155902698	155903163	intron	GBM neural
chr1:168200752|168212307	chr1	168200752	168212307	exon	GBM neural
chr1:168336729|168349020	chr1	168336729	168349020	intergenic_region	GBM neural
chr1:168338261|168349020	chr1	168338261	168349020	intergenic_region	GBM neural
chr1:168338733|168349020	chr1	168338733	168349020	intergenic_region	GBM neural
chr1:168345211|168349020	chr1	168345211	168349020	intergenic_region	GBM neural
chr1:168348092|168349020	chr1	168348092	168349020	intergenic_region	GBM neural
chr1:172525009|172560211	chr1	172525009	172560211	exon	GBM neural
chr1:180461404|180464660	chr1	180461404	180464660	exon	GBM neural
chr1:180945254|180974599	chr1	180945254	180974599	exon	GBM neural
chr1:192990227|192998787	chr1	192990227	192998787	exon	GBM neural
chr1:197552282|197586889	chr1	197552282	197586889	exon	GBM neural
chr1:201823723|201826322	chr1	201823723	201826322	exon	GBM neural
chr1:202397983|202418299	chr1	202397983	202418299	exon	GBM neural
chr1:202724399|202727638	chr1	202724399	202727638	exon	GBM neural
chr1:205072985|205074296	chr1	205072985	205074296	exon	GBM neural
chr1:213244348|213251158	chr1	213244348	213251158	exon	GBM neural
chr1:214488105|214498051	chr1	214488105	214498051	exon	GBM neural
chr1:214788175|214792563	chr1	214788175	214792563	exon	GBM neural
chr1:216737561|216741440	chr1	216737561	216741440	exon	GBM neural
chr1:219366424|219385094	chr1	219366424	219385094	exon	GBM neural
chr1:219366424|219484777	chr1	219366424	219484777	intergenic_region	GBM neural
chr1:220752696|220754460	chr1	220752696	220754460	exon	GBM neural
chr1:220752696|220792425	chr1	220752696	220792425	intron	GBM neural
chr1:225140372|225211567	chr1	225140372	225211567	exon	GBM neural
chr1:225140372|225239497	chr1	225140372	225239497	exon	GBM neural
chr1:225140372|225284941	chr1	225140372	225284941	exon	GBM neural
chr1:225161793|225340585	chr1	225161793	225340585	exon	GBM neural
chr1:225305386|225373127	chr1	225305386	225373127	exon	GBM neural
chr1:225355641|225477784	chr1	225355641	225477784	exon	GBM neural
chr1:231752390|231753805	chr1	231752390	231753805	exon	GBM neural
chr1:232636955|232639834	chr1	232636955	232639834	intron	GBM neural
chr1:233372591|233388534	chr1	233372591	233388534	exon	GBM neural
chr1:235775424|235775806	chr1	235775424	235775806	intron	GBM neural
chr1:237538017|237586548	chr1	237538017	237586548	exon	GBM neural
chr1:237604619|237693810	chr1	237604619	237693810	exon	GBM neural
chr1:243362362|243375266	chr1	243362362	243375266	exon	GBM neural
chr1:244574589|244601070	chr1	244574589	244601070	exon	GBM neural
chr1:246890194|246907427	chr1	246890194	246907427	exon	GBM neural
chr1:247318868|247323169	chr1	247318868	247323169	intron	GBM neural
chr10:5738434|5755910	chr10	5738434	5755910	intron	GBM neural
chr10:7285520|7290611	chr10	7285520	7290611	exon	GBM neural
chr10:11639630|11643979	chr10	11639630	11643979	intron	GBM neural
chr10:18955504|18957606	chr10	18955504	18957606	exon	GBM neural
chr10:34636893|34649187	chr10	34636893	34649187	exon	GBM neural
chr10:35321363|35338693	chr10	35321363	35338693	exon	GBM neural
chr10:46135264|46148507	chr10	46135264	46148507	exon	GBM neural
chr10:49609655|49613024	chr10	49609655	49613024	exon	GBM neural
chr10:51829307|51840691	chr10	51829307	51840691	exon	GBM neural
chr10:61636101|61660564	chr10	61636101	61660564	intron	GBM neural
chr10:79135768|79163781	chr10	79135768	79163781	intron	GBM neural
chr10:94366022|94381230	chr10	94366022	94381230	exon	GBM neural
chr10:96269848|96282210	chr10	96269848	96282210	exon	GBM neural
chr10:100374661|100380465	chr10	100374661	100380465	exon	GBM neural
chr10:111160777|111171871	chr10	111160777	111171871	intergenic_region	GBM neural
chr10:112723883|112724819	chr10	112723883	112724819	exon	GBM neural
chr10:120467004|120489922	chr10	120467004	120489922	exon	GBM neural
chr10:121929821|121968507	chr10	121929821	121968507	intergenic_region	GBM neural
chr10:121931985|121968507	chr10	121931985	121968507	intergenic_region	GBM neural
chr10:121940742|121968507	chr10	121940742	121968507	intergenic_region	GBM neural
chr10:121945345|122047979	chr10	121945345	122047979	intergenic_region	GBM neural
chr10:121946630|121968507	chr10	121946630	121968507	intergenic_region	GBM neural
chr10:121946630|122047979	chr10	121946630	122047979	intergenic_region	GBM neural
chr10:121964507|121968507	chr10	121964507	121968507	intergenic_region	GBM neural
chr10:122047902|122053687	chr10	122047902	122053687	intergenic_region	GBM neural
chr10:128768966|128908618	chr10	128768966	128908618	exon	GBM neural
chr11:2997254|3000467	chr11	2997254	3000467	exon	GBM neural
chr11:3712577|3716836	chr11	3712577	3716836	exon	GBM neural
chr11:6962802|6977013	chr11	6962802	6977013	exon	GBM neural
chr11:8732392|8739439	chr11	8732392	8739439	exon	GBM neural
chr11:10011044|10052717	chr11	10011044	10052717	exon	GBM neural
chr11:11708110|11863771	chr11	11708110	11863771	intergenic_region	GBM neural
chr11:22856453|22859910	chr11	22856453	22859910	exon	GBM neural
chr11:24998137|25004839	chr11	24998137	25004839	exon	GBM neural
chr11:28098554|28113060	chr11	28098554	28113060	exon	GBM neural
chr11:28557375|28585875	chr11	28557375	28585875	intergenic_region	GBM neural
chr11:62406455|62407203	chr11	62406455	62407203	exon	GBM neural
chr11:85707869|85726006	chr11	85707869	85726006	exon	GBM neural
chr11:85718585|85726006	chr11	85718585	85726006	exon	GBM neural
chr11:107916997|107969256	chr11	107916997	107969256	exon	GBM neural
chr11:133520430|133523742	chr11	133520430	133523742	intergenic_region	GBM neural
chr11:134076494|134080348	chr11	134076494	134080348	exon	GBM neural
chr12:5269473|5281055	chr12	5269473	5281055	intergenic_region	GBM neural
chr12:12300300|12318229	chr12	12300300	12318229	exon	GBM neural
chr12:15304754|15321889	chr12	15304754	15321889	intron	GBM neural
chr12:25362745|25380346	chr12	25362745	25380346	exon	GBM neural
chr12:29908642|29911710	chr12	29908642	29911710	exon	GBM neural
chr12:41302159|41387071	chr12	41302159	41387071	exon	GBM neural
chr12:42335331|42382982	chr12	42335331	42382982	intergenic_region	GBM neural
chr12:42345822|42382982	chr12	42345822	42382982	intergenic_region	GBM neural
chr12:42418091|42420457	chr12	42418091	42420457	intergenic_region	GBM neural
chr12:49883248|49884514	chr12	49883248	49884514	exon	GBM neural
chr12:50385781|50388292	chr12	50385781	50388292	exon	GBM neural
chr12:52488463|52501993	chr12	52488463	52501993	intron	GBM neural
chr12:53775443|53803345	chr12	53775443	53803345	exon	GBM neural
chr12:56643943|56644806	chr12	56643943	56644806	intron	GBM neural
chr12:56826810|56828015	chr12	56826810	56828015	exon	GBM neural
chr12:70178500|70194112	chr12	70178500	70194112	exon	GBM neural
chr12:72163580|72176438	chr12	72163580	72176438	exon	GBM neural
chr12:72764544|72771901	chr12	72764544	72771901	intron	GBM neural
chr12:72769770|72969322	chr12	72769770	72969322	intron	GBM neural
chr12:73145877|73188532	chr12	73145877	73188532	intergenic_region	GBM neural
chr12:73187807|73275804	chr12	73187807	73275804	intergenic_region	GBM neural
chr12:73313621|73376290	chr12	73313621	73376290	intergenic_region	GBM neural
chr12:74678805|74700449	chr12	74678805	74700449	exon	GBM neural
chr12:101560272|101588940	chr12	101560272	101588940	exon	GBM neural
chr12:101573807|101587557	chr12	101573807	101587557	exon	GBM neural
chr12:101573807|101588940	chr12	101573807	101588940	exon	GBM neural
chr12:111733137|111736393	chr12	111733137	111736393	exon	GBM neural
chr12:117157568|117161028	chr12	117157568	117161028	exon	GBM neural
chr13:20399060|20426097	chr13	20399060	20426097	exon	GBM neural
chr13:20625573|20626451	chr13	20625573	20626451	exon	GBM neural
chr13:20625573|20635364	chr13	20625573	20635364	exon	GBM neural
chr13:21732061|21746820	chr13	21732061	21746820	exon	GBM neural
chr13:21735929|21742538	chr13	21735929	21742538	exon	GBM neural
chr13:22067399|22096789	chr13	22067399	22096789	exon	GBM neural
chr13:23027599|23030429	chr13	23027599	23030429	intergenic_region	GBM neural
chr13:26898909|26911779	chr13	26898909	26911779	intron	GBM neural
chr13:30814597|30829752	chr13	30814597	30829752	exon	GBM neural
chr13:31211881|31221194	chr13	31211881	31221194	exon	GBM neural
chr13:33054727|33096407	chr13	33054727	33096407	exon	GBM neural
chr13:41207284|41219623	chr13	41207284	41219623	intron	GBM neural
chr13:41890982|41902979	chr13	41890982	41902979	exon	GBM neural
chr13:41892942|41902979	chr13	41892942	41902979	exon	GBM neural
chr13:45919563|45920186	chr13	45919563	45920186	intron	GBM neural
chr13:46616299|46619651	chr13	46616299	46619651	exon	GBM neural
chr13:48916735|48923159	chr13	48916735	48923159	exon	GBM neural
chr13:49712883|49720071	chr13	49712883	49720071	exon	GBM neural
chr13:50550469|50603628	chr13	50550469	50603628	exon	GBM neural
chr13:50564996|50571555	chr13	50564996	50571555	intron	GBM neural
chr13:50571210|50618904	chr13	50571210	50618904	exon	GBM neural
chr13:51939839|51963580	chr13	51939839	51963580	exon	GBM neural
chr13:52971367|52976829	chr13	52971367	52976829	intron	GBM neural
chr13:60348323|60385057	chr13	60348323	60385057	exon	GBM neural
chr13:60544078|60566717	chr13	60544078	60566717	exon	GBM neural
chr13:60667762|60686320	chr13	60667762	60686320	exon	GBM neural
chr13:64576518|64578945	chr13	64576518	64578945	intron	GBM neural
chr13:64576518|64608670	chr13	64576518	64608670	exon	GBM neural
chr13:72049273|72063280	chr13	72049273	72063280	exon	GBM neural
chr13:72131156|72134087	chr13	72131156	72134087	exon	GBM neural
chr13:72131156|72147705	chr13	72131156	72147705	exon	GBM neural
chr13:76134889|76169126	chr13	76134889	76169126	exon	GBM neural
chr13:76627143|76632897	chr13	76627143	76632897	intergenic_region	GBM neural
chr13:78293667|78335245	chr13	78293667	78335245	exon	GBM neural
chr13:96485181|96489456	chr13	96485181	96489456	exon	GBM neural
chr13:96638587|96648389	chr13	96638587	96648389	exon	GBM neural
chr13:97881062|97882244	chr13	97881062	97882244	intron	GBM neural
chr13:100495250|100495777	chr13	100495250	100495777	intron	GBM neural
chr13:113210366|113223573	chr13	113210366	113223573	exon	GBM neural
chr14:21461277|21462222	chr14	21461277	21462222	exon	GBM neural
chr14:31097415|31144271	chr14	31097415	31144271	exon	GBM neural
chr14:31103153|31107453	chr14	31103153	31107453	exon	GBM neural
chr14:35079459|35084570	chr14	35079459	35084570	intron	GBM neural
chr14:36064840|36104804	chr14	36064840	36104804	exon	GBM neural
chr14:37709638|37717112	chr14	37709638	37717112	exon	GBM neural
chr14:37716308|37754652	chr14	37716308	37754652	exon	GBM neural
chr14:39618705|39628754	chr14	39618705	39628754	exon	GBM neural
chr14:46680027|46681007	chr14	46680027	46681007	exon	GBM neural
chr14:50130033|50136316	chr14	50130033	50136316	exon	GBM neural
chr14:55467221|55468903	chr14	55467221	55468903	exon	GBM neural
chr14:59988292|60018154	chr14	59988292	60018154	exon	GBM neural
chr14:61258333|61285565	chr14	61258333	61285565	intron	GBM neural
chr14:61315725|61346553	chr14	61315725	61346553	intron	GBM neural
chr14:61497163|61512885	chr14	61497163	61512885	exon	GBM neural
chr14:62188227|62201003	chr14	62188227	62201003	exon	GBM neural
chr14:64465632|64470048	chr14	64465632	64470048	exon	GBM neural
chr14:64564667|64568760	chr14	64564667	64568760	exon	GBM neural
chr14:64564667|64574325	chr14	64564667	64574325	exon	GBM neural
chr14:71413632|71435827	chr14	71413632	71435827	exon	GBM neural
chr14:72054288|72090953	chr14	72054288	72090953	exon	GBM neural
chr14:72169098|72172057	chr14	72169098	72172057	exon	GBM neural
chr14:75522084|75524411	chr14	75522084	75524411	intron	GBM neural
chr14:81302549|81307112	chr14	81302549	81307112	exon	GBM neural
chr14:84112888|84132553	chr14	84112888	84132553	intergenic_region	GBM neural
chr14:91413779|91467503	chr14	91413779	91467503	exon	GBM neural
chr14:93685558|93686757	chr14	93685558	93686757	exon	GBM neural
chr14:93962757|93963632	chr14	93962757	93963632	exon	GBM neural
chr14:94017684|94024614	chr14	94017684	94024614	intron	GBM neural
chr14:97018817|97022750	chr14	97018817	97022750	exon	GBM neural
chr14:97299804|97313681	chr14	97299804	97313681	exon	GBM neural
chr14:97299804|97322923	chr14	97299804	97322923	exon	GBM neural
chr14:99924616|99929915	chr14	99924616	99929915	exon	GBM neural
chr14:100316461|100331983	chr14	100316461	100331983	exon	GBM neural
chr14:102706647|102708512	chr14	102706647	102708512	intron	GBM neural
chr14:103209815|103210047	chr14	103209815	103210047	intergenic_region	GBM neural
chr14:103871413|103894777	chr14	103871413	103894777	exon	GBM neural
chr14:103918255|103934523	chr14	103918255	103934523	exon	GBM neural
chr14:104037960|104053701	chr14	104037960	104053701	exon	GBM neural
chr14:104239950|104263855	chr14	104239950	104263855	intron	GBM neural
chr15:30614562|30616492	chr15	30614562	30616492	intergenic_region	GBM neural
chr15:40475915|40488975	chr15	40475915	40488975	exon	GBM neural
chr15:43738585|43739683	chr15	43738585	43739683	exon	GBM neural
chr15:56683441|56687032	chr15	56683441	56687032	exon	GBM neural
chr15:59168413|59169645	chr15	59168413	59169645	intron	GBM neural
chr15:59204762|59213783	chr15	59204762	59213783	exon	GBM neural
chr15:69709722|69715668	chr15	69709722	69715668	exon	GBM neural
chr15:69713986|69715668	chr15	69713986	69715668	exon	GBM neural
chr15:76566753|76584854	chr15	76566753	76584854	exon	GBM neural
chr15:78398081|78398276	chr15	78398081	78398276	exon	GBM neural
chr15:82218014|82218366	chr15	82218014	82218366	intergenic_region	GBM neural
chr15:93480748|93536228	chr15	93480748	93536228	exon	GBM neural
chr15:100692817|100695525	chr15	100692817	100695525	exon	GBM neural
chr16:7855228|7885928	chr16	7855228	7885928	intergenic_region	GBM neural
chr16:7855228|7901929	chr16	7855228	7901929	intergenic_region	GBM neural
chr16:7898762|7901929	chr16	7898762	7901929	intergenic_region	GBM neural
chr16:7929541|7944397	chr16	7929541	7944397	intergenic_region	GBM neural
chr16:8044659|8045260	chr16	8044659	8045260	intergenic_region	GBM neural
chr16:14407968|14410887	chr16	14407968	14410887	intron	GBM neural
chr16:15116561|15125714	chr16	15116561	15125714	exon	GBM neural
chr16:47143394|47163275	chr16	47143394	47163275	exon	GBM neural
chr16:49823398|49839680	chr16	49823398	49839680	intron	GBM neural
chr16:72270668|72383105	chr16	72270668	72383105	intergenic_region	GBM neural
chr16:72557231|72604414	chr16	72557231	72604414	exon	GBM neural
chr16:72589164|72604414	chr16	72589164	72604414	exon	GBM neural
chr16:74666421|74671868	chr16	74666421	74671868	exon	GBM neural
chr16:74683030|74686020	chr16	74683030	74686020	exon	GBM neural
chr16:75425278|75429107	chr16	75425278	75429107	exon	GBM neural
chr16:87376483|87380856	chr16	87376483	87380856	exon	GBM neural
chr16:89810154|89810415	chr16	89810154	89810415	intron	GBM neural
chr17:1746097|1748360	chr17	1746097	1748360	intron	GBM neural
chr17:1756395|1787238	chr17	1756395	1787238	exon	GBM neural
chr17:2185941|2187029	chr17	2185941	2187029	exon	GBM neural
chr17:4100668|4113242	chr17	4100668	4113242	exon	GBM neural
chr17:4109616|4113242	chr17	4109616	4113242	exon	GBM neural
chr17:6795322|6803304	chr17	6795322	6803304	exon	GBM neural
chr17:11984673|11999011	chr17	11984673	11999011	exon	GBM neural
chr17:25630393|25631937	chr17	25630393	25631937	exon	GBM neural
chr17:27306776|27308441	chr17	27306776	27308441	exon	GBM neural
chr17:28180406|28181694	chr17	28180406	28181694	intron	GBM neural
chr17:30320884|30321740	chr17	30320884	30321740	exon	GBM neural
chr17:35345818|35388982	chr17	35345818	35388982	exon	GBM neural
chr17:35376304|35388982	chr17	35376304	35388982	exon	GBM neural
chr17:43107460|43112367	chr17	43107460	43112367	exon	GBM neural
chr17:44246897|44249598	chr17	44246897	44249598	exon	GBM neural
chr17:45734226|45736026	chr17	45734226	45736026	exon	GBM neural
chr17:49278953|49294777	chr17	49278953	49294777	exon	GBM neural
chr17:52990027|53016381	chr17	52990027	53016381	exon	GBM neural
chr17:57033010|57050286	chr17	57033010	57050286	exon	GBM neural
chr17:57886157|57895134	chr17	57886157	57895134	exon	GBM neural
chr17:59172113|59172922	chr17	59172113	59172922	intron	GBM neural
chr17:59853762|59886118	chr17	59853762	59886118	exon	GBM neural
chr17:60613531|60642498	chr17	60613531	60642498	exon	GBM neural
chr17:61910429|61912927	chr17	61910429	61912927	exon	GBM neural
chr17:79937060|79943483	chr17	79937060	79943483	exon	GBM neural
chr17:80842021|80851508	chr17	80842021	80851508	exon	GBM neural
chr17:80842021|80858607	chr17	80842021	80858607	exon	GBM neural
chr17:80842021|80867183	chr17	80842021	80867183	exon	GBM neural
chr18:2585112|2610860	chr18	2585112	2610860	exon	GBM neural
chr18:2700537|2729407	chr18	2700537	2729407	exon	GBM neural
chr18:2762103|2772370	chr18	2762103	2772370	exon	GBM neural
chr18:9182380|9195696	chr18	9182380	9195696	exon	GBM neural
chr18:9182380|9211782	chr18	9182380	9211782	exon	GBM neural
chr18:9182380|9216898	chr18	9182380	9216898	exon	GBM neural
chr18:9593766|9595100	chr18	9593766	9595100	exon	GBM neural
chr18:12999420|13001581	chr18	12999420	13001581	exon	GBM neural
chr18:14803733|14813164	chr18	14803733	14813164	exon	GBM neural
chr18:18622058|18629841	chr18	18622058	18629841	exon	GBM neural
chr18:29206246|29225442	chr18	29206246	29225442	exon	GBM neural
chr18:34388524|34396691	chr18	34388524	34396691	intron	GBM neural
chr18:34539279|34664195	chr18	34539279	34664195	exon	GBM neural
chr18:36782075|36788753	chr18	36782075	36788753	intergenic_region	GBM neural
chr18:36787649|36788753	chr18	36787649	36788753	exon	GBM neural
chr18:39792329|39806072	chr18	39792329	39806072	exon	GBM neural
chr18:44395275|44401035	chr18	44395275	44401035	exon	GBM neural
chr18:44470543|44471017	chr18	44470543	44471017	exon	GBM neural
chr18:45367889|45423180	chr18	45367889	45423180	exon	GBM neural
chr18:46783380|46808545	chr18	46783380	46808545	exon	GBM neural
chr18:48581151|48586286	chr18	48581151	48586286	exon	GBM neural
chr18:51714084|51715381	chr18	51714084	51715381	exon	GBM neural
chr18:52921728|52928764	chr18	52921728	52928764	exon	GBM neural
chr18:56376610|56402561	chr18	56376610	56402561	exon	GBM neural
chr18:59911997|59936181	chr18	59911997	59936181	exon	GBM neural
chr18:63476940|63492067	chr18	63476940	63492067	exon	GBM neural
chr18:63476940|63511301	chr18	63476940	63511301	exon	GBM neural
chr18:72589153|72601994	chr18	72589153	72601994	exon	GBM neural
chr18:74145973|74146335	chr18	74145973	74146335	intron	GBM neural
chr18:76886267|76953263	chr18	76886267	76953263	exon	GBM neural
chr19:5641605|5649986	chr19	5641605	5649986	exon	GBM neural
chr19:11094797|11107056	chr19	11094797	11107056	exon	GBM neural
chr19:11094800|11107056	chr19	11094800	11107056	exon	GBM neural
chr19:12154455|12156024	chr19	12154455	12156024	intron	GBM neural
chr19:21280991|21350469	chr19	21280991	21350469	intergenic_region	GBM neural
chr19:21349138|21350469	chr19	21349138	21350469	exon	GBM neural
chr19:23316882|23323230	chr19	23316882	23323230	intron	GBM neural
chr19:23990628|23991616	chr19	23990628	23991616	exon	GBM neural
chr19:34158673|34180297	chr19	34158673	34180297	exon	GBM neural
chr19:34922766|34925873	chr19	34922766	34925873	exon	GBM neural
chr19:36579940|36580208	chr19	36579940	36580208	exon	GBM neural
chr19:37579941|37582023	chr19	37579941	37582023	exon	GBM neural
chr19:37999167|38024305	chr19	37999167	38024305	exon	GBM neural
chr19:38190686|38202593	chr19	38190686	38202593	exon	GBM neural
chr19:44580475|44589956	chr19	44580475	44589956	exon	GBM neural
chr19:48922491|48923071	chr19	48922491	48923071	exon	GBM neural
chr19:57743401|57746426	chr19	57743401	57746426	exon	GBM neural
chr2:9675963|9683414	chr2	9675963	9683414	exon	GBM neural
chr2:32142995|32145979	chr2	32142995	32145979	exon	GBM neural
chr2:32417405|32434630	chr2	32417405	32434630	exon	GBM neural
chr2:33245976|33246273	chr2	33245976	33246273	exon	GBM neural
chr2:37105034|37126801	chr2	37105034	37126801	exon	GBM neural
chr2:39283843|39285945	chr2	39283843	39285945	exon	GBM neural
chr2:42483641|42491871	chr2	42483641	42491871	exon	GBM neural
chr2:45773456|45780869	chr2	45773456	45780869	intron	GBM neural
chr2:47383935|47385282	chr2	47383935	47385282	intron	GBM neural
chr2:47600602|47602438	chr2	47600602	47602438	exon	GBM neural
chr2:51149007|51149825	chr2	51149007	51149825	exon	GBM neural
chr2:52033094|52088626	chr2	52033094	52088626	intron	GBM neural
chr2:52331308|52332292	chr2	52331308	52332292	intron	GBM neural
chr2:64208780|64211153	chr2	64208780	64211153	exon	GBM neural
chr2:67790049|67792776	chr2	67790049	67792776	intron	GBM neural
chr2:86997146|86998835	chr2	86997146	86998835	exon	GBM neural
chr2:98525121|98543950	chr2	98525121	98543950	exon	GBM neural
chr2:101675883|101684965	chr2	101675883	101684965	intron	GBM neural
chr2:103978995|104021484	chr2	103978995	104021484	intergenic_region	GBM neural
chr2:104104108|104117768	chr2	104104108	104117768	intergenic_region	GBM neural
chr2:109067484|109068922	chr2	109067484	109068922	exon	GBM neural
chr2:114691856|114713283	chr2	114691856	114713283	exon	GBM neural
chr2:122273241|122287901	chr2	122273241	122287901	exon	GBM neural
chr2:123150539|123154980	chr2	123150539	123154980	intergenic_region	GBM neural
chr2:128608164|128610679	chr2	128608164	128610679	exon	GBM neural
chr2:128949360|128951712	chr2	128949360	128951712	exon	GBM neural
chr2:135075100|135160708	chr2	135075100	135160708	exon	GBM neural
chr2:135260472|135265013	chr2	135260472	135265013	intron	GBM neural
chr2:137917783|137928508	chr2	137917783	137928508	exon	GBM neural
chr2:137988614|138033596	chr2	137988614	138033596	exon	GBM neural
chr2:144709549|144728329	chr2	144709549	144728329	exon	GBM neural
chr2:149679706|149799274	chr2	149679706	149799274	exon	GBM neural
chr2:165378490|165383645	chr2	165378490	165383645	exon	GBM neural
chr2:165548731|165586625	chr2	165548731	165586625	exon	GBM neural
chr2:166938075|166949173	chr2	166938075	166949173	exon	GBM neural
chr2:168902799|168904832	chr2	168902799	168904832	intron	GBM neural
chr2:172325398|172330485	chr2	172325398	172330485	exon	GBM neural
chr2:172666116|172671712	chr2	172666116	172671712	exon	GBM neural
chr2:173423436|173451116	chr2	173423436	173451116	exon	GBM neural
chr2:174047582|174104224	chr2	174047582	174104224	exon	GBM neural
chr2:177161588|177195388	chr2	177161588	177195388	exon	GBM neural
chr2:184016236|184025923	chr2	184016236	184025923	exon	GBM neural
chr2:195332006|195356404	chr2	195332006	195356404	intron	GBM neural
chr2:195346096|195350240	chr2	195346096	195350240	intron	GBM neural
chr2:197143252|197157474	chr2	197143252	197157474	exon	GBM neural
chr2:197735665|197767466	chr2	197735665	197767466	exon	GBM neural
chr2:197755552|197767466	chr2	197755552	197767466	exon	GBM neural
chr2:198324656|198327455	chr2	198324656	198327455	exon	GBM neural
chr2:208432187|208442379	chr2	208432187	208442379	exon	GBM neural
chr2:215617171|215634036	chr2	215617171	215634036	exon	GBM neural
chr2:225393664|225400358	chr2	225393664	225400358	intron	GBM neural
chr2:238979229|238986689	chr2	238979229	238986689	intron	GBM neural
chr20:11970369|11979844	chr20	11970369	11979844	intergenic_region	GBM neural
chr20:16316571|16362392	chr20	16316571	16362392	exon	GBM neural
chr20:18429628|18436005	chr20	18429628	18436005	exon	GBM neural
chr20:21306917|21309308	chr20	21306917	21309308	exon	GBM neural
chr20:25394426|25405963	chr20	25394426	25405963	exon	GBM neural
chr20:25398741|25422412	chr20	25398741	25422412	exon	GBM neural
chr20:30345210|30347982	chr20	30345210	30347982	exon	GBM neural
chr20:30370052|30385318	chr20	30370052	30385318	exon	GBM neural
chr20:30380538|30382351	chr20	30380538	30382351	exon	GBM neural
chr20:32605216|32619410	chr20	32605216	32619410	intron	GBM neural
chr20:33202304|33203943	chr20	33202304	33203943	intron	GBM neural
chr20:35668556|35684059	chr20	35668556	35684059	exon	GBM neural
chr20:36393599|36396446	chr20	36393599	36396446	exon	GBM neural
chr20:40841906|40844382	chr20	40841906	40844382	intron	GBM neural
chr20:44815227|44815586	chr20	44815227	44815586	exon	GBM neural
chr20:45700824|45702974	chr20	45700824	45702974	exon	GBM neural
chr20:46398953|46406788	chr20	46398953	46406788	intron	GBM neural
chr20:47557736|47570327	chr20	47557736	47570327	exon	GBM neural
chr20:47849843|47853047	chr20	47849843	47853047	exon	GBM neural
chr20:48466116|48494600	chr20	48466116	48494600	exon	GBM neural
chr20:50234029|50245611	chr20	50234029	50245611	exon	GBM neural
chr20:50746889|50762080	chr20	50746889	50762080	intron	GBM neural
chr20:56846419|56847931	chr20	56846419	56847931	exon	GBM neural
chr20:57009658|57016139	chr20	57009658	57016139	exon	GBM neural
chr21:18392011|18454429	chr21	18392011	18454429	intergenic_region	GBM neural
chr21:19400187|19413621	chr21	19400187	19413621	intron	GBM neural
chr21:19628826|19638466	chr21	19628826	19638466	exon	GBM neural
chr21:46538479|46554747	chr21	46538479	46554747	exon	GBM neural
chr21:46548317|46564616	chr21	46548317	46564616	exon	GBM neural
chr22:18178907|18185152	chr22	18178907	18185152	exon	GBM neural
chr22:18187947|18188158	chr22	18187947	18188158	intron	GBM neural
chr22:24147981|24148810	chr22	24147981	24148810	intron	GBM neural
chr22:28910745|28913267	chr22	28910745	28913267	intron	GBM neural
chr22:29025540|29029962	chr22	29025540	29029962	intron	GBM neural
chr22:40991219|40992914	chr22	40991219	40992914	intron	GBM neural
chr22:42987961|42992371	chr22	42987961	42992371	exon	GBM neural
chr22:46202839|46207673	chr22	46202839	46207673	exon	GBM neural
chr3:3819409|3833137	chr3	3819409	3833137	intron	GBM neural
chr3:3819409|3837112	chr3	3819409	3837112	exon	GBM neural
chr3:3864418|3869193	chr3	3864418	3869193	exon	GBM neural
chr3:15776917|15793327	chr3	15776917	15793327	exon	GBM neural
chr3:17279655|17300083	chr3	17279655	17300083	exon	GBM neural
chr3:27439175|27444875	chr3	27439175	27444875	exon	GBM neural
chr3:27958265|27972446	chr3	27958265	27972446	exon	GBM neural
chr3:27958265|28055089	chr3	27958265	28055089	intron	GBM neural
chr3:28051961|28070094	chr3	28051961	28070094	exon	GBM neural
chr3:33093250|33110462	chr3	33093250	33110462	exon	GBM neural
chr3:33686249|33738425	chr3	33686249	33738425	exon	GBM neural
chr3:34323626|34342333	chr3	34323626	34342333	intron	GBM neural
chr3:34340345|34342333	chr3	34340345	34342333	intron	GBM neural
chr3:34359433|34360797	chr3	34359433	34360797	intron	GBM neural
chr3:42659062|42676858	chr3	42659062	42676858	exon	GBM neural
chr3:44683392|44688149	chr3	44683392	44688149	exon	GBM neural
chr3:44835709|44835918	chr3	44835709	44835918	exon	GBM neural
chr3:47702784|47704082	chr3	47702784	47704082	exon	GBM neural
chr3:47719688|47721998	chr3	47719688	47721998	exon	GBM neural
chr3:50677797|50679763	chr3	50677797	50679763	exon	GBM neural
chr3:53289852|53326857	chr3	53289852	53326857	intergenic_region	GBM neural
chr3:58592806|58593672	chr3	58592806	58593672	intron	GBM neural
chr3:60311598|60314588	chr3	60311598	60314588	intron	GBM neural
chr3:93714718|93716145	chr3	93714718	93716145	intron	GBM neural
chr3:99998493|100002655	chr3	99998493	100002655	exon	GBM neural
chr3:112063809|112068666	chr3	112063809	112068666	exon	GBM neural
chr3:119666115|119812440	chr3	119666115	119812440	exon	GBM neural
chr3:121630421|121659335	chr3	121630421	121659335	exon	GBM neural
chr3:122160885|122172848	chr3	122160885	122172848	exon	GBM neural
chr3:122422589|122427115	chr3	122422589	122427115	exon	GBM neural
chr3:124412651|124415102	chr3	124412651	124415102	exon	GBM neural
chr3:127801326|127806651	chr3	127801326	127806651	exon	GBM neural
chr3:128339100|128341252	chr3	128339100	128341252	exon	GBM neural
chr3:129576093|129599405	chr3	129576093	129599405	exon	GBM neural
chr3:130685989|130688240	chr3	130685989	130688240	exon	GBM neural
chr3:133356720|133363207	chr3	133356720	133363207	exon	GBM neural
chr3:139857219|139894915	chr3	139857219	139894915	intron	GBM neural
chr3:155611307|155615830	chr3	155611307	155615830	exon	GBM neural
chr3:155639976|155643155	chr3	155639976	155643155	exon	GBM neural
chr3:157839892|157850052	chr3	157839892	157850052	exon	GBM neural
chr3:157839892|158015864	chr3	157839892	158015864	exon	GBM neural
chr3:160018671|160025569	chr3	160018671	160025569	exon	GBM neural
chr3:160131261|160141628	chr3	160131261	160141628	exon	GBM neural
chr3:167405022|167414914	chr3	167405022	167414914	exon	GBM neural
chr3:168538981|168628602	chr3	168538981	168628602	intergenic_region	GBM neural
chr3:169998954|169999756	chr3	169998954	169999756	exon	GBM neural
chr3:175455094|175473206	chr3	175455094	175473206	exon	GBM neural
chr3:178627387|178683284	chr3	178627387	178683284	intergenic_region	GBM neural
chr3:179408029|179426745	chr3	179408029	179426745	exon	GBM neural
chr3:179424722|179426745	chr3	179424722	179426745	exon	GBM neural
chr3:184675162|184689540	chr3	184675162	184689540	exon	GBM neural
chr3:185316200|185329533	chr3	185316200	185329533	exon	GBM neural
chr3:192444970|192446343	chr3	192444970	192446343	intron	GBM neural
chr3:195047614|195112876	chr3	195047614	195112876	exon	GBM neural
chr3:195101728|195133645	chr3	195101728	195133645	intron	GBM neural
chr4:1102131|1105609	chr4	1102131	1105609	intron	GBM neural
chr4:3122955|3127356	chr4	3122955	3127356	exon	GBM neural
chr4:17816476|17816981	chr4	17816476	17816981	exon	GBM neural
chr4:18970203|18986993	chr4	18970203	18986993	intergenic_region	GBM neural
chr4:55561678|55565932	chr4	55561678	55565932	exon	GBM neural
chr4:77976303|77987558	chr4	77976303	77987558	exon	GBM neural
chr4:87607863|87614827	chr4	87607863	87614827	exon	GBM neural
chr4:89570991|89602476	chr4	89570991	89602476	exon	GBM neural
chr4:93967360|93988577	chr4	93967360	93988577	intron	GBM neural
chr4:93967360|94014595	chr4	93967360	94014595	intron	GBM neural
chr4:115856362|115858659	chr4	115856362	115858659	exon	GBM neural
chr4:121698343|121732604	chr4	121698343	121732604	exon	GBM neural
chr4:122251581|122261765	chr4	122251581	122261765	exon	GBM neural
chr4:131921826|131928240	chr4	131921826	131928240	intergenic_region	GBM neural
chr4:131921826|131944803	chr4	131921826	131944803	intergenic_region	GBM neural
chr4:131928133|131940291	chr4	131928133	131940291	intergenic_region	GBM neural
chr4:131928190|131944803	chr4	131928190	131944803	intergenic_region	GBM neural
chr4:147425001|147438272	chr4	147425001	147438272	exon	GBM neural
chr4:151682935|151753128	chr4	151682935	151753128	exon	GBM neural
chr4:170345704|170459062	chr4	170345704	170459062	exon	GBM neural
chr5:10414545|10417516	chr5	10414545	10417516	exon	GBM neural
chr5:14601074|14602441	chr5	14601074	14602441	exon	GBM neural
chr5:14678790|14681716	chr5	14678790	14681716	exon	GBM neural
chr5:36984778|36995906	chr5	36984778	36995906	exon	GBM neural
chr5:59938639|59943360	chr5	59938639	59943360	exon	GBM neural
chr5:72151601|72168547	chr5	72151601	72168547	exon	GBM neural
chr5:78181407|78301230	chr5	78181407	78301230	intergenic_region	GBM neural
chr5:93964516|94014660	chr5	93964516	94014660	exon	GBM neural
chr5:96762940|96767604	chr5	96762940	96767604	intron	GBM neural
chr5:96762940|96772337	chr5	96762940	96772337	intron	GBM neural
chr5:102485483|102486397	chr5	102485483	102486397	intron	GBM neural
chr5:106408952|106420409	chr5	106408952	106420409	intergenic_region	GBM neural
chr5:106621595|106723472	chr5	106621595	106723472	intergenic_region	GBM neural
chr5:106762918|106764564	chr5	106762918	106764564	intron	GBM neural
chr5:158621724|158630664	chr5	158621724	158630664	exon	GBM neural
chr5:170305101|170319557	chr5	170305101	170319557	exon	GBM neural
chr5:170336665|170351554	chr5	170336665	170351554	exon	GBM neural
chr5:171805585|171809131	chr5	171805585	171809131	intron	GBM neural
chr6:34574332|34574681	chr6	34574332	34574681	exon	GBM neural
chr6:35586873|35614627	chr6	35586873	35614627	intron	GBM neural
chr6:42559889|42604932	chr6	42559889	42604932	exon	GBM neural
chr6:43193385|43194133	chr6	43193385	43194133	exon	GBM neural
chr6:65300116|65303202	chr6	65300116	65303202	exon	GBM neural
chr6:66200487|66205886	chr6	66200487	66205886	exon	GBM neural
chr6:76514824|76516027	chr6	76514824	76516027	intron	GBM neural
chr6:84618728|84634311	chr6	84618728	84634311	exon	GBM neural
chr6:91246056|91281526	chr6	91246056	91281526	exon	GBM neural
chr6:96805684|96812683	chr6	96805684	96812683	intergenic_region	GBM neural
chr6:101247307|101253756	chr6	101247307	101253756	exon	GBM neural
chr6:101311940|101315914	chr6	101311940	101315914	exon	GBM neural
chr6:105192035|105233194	chr6	105192035	105233194	exon	GBM neural
chr6:105291098|105300246	chr6	105291098	105300246	exon	GBM neural
chr6:108267639|108268014	chr6	108267639	108268014	intron	GBM neural
chr6:119147945|119177708	chr6	119147945	119177708	exon	GBM neural
chr6:121600267|121642940	chr6	121600267	121642940	exon	GBM neural
chr6:126667351|126754771	chr6	126667351	126754771	intron	GBM neural
chr6:132777100|132824727	chr6	132777100	132824727	exon	GBM neural
chr6:135359170|135363264	chr6	135359170	135363264	intron	GBM neural
chr6:138966892|138967944	chr6	138966892	138967944	intron	GBM neural
chr6:149953895|149959696	chr6	149953895	149959696	exon	GBM neural
chr6:159204552|159210403	chr6	159204552	159210403	exon	GBM neural
chr6:167435897|167446130	chr6	167435897	167446130	exon	GBM neural
chr7:3458195|3479888	chr7	3458195	3479888	intron	GBM neural
chr7:3645884|3681737	chr7	3645884	3681737	intron	GBM neural
chr7:3678636|3681737	chr7	3678636	3681737	exon	GBM neural
chr7:3678636|3861215	chr7	3678636	3861215	exon	GBM neural
chr7:4088980|4091462	chr7	4088980	4091462	exon	GBM neural
chr7:4116630|4119216	chr7	4116630	4119216	exon	GBM neural
chr7:5953975|5960677	chr7	5953975	5960677	intron	GBM neural
chr7:6154954|6155357	chr7	6154954	6155357	intron	GBM neural
chr7:7628129|7636092	chr7	7628129	7636092	exon	GBM neural
chr7:8389154|8433210	chr7	8389154	8433210	intergenic_region	GBM neural
chr7:11053374|11101712	chr7	11053374	11101712	exon	GBM neural
chr7:11068308|11101712	chr7	11068308	11101712	exon	GBM neural
chr7:11068308|11151094	chr7	11068308	11151094	exon	GBM neural
chr7:22999875|23023664	chr7	22999875	23023664	exon	GBM neural
chr7:23545365|23547154	chr7	23545365	23547154	exon	GBM neural
chr7:23808614|23830565	chr7	23808614	23830565	exon	GBM neural
chr7:24663285|24681487	chr7	24663285	24681487	exon	GBM neural
chr7:26232871|26237486	chr7	26232871	26237486	exon	GBM neural
chr7:26709710|26729981	chr7	26709710	26729981	exon	GBM neural
chr7:28141238|28144689	chr7	28141238	28144689	intron	GBM neural
chr7:29552428|29554933	chr7	29552428	29554933	intergenic_region	GBM neural
chr7:29963572|29983795	chr7	29963572	29983795	exon	GBM neural
chr7:30363258|30405911	chr7	30363258	30405911	exon	GBM neural
chr7:30395344|30405911	chr7	30395344	30405911	exon	GBM neural
chr7:31117606|31132349	chr7	31117606	31132349	exon	GBM neural
chr7:32660016|32663051	chr7	32660016	32663051	exon	GBM neural
chr7:33185854|33195314	chr7	33185854	33195314	exon	GBM neural
chr7:38530650|38543304	chr7	38530650	38543304	exon	GBM neural
chr7:44875128|44882953	chr7	44875128	44882953	exon	GBM neural
chr7:69092385|69137140	chr7	69092385	69137140	intron	GBM neural
chr7:71457470|71458354	chr7	71457470	71458354	intron	GBM neural
chr7:72879769|72884813	chr7	72879769	72884813	exon	GBM neural
chr7:75728758|75730732	chr7	75728758	75730732	intron	GBM neural
chr7:82763566|82785708	chr7	82763566	82785708	exon	GBM neural
chr7:86554844|86571420	chr7	86554844	86571420	exon	GBM neural
chr7:105903838|105909046	chr7	105903838	105909046	exon	GBM neural
chr7:140859326|140912504	chr7	140859326	140912504	intron	GBM neural
chr7:148086775|148091784	chr7	148086775	148091784	intron	GBM neural
chr7:156994415|157009665	chr7	156994415	157009665	exon	GBM neural
chr7:157174940|157178305	chr7	157174940	157178305	exon	GBM neural
chr8:20217237|20230236	chr8	20217237	20230236	exon	GBM neural
chr8:29970007|29970551	chr8	29970007	29970551	intron	GBM neural
chr8:34032329|34042423	chr8	34032329	34042423	intergenic_region	GBM neural
chr8:48352885|48353104	chr8	48352885	48353104	exon	GBM neural
chr8:52697638|52758323	chr8	52697638	52758323	intergenic_region	GBM neural
chr8:62550506|62557191	chr8	62550506	62557191	exon	GBM neural
chr8:67740889|67755782	chr8	67740889	67755782	exon	GBM neural
chr8:68015272|68066371	chr8	68015272	68066371	exon	GBM neural
chr8:71550050|71553285	chr8	71550050	71553285	exon	GBM neural
chr8:71587053|71593565	chr8	71587053	71593565	exon	GBM neural
chr8:72211282|72211955	chr8	72211282	72211955	exon	GBM neural
chr8:80963762|80976828	chr8	80963762	80976828	exon	GBM neural
chr8:81505730|81508412	chr8	81505730	81508412	intergenic_region	GBM neural
chr8:90949254|90958523	chr8	90949254	90958523	exon	GBM neural
chr8:92301364|92307931	chr8	92301364	92307931	exon	GBM neural
chr8:95676925|95677424	chr8	95676925	95677424	exon	GBM neural
chr8:95690431|95705055	chr8	95690431	95705055	exon	GBM neural
chr8:100587886|100589861	chr8	100587886	100589861	exon	GBM neural
chr8:102555469|102571040	chr8	102555469	102571040	exon	GBM neural
chr8:102555469|102589747	chr8	102555469	102589747	exon	GBM neural
chr8:102570647|102571040	chr8	102570647	102571040	exon	GBM neural
chr8:104664433|104709524	chr8	104664433	104709524	intron	GBM neural
chr8:107696474|107719373	chr8	107696474	107719373	exon	GBM neural
chr8:124031435|124042956	chr8	124031435	124042956	exon	GBM neural
chr8:126194345|126207514	chr8	126194345	126207514	intron	GBM neural
chr9:2493075|2494302	chr9	2493075	2494302	exon	GBM neural
chr9:6420912|6460791	chr9	6420912	6460791	exon	GBM neural
chr9:14120439|14125765	chr9	14120439	14125765	exon	GBM neural
chr9:17235656|17273864	chr9	17235656	17273864	exon	GBM neural
chr9:34286615|34290387	chr9	34286615	34290387	exon	GBM neural
chr9:36580070|36583709	chr9	36580070	36583709	intron	GBM neural
chr9:36581641|36589649	chr9	36581641	36589649	exon	GBM neural
chr9:37842086|37861415	chr9	37842086	37861415	exon	GBM neural
chr9:72831202|72872851	chr9	72831202	72872851	exon	GBM neural
chr9:99481791|99483412	chr9	99481791	99483412	intergenic_region	GBM neural
chr9:102722199|102738001	chr9	102722199	102738001	intergenic_region	GBM neural
chr9:103082547|103084053	chr9	103082547	103084053	exon	GBM neural
chr9:103082547|103111654	chr9	103082547	103111654	exon	GBM neural
chr9:103108354|103111654	chr9	103108354	103111654	exon	GBM neural
chr9:110081033|110087285	chr9	110081033	110087285	exon	GBM neural
chr9:112005898|112042201	chr9	112005898	112042201	exon	GBM neural
chr9:115014958|115060196	chr9	115014958	115060196	exon	GBM neural
chr9:119050955|119088026	chr9	119050955	119088026	intron	GBM neural
chr9:119107780|119109125	chr9	119107780	119109125	intron	GBM neural
chr9:125230840|125231464	chr9	125230840	125231464	exon	GBM neural
chr9:125772633|125782738	chr9	125772633	125782738	exon	GBM neural
chrX:6526866|6530616	chrX	6526866	6530616	intergenic_region	GBM neural
chrX:8140231|8196446	chrX	8140231	8196446	intron	GBM neural
chrX:18264697|18266002	chrX	18264697	18266002	exon	GBM neural
chrX:19947903|19954016	chrX	19947903	19954016	exon	GBM neural
chrX:23739998|23751334	chrX	23739998	23751334	exon	GBM neural
chrX:24757492|24767109	chrX	24757492	24767109	exon	GBM neural
chrX:37892787|37913675	chrX	37892787	37913675	exon	GBM neural
chrX:44935942|44950109	chrX	44935942	44950109	exon	GBM neural
chrX:74318777|74334669	chrX	74318777	74334669	exon	GBM neural
chrX:90669903|90708185	chrX	90669903	90708185	intergenic_region	GBM neural
chrX:95990757|95993761	chrX	95990757	95993761	exon	GBM neural
chrX:100356047|100364987	chrX	100356047	100364987	exon	GBM neural
chrX:106390973|106396733	chrX	106390973	106396733	exon	GBM neural
chrX:117532350|117538407	chrX	117532350	117538407	exon	GBM neural
chrX:122744769|122748040	chrX	122744769	122748040	exon	GBM neural
chrX:122799493|122846758	chrX	122799493	122846758	exon	GBM neural
chrX:130498723|130503026	chrX	130498723	130503026	exon	GBM neural
chrX:151804336|151808254	chrX	151804336	151808254	intergenic_region	GBM neural
chrX:151804336|151809756	chrX	151804336	151809756	intergenic_region	GBM neural
chrX:153740638|153741260	chrX	153740638	153741260	exon	GBM neural
