circRNA_ID	chr	circRNA_start	circRNA_end	circRNA_type	dataset
chr1:741179|745550	chr1	741179	745550	exon	GBM recurrent
chr1:1158624|1159348	chr1	1158624	1159348	exon	GBM recurrent
chr1:1747195|1756938	chr1	1747195	1756938	exon	GBM recurrent
chr1:7837220|7838229	chr1	7837220	7838229	exon	GBM recurrent
chr1:8525985|8568734	chr1	8525985	8568734	exon	GBM recurrent
chr1:8555123|8617582	chr1	8555123	8617582	exon	GBM recurrent
chr1:8555123|8674745	chr1	8555123	8674745	exon	GBM recurrent
chr1:8568686|8617582	chr1	8568686	8617582	exon	GBM recurrent
chr1:8601273|8617582	chr1	8601273	8617582	exon	GBM recurrent
chr1:8601273|8674745	chr1	8601273	8674745	exon	GBM recurrent
chr1:8716032|8716500	chr1	8716032	8716500	exon	GBM recurrent
chr1:9991949|9994918	chr1	9991949	9994918	exon	GBM recurrent
chr1:10032076|10041228	chr1	10032076	10041228	exon	GBM recurrent
chr1:10195046|10197263	chr1	10195046	10197263	exon	GBM recurrent
chr1:10351140|10357304	chr1	10351140	10357304	exon	GBM recurrent
chr1:10380101|10436734	chr1	10380101	10436734	exon	GBM recurrent
chr1:10407819|10408791	chr1	10407819	10408791	exon	GBM recurrent
chr1:10463128|10464336	chr1	10463128	10464336	exon	GBM recurrent
chr1:10493899|10502498	chr1	10493899	10502498	exon	GBM recurrent
chr1:12335882|12338095	chr1	12335882	12338095	exon	GBM recurrent
chr1:14095613|14099683	chr1	14095613	14099683	exon	GBM recurrent
chr1:14099573|14109326	chr1	14099573	14109326	exon	GBM recurrent
chr1:15860732|15863309	chr1	15860732	15863309	exon	GBM recurrent
chr1:16632298|16641930	chr1	16632298	16641930	exon	GBM recurrent
chr1:19519927|19523759	chr1	19519927	19523759	exon	GBM recurrent
chr1:21071237|21107033	chr1	21071237	21107033	exon	GBM recurrent
chr1:21076216|21100103	chr1	21076216	21100103	exon	GBM recurrent
chr1:21083659|21100103	chr1	21083659	21100103	exon	GBM recurrent
chr1:21083659|21103243	chr1	21083659	21103243	exon	GBM recurrent
chr1:21091870|21100103	chr1	21091870	21100103	exon	GBM recurrent
chr1:21102217|21102498	chr1	21102217	21102498	exon	GBM recurrent
chr1:21220010|21268823	chr1	21220010	21268823	exon	GBM recurrent
chr1:21231376|21268823	chr1	21231376	21268823	exon	GBM recurrent
chr1:21267984|21307720	chr1	21267984	21307720	exon	GBM recurrent
chr1:21267984|21308901	chr1	21267984	21308901	exon	GBM recurrent
chr1:21295967|21307720	chr1	21295967	21307720	exon	GBM recurrent
chr1:21295967|21308901	chr1	21295967	21308901	exon	GBM recurrent
chr1:21295967|21329301	chr1	21295967	21329301	exon	GBM recurrent
chr1:21306827|21308901	chr1	21306827	21308901	exon	GBM recurrent
chr1:21306827|21329301	chr1	21306827	21329301	exon	GBM recurrent
chr1:21324094|21329301	chr1	21324094	21329301	exon	GBM recurrent
chr1:21324094|21437876	chr1	21324094	21437876	exon	GBM recurrent
chr1:21327692|21329301	chr1	21327692	21329301	exon	GBM recurrent
chr1:21377359|21437876	chr1	21377359	21437876	exon	GBM recurrent
chr1:21415631|21437876	chr1	21415631	21437876	exon	GBM recurrent
chr1:22007301|22021714	chr1	22007301	22021714	exon	GBM recurrent
chr1:22041882|22050588	chr1	22041882	22050588	exon	GBM recurrent
chr1:23356962|23377013	chr1	23356962	23377013	exon	GBM recurrent
chr1:23376880|23385660	chr1	23376880	23385660	exon	GBM recurrent
chr1:23397718|23398690	chr1	23397718	23398690	exon	GBM recurrent
chr1:25666965|25678184	chr1	25666965	25678184	exon	GBM recurrent
chr1:26584088|26586293	chr1	26584088	26586293	exon	GBM recurrent
chr1:26765968|26789924	chr1	26765968	26789924	intron	GBM recurrent
chr1:26772807|26774151	chr1	26772807	26774151	exon	GBM recurrent
chr1:27056142|27059283	chr1	27056142	27059283	exon	GBM recurrent
chr1:27269151|27269556	chr1	27269151	27269556	exon	GBM recurrent
chr1:28116073|28120143	chr1	28116073	28120143	exon	GBM recurrent
chr1:28354300|28374937	chr1	28354300	28374937	exon	GBM recurrent
chr1:28362055|28374937	chr1	28362055	28374937	exon	GBM recurrent
chr1:28800066|28802803	chr1	28800066	28802803	exon	GBM recurrent
chr1:29481208|29481422	chr1	29481208	29481422	exon	GBM recurrent
chr1:31465237|31468067	chr1	31465237	31468067	exon	GBM recurrent
chr1:31465237|31479949	chr1	31465237	31479949	exon	GBM recurrent
chr1:31810022|31821821	chr1	31810022	31821821	exon	GBM recurrent
chr1:32381496|32385259	chr1	32381496	32385259	exon	GBM recurrent
chr1:32495899|32510991	chr1	32495899	32510991	exon	GBM recurrent
chr1:33413823|33415375	chr1	33413823	33415375	exon	GBM recurrent
chr1:35824526|35827390	chr1	35824526	35827390	exon	GBM recurrent
chr1:35846860|35854683	chr1	35846860	35854683	exon	GBM recurrent
chr1:35857813|35865177	chr1	35857813	35865177	exon	GBM recurrent
chr1:35936464|35944813	chr1	35936464	35944813	exon	GBM recurrent
chr1:36826822|36828257	chr1	36826822	36828257	exon	GBM recurrent
chr1:37621192|37622594	chr1	37621192	37622594	intergenic_region	GBM recurrent
chr1:40306807|40323089	chr1	40306807	40323089	exon	GBM recurrent
chr1:40654727|40668286	chr1	40654727	40668286	exon	GBM recurrent
chr1:40872408|40875507	chr1	40872408	40875507	exon	GBM recurrent
chr1:41536267|41541123	chr1	41536267	41541123	exon	GBM recurrent
chr1:41578955|41582682	chr1	41578955	41582682	exon	GBM recurrent
chr1:42693554|42744455	chr1	42693554	42744455	intron	GBM recurrent
chr1:42693554|42776781	chr1	42693554	42776781	exon	GBM recurrent
chr1:42730786|42744343	chr1	42730786	42744343	exon	GBM recurrent
chr1:42948334|42964587	chr1	42948334	42964587	exon	GBM recurrent
chr1:42948334|43055154	chr1	42948334	43055154	exon	GBM recurrent
chr1:44773982|44804994	chr1	44773982	44804994	exon	GBM recurrent
chr1:44877653|44878394	chr1	44877653	44878394	exon	GBM recurrent
chr1:44877653|44881895	chr1	44877653	44881895	intron	GBM recurrent
chr1:45325253|45325538	chr1	45325253	45325538	intron	GBM recurrent
chr1:45553553|45553909	chr1	45553553	45553909	exon	GBM recurrent
chr1:45887397|45940820	chr1	45887397	45940820	intron	GBM recurrent
chr1:46105882|46108171	chr1	46105882	46108171	exon	GBM recurrent
chr1:46124700|46126897	chr1	46124700	46126897	exon	GBM recurrent
chr1:46521467|46546422	chr1	46521467	46546422	exon	GBM recurrent
chr1:47521076|47571933	chr1	47521076	47571933	intergenic_region	GBM recurrent
chr1:47745913|47748131	chr1	47745913	47748131	exon	GBM recurrent
chr1:47834141|47840965	chr1	47834141	47840965	exon	GBM recurrent
chr1:48821342|48825442	chr1	48821342	48825442	exon	GBM recurrent
chr1:48860939|48865316	chr1	48860939	48865316	exon	GBM recurrent
chr1:50956260|51001129	chr1	50956260	51001129	exon	GBM recurrent
chr1:51005264|51061888	chr1	51005264	51061888	exon	GBM recurrent
chr1:51032749|51061888	chr1	51032749	51061888	exon	GBM recurrent
chr1:51868107|51874004	chr1	51868107	51874004	exon	GBM recurrent
chr1:51926763|51930998	chr1	51926763	51930998	exon	GBM recurrent
chr1:52279707|52299842	chr1	52279707	52299842	exon	GBM recurrent
chr1:52293468|52299842	chr1	52293468	52299842	exon	GBM recurrent
chr1:52747333|52769597	chr1	52747333	52769597	exon	GBM recurrent
chr1:52947476|52975384	chr1	52947476	52975384	exon	GBM recurrent
chr1:52959283|52975384	chr1	52959283	52975384	exon	GBM recurrent
chr1:52975268|52992045	chr1	52975268	52992045	exon	GBM recurrent
chr1:54389577|54405770	chr1	54389577	54405770	exon	GBM recurrent
chr1:54506429|54513045	chr1	54506429	54513045	exon	GBM recurrent
chr1:59787208|59812070	chr1	59787208	59812070	exon	GBM recurrent
chr1:59787208|59844509	chr1	59787208	59844509	exon	GBM recurrent
chr1:59805630|59844509	chr1	59805630	59844509	exon	GBM recurrent
chr1:61553821|61578015	chr1	61553821	61578015	intron	GBM recurrent
chr1:62907159|62911100	chr1	62907159	62911100	exon	GBM recurrent
chr1:62920853|62943505	chr1	62920853	62943505	exon	GBM recurrent
chr1:63042933|63044637	chr1	63042933	63044637	exon	GBM recurrent
chr1:63269390|63300523	chr1	63269390	63300523	exon	GBM recurrent
chr1:63269390|63307218	chr1	63269390	63307218	exon	GBM recurrent
chr1:65830318|65831879	chr1	65830318	65831879	exon	GBM recurrent
chr1:65849876|65855310	chr1	65849876	65855310	exon	GBM recurrent
chr1:66378928|66384518	chr1	66378928	66384518	exon	GBM recurrent
chr1:67098753|67109402	chr1	67098753	67109402	exon	GBM recurrent
chr1:67356837|67371058	chr1	67356837	67371058	exon	GBM recurrent
chr1:67411833|67425426	chr1	67411833	67425426	exon	GBM recurrent
chr1:67423742|67428843	chr1	67423742	67428843	exon	GBM recurrent
chr1:70518709|70555502	chr1	70518709	70555502	exon	GBM recurrent
chr1:70518709|70573509	chr1	70518709	70573509	exon	GBM recurrent
chr1:70541760|70573509	chr1	70541760	70573509	exon	GBM recurrent
chr1:70736539|70781249	chr1	70736539	70781249	exon	GBM recurrent
chr1:72241855|72400994	chr1	72241855	72400994	exon	GBM recurrent
chr1:74701786|74737392	chr1	74701786	74737392	exon	GBM recurrent
chr1:74905174|74957950	chr1	74905174	74957950	exon	GBM recurrent
chr1:76205665|76216231	chr1	76205665	76216231	exon	GBM recurrent
chr1:76211491|76216231	chr1	76211491	76216231	exon	GBM recurrent
chr1:77752626|77763632	chr1	77752626	77763632	exon	GBM recurrent
chr1:77752626|77806253	chr1	77752626	77806253	exon	GBM recurrent
chr1:77949002|78001723	chr1	77949002	78001723	exon	GBM recurrent
chr1:78097520|78107340	chr1	78097520	78107340	intron	GBM recurrent
chr1:78097535|78107340	chr1	78097535	78107340	exon	GBM recurrent
chr1:78098800|78107340	chr1	78098800	78107340	exon	GBM recurrent
chr1:78177432|78180468	chr1	78177432	78180468	exon	GBM recurrent
chr1:78177432|78181553	chr1	78177432	78181553	exon	GBM recurrent
chr1:78183552|78191447	chr1	78183552	78191447	exon	GBM recurrent
chr1:78267016|78272786	chr1	78267016	78272786	exon	GBM recurrent
chr1:78267016|78280916	chr1	78267016	78280916	exon	GBM recurrent
chr1:78267016|78309092	chr1	78267016	78309092	exon	GBM recurrent
chr1:78324623|78332076	chr1	78324623	78332076	exon	GBM recurrent
chr1:84356004|84377046	chr1	84356004	84377046	exon	GBM recurrent
chr1:84369762|84399449	chr1	84369762	84399449	exon	GBM recurrent
chr1:84376848|84412965	chr1	84376848	84412965	exon	GBM recurrent
chr1:84383287|84408362	chr1	84383287	84408362	exon	GBM recurrent
chr1:84644860|84650865	chr1	84644860	84650865	exon	GBM recurrent
chr1:84644860|84663507	chr1	84644860	84663507	exon	GBM recurrent
chr1:84644860|84680000	chr1	84644860	84680000	exon	GBM recurrent
chr1:87181407|87185318	chr1	87181407	87185318	exon	GBM recurrent
chr1:87181407|87208119	chr1	87181407	87208119	exon	GBM recurrent
chr1:87185190|87190088	chr1	87185190	87190088	exon	GBM recurrent
chr1:89206671|89251896	chr1	89206671	89251896	exon	GBM recurrent
chr1:89236035|89251896	chr1	89236035	89251896	exon	GBM recurrent
chr1:91382197|91447927	chr1	91382197	91447927	exon	GBM recurrent
chr1:91403042|91447927	chr1	91403042	91447927	exon	GBM recurrent
chr1:92327028|92332399	chr1	92327028	92332399	exon	GBM recurrent
chr1:92508380|92511217	chr1	92508380	92511217	exon	GBM recurrent
chr1:92508380|92515977	chr1	92508380	92515977	exon	GBM recurrent
chr1:92554255|92595333	chr1	92554255	92595333	exon	GBM recurrent
chr1:92642386|92644008	chr1	92642386	92644008	exon	GBM recurrent
chr1:92798948|92811471	chr1	92798948	92811471	exon	GBM recurrent
chr1:92798948|92846430	chr1	92798948	92846430	exon	GBM recurrent
chr1:93029199|93073284	chr1	93029199	93073284	exon	GBM recurrent
chr1:93029199|93101893	chr1	93029199	93101893	exon	GBM recurrent
chr1:93070864|93101893	chr1	93070864	93101893	exon	GBM recurrent
chr1:94964158|94965170	chr1	94964158	94965170	exon	GBM recurrent
chr1:95609447|95616975	chr1	95609447	95616975	exon	GBM recurrent
chr1:95609447|95639445	chr1	95609447	95639445	exon	GBM recurrent
chr1:97839117|97848017	chr1	97839117	97848017	exon	GBM recurrent
chr1:97981282|98015300	chr1	97981282	98015300	exon	GBM recurrent
chr1:98015116|98039526	chr1	98015116	98039526	exon	GBM recurrent
chr1:98144651|98165858	chr1	98144651	98165858	intron	GBM recurrent
chr1:98144651|98187227	chr1	98144651	98187227	exon	GBM recurrent
chr1:98144651|98206035	chr1	98144651	98206035	exon	GBM recurrent
chr1:99418626|99422297	chr1	99418626	99422297	exon	GBM recurrent
chr1:100661770|100672192	chr1	100661770	100672192	exon	GBM recurrent
chr1:101379219|101440458	chr1	101379219	101440458	exon	GBM recurrent
chr1:104108057|104118162	chr1	104108057	104118162	exon	GBM recurrent
chr1:104108057|104164515	chr1	104108057	104164515	intergenic_region	GBM recurrent
chr1:104108057|104258640	chr1	104108057	104258640	intergenic_region	GBM recurrent
chr1:107866904|107867544	chr1	107866904	107867544	exon	GBM recurrent
chr1:108226110|108247683	chr1	108226110	108247683	exon	GBM recurrent
chr1:109325044|109337529	chr1	109325044	109337529	exon	GBM recurrent
chr1:109525231|109529302	chr1	109525231	109529302	exon	GBM recurrent
chr1:109878862|109888500	chr1	109878862	109888500	exon	GBM recurrent
chr1:109878862|109912211	chr1	109878862	109912211	exon	GBM recurrent
chr1:109896989|109912211	chr1	109896989	109912211	exon	GBM recurrent
chr1:110207633|110233186	chr1	110207633	110233186	intergenic_region	GBM recurrent
chr1:111690264|111703918	chr1	111690264	111703918	exon	GBM recurrent
chr1:114372214|114377061	chr1	114372214	114377061	exon	GBM recurrent
chr1:115005726|115007010	chr1	115005726	115007010	exon	GBM recurrent
chr1:117944808|117948267	chr1	117944808	117948267	exon	GBM recurrent
chr1:117944808|117957453	chr1	117944808	117957453	exon	GBM recurrent
chr1:117944808|117963271	chr1	117944808	117963271	exon	GBM recurrent
chr1:117944808|117984947	chr1	117944808	117984947	exon	GBM recurrent
chr1:117944808|118009049	chr1	117944808	118009049	exon	GBM recurrent
chr1:118003111|118045592	chr1	118003111	118045592	exon	GBM recurrent
chr1:118003111|118065559	chr1	118003111	118065559	exon	GBM recurrent
chr1:118413069|118463047	chr1	118413069	118463047	exon	GBM recurrent
chr1:118454616|118461358	chr1	118454616	118461358	exon	GBM recurrent
chr1:119573857|119588285	chr1	119573857	119588285	exon	GBM recurrent
chr1:144909869|144912294	chr1	144909869	144912294	exon	GBM recurrent
chr1:144994591|145021167	chr1	144994591	145021167	exon	GBM recurrent
chr1:145015860|145021167	chr1	145015860	145021167	exon	GBM recurrent
chr1:145592633|145595220	chr1	145592633	145595220	exon	GBM recurrent
chr1:145594039|145595220	chr1	145594039	145595220	exon	GBM recurrent
chr1:145646115|145663367	chr1	145646115	145663367	exon	GBM recurrent
chr1:146724278|146731572	chr1	146724278	146731572	exon	GBM recurrent
chr1:147120048|147131890	chr1	147120048	147131890	exon	GBM recurrent
chr1:147743964|147747505	chr1	147743964	147747505	intergenic_region	GBM recurrent
chr1:149239868|149255307	chr1	149239868	149255307	intergenic_region	GBM recurrent
chr1:149931603|149936274	chr1	149931603	149936274	exon	GBM recurrent
chr1:149936147|149937803	chr1	149936147	149937803	exon	GBM recurrent
chr1:150413399|150418877	chr1	150413399	150418877	exon	GBM recurrent
chr1:150997087|150998149	chr1	150997087	150998149	exon	GBM recurrent
chr1:150997087|150999803	chr1	150997087	150999803	exon	GBM recurrent
chr1:151060666|151090615	chr1	151060666	151090615	exon	GBM recurrent
chr1:151288049|151288985	chr1	151288049	151288985	exon	GBM recurrent
chr1:151380576|151381304	chr1	151380576	151381304	exon	GBM recurrent
chr1:151400299|151403317	chr1	151400299	151403317	exon	GBM recurrent
chr1:154213989|154218851	chr1	154213989	154218851	exon	GBM recurrent
chr1:155340295|155429689	chr1	155340295	155429689	exon	GBM recurrent
chr1:155365250|155408859	chr1	155365250	155408859	exon	GBM recurrent
chr1:155408118|155408859	chr1	155408118	155408859	exon	GBM recurrent
chr1:155408118|155429689	chr1	155408118	155429689	exon	GBM recurrent
chr1:155408118|155491409	chr1	155408118	155491409	exon	GBM recurrent
chr1:155582209|155717687	chr1	155582209	155717687	intergenic_region	GBM recurrent
chr1:155619605|155736500	chr1	155619605	155736500	intergenic_region	GBM recurrent
chr1:155631098|155743001	chr1	155631098	155743001	intergenic_region	GBM recurrent
chr1:155640111|155649303	chr1	155640111	155649303	exon	GBM recurrent
chr1:155640111|155753880	chr1	155640111	155753880	intergenic_region	GBM recurrent
chr1:155644801|155649303	chr1	155644801	155649303	exon	GBM recurrent
chr1:155644801|155650247	chr1	155644801	155650247	exon	GBM recurrent
chr1:155644801|155753880	chr1	155644801	155753880	intergenic_region	GBM recurrent
chr1:155646339|155649303	chr1	155646339	155649303	exon	GBM recurrent
chr1:155646339|155753880	chr1	155646339	155753880	intergenic_region	GBM recurrent
chr1:155686797|155695810	chr1	155686797	155695810	exon	GBM recurrent
chr1:155691308|155695810	chr1	155691308	155695810	exon	GBM recurrent
chr1:155695173|155695810	chr1	155695173	155695810	exon	GBM recurrent
chr1:155734791|155736500	chr1	155734791	155736500	exon	GBM recurrent
chr1:155740858|155743001	chr1	155740858	155743001	exon	GBM recurrent
chr1:155823067|155823597	chr1	155823067	155823597	exon	GBM recurrent
chr1:155837756|155838582	chr1	155837756	155838582	exon	GBM recurrent
chr1:155891166|155891709	chr1	155891166	155891709	exon	GBM recurrent
chr1:156303338|156304709	chr1	156303338	156304709	exon	GBM recurrent
chr1:160293221|160302347	chr1	160293221	160302347	exon	GBM recurrent
chr1:161816239|161882170	chr1	161816239	161882170	exon	GBM recurrent
chr1:168007609|168014465	chr1	168007609	168014465	exon	GBM recurrent
chr1:169947226|170001116	chr1	169947226	170001116	exon	GBM recurrent
chr1:171492360|171502100	chr1	171492360	171502100	exon	GBM recurrent
chr1:171493960|171506612	chr1	171493960	171506612	exon	GBM recurrent
chr1:171548493|171556890	chr1	171548493	171556890	exon	GBM recurrent
chr1:172011149|172017890	chr1	172011149	172017890	exon	GBM recurrent
chr1:172086672|172222822	chr1	172086672	172222822	intron	GBM recurrent
chr1:172100315|172152036	chr1	172100315	172152036	intron	GBM recurrent
chr1:172100315|172222822	chr1	172100315	172222822	exon	GBM recurrent
chr1:172356273|172357949	chr1	172356273	172357949	exon	GBM recurrent
chr1:172520652|172526934	chr1	172520652	172526934	exon	GBM recurrent
chr1:173726115|173744981	chr1	173726115	173744981	exon	GBM recurrent
chr1:176012322|176105683	chr1	176012322	176105683	exon	GBM recurrent
chr1:176050288|176085817	chr1	176050288	176085817	exon	GBM recurrent
chr1:176050288|176105683	chr1	176050288	176105683	exon	GBM recurrent
chr1:179870437|179877808	chr1	179870437	179877808	exon	GBM recurrent
chr1:179955304|179966310	chr1	179955304	179966310	exon	GBM recurrent
chr1:179955304|179975702	chr1	179955304	179975702	exon	GBM recurrent
chr1:180953813|180962561	chr1	180953813	180962561	exon	GBM recurrent
chr1:183920141|183947654	chr1	183920141	183947654	exon	GBM recurrent
chr1:185143504|185191168	chr1	185143504	185191168	exon	GBM recurrent
chr1:185171786|185191168	chr1	185171786	185191168	exon	GBM recurrent
chr1:185183639|185200840	chr1	185183639	185200840	exon	GBM recurrent
chr1:193107215|193111196	chr1	193107215	193111196	exon	GBM recurrent
chr1:193110980|193121574	chr1	193110980	193121574	exon	GBM recurrent
chr1:197144140|197161029	chr1	197144140	197161029	exon	GBM recurrent
chr1:197552282|197684204	chr1	197552282	197684204	exon	GBM recurrent
chr1:197611841|197627499	chr1	197611841	197627499	exon	GBM recurrent
chr1:197611841|197684204	chr1	197611841	197684204	exon	GBM recurrent
chr1:200729967|200784772	chr1	200729967	200784772	exon	GBM recurrent
chr1:201786216|201786413	chr1	201786216	201786413	exon	GBM recurrent
chr1:201816407|201817722	chr1	201816407	201817722	exon	GBM recurrent
chr1:204970298|204971876	chr1	204970298	204971876	exon	GBM recurrent
chr1:205585606|205593019	chr1	205585606	205593019	exon	GBM recurrent
chr1:207303516|207328403	chr1	207303516	207328403	intergenic_region	GBM recurrent
chr1:211192206|211264032	chr1	211192206	211264032	exon	GBM recurrent
chr1:211256122|211264032	chr1	211256122	211264032	exon	GBM recurrent
chr1:211526581|211527809	chr1	211526581	211527809	exon	GBM recurrent
chr1:211952260|211966532	chr1	211952260	211966532	exon	GBM recurrent
chr1:213037067|213058738	chr1	213037067	213058738	exon	GBM recurrent
chr1:213251038|213290752	chr1	213251038	213290752	exon	GBM recurrent
chr1:213251038|213341316	chr1	213251038	213341316	exon	GBM recurrent
chr1:213302870|213341316	chr1	213302870	213341316	exon	GBM recurrent
chr1:213302870|213349835	chr1	213302870	213349835	exon	GBM recurrent
chr1:213341201|213349835	chr1	213341201	213349835	exon	GBM recurrent
chr1:214169812|214185058	chr1	214169812	214185058	exon	GBM recurrent
chr1:214488105|214510283	chr1	214488105	214510283	exon	GBM recurrent
chr1:215342542|215345526	chr1	215342542	215345526	exon	GBM recurrent
chr1:215759838|215768813	chr1	215759838	215768813	exon	GBM recurrent
chr1:217622591|217671737	chr1	217622591	217671737	exon	GBM recurrent
chr1:219366424|219414650	chr1	219366424	219414650	intergenic_region	GBM recurrent
chr1:219366424|219564456	chr1	219366424	219564456	intergenic_region	GBM recurrent
chr1:220145411|220152061	chr1	220145411	220152061	exon	GBM recurrent
chr1:220310151|220313631	chr1	220310151	220313631	exon	GBM recurrent
chr1:220752696|220792097	chr1	220752696	220792097	exon	GBM recurrent
chr1:220771673|220792097	chr1	220771673	220792097	exon	GBM recurrent
chr1:222897434|222898897	chr1	222897434	222898897	exon	GBM recurrent
chr1:229593908|229601266	chr1	229593908	229601266	exon	GBM recurrent
chr1:229602381|229623360	chr1	229602381	229623360	exon	GBM recurrent
chr1:230798887|230807386	chr1	230798887	230807386	exon	GBM recurrent
chr1:230798887|230810870	chr1	230798887	230810870	exon	GBM recurrent
chr1:231079552|231097049	chr1	231079552	231097049	exon	GBM recurrent
chr1:231090079|231097049	chr1	231090079	231097049	exon	GBM recurrent
chr1:231506308|231509845	chr1	231506308	231509845	exon	GBM recurrent
chr1:231930988|231954263	chr1	231930988	231954263	exon	GBM recurrent
chr1:231954075|231954896	chr1	231954075	231954896	exon	GBM recurrent
chr1:232669236|232711361	chr1	232669236	232711361	intergenic_region	GBM recurrent
chr1:233190014|233193036	chr1	233190014	233193036	exon	GBM recurrent
chr1:233225807|233231609	chr1	233225807	233231609	exon	GBM recurrent
chr1:233225807|233314921	chr1	233225807	233314921	exon	GBM recurrent
chr1:233225807|233363117	chr1	233225807	233363117	exon	GBM recurrent
chr1:233270759|233297109	chr1	233270759	233297109	exon	GBM recurrent
chr1:233270759|233344435	chr1	233270759	233344435	exon	GBM recurrent
chr1:233270759|233372726	chr1	233270759	233372726	exon	GBM recurrent
chr1:233296029|233344435	chr1	233296029	233344435	exon	GBM recurrent
chr1:233297017|233372726	chr1	233297017	233372726	exon	GBM recurrent
chr1:233313548|233344435	chr1	233313548	233344435	exon	GBM recurrent
chr1:233313548|233363117	chr1	233313548	233363117	exon	GBM recurrent
chr1:233334685|233344435	chr1	233334685	233344435	exon	GBM recurrent
chr1:233334685|233388534	chr1	233334685	233388534	exon	GBM recurrent
chr1:233353645|233363117	chr1	233353645	233363117	exon	GBM recurrent
chr1:235357328|235377341	chr1	235357328	235377341	exon	GBM recurrent
chr1:235383108|235392700	chr1	235383108	235392700	exon	GBM recurrent
chr1:235505023|235506198	chr1	235505023	235506198	exon	GBM recurrent
chr1:235937142|235940608	chr1	235937142	235940608	exon	GBM recurrent
chr1:236332006|236343328	chr1	236332006	236343328	exon	GBM recurrent
chr1:236332006|236347206	chr1	236332006	236347206	exon	GBM recurrent
chr1:236332006|236368550	chr1	236332006	236368550	exon	GBM recurrent
chr1:236881158|236894614	chr1	236881158	236894614	exon	GBM recurrent
chr1:237532834|237632487	chr1	237532834	237632487	exon	GBM recurrent
chr1:237788961|237804302	chr1	237788961	237804302	exon	GBM recurrent
chr1:239656009|239657951	chr1	239656009	239657951	intron	GBM recurrent
chr1:240341221|240374535	chr1	240341221	240374535	exon	GBM recurrent
chr1:240351507|240374535	chr1	240351507	240374535	exon	GBM recurrent
chr1:240351507|240421332	chr1	240351507	240421332	exon	GBM recurrent
chr1:240351507|240458183	chr1	240351507	240458183	exon	GBM recurrent
chr1:240370099|240374535	chr1	240370099	240374535	exon	GBM recurrent
chr1:240370099|240421332	chr1	240370099	240421332	exon	GBM recurrent
chr1:240370099|240497529	chr1	240370099	240497529	exon	GBM recurrent
chr1:240421245|240555862	chr1	240421245	240555862	exon	GBM recurrent
chr1:240458122|240555862	chr1	240458122	240555862	exon	GBM recurrent
chr1:241031887|241033419	chr1	241031887	241033419	exon	GBM recurrent
chr1:241094017|241100006	chr1	241094017	241100006	exon	GBM recurrent
chr1:243433394|243449699	chr1	243433394	243449699	exon	GBM recurrent
chr1:243456393|243493994	chr1	243456393	243493994	exon	GBM recurrent
chr1:243456393|243589860	chr1	243456393	243589860	exon	GBM recurrent
chr1:243471291|243589860	chr1	243471291	243589860	exon	GBM recurrent
chr1:243480057|243589860	chr1	243480057	243589860	exon	GBM recurrent
chr1:243579004|243589860	chr1	243579004	243589860	exon	GBM recurrent
chr1:243708812|243736350	chr1	243708812	243736350	exon	GBM recurrent
chr1:243708812|243801044	chr1	243708812	243801044	exon	GBM recurrent
chr1:243708812|243859018	chr1	243708812	243859018	exon	GBM recurrent
chr1:243727022|243859018	chr1	243727022	243859018	exon	GBM recurrent
chr1:243776973|243801044	chr1	243776973	243801044	exon	GBM recurrent
chr1:243776973|243828185	chr1	243776973	243828185	exon	GBM recurrent
chr1:243776973|243859018	chr1	243776973	243859018	exon	GBM recurrent
chr1:243846499|244006584	chr1	243846499	244006584	intron	GBM recurrent
chr1:245006437|245012158	chr1	245006437	245012158	exon	GBM recurrent
chr1:245180544|245246990	chr1	245180544	245246990	exon	GBM recurrent
chr1:246078832|246093239	chr1	246078832	246093239	exon	GBM recurrent
chr1:247302018|247323115	chr1	247302018	247323115	exon	GBM recurrent
chr1:247318868|247323115	chr1	247318868	247323115	intron	GBM recurrent
chr1:247319708|247323115	chr1	247319708	247323115	exon	GBM recurrent
chr1:247320302|247323115	chr1	247320302	247323115	exon	GBM recurrent
chr1:247322308|247323115	chr1	247322308	247323115	exon	GBM recurrent
chr1:248023919|248031365	chr1	248023919	248031365	exon	GBM recurrent
chr10:225934|267296	chr10	225934	267296	exon	GBM recurrent
chr10:225934|295028	chr10	225934	295028	exon	GBM recurrent
chr10:309144|309598	chr10	309144	309598	intergenic_region	GBM recurrent
chr10:412215|430086	chr10	412215	430086	exon	GBM recurrent
chr10:875325|890995	chr10	875325	890995	exon	GBM recurrent
chr10:1118056|1142186	chr10	1118056	1142186	exon	GBM recurrent
chr10:3201106|3202522	chr10	3201106	3202522	exon	GBM recurrent
chr10:4872867|4915499	chr10	4872867	4915499	intergenic_region	GBM recurrent
chr10:5741488|5756170	chr10	5741488	5756170	exon	GBM recurrent
chr10:5827105|5842668	chr10	5827105	5842668	exon	GBM recurrent
chr10:5836848|5842668	chr10	5836848	5842668	exon	GBM recurrent
chr10:7262373|7327916	chr10	7262373	7327916	exon	GBM recurrent
chr10:7269817|7327916	chr10	7269817	7327916	exon	GBM recurrent
chr10:7285520|7327916	chr10	7285520	7327916	exon	GBM recurrent
chr10:7318854|7327916	chr10	7318854	7327916	exon	GBM recurrent
chr10:7839010|7844817	chr10	7839010	7844817	exon	GBM recurrent
chr10:12039671|12056183	chr10	12039671	12056183	exon	GBM recurrent
chr10:12257739|12288276	chr10	12257739	12288276	exon	GBM recurrent
chr10:12442015|12445368	chr10	12442015	12445368	intron	GBM recurrent
chr10:13169745|13178897	chr10	13169745	13178897	exon	GBM recurrent
chr10:13705453|13717044	chr10	13705453	13717044	exon	GBM recurrent
chr10:14272255|14275092	chr10	14272255	14275092	intron	GBM recurrent
chr10:14938845|14939516	chr10	14938845	14939516	exon	GBM recurrent
chr10:15838099|15889942	chr10	15838099	15889942	exon	GBM recurrent
chr10:15858834|15889942	chr10	15858834	15889942	exon	GBM recurrent
chr10:15863655|15885271	chr10	15863655	15885271	exon	GBM recurrent
chr10:15863655|15889942	chr10	15863655	15889942	exon	GBM recurrent
chr10:15875629|15885271	chr10	15875629	15885271	exon	GBM recurrent
chr10:15875629|15889942	chr10	15875629	15889942	exon	GBM recurrent
chr10:16794538|16824083	chr10	16794538	16824083	exon	GBM recurrent
chr10:17199440|17210916	chr10	17199440	17210916	exon	GBM recurrent
chr10:17746430|17747740	chr10	17746430	17747740	exon	GBM recurrent
chr10:18266831|18292287	chr10	18266831	18292287	exon	GBM recurrent
chr10:18816517|18825125	chr10	18816517	18825125	exon	GBM recurrent
chr10:21134187|21141578	chr10	21134187	21141578	exon	GBM recurrent
chr10:21246660|21250708	chr10	21246660	21250708	intron	GBM recurrent
chr10:22002701|22016857	chr10	22002701	22016857	exon	GBM recurrent
chr10:22019829|22024164	chr10	22019829	22024164	exon	GBM recurrent
chr10:24904055|24904798	chr10	24904055	24904798	intron	GBM recurrent
chr10:24918925|24924032	chr10	24918925	24924032	exon	GBM recurrent
chr10:26789748|26792203	chr10	26789748	26792203	exon	GBM recurrent
chr10:26800676|26802589	chr10	26800676	26802589	exon	GBM recurrent
chr10:27301811|27306721	chr10	27301811	27306721	exon	GBM recurrent
chr10:27355416|27368090	chr10	27355416	27368090	exon	GBM recurrent
chr10:27406505|27410377	chr10	27406505	27410377	exon	GBM recurrent
chr10:27962889|27964483	chr10	27962889	27964483	exon	GBM recurrent
chr10:28358701|28378770	chr10	28358701	28378770	exon	GBM recurrent
chr10:28872328|28884970	chr10	28872328	28884970	exon	GBM recurrent
chr10:31230504|31273355	chr10	31230504	31273355	exon	GBM recurrent
chr10:32197100|32199491	chr10	32197100	32199491	exon	GBM recurrent
chr10:32740520|32762951	chr10	32740520	32762951	exon	GBM recurrent
chr10:32740520|32833229	chr10	32740520	32833229	exon	GBM recurrent
chr10:32740520|32856819	chr10	32740520	32856819	exon	GBM recurrent
chr10:32740520|32873232	chr10	32740520	32873232	exon	GBM recurrent
chr10:32751611|32873232	chr10	32751611	32873232	exon	GBM recurrent
chr10:32832228|32873232	chr10	32832228	32873232	exon	GBM recurrent
chr10:32854486|32873232	chr10	32854486	32873232	exon	GBM recurrent
chr10:34558585|34573173	chr10	34558585	34573173	exon	GBM recurrent
chr10:34661426|34673182	chr10	34661426	34673182	exon	GBM recurrent
chr10:35805451|35819171	chr10	35805451	35819171	exon	GBM recurrent
chr10:35805451|35842113	chr10	35805451	35842113	exon	GBM recurrent
chr10:38126545|38127039	chr10	38126545	38127039	exon	GBM recurrent
chr10:46135264|46159290	chr10	46135264	46159290	exon	GBM recurrent
chr10:49609655|49618211	chr10	49609655	49618211	exon	GBM recurrent
chr10:50701163|50714058	chr10	50701163	50714058	exon	GBM recurrent
chr10:52193236|52226692	chr10	52193236	52226692	exon	GBM recurrent
chr10:52193236|52350007	chr10	52193236	52350007	exon	GBM recurrent
chr10:52220433|52350007	chr10	52220433	52350007	exon	GBM recurrent
chr10:60157940|60160036	chr10	60157940	60160036	intergenic_region	GBM recurrent
chr10:61844360|61845011	chr10	61844360	61845011	exon	GBM recurrent
chr10:61844360|61848116	chr10	61844360	61848116	exon	GBM recurrent
chr10:61865663|61898845	chr10	61865663	61898845	exon	GBM recurrent
chr10:64148155|64159552	chr10	64148155	64159552	exon	GBM recurrent
chr10:65369947|65379560	chr10	65369947	65379560	exon	GBM recurrent
chr10:69714352|69773943	chr10	69714352	69773943	exon	GBM recurrent
chr10:69726440|69773943	chr10	69726440	69773943	exon	GBM recurrent
chr10:70152895|70154208	chr10	70152895	70154208	exon	GBM recurrent
chr10:70152895|70161494	chr10	70152895	70161494	exon	GBM recurrent
chr10:70227880|70229920	chr10	70227880	70229920	exon	GBM recurrent
chr10:70246901|70253327	chr10	70246901	70253327	exon	GBM recurrent
chr10:70246901|70266475	chr10	70246901	70266475	exon	GBM recurrent
chr10:70404455|70406762	chr10	70404455	70406762	exon	GBM recurrent
chr10:70497602|70502326	chr10	70497602	70502326	exon	GBM recurrent
chr10:70513609|70532856	chr10	70513609	70532856	exon	GBM recurrent
chr10:70696692|70703013	chr10	70696692	70703013	exon	GBM recurrent
chr10:70719562|70726959	chr10	70719562	70726959	exon	GBM recurrent
chr10:74468041|74475660	chr10	74468041	74475660	exon	GBM recurrent
chr10:75069916|75072401	chr10	75069916	75072401	exon	GBM recurrent
chr10:75214170|75239275	chr10	75214170	75239275	exon	GBM recurrent
chr10:75286405|75299351	chr10	75286405	75299351	exon	GBM recurrent
chr10:75331179|75336119	chr10	75331179	75336119	exon	GBM recurrent
chr10:76598441|76603236	chr10	76598441	76603236	exon	GBM recurrent
chr10:76602358|76603236	chr10	76602358	76603236	exon	GBM recurrent
chr10:76729418|76748870	chr10	76729418	76748870	exon	GBM recurrent
chr10:78704531|78729825	chr10	78704531	78729825	exon	GBM recurrent
chr10:78832855|78839308	chr10	78832855	78839308	exon	GBM recurrent
chr10:84711225|84745103	chr10	84711225	84745103	exon	GBM recurrent
chr10:86177527|86185649	chr10	86177527	86185649	exon	GBM recurrent
chr10:88211724|88221044	chr10	88211724	88221044	exon	GBM recurrent
chr10:88231965|88233730	chr10	88231965	88233730	exon	GBM recurrent
chr10:89527430|89536184	chr10	89527430	89536184	exon	GBM recurrent
chr10:90661413|90682193	chr10	90661413	90682193	exon	GBM recurrent
chr10:91511103|91522592	chr10	91511103	91522592	exon	GBM recurrent
chr10:93841077|93851701	chr10	93841077	93851701	exon	GBM recurrent
chr10:93870833|93904869	chr10	93870833	93904869	exon	GBM recurrent
chr10:94291505|94297307	chr10	94291505	94297307	exon	GBM recurrent
chr10:94632916|94679807	chr10	94632916	94679807	intron	GBM recurrent
chr10:94653106|94774024	chr10	94653106	94774024	exon	GBM recurrent
chr10:95436410|95447206	chr10	95436410	95447206	exon	GBM recurrent
chr10:95790440|95792009	chr10	95790440	95792009	intergenic_region	GBM recurrent
chr10:96201653|96203180	chr10	96201653	96203180	intron	GBM recurrent
chr10:96201653|96234540	chr10	96201653	96234540	exon	GBM recurrent
chr10:96207392|96234540	chr10	96207392	96234540	intron	GBM recurrent
chr10:96256812|96282210	chr10	96256812	96282210	exon	GBM recurrent
chr10:97098890|97106209	chr10	97098890	97106209	exon	GBM recurrent
chr10:97110966|97144042	chr10	97110966	97144042	exon	GBM recurrent
chr10:97141442|97170534	chr10	97141442	97170534	exon	GBM recurrent
chr10:97154758|97170534	chr10	97154758	97170534	exon	GBM recurrent
chr10:97154758|97192333	chr10	97154758	97192333	exon	GBM recurrent
chr10:98303833|98336586	chr10	98303833	98336586	exon	GBM recurrent
chr10:98667022|98667504	chr10	98667022	98667504	exon	GBM recurrent
chr10:98667022|98711953	chr10	98667022	98711953	exon	GBM recurrent
chr10:98703870|98711953	chr10	98703870	98711953	exon	GBM recurrent
chr10:99196174|99197507	chr10	99196174	99197507	exon	GBM recurrent
chr10:99925835|99926517	chr10	99925835	99926517	intron	GBM recurrent
chr10:102678141|102685776	chr10	102678141	102685776	exon	GBM recurrent
chr10:102683732|102685776	chr10	102683732	102685776	exon	GBM recurrent
chr10:102689074|102710510	chr10	102689074	102710510	exon	GBM recurrent
chr10:102697159|102703885	chr10	102697159	102703885	exon	GBM recurrent
chr10:103427643|103436193	chr10	103427643	103436193	exon	GBM recurrent
chr10:103432672|103436193	chr10	103432672	103436193	exon	GBM recurrent
chr10:103552596|103570071	chr10	103552596	103570071	exon	GBM recurrent
chr10:103563492|103563776	chr10	103563492	103563776	exon	GBM recurrent
chr10:103699620|103717489	chr10	103699620	103717489	exon	GBM recurrent
chr10:103783234|103799882	chr10	103783234	103799882	exon	GBM recurrent
chr10:103916776|103917971	chr10	103916776	103917971	exon	GBM recurrent
chr10:104636711|104650435	chr10	104636711	104650435	exon	GBM recurrent
chr10:105197772|105198565	chr10	105197772	105198565	exon	GBM recurrent
chr10:106019334|106022835	chr10	106019334	106022835	exon	GBM recurrent
chr10:111860383|111890244	chr10	111860383	111890244	exon	GBM recurrent
chr10:111883775|111890244	chr10	111883775	111890244	exon	GBM recurrent
chr10:112356156|112358048	chr10	112356156	112358048	exon	GBM recurrent
chr10:112640991|112650428	chr10	112640991	112650428	exon	GBM recurrent
chr10:112711366|112745523	chr10	112711366	112745523	exon	GBM recurrent
chr10:112723883|112745523	chr10	112723883	112745523	exon	GBM recurrent
chr10:112745386|112769588	chr10	112745386	112769588	exon	GBM recurrent
chr10:114648494|114650831	chr10	114648494	114650831	exon	GBM recurrent
chr10:116304764|116307535	chr10	116304764	116307535	exon	GBM recurrent
chr10:116730127|116734144	chr10	116730127	116734144	exon	GBM recurrent
chr10:116873772|116889297	chr10	116873772	116889297	intron	GBM recurrent
chr10:116873772|116931050	chr10	116873772	116931050	intron	GBM recurrent
chr10:116873772|117027921	chr10	116873772	117027921	intron	GBM recurrent
chr10:116879949|116889297	chr10	116879949	116889297	exon	GBM recurrent
chr10:116879949|116925405	chr10	116879949	116925405	exon	GBM recurrent
chr10:116879949|116931050	chr10	116879949	116931050	exon	GBM recurrent
chr10:116879949|116975638	chr10	116879949	116975638	exon	GBM recurrent
chr10:116879949|117001514	chr10	116879949	117001514	exon	GBM recurrent
chr10:116879949|117027921	chr10	116879949	117027921	exon	GBM recurrent
chr10:116975455|117027921	chr10	116975455	117027921	exon	GBM recurrent
chr10:116975455|117075246	chr10	116975455	117075246	exon	GBM recurrent
chr10:116975455|117093929	chr10	116975455	117093929	exon	GBM recurrent
chr10:117185760|117228839	chr10	117185760	117228839	exon	GBM recurrent
chr10:117185760|117278834	chr10	117185760	117278834	exon	GBM recurrent
chr10:117185760|117309046	chr10	117185760	117309046	exon	GBM recurrent
chr10:117221451|117228839	chr10	117221451	117228839	exon	GBM recurrent
chr10:117221451|117278834	chr10	117221451	117278834	exon	GBM recurrent
chr10:117221451|117309046	chr10	117221451	117309046	exon	GBM recurrent
chr10:117221485|117228839	chr10	117221485	117228839	exon	GBM recurrent
chr10:118661276|118681027	chr10	118661276	118681027	exon	GBM recurrent
chr10:120488807|120489922	chr10	120488807	120489922	exon	GBM recurrent
chr10:121685548|121693299	chr10	121685548	121693299	exon	GBM recurrent
chr10:123549684|123683844	chr10	123549684	123683844	exon	GBM recurrent
chr10:126097111|126100769	chr10	126097111	126100769	exon	GBM recurrent
chr10:126370176|126370948	chr10	126370176	126370948	exon	GBM recurrent
chr10:126628943|126631876	chr10	126628943	126631876	intergenic_region	GBM recurrent
chr10:126631026|126650977	chr10	126631026	126650977	intron	GBM recurrent
chr10:128187846|128188809	chr10	128187846	128188809	intron	GBM recurrent
chr10:128192526|128202508	chr10	128192526	128202508	exon	GBM recurrent
chr10:128768966|128788867	chr10	128768966	128788867	exon	GBM recurrent
chr10:128768966|128798571	chr10	128768966	128798571	exon	GBM recurrent
chr10:128768966|128841428	chr10	128768966	128841428	exon	GBM recurrent
chr10:128829914|128836080	chr10	128829914	128836080	exon	GBM recurrent
chr11:2997254|3000467	chr11	2997254	3000467	exon	GBM recurrent
chr11:3723693|3727857	chr11	3723693	3727857	exon	GBM recurrent
chr11:7437273|7441866	chr11	7437273	7441866	exon	GBM recurrent
chr11:8435042|8486369	chr11	8435042	8486369	exon	GBM recurrent
chr11:8457041|8486369	chr11	8457041	8486369	exon	GBM recurrent
chr11:9451221|9452550	chr11	9451221	9452550	exon	GBM recurrent
chr11:9878005|10011142	chr11	9878005	10011142	exon	GBM recurrent
chr11:9983504|10041831	chr11	9983504	10041831	intron	GBM recurrent
chr11:10019813|10024236	chr11	10019813	10024236	exon	GBM recurrent
chr11:11941703|11944438	chr11	11941703	11944438	exon	GBM recurrent
chr11:13435077|13443385	chr11	13435077	13443385	exon	GBM recurrent
chr11:13435077|13466728	chr11	13435077	13466728	exon	GBM recurrent
chr11:14004394|14101567	chr11	14004394	14101567	exon	GBM recurrent
chr11:17167215|17167489	chr11	17167215	17167489	exon	GBM recurrent
chr11:17899755|18029623	chr11	17899755	18029623	exon	GBM recurrent
chr11:17981017|18029623	chr11	17981017	18029623	exon	GBM recurrent
chr11:18010144|18029623	chr11	18010144	18029623	exon	GBM recurrent
chr11:18305342|18307006	chr11	18305342	18307006	exon	GBM recurrent
chr11:18312989|18313566	chr11	18312989	18313566	exon	GBM recurrent
chr11:18312989|18314523	chr11	18312989	18314523	exon	GBM recurrent
chr11:19854030|19914140	chr11	19854030	19914140	exon	GBM recurrent
chr11:20429457|20486092	chr11	20429457	20486092	exon	GBM recurrent
chr11:20968882|20982106	chr11	20968882	20982106	exon	GBM recurrent
chr11:22696396|22707335	chr11	22696396	22707335	exon	GBM recurrent
chr11:32611093|32617593	chr11	32611093	32617593	exon	GBM recurrent
chr11:32948703|32956981	chr11	32948703	32956981	exon	GBM recurrent
chr11:33307959|33309057	chr11	33307959	33309057	exon	GBM recurrent
chr11:33572586|33573787	chr11	33572586	33573787	exon	GBM recurrent
chr11:34093273|34098189	chr11	34093273	34098189	exon	GBM recurrent
chr11:34110942|34113603	chr11	34110942	34113603	exon	GBM recurrent
chr11:34111726|34113603	chr11	34111726	34113603	exon	GBM recurrent
chr11:34952951|34982065	chr11	34952951	34982065	exon	GBM recurrent
chr11:34978931|34999729	chr11	34978931	34999729	exon	GBM recurrent
chr11:34978931|35006275	chr11	34978931	35006275	exon	GBM recurrent
chr11:41244347|41244558	chr11	41244347	41244558	exon	GBM recurrent
chr11:45975078|45991455	chr11	45975078	45991455	exon	GBM recurrent
chr11:45986866|46001517	chr11	45986866	46001517	exon	GBM recurrent
chr11:46098305|46113774	chr11	46098305	46113774	exon	GBM recurrent
chr11:46515158|46534363	chr11	46515158	46534363	exon	GBM recurrent
chr11:46800010|46842819	chr11	46800010	46842819	exon	GBM recurrent
chr11:47505005|47506075	chr11	47505005	47506075	exon	GBM recurrent
chr11:47774468|47776216	chr11	47774468	47776216	exon	GBM recurrent
chr11:58317259|58318705	chr11	58317259	58318705	exon	GBM recurrent
chr11:59426339|59426942	chr11	59426339	59426942	exon	GBM recurrent
chr11:61133517|61135470	chr11	61133517	61135470	exon	GBM recurrent
chr11:63472323|63488504	chr11	63472323	63488504	exon	GBM recurrent
chr11:65266744|65266894	chr11	65266744	65266894	exon	GBM recurrent
chr11:66515850|66526567	chr11	66515850	66526567	exon	GBM recurrent
chr11:66524228|66526567	chr11	66524228	66526567	intron	GBM recurrent
chr11:68318589|68338572	chr11	68318589	68338572	exon	GBM recurrent
chr11:70196029|70202360	chr11	70196029	70202360	exon	GBM recurrent
chr11:72695133|72700142	chr11	72695133	72700142	exon	GBM recurrent
chr11:73418465|73429763	chr11	73418465	73429763	exon	GBM recurrent
chr11:73843889|73850873	chr11	73843889	73850873	exon	GBM recurrent
chr11:74500671|74528759	chr11	74500671	74528759	exon	GBM recurrent
chr11:74521229|74528759	chr11	74521229	74528759	exon	GBM recurrent
chr11:75590923|75776832	chr11	75590923	75776832	exon	GBM recurrent
chr11:76169227|76175124	chr11	76169227	76175124	exon	GBM recurrent
chr11:76174865|76183884	chr11	76174865	76183884	exon	GBM recurrent
chr11:76670023|76709865	chr11	76670023	76709865	exon	GBM recurrent
chr11:77051691|77060332	chr11	77051691	77060332	exon	GBM recurrent
chr11:77330651|77336863	chr11	77330651	77336863	exon	GBM recurrent
chr11:77330651|77340944	chr11	77330651	77340944	exon	GBM recurrent
chr11:77336008|77336863	chr11	77336008	77336863	exon	GBM recurrent
chr11:77394755|77396204	chr11	77394755	77396204	exon	GBM recurrent
chr11:77394755|77404656	chr11	77394755	77404656	exon	GBM recurrent
chr11:77402204|77413540	chr11	77402204	77413540	exon	GBM recurrent
chr11:77404552|77413540	chr11	77404552	77413540	exon	GBM recurrent
chr11:77409532|77413540	chr11	77409532	77413540	exon	GBM recurrent
chr11:77830228|77832220	chr11	77830228	77832220	exon	GBM recurrent
chr11:78176922|78204241	chr11	78176922	78204241	exon	GBM recurrent
chr11:82935897|82959129	chr11	82935897	82959129	exon	GBM recurrent
chr11:82984690|82989872	chr11	82984690	82989872	exon	GBM recurrent
chr11:83243751|83252901	chr11	83243751	83252901	exon	GBM recurrent
chr11:83243751|83344368	chr11	83243751	83344368	exon	GBM recurrent
chr11:83641371|83691685	chr11	83641371	83691685	exon	GBM recurrent
chr11:83673928|83691685	chr11	83673928	83691685	exon	GBM recurrent
chr11:83770358|83784311	chr11	83770358	83784311	intron	GBM recurrent
chr11:85685751|85714494	chr11	85685751	85714494	exon	GBM recurrent
chr11:85685751|85742653	chr11	85685751	85742653	exon	GBM recurrent
chr11:85701293|85742653	chr11	85701293	85742653	exon	GBM recurrent
chr11:85707869|85714494	chr11	85707869	85714494	exon	GBM recurrent
chr11:85707869|85742653	chr11	85707869	85742653	exon	GBM recurrent
chr11:85718585|85742653	chr11	85718585	85742653	exon	GBM recurrent
chr11:85722073|85742653	chr11	85722073	85742653	exon	GBM recurrent
chr11:85723324|85742653	chr11	85723324	85742653	exon	GBM recurrent
chr11:85725913|85742653	chr11	85725913	85742653	exon	GBM recurrent
chr11:85733410|85742653	chr11	85733410	85742653	exon	GBM recurrent
chr11:85961338|85967554	chr11	85961338	85967554	exon	GBM recurrent
chr11:86778736|86802437	chr11	86778736	86802437	exon	GBM recurrent
chr11:88300221|88301160	chr11	88300221	88301160	exon	GBM recurrent
chr11:89133185|89135710	chr11	89133185	89135710	exon	GBM recurrent
chr11:92042770|92088570	chr11	92042770	92088570	intergenic_region	GBM recurrent
chr11:92085262|92088570	chr11	92085262	92088570	exon	GBM recurrent
chr11:93480463|93493024	chr11	93480463	93493024	exon	GBM recurrent
chr11:94178976|94180604	chr11	94178976	94180604	exon	GBM recurrent
chr11:94408802|94429073	chr11	94408802	94429073	exon	GBM recurrent
chr11:95546096|95546753	chr11	95546096	95546753	exon	GBM recurrent
chr11:95825056|95826681	chr11	95825056	95826681	exon	GBM recurrent
chr11:103173822|103194718	chr11	103173822	103194718	exon	GBM recurrent
chr11:103173822|103306760	chr11	103173822	103306760	exon	GBM recurrent
chr11:106810186|106810904	chr11	106810186	106810904	exon	GBM recurrent
chr11:106849345|106856857	chr11	106849345	106856857	exon	GBM recurrent
chr11:107260800|107289013	chr11	107260800	107289013	exon	GBM recurrent
chr11:107916997|107925682	chr11	107916997	107925682	exon	GBM recurrent
chr11:107920617|107943189	chr11	107920617	107943189	exon	GBM recurrent
chr11:108046973|108047817	chr11	108046973	108047817	exon	GBM recurrent
chr11:108046973|108056221	chr11	108046973	108056221	exon	GBM recurrent
chr11:108057209|108061227	chr11	108057209	108061227	exon	GBM recurrent
chr11:108098322|108100050	chr11	108098322	108100050	exon	GBM recurrent
chr11:108137898|108138069	chr11	108137898	108138069	exon	GBM recurrent
chr11:108198372|108206688	chr11	108198372	108206688	exon	GBM recurrent
chr11:108638664|108722936	chr11	108638664	108722936	exon	GBM recurrent
chr11:111851462|111857648	chr11	111851462	111857648	exon	GBM recurrent
chr11:111907997|111910121	chr11	111907997	111910121	exon	GBM recurrent
chr11:112070422|112088612	chr11	112070422	112088612	exon	GBM recurrent
chr11:115080294|115111140	chr11	115080294	115111140	exon	GBM recurrent
chr11:117023157|117034608	chr11	117023157	117034608	exon	GBM recurrent
chr11:117625974|117626207	chr11	117625974	117626207	intron	GBM recurrent
chr11:118352430|118353210	chr11	118352430	118353210	exon	GBM recurrent
chr11:118422501|118430579	chr11	118422501	118430579	exon	GBM recurrent
chr11:118425174|118430579	chr11	118425174	118430579	exon	GBM recurrent
chr11:119155679|119156276	chr11	119155679	119156276	exon	GBM recurrent
chr11:120259183|120280159	chr11	120259183	120280159	intron	GBM recurrent
chr11:120276827|120280159	chr11	120276827	120280159	exon	GBM recurrent
chr11:120318583|120336071	chr11	120318583	120336071	exon	GBM recurrent
chr11:120318583|120343836	chr11	120318583	120343836	exon	GBM recurrent
chr11:120343759|120348235	chr11	120343759	120348235	exon	GBM recurrent
chr11:120345269|120348235	chr11	120345269	120348235	exon	GBM recurrent
chr11:120346049|120348235	chr11	120346049	120348235	exon	GBM recurrent
chr11:120916383|120918376	chr11	120916383	120918376	exon	GBM recurrent
chr11:120916383|120930794	chr11	120916383	120930794	exon	GBM recurrent
chr11:125255447|125267958	chr11	125255447	125267958	exon	GBM recurrent
chr11:128963516|128994789	chr11	128963516	128994789	exon	GBM recurrent
chr11:128993341|128994789	chr11	128993341	128994789	exon	GBM recurrent
chr11:128993341|129034322	chr11	128993341	129034322	exon	GBM recurrent
chr11:130130751|130131824	chr11	130130751	130131824	exon	GBM recurrent
chr12:459787|463400	chr12	459787	463400	exon	GBM recurrent
chr12:459787|465703	chr12	459787	465703	exon	GBM recurrent
chr12:922808|939326	chr12	922808	939326	exon	GBM recurrent
chr12:1372200|1399178	chr12	1372200	1399178	exon	GBM recurrent
chr12:1372200|1481143	chr12	1372200	1481143	exon	GBM recurrent
chr12:1399018|1481143	chr12	1399018	1481143	exon	GBM recurrent
chr12:1399018|1519619	chr12	1399018	1519619	exon	GBM recurrent
chr12:1399018|1553916	chr12	1399018	1553916	exon	GBM recurrent
chr12:1480999|1553916	chr12	1480999	1553916	exon	GBM recurrent
chr12:1812052|1890242	chr12	1812052	1890242	exon	GBM recurrent
chr12:1863424|1863680	chr12	1863424	1863680	exon	GBM recurrent
chr12:2613602|2622150	chr12	2613602	2622150	exon	GBM recurrent
chr12:6619445|6619698	chr12	6619445	6619698	intron	GBM recurrent
chr12:7556131|7586290	chr12	7556131	7586290	exon	GBM recurrent
chr12:10999644|11001006	chr12	10999644	11001006	exon	GBM recurrent
chr12:11273609|11276922	chr12	11273609	11276922	intron	GBM recurrent
chr12:12332744|12340053	chr12	12332744	12340053	exon	GBM recurrent
chr12:12397196|12397589	chr12	12397196	12397589	exon	GBM recurrent
chr12:12672796|12674397	chr12	12672796	12674397	exon	GBM recurrent
chr12:12788711|12788908	chr12	12788711	12788908	exon	GBM recurrent
chr12:13906251|13906849	chr12	13906251	13906849	exon	GBM recurrent
chr12:14599922|14610229	chr12	14599922	14610229	exon	GBM recurrent
chr12:14609495|14610229	chr12	14609495	14610229	exon	GBM recurrent
chr12:19498776|19501453	chr12	19498776	19501453	exon	GBM recurrent
chr12:19615444|19646920	chr12	19615444	19646920	exon	GBM recurrent
chr12:19615444|19653155	chr12	19615444	19653155	exon	GBM recurrent
chr12:21445098|21459922	chr12	21445098	21459922	exon	GBM recurrent
chr12:22637631|22659753	chr12	22637631	22659753	exon	GBM recurrent
chr12:25232178|25236427	chr12	25232178	25236427	exon	GBM recurrent
chr12:27143383|27156323	chr12	27143383	27156323	exon	GBM recurrent
chr12:27149675|27152609	chr12	27149675	27152609	exon	GBM recurrent
chr12:27521195|27523163	chr12	27521195	27523163	exon	GBM recurrent
chr12:27521195|27524380	chr12	27521195	27524380	intron	GBM recurrent
chr12:27809549|27813878	chr12	27809549	27813878	exon	GBM recurrent
chr12:27867713|27877119	chr12	27867713	27877119	exon	GBM recurrent
chr12:28408514|28460682	chr12	28408514	28460682	exon	GBM recurrent
chr12:28458582|28460682	chr12	28458582	28460682	exon	GBM recurrent
chr12:28544237|28605587	chr12	28544237	28605587	exon	GBM recurrent
chr12:28603094|28637098	chr12	28603094	28637098	exon	GBM recurrent
chr12:31576531|31586182	chr12	31576531	31586182	exon	GBM recurrent
chr12:31595709|31605410	chr12	31595709	31605410	exon	GBM recurrent
chr12:31604874|31605410	chr12	31604874	31605410	exon	GBM recurrent
chr12:31841941|31854941	chr12	31841941	31854941	exon	GBM recurrent
chr12:32751431|32764217	chr12	32751431	32764217	exon	GBM recurrent
chr12:32760891|32764217	chr12	32760891	32764217	exon	GBM recurrent
chr12:39154649|39170103	chr12	39154649	39170103	exon	GBM recurrent
chr12:40422103|40442012	chr12	40422103	40442012	exon	GBM recurrent
chr12:40422103|40486735	chr12	40422103	40486735	intron	GBM recurrent
chr12:40422103|40493891	chr12	40422103	40493891	intron	GBM recurrent
chr12:41408030|41423021	chr12	41408030	41423021	exon	GBM recurrent
chr12:42592938|42604421	chr12	42592938	42604421	exon	GBM recurrent
chr12:42604157|42604421	chr12	42604157	42604421	exon	GBM recurrent
chr12:42604157|42604482	chr12	42604157	42604482	exon	GBM recurrent
chr12:42745687|42792796	chr12	42745687	42792796	exon	GBM recurrent
chr12:42768665|42792796	chr12	42768665	42792796	exon	GBM recurrent
chr12:45000952|45108524	chr12	45000952	45108524	exon	GBM recurrent
chr12:45168530|45173805	chr12	45168530	45173805	exon	GBM recurrent
chr12:46319925|46322642	chr12	46319925	46322642	exon	GBM recurrent
chr12:46622936|46637097	chr12	46622936	46637097	exon	GBM recurrent
chr12:46622936|46648719	chr12	46622936	46648719	exon	GBM recurrent
chr12:48457493|48491907	chr12	48457493	48491907	exon	GBM recurrent
chr12:48465450|48468576	chr12	48465450	48468576	exon	GBM recurrent
chr12:48468107|48468576	chr12	48468107	48468576	exon	GBM recurrent
chr12:48482584|48491907	chr12	48482584	48491907	exon	GBM recurrent
chr12:50821545|50824353	chr12	50821545	50824353	exon	GBM recurrent
chr12:50821545|50835426	chr12	50821545	50835426	exon	GBM recurrent
chr12:50848097|50855130	chr12	50848097	50855130	exon	GBM recurrent
chr12:51467606|51467865	chr12	51467606	51467865	exon	GBM recurrent
chr12:51834492|51868990	chr12	51834492	51868990	exon	GBM recurrent
chr12:52077958|52082880	chr12	52077958	52082880	exon	GBM recurrent
chr12:52139687|52145377	chr12	52139687	52145377	exon	GBM recurrent
chr12:56094683|56094938	chr12	56094683	56094938	exon	GBM recurrent
chr12:56692126|56692547	chr12	56692126	56692547	intron	GBM recurrent
chr12:57064059|57066849	chr12	57064059	57066849	exon	GBM recurrent
chr12:57645586|57646539	chr12	57645586	57646539	intron	GBM recurrent
chr12:57789532|57791981	chr12	57789532	57791981	intron	GBM recurrent
chr12:57789532|57791985	chr12	57789532	57791985	intron	GBM recurrent
chr12:65258448|65260683	chr12	65258448	65260683	exon	GBM recurrent
chr12:66597491|66622150	chr12	66597491	66622150	exon	GBM recurrent
chr12:66923611|66935730	chr12	66923611	66935730	exon	GBM recurrent
chr12:66923611|66990707	chr12	66923611	66990707	exon	GBM recurrent
chr12:69109407|69121169	chr12	69109407	69121169	exon	GBM recurrent
chr12:69222551|69233581	chr12	69222551	69233581	exon	GBM recurrent
chr12:69644909|69656342	chr12	69644909	69656342	exon	GBM recurrent
chr12:69983265|69985939	chr12	69983265	69985939	exon	GBM recurrent
chr12:70149164|70150443	chr12	70149164	70150443	exon	GBM recurrent
chr12:70193989|70195501	chr12	70193989	70195501	exon	GBM recurrent
chr12:70671912|70704797	chr12	70671912	70704797	exon	GBM recurrent
chr12:70671912|70713144	chr12	70671912	70713144	exon	GBM recurrent
chr12:70773977|70775374	chr12	70773977	70775374	intron	GBM recurrent
chr12:71077907|71095103	chr12	71077907	71095103	exon	GBM recurrent
chr12:72955945|72969322	chr12	72955945	72969322	exon	GBM recurrent
chr12:72956633|72969322	chr12	72956633	72969322	exon	GBM recurrent
chr12:79679567|79693331	chr12	79679567	79693331	exon	GBM recurrent
chr12:80187643|80215970	chr12	80187643	80215970	exon	GBM recurrent
chr12:82763166|82796909	chr12	82763166	82796909	intron	GBM recurrent
chr12:83250789|83251359	chr12	83250789	83251359	exon	GBM recurrent
chr12:83358803|83379825	chr12	83358803	83379825	exon	GBM recurrent
chr12:88504979|88524995	chr12	88504979	88524995	exon	GBM recurrent
chr12:88542065|88570096	chr12	88542065	88570096	exon	GBM recurrent
chr12:88898936|88939642	chr12	88898936	88939642	exon	GBM recurrent
chr12:89853415|89866052	chr12	89853415	89866052	exon	GBM recurrent
chr12:89995103|90029028	chr12	89995103	90029028	exon	GBM recurrent
chr12:90013776|90029028	chr12	90013776	90029028	exon	GBM recurrent
chr12:93192668|93196510	chr12	93192668	93196510	exon	GBM recurrent
chr12:93192668|93202932	chr12	93192668	93202932	exon	GBM recurrent
chr12:93219942|93246801	chr12	93219942	93246801	exon	GBM recurrent
chr12:93221688|93246801	chr12	93221688	93246801	exon	GBM recurrent
chr12:93244887|93246801	chr12	93244887	93246801	exon	GBM recurrent
chr12:94562929|94580249	chr12	94562929	94580249	exon	GBM recurrent
chr12:95602619|95605043	chr12	95602619	95605043	exon	GBM recurrent
chr12:95650926|95690034	chr12	95650926	95690034	exon	GBM recurrent
chr12:95660133|95690034	chr12	95660133	95690034	exon	GBM recurrent
chr12:96692647|96694138	chr12	96692647	96694138	exon	GBM recurrent
chr12:97886239|97924637	chr12	97886239	97924637	exon	GBM recurrent
chr12:97886239|97954825	chr12	97886239	97954825	exon	GBM recurrent
chr12:99145133|99225914	chr12	99145133	99225914	exon	GBM recurrent
chr12:99166820|99192783	chr12	99166820	99192783	exon	GBM recurrent
chr12:99166820|99194903	chr12	99166820	99194903	exon	GBM recurrent
chr12:99166820|99225914	chr12	99166820	99225914	exon	GBM recurrent
chr12:99192712|99225914	chr12	99192712	99225914	exon	GBM recurrent
chr12:100166700|100175875	chr12	100166700	100175875	exon	GBM recurrent
chr12:100166700|100200478	chr12	100166700	100200478	exon	GBM recurrent
chr12:100166700|100206089	chr12	100166700	100206089	exon	GBM recurrent
chr12:100200182|100219167	chr12	100200182	100219167	exon	GBM recurrent
chr12:100491143|100497729	chr12	100491143	100497729	exon	GBM recurrent
chr12:100676721|100691953	chr12	100676721	100691953	exon	GBM recurrent
chr12:101316004|101336313	chr12	101316004	101336313	exon	GBM recurrent
chr12:101316004|101381448	chr12	101316004	101381448	exon	GBM recurrent
chr12:101365084|101381448	chr12	101365084	101381448	exon	GBM recurrent
chr12:101472971|101493498	chr12	101472971	101493498	exon	GBM recurrent
chr12:102107868|102110590	chr12	102107868	102110590	exon	GBM recurrent
chr12:102433646|102439897	chr12	102433646	102439897	exon	GBM recurrent
chr12:105238250|105322472	chr12	105238250	105322472	exon	GBM recurrent
chr12:105255069|105322472	chr12	105255069	105322472	exon	GBM recurrent
chr12:105321751|105325569	chr12	105321751	105325569	exon	GBM recurrent
chr12:107219504|107254190	chr12	107219504	107254190	exon	GBM recurrent
chr12:107236367|107237725	chr12	107236367	107237725	exon	GBM recurrent
chr12:108136974|108140201	chr12	108136974	108140201	exon	GBM recurrent
chr12:109046048|109048186	chr12	109046048	109048186	exon	GBM recurrent
chr12:110566755|110600870	chr12	110566755	110600870	exon	GBM recurrent
chr12:110941611|110944498	chr12	110941611	110944498	exon	GBM recurrent
chr12:111923069|111924628	chr12	111923069	111924628	exon	GBM recurrent
chr12:111951161|111993723	chr12	111951161	111993723	exon	GBM recurrent
chr12:111962996|111993723	chr12	111962996	111993723	exon	GBM recurrent
chr12:111991962|111993723	chr12	111991962	111993723	exon	GBM recurrent
chr12:112371690|112381173	chr12	112371690	112381173	exon	GBM recurrent
chr12:112513482|112516545	chr12	112513482	112516545	exon	GBM recurrent
chr12:112613540|112614506	chr12	112613540	112614506	exon	GBM recurrent
chr12:112613540|112617201	chr12	112613540	112617201	exon	GBM recurrent
chr12:112667502|112686316	chr12	112667502	112686316	exon	GBM recurrent
chr12:116534474|116549317	chr12	116534474	116549317	exon	GBM recurrent
chr12:116668338|116675510	chr12	116668338	116675510	exon	GBM recurrent
chr12:116674626|116675510	chr12	116674626	116675510	exon	GBM recurrent
chr12:120189855|120198859	chr12	120189855	120198859	exon	GBM recurrent
chr12:120512248|120518822	chr12	120512248	120518822	exon	GBM recurrent
chr12:120592774|120593523	chr12	120592774	120593523	exon	GBM recurrent
chr12:120995085|120995485	chr12	120995085	120995485	exon	GBM recurrent
chr12:121220458|121222396	chr12	121220458	121222396	exon	GBM recurrent
chr12:121220458|121229360	chr12	121220458	121229360	exon	GBM recurrent
chr12:121572444|121572883	chr12	121572444	121572883	intron	GBM recurrent
chr12:122702813|122709191	chr12	122702813	122709191	exon	GBM recurrent
chr12:122825300|122826244	chr12	122825300	122826244	exon	GBM recurrent
chr12:122861936|122865105	chr12	122861936	122865105	exon	GBM recurrent
chr12:122995656|122999774	chr12	122995656	122999774	exon	GBM recurrent
chr12:123651202|123665757	chr12	123651202	123665757	exon	GBM recurrent
chr12:123829805|123834988	chr12	123829805	123834988	exon	GBM recurrent
chr12:123983091|123984083	chr12	123983091	123984083	exon	GBM recurrent
chr12:124071294|124074996	chr12	124071294	124074996	exon	GBM recurrent
chr12:124130002|124137282	chr12	124130002	124137282	exon	GBM recurrent
chr12:124158162|124175221	chr12	124158162	124175221	exon	GBM recurrent
chr12:129299320|129299615	chr12	129299320	129299615	exon	GBM recurrent
chr12:129396969|129411699	chr12	129396969	129411699	exon	GBM recurrent
chr12:130184355|130185243	chr12	130184355	130185243	exon	GBM recurrent
chr12:130884224|130907106	chr12	130884224	130907106	exon	GBM recurrent
chr13:20279802|20283739	chr13	20279802	20283739	exon	GBM recurrent
chr13:20315705|20333558	chr13	20315705	20333558	exon	GBM recurrent
chr13:20409617|20413125	chr13	20409617	20413125	exon	GBM recurrent
chr13:20425495|20426330	chr13	20425495	20426330	exon	GBM recurrent
chr13:20593687|20611049	chr13	20593687	20611049	exon	GBM recurrent
chr13:20625573|20641530	chr13	20625573	20641530	exon	GBM recurrent
chr13:20632715|20641530	chr13	20632715	20641530	exon	GBM recurrent
chr13:21006241|21063635	chr13	21006241	21063635	exon	GBM recurrent
chr13:21305980|21306260	chr13	21305980	21306260	exon	GBM recurrent
chr13:26112126|26163837	chr13	26112126	26163837	exon	GBM recurrent
chr13:26911704|26928017	chr13	26911704	26928017	exon	GBM recurrent
chr13:26974590|26975761	chr13	26974590	26975761	exon	GBM recurrent
chr13:28748409|28752072	chr13	28748409	28752072	exon	GBM recurrent
chr13:28748409|28771483	chr13	28748409	28771483	exon	GBM recurrent
chr13:28771322|28841538	chr13	28771322	28841538	exon	GBM recurrent
chr13:28830429|28835595	chr13	28830429	28835595	exon	GBM recurrent
chr13:30782714|30815223	chr13	30782714	30815223	exon	GBM recurrent
chr13:30782714|30857928	chr13	30782714	30857928	exon	GBM recurrent
chr13:30801549|30815223	chr13	30801549	30815223	exon	GBM recurrent
chr13:30801549|30857928	chr13	30801549	30857928	exon	GBM recurrent
chr13:30814597|30815223	chr13	30814597	30815223	exon	GBM recurrent
chr13:30829584|30857928	chr13	30829584	30857928	exon	GBM recurrent
chr13:31789188|31803431	chr13	31789188	31803431	exon	GBM recurrent
chr13:33006926|33018263	chr13	33006926	33018263	exon	GBM recurrent
chr13:33109906|33111164	chr13	33109906	33111164	exon	GBM recurrent
chr13:33306238|33320238	chr13	33306238	33320238	exon	GBM recurrent
chr13:35615070|35644989	chr13	35615070	35644989	exon	GBM recurrent
chr13:36379836|36382457	chr13	36379836	36382457	exon	GBM recurrent
chr13:36379836|36410278	chr13	36379836	36410278	exon	GBM recurrent
chr13:36396866|36410278	chr13	36396866	36410278	exon	GBM recurrent
chr13:36521495|36521783	chr13	36521495	36521783	intron	GBM recurrent
chr13:36886282|36886614	chr13	36886282	36886614	exon	GBM recurrent
chr13:40268771|40301685	chr13	40268771	40301685	exon	GBM recurrent
chr13:41400642|41411021	chr13	41400642	41411021	exon	GBM recurrent
chr13:41400642|41429951	chr13	41400642	41429951	exon	GBM recurrent
chr13:42040959|42042974	chr13	42040959	42042974	exon	GBM recurrent
chr13:42385361|42393522	chr13	42385361	42393522	exon	GBM recurrent
chr13:42385361|42407667	chr13	42385361	42407667	exon	GBM recurrent
chr13:42439872|42442613	chr13	42439872	42442613	exon	GBM recurrent
chr13:42439872|42461497	chr13	42439872	42461497	exon	GBM recurrent
chr13:42742576|42764661	chr13	42742576	42764661	exon	GBM recurrent
chr13:44058145|44080362	chr13	44058145	44080362	intron	GBM recurrent
chr13:45725822|45781640	chr13	45725822	45781640	exon	GBM recurrent
chr13:46577274|46594692	chr13	46577274	46594692	exon	GBM recurrent
chr13:46577274|46619648	chr13	46577274	46619648	exon	GBM recurrent
chr13:46577274|46619651	chr13	46577274	46619651	exon	GBM recurrent
chr13:47266671|47303119	chr13	47266671	47303119	exon	GBM recurrent
chr13:48827944|48835457	chr13	48827944	48835457	exon	GBM recurrent
chr13:48947541|48955579	chr13	48947541	48955579	exon	GBM recurrent
chr13:49771013|49772710	chr13	49771013	49772710	exon	GBM recurrent
chr13:50025689|50042096	chr13	50025689	50042096	exon	GBM recurrent
chr13:50054355|50057699	chr13	50054355	50057699	exon	GBM recurrent
chr13:50279757|50280508	chr13	50279757	50280508	exon	GBM recurrent
chr13:50567929|50618904	chr13	50567929	50618904	exon	GBM recurrent
chr13:51501543|51534307	chr13	51501543	51534307	exon	GBM recurrent
chr13:52992127|53001354	chr13	52992127	53001354	exon	GBM recurrent
chr13:53196124|53211581	chr13	53196124	53211581	exon	GBM recurrent
chr13:61013822|61041513	chr13	61013822	61041513	exon	GBM recurrent
chr13:61013822|61109367	chr13	61013822	61109367	exon	GBM recurrent
chr13:67799537|67802707	chr13	67799537	67802707	exon	GBM recurrent
chr13:76195899|76335174	chr13	76195899	76335174	exon	GBM recurrent
chr13:77655562|77661768	chr13	77655562	77661768	exon	GBM recurrent
chr13:77700453|77703365	chr13	77700453	77703365	exon	GBM recurrent
chr13:77779391|77838137	chr13	77779391	77838137	exon	GBM recurrent
chr13:78293652|78327493	chr13	78293652	78327493	intron	GBM recurrent
chr13:78293667|78320990	chr13	78293667	78320990	exon	GBM recurrent
chr13:78293667|78327493	chr13	78293667	78327493	exon	GBM recurrent
chr13:78318418|78320990	chr13	78318418	78320990	exon	GBM recurrent
chr13:78318418|78327493	chr13	78318418	78327493	exon	GBM recurrent
chr13:79915258|79918929	chr13	79915258	79918929	exon	GBM recurrent
chr13:79915258|79953042	chr13	79915258	79953042	exon	GBM recurrent
chr13:79945080|79946065	chr13	79945080	79946065	exon	GBM recurrent
chr13:80094945|80113910	chr13	80094945	80113910	exon	GBM recurrent
chr13:84376512|84389879	chr13	84376512	84389879	intergenic_region	GBM recurrent
chr13:84376512|84401645	chr13	84376512	84401645	intergenic_region	GBM recurrent
chr13:96409898|96416207	chr13	96409898	96416207	exon	GBM recurrent
chr13:96622366|96651561	chr13	96622366	96651561	exon	GBM recurrent
chr13:99500846|99508285	chr13	99500846	99508285	exon	GBM recurrent
chr13:99890681|99896878	chr13	99890681	99896878	exon	GBM recurrent
chr13:100909849|100925600	chr13	100909849	100925600	exon	GBM recurrent
chr13:100909849|101101559	chr13	100909849	101101559	exon	GBM recurrent
chr13:100953714|100992513	chr13	100953714	100992513	exon	GBM recurrent
chr13:100953714|101020828	chr13	100953714	101020828	exon	GBM recurrent
chr13:100953714|101101559	chr13	100953714	101101559	exon	GBM recurrent
chr13:100959446|101077985	chr13	100959446	101077985	exon	GBM recurrent
chr13:100962087|101020828	chr13	100962087	101020828	exon	GBM recurrent
chr13:101795431|101797247	chr13	101795431	101797247	exon	GBM recurrent
chr13:101910794|101944717	chr13	101910794	101944717	exon	GBM recurrent
chr13:101944341|102051516	chr13	101944341	102051516	exon	GBM recurrent
chr13:101997617|102051516	chr13	101997617	102051516	exon	GBM recurrent
chr13:102029051|102051516	chr13	102029051	102051516	exon	GBM recurrent
chr13:102521075|102527646	chr13	102521075	102527646	exon	GBM recurrent
chr13:103459496|103486902	chr13	103459496	103486902	exon	GBM recurrent
chr13:103504468|103524748	chr13	103504468	103524748	exon	GBM recurrent
chr13:111274563|111276626	chr13	111274563	111276626	exon	GBM recurrent
chr13:113170754|113181798	chr13	113170754	113181798	exon	GBM recurrent
chr14:21698478|21702388	chr14	21698478	21702388	exon	GBM recurrent
chr14:21825356|21829372	chr14	21825356	21829372	exon	GBM recurrent
chr14:23378692|23380612	chr14	23378692	23380612	exon	GBM recurrent
chr14:31139462|31144271	chr14	31139462	31144271	exon	GBM recurrent
chr14:31346778|31349940	chr14	31346778	31349940	exon	GBM recurrent
chr14:31371742|31380368	chr14	31371742	31380368	exon	GBM recurrent
chr14:31380983|31425448	chr14	31380983	31425448	exon	GBM recurrent
chr14:31404369|31425448	chr14	31404369	31425448	exon	GBM recurrent
chr14:31596991|31602881	chr14	31596991	31602881	exon	GBM recurrent
chr14:32559708|32563592	chr14	32559708	32563592	exon	GBM recurrent
chr14:32559708|32586493	chr14	32559708	32586493	exon	GBM recurrent
chr14:32559708|32615546	chr14	32559708	32615546	exon	GBM recurrent
chr14:32814505|32903023	chr14	32814505	32903023	intron	GBM recurrent
chr14:32902666|32903023	chr14	32902666	32903023	exon	GBM recurrent
chr14:33046326|33069998	chr14	33046326	33069998	exon	GBM recurrent
chr14:33684388|33836474	chr14	33684388	33836474	exon	GBM recurrent
chr14:35020920|35024118	chr14	35020920	35024118	intergenic_region	GBM recurrent
chr14:35261981|35331528	chr14	35261981	35331528	exon	GBM recurrent
chr14:35331250|35331528	chr14	35331250	35331528	exon	GBM recurrent
chr14:35476489|35478037	chr14	35476489	35478037	exon	GBM recurrent
chr14:38786242|38803456	chr14	38786242	38803456	intergenic_region	GBM recurrent
chr14:39229386|39232249	chr14	39229386	39232249	exon	GBM recurrent
chr14:39623415|39628754	chr14	39623415	39628754	exon	GBM recurrent
chr14:39627489|39628754	chr14	39627489	39628754	exon	GBM recurrent
chr14:39648295|39648666	chr14	39648295	39648666	exon	GBM recurrent
chr14:39746138|39748741	chr14	39746138	39748741	exon	GBM recurrent
chr14:39782544|39796226	chr14	39782544	39796226	exon	GBM recurrent
chr14:40124049|40125012	chr14	40124049	40125012	exon	GBM recurrent
chr14:45464949|45481278	chr14	45464949	45481278	exon	GBM recurrent
chr14:45478116|45501579	chr14	45478116	45501579	exon	GBM recurrent
chr14:45564424|45566208	chr14	45564424	45566208	exon	GBM recurrent
chr14:45587231|45599993	chr14	45587231	45599993	exon	GBM recurrent
chr14:50175877|50210523	chr14	50175877	50210523	exon	GBM recurrent
chr14:50262509|50298079	chr14	50262509	50298079	exon	GBM recurrent
chr14:50280706|50298079	chr14	50280706	50298079	exon	GBM recurrent
chr14:50292585|50298079	chr14	50292585	50298079	exon	GBM recurrent
chr14:50615003|50616948	chr14	50615003	50616948	intron	GBM recurrent
chr14:50616726|50616948	chr14	50616726	50616948	exon	GBM recurrent
chr14:50616726|50619891	chr14	50616726	50619891	exon	GBM recurrent
chr14:50892625|50901783	chr14	50892625	50901783	exon	GBM recurrent
chr14:50912797|50949134	chr14	50912797	50949134	exon	GBM recurrent
chr14:50929383|50952912	chr14	50929383	50952912	exon	GBM recurrent
chr14:53003437|53011089	chr14	53003437	53011089	exon	GBM recurrent
chr14:53247397|53251382	chr14	53247397	53251382	exon	GBM recurrent
chr14:53521156|53560162	chr14	53521156	53560162	exon	GBM recurrent
chr14:53622961|53656654	chr14	53622961	53656654	intergenic_region	GBM recurrent
chr14:56078737|56086030	chr14	56078737	56086030	exon	GBM recurrent
chr14:57051719|57103316	chr14	57051719	57103316	exon	GBM recurrent
chr14:58681923|58690574	chr14	58681923	58690574	exon	GBM recurrent
chr14:58785260|58796887	chr14	58785260	58796887	exon	GBM recurrent
chr14:59942587|60031993	chr14	59942587	60031993	intergenic_region	GBM recurrent
chr14:61262935|61346553	chr14	61262935	61346553	exon	GBM recurrent
chr14:61278705|61346553	chr14	61278705	61346553	exon	GBM recurrent
chr14:61503777|61518853	chr14	61503777	61518853	exon	GBM recurrent
chr14:63447590|63483672	chr14	63447590	63483672	exon	GBM recurrent
chr14:64065474|64066691	chr14	64065474	64066691	exon	GBM recurrent
chr14:64465632|64489581	chr14	64465632	64489581	exon	GBM recurrent
chr14:65922339|66028484	chr14	65922339	66028484	exon	GBM recurrent
chr14:66028055|66028484	chr14	66028055	66028484	exon	GBM recurrent
chr14:66028055|66096324	chr14	66028055	66096324	exon	GBM recurrent
chr14:66082696|66096324	chr14	66082696	66096324	exon	GBM recurrent
chr14:66188493|66200099	chr14	66188493	66200099	exon	GBM recurrent
chr14:67431908|67525503	chr14	67431908	67525503	exon	GBM recurrent
chr14:67768106|67770316	chr14	67768106	67770316	exon	GBM recurrent
chr14:67779244|67783620	chr14	67779244	67783620	exon	GBM recurrent
chr14:67812485|67814170	chr14	67812485	67814170	exon	GBM recurrent
chr14:70633356|70635201	chr14	70633356	70635201	exon	GBM recurrent
chr14:71476351|71479919	chr14	71476351	71479919	exon	GBM recurrent
chr14:71492834|71502874	chr14	71492834	71502874	exon	GBM recurrent
chr14:71502782|71518729	chr14	71502782	71518729	exon	GBM recurrent
chr14:71511850|71524441	chr14	71511850	71524441	exon	GBM recurrent
chr14:71880665|71884913	chr14	71880665	71884913	exon	GBM recurrent
chr14:71880665|71996087	chr14	71880665	71996087	exon	GBM recurrent
chr14:73544077|73550259	chr14	73544077	73550259	exon	GBM recurrent
chr14:73614503|73614802	chr14	73614503	73614802	exon	GBM recurrent
chr14:73614503|73616258	chr14	73614503	73616258	intron	GBM recurrent
chr14:73614503|73640415	chr14	73614503	73640415	exon	GBM recurrent
chr14:73749067|73763993	chr14	73749067	73763993	exon	GBM recurrent
chr14:75506614|75509180	chr14	75506614	75509180	exon	GBM recurrent
chr14:76633006|76647192	chr14	76633006	76647192	exon	GBM recurrent
chr14:76633006|76662315	chr14	76633006	76662315	exon	GBM recurrent
chr14:76638186|76647192	chr14	76638186	76647192	exon	GBM recurrent
chr14:80944597|80997230	chr14	80944597	80997230	exon	GBM recurrent
chr14:81329101|81372425	chr14	81329101	81372425	exon	GBM recurrent
chr14:83153658|83173208	chr14	83153658	83173208	intergenic_region	GBM recurrent
chr14:88881549|88899556	chr14	88881549	88899556	exon	GBM recurrent
chr14:88883055|88904247	chr14	88883055	88904247	exon	GBM recurrent
chr14:89192885|89212627	chr14	89192885	89212627	exon	GBM recurrent
chr14:89192885|89221015	chr14	89192885	89221015	exon	GBM recurrent
chr14:89212529|89221015	chr14	89212529	89221015	exon	GBM recurrent
chr14:89628045|89629313	chr14	89628045	89629313	exon	GBM recurrent
chr14:90390857|90398971	chr14	90390857	90398971	exon	GBM recurrent
chr14:91409422|91467503	chr14	91409422	91467503	exon	GBM recurrent
chr14:91444650|91467503	chr14	91444650	91467503	exon	GBM recurrent
chr14:91939377|91939714	chr14	91939377	91939714	exon	GBM recurrent
chr14:91947920|91952074	chr14	91947920	91952074	exon	GBM recurrent
chr14:92592466|92609638	chr14	92592466	92609638	exon	GBM recurrent
chr14:93760204|93761283	chr14	93760204	93761283	exon	GBM recurrent
chr14:93760204|93762503	chr14	93760204	93762503	exon	GBM recurrent
chr14:93933044|93954101	chr14	93933044	93954101	intron	GBM recurrent
chr14:93934017|93954101	chr14	93934017	93954101	exon	GBM recurrent
chr14:93934017|93963632	chr14	93934017	93963632	exon	GBM recurrent
chr14:96807859|96813678	chr14	96807859	96813678	exon	GBM recurrent
chr14:97022184|97022750	chr14	97022184	97022750	exon	GBM recurrent
chr14:97026986|97029230	chr14	97026986	97029230	exon	GBM recurrent
chr14:97299804|97327072	chr14	97299804	97327072	exon	GBM recurrent
chr14:99924616|99932150	chr14	99924616	99932150	exon	GBM recurrent
chr14:101403740|101415933	chr14	101403740	101415933	exon	GBM recurrent
chr14:101403740|101417831	chr14	101403740	101417831	exon	GBM recurrent
chr14:101413371|101417831	chr14	101413371	101417831	exon	GBM recurrent
chr14:101426419|101427631	chr14	101426419	101427631	intron	GBM recurrent
chr14:102506573|102507010	chr14	102506573	102507010	exon	GBM recurrent
chr14:102659800|102661457	chr14	102659800	102661457	exon	GBM recurrent
chr14:102659800|102664184	chr14	102659800	102664184	exon	GBM recurrent
chr14:102661275|102676199	chr14	102661275	102676199	exon	GBM recurrent
chr14:103180760|103187714	chr14	103180760	103187714	exon	GBM recurrent
chr14:103865288|103871604	chr14	103865288	103871604	intron	GBM recurrent
chr14:103918255|103928798	chr14	103918255	103928798	exon	GBM recurrent
chr14:104245082|104263855	chr14	104245082	104263855	exon	GBM recurrent
chr15:22835916|22842183	chr15	22835916	22842183	exon	GBM recurrent
chr15:22835916|22849121	chr15	22835916	22849121	exon	GBM recurrent
chr15:24369722|24426402	chr15	24369722	24426402	intron	GBM recurrent
chr15:25207261|25213229	chr15	25207261	25213229	exon	GBM recurrent
chr15:25284858|25287662	chr15	25284858	25287662	intron	GBM recurrent
chr15:25326238|25332746	chr15	25326238	25332746	exon	GBM recurrent
chr15:25470676|25477478	chr15	25470676	25477478	exon	GBM recurrent
chr15:25511578|25524031	chr15	25511578	25524031	exon	GBM recurrent
chr15:25650608|25657118	chr15	25650608	25657118	exon	GBM recurrent
chr15:25650608|25660989	chr15	25650608	25660989	exon	GBM recurrent
chr15:27571956|27574035	chr15	27571956	27574035	exon	GBM recurrent
chr15:30018583|30026586	chr15	30018583	30026586	exon	GBM recurrent
chr15:30053342|30065560	chr15	30053342	30065560	exon	GBM recurrent
chr15:30058469|30065560	chr15	30058469	30065560	exon	GBM recurrent
chr15:30058469|30092905	chr15	30058469	30092905	exon	GBM recurrent
chr15:30195160|30195757	chr15	30195160	30195757	intron	GBM recurrent
chr15:33149216|33194241	chr15	33149216	33194241	exon	GBM recurrent
chr15:33149216|33202736	chr15	33149216	33202736	exon	GBM recurrent
chr15:33256308|33261678	chr15	33256308	33261678	exon	GBM recurrent
chr15:33357158|33384404	chr15	33357158	33384404	intron	GBM recurrent
chr15:34111957|34117877	chr15	34111957	34117877	exon	GBM recurrent
chr15:35152243|35159810	chr15	35152243	35159810	exon	GBM recurrent
chr15:35207239|35219339	chr15	35207239	35219339	exon	GBM recurrent
chr15:38794513|38798121	chr15	38794513	38798121	exon	GBM recurrent
chr15:40005645|40034101	chr15	40005645	40034101	exon	GBM recurrent
chr15:41365626|41366763	chr15	41365626	41366763	exon	GBM recurrent
chr15:41377567|41379880	chr15	41377567	41379880	exon	GBM recurrent
chr15:41854746|41857339	chr15	41854746	41857339	exon	GBM recurrent
chr15:41988273|41991357	chr15	41988273	41991357	exon	GBM recurrent
chr15:41988273|42005694	chr15	41988273	42005694	exon	GBM recurrent
chr15:41999926|42005694	chr15	41999926	42005694	exon	GBM recurrent
chr15:42804031|42807552	chr15	42804031	42807552	exon	GBM recurrent
chr15:43067333|43170882	chr15	43067333	43170882	exon	GBM recurrent
chr15:43120126|43132631	chr15	43120126	43132631	exon	GBM recurrent
chr15:43120126|43170882	chr15	43120126	43170882	exon	GBM recurrent
chr15:43164809|43170882	chr15	43164809	43170882	exon	GBM recurrent
chr15:43627894|43638178	chr15	43627894	43638178	exon	GBM recurrent
chr15:43748090|43749416	chr15	43748090	43749416	exon	GBM recurrent
chr15:44046022|44048964	chr15	44046022	44048964	exon	GBM recurrent
chr15:44620883|44673174	chr15	44620883	44673174	exon	GBM recurrent
chr15:44624186|44673174	chr15	44624186	44673174	exon	GBM recurrent
chr15:44907561|44912601	chr15	44907561	44912601	exon	GBM recurrent
chr15:49303928|49320879	chr15	49303928	49320879	exon	GBM recurrent
chr15:49528048|49531564	chr15	49528048	49531564	exon	GBM recurrent
chr15:49528048|49584734	chr15	49528048	49584734	exon	GBM recurrent
chr15:50330965|50399205	chr15	50330965	50399205	exon	GBM recurrent
chr15:50399136|50457733	chr15	50399136	50457733	intron	GBM recurrent
chr15:50741597|50751359	chr15	50741597	50751359	exon	GBM recurrent
chr15:50878589|50884823	chr15	50878589	50884823	exon	GBM recurrent
chr15:50923614|50955243	chr15	50923614	50955243	exon	GBM recurrent
chr15:51675982|51692695	chr15	51675982	51692695	exon	GBM recurrent
chr15:51743842|51745838	chr15	51743842	51745838	exon	GBM recurrent
chr15:52058570|52069215	chr15	52058570	52069215	exon	GBM recurrent
chr15:52058570|52100741	chr15	52058570	52100741	exon	GBM recurrent
chr15:52073241|52075025	chr15	52073241	52075025	exon	GBM recurrent
chr15:52161414|52194233	chr15	52161414	52194233	exon	GBM recurrent
chr15:52338027|52342334	chr15	52338027	52342334	exon	GBM recurrent
chr15:52697484|52725482	chr15	52697484	52725482	exon	GBM recurrent
chr15:52718027|52725482	chr15	52718027	52725482	exon	GBM recurrent
chr15:52876942|52885933	chr15	52876942	52885933	exon	GBM recurrent
chr15:56958593|56971019	chr15	56958593	56971019	exon	GBM recurrent
chr15:57523350|57526305	chr15	57523350	57526305	exon	GBM recurrent
chr15:58913670|58936177	chr15	58913670	58936177	exon	GBM recurrent
chr15:58925395|58957396	chr15	58925395	58957396	exon	GBM recurrent
chr15:59204762|59205895	chr15	59204762	59205895	exon	GBM recurrent
chr15:59204762|59209198	chr15	59204762	59209198	exon	GBM recurrent
chr15:59323003|59323901	chr15	59323003	59323901	exon	GBM recurrent
chr15:59323003|59359282	chr15	59323003	59359282	exon	GBM recurrent
chr15:59487660|59510286	chr15	59487660	59510286	exon	GBM recurrent
chr15:59806488|59809039	chr15	59806488	59809039	exon	GBM recurrent
chr15:60734615|60737990	chr15	60734615	60737990	intron	GBM recurrent
chr15:61307997|61386810	chr15	61307997	61386810	intron	GBM recurrent
chr15:62221700|62223458	chr15	62221700	62223458	exon	GBM recurrent
chr15:62269281|62306191	chr15	62269281	62306191	exon	GBM recurrent
chr15:62283199|62284001	chr15	62283199	62284001	exon	GBM recurrent
chr15:62299507|62306191	chr15	62299507	62306191	exon	GBM recurrent
chr15:62325640|62336454	chr15	62325640	62336454	exon	GBM recurrent
chr15:63824846|63855207	chr15	63824846	63855207	exon	GBM recurrent
chr15:63988323|64008672	chr15	63988323	64008672	exon	GBM recurrent
chr15:63998979|64008672	chr15	63998979	64008672	exon	GBM recurrent
chr15:64004974|64008672	chr15	64004974	64008672	exon	GBM recurrent
chr15:64066893|64067848	chr15	64066893	64067848	exon	GBM recurrent
chr15:64404772|64411053	chr15	64404772	64411053	exon	GBM recurrent
chr15:64410316|64415745	chr15	64410316	64415745	exon	GBM recurrent
chr15:64791492|64792365	chr15	64791492	64792365	exon	GBM recurrent
chr15:65266940|65275931	chr15	65266940	65275931	exon	GBM recurrent
chr15:65471272|65472542	chr15	65471272	65472542	exon	GBM recurrent
chr15:65766547|65804902	chr15	65766547	65804902	exon	GBM recurrent
chr15:65988704|65995346	chr15	65988704	65995346	exon	GBM recurrent
chr15:65992882|65994228	chr15	65992882	65994228	exon	GBM recurrent
chr15:66015186|66048810	chr15	66015186	66048810	exon	GBM recurrent
chr15:66015186|66053776	chr15	66015186	66053776	exon	GBM recurrent
chr15:66021410|66048810	chr15	66021410	66048810	exon	GBM recurrent
chr15:66044717|66053776	chr15	66044717	66053776	exon	GBM recurrent
chr15:66641398|66641775	chr15	66641398	66641775	exon	GBM recurrent
chr15:67524152|67529158	chr15	67524152	67529158	exon	GBM recurrent
chr15:67923226|67956983	chr15	67923226	67956983	exon	GBM recurrent
chr15:67938569|67995746	chr15	67938569	67995746	exon	GBM recurrent
chr15:67956935|67995746	chr15	67956935	67995746	exon	GBM recurrent
chr15:67956935|68040939	chr15	67956935	68040939	exon	GBM recurrent
chr15:67956935|68065090	chr15	67956935	68065090	exon	GBM recurrent
chr15:67984817|67995746	chr15	67984817	67995746	exon	GBM recurrent
chr15:67984817|68040939	chr15	67984817	68040939	exon	GBM recurrent
chr15:67984817|68065090	chr15	67984817	68065090	exon	GBM recurrent
chr15:68061940|68065090	chr15	68061940	68065090	exon	GBM recurrent
chr15:68434284|68457142	chr15	68434284	68457142	exon	GBM recurrent
chr15:68434284|68473692	chr15	68434284	68473692	exon	GBM recurrent
chr15:71211389|71276596	chr15	71211389	71276596	exon	GBM recurrent
chr15:71211389|71343040	chr15	71211389	71343040	exon	GBM recurrent
chr15:72168132|72180457	chr15	72168132	72180457	exon	GBM recurrent
chr15:72300167|72320134	chr15	72300167	72320134	exon	GBM recurrent
chr15:72338065|72338975	chr15	72338065	72338975	exon	GBM recurrent
chr15:73052748|73067438	chr15	73052748	73067438	exon	GBM recurrent
chr15:73064124|73067438	chr15	73064124	73067438	exon	GBM recurrent
chr15:73408881|73470768	chr15	73408881	73470768	exon	GBM recurrent
chr15:73468744|73470768	chr15	73468744	73470768	exon	GBM recurrent
chr15:75219107|75221573	chr15	75219107	75221573	exon	GBM recurrent
chr15:76146727|76175765	chr15	76146727	76175765	exon	GBM recurrent
chr15:76152219|76165909	chr15	76152219	76165909	exon	GBM recurrent
chr15:76161292|76165909	chr15	76161292	76165909	exon	GBM recurrent
chr15:76248273|76345324	chr15	76248273	76345324	exon	GBM recurrent
chr15:76566753|76588078	chr15	76566753	76588078	exon	GBM recurrent
chr15:76576098|76585041	chr15	76576098	76585041	exon	GBM recurrent
chr15:76576098|76588078	chr15	76576098	76588078	exon	GBM recurrent
chr15:76584772|76588078	chr15	76584772	76588078	exon	GBM recurrent
chr15:77020750|77021078	chr15	77020750	77021078	intron	GBM recurrent
chr15:77046149|77067458	chr15	77046149	77067458	exon	GBM recurrent
chr15:77638884|77657567	chr15	77638884	77657567	exon	GBM recurrent
chr15:77656416|77657567	chr15	77656416	77657567	intron	GBM recurrent
chr15:77759437|77764156	chr15	77759437	77764156	exon	GBM recurrent
chr15:78337242|78346529	chr15	78337242	78346529	exon	GBM recurrent
chr15:79748440|79761487	chr15	79748440	79761487	exon	GBM recurrent
chr15:80412670|80415142	chr15	80412670	80415142	exon	GBM recurrent
chr15:81414853|81436161	chr15	81414853	81436161	intron	GBM recurrent
chr15:83357488|83358205	chr15	83357488	83358205	exon	GBM recurrent
chr15:83481855|83492039	chr15	83481855	83492039	exon	GBM recurrent
chr15:83481855|83495598	chr15	83481855	83495598	exon	GBM recurrent
chr15:83819967|83832827	chr15	83819967	83832827	exon	GBM recurrent
chr15:84228005|84245493	chr15	84228005	84245493	exon	GBM recurrent
chr15:85223944|85234875	chr15	85223944	85234875	exon	GBM recurrent
chr15:85656608|85669605	chr15	85656608	85669605	exon	GBM recurrent
chr15:85657104|85658718	chr15	85657104	85658718	exon	GBM recurrent
chr15:85657104|85664245	chr15	85657104	85664245	exon	GBM recurrent
chr15:89656956|89659752	chr15	89656956	89659752	exon	GBM recurrent
chr15:89656956|89698765	chr15	89656956	89698765	exon	GBM recurrent
chr15:90431753|90432372	chr15	90431753	90432372	exon	GBM recurrent
chr15:90982564|90983847	chr15	90982564	90983847	exon	GBM recurrent
chr15:90982564|90986710	chr15	90982564	90986710	exon	GBM recurrent
chr15:90984738|90986710	chr15	90984738	90986710	exon	GBM recurrent
chr15:91030186|91035943	chr15	91030186	91035943	exon	GBM recurrent
chr15:91256374|91258273	chr15	91256374	91258273	exon	GBM recurrent
chr15:91256398|91258273	chr15	91256398	91258273	exon	GBM recurrent
chr15:91795049|91811835	chr15	91795049	91811835	exon	GBM recurrent
chr15:91911481|91911831	chr15	91911481	91911831	intergenic_region	GBM recurrent
chr15:93467551|93472321	chr15	93467551	93472321	exon	GBM recurrent
chr15:93489051|93510743	chr15	93489051	93510743	exon	GBM recurrent
chr15:93496587|93518180	chr15	93496587	93518180	exon	GBM recurrent
chr15:93540187|93541851	chr15	93540187	93541851	exon	GBM recurrent
chr15:93540187|93545547	chr15	93540187	93545547	exon	GBM recurrent
chr15:93552375|93558139	chr15	93552375	93558139	exon	GBM recurrent
chr15:93552375|93563488	chr15	93552375	93563488	exon	GBM recurrent
chr15:93889523|93916814	chr15	93889523	93916814	intron	GBM recurrent
chr15:100138635|100173378	chr15	100138635	100173378	exon	GBM recurrent
chr15:101104893|101105470	chr15	101104893	101105470	intron	GBM recurrent
chr15:101104897|101105470	chr15	101104897	101105470	exon	GBM recurrent
chr15:101775287|101775782	chr15	101775287	101775782	exon	GBM recurrent
chr15:101968097|101972305	chr15	101968097	101972305	exon	GBM recurrent
chr15:101968097|101983865	chr15	101968097	101983865	exon	GBM recurrent
chr15:102241289|102255166	chr15	102241289	102255166	exon	GBM recurrent
chr16:1859239|1859834	chr16	1859239	1859834	exon	GBM recurrent
chr16:3556331|3562478	chr16	3556331	3562478	exon	GBM recurrent
chr16:3586122|3586994	chr16	3586122	3586994	exon	GBM recurrent
chr16:7629779|7657340	chr16	7629779	7657340	exon	GBM recurrent
chr16:9009111|9011013	chr16	9009111	9011013	exon	GBM recurrent
chr16:11976872|11991892	chr16	11976872	11991892	exon	GBM recurrent
chr16:11988811|11994841	chr16	11988811	11994841	intron	GBM recurrent
chr16:14028049|14029600	chr16	14028049	14029600	exon	GBM recurrent
chr16:14328003|14334341	chr16	14328003	14334341	exon	GBM recurrent
chr16:14680175|14721193	chr16	14680175	14721193	exon	GBM recurrent
chr16:14687158|14698083	chr16	14687158	14698083	exon	GBM recurrent
chr16:14700341|14721193	chr16	14700341	14721193	exon	GBM recurrent
chr16:15091610|15092262	chr16	15091610	15092262	exon	GBM recurrent
chr16:16218646|16219768	chr16	16218646	16219768	exon	GBM recurrent
chr16:17252686|17451907	chr16	17252686	17451907	exon	GBM recurrent
chr16:17448956|17451907	chr16	17448956	17451907	exon	GBM recurrent
chr16:18826497|18830976	chr16	18826497	18830976	exon	GBM recurrent
chr16:18852887|18856973	chr16	18852887	18856973	exon	GBM recurrent
chr16:19020494|19020737	chr16	19020494	19020737	exon	GBM recurrent
chr16:19627436|19628130	chr16	19627436	19628130	exon	GBM recurrent
chr16:19627436|19659204	chr16	19627436	19659204	exon	GBM recurrent
chr16:19639016|19659204	chr16	19639016	19659204	exon	GBM recurrent
chr16:19639959|19659204	chr16	19639959	19659204	exon	GBM recurrent
chr16:19656157|19663412	chr16	19656157	19663412	intron	GBM recurrent
chr16:19656208|19663412	chr16	19656208	19663412	exon	GBM recurrent
chr16:19661704|19693712	chr16	19661704	19693712	exon	GBM recurrent
chr16:19745020|19746772	chr16	19745020	19746772	exon	GBM recurrent
chr16:20715003|20732575	chr16	20715003	20732575	exon	GBM recurrent
chr16:21272575|21273479	chr16	21272575	21273479	exon	GBM recurrent
chr16:21973781|21987564	chr16	21973781	21987564	exon	GBM recurrent
chr16:21979949|21987564	chr16	21979949	21987564	exon	GBM recurrent
chr16:23096181|23119504	chr16	23096181	23119504	exon	GBM recurrent
chr16:23113640|23119504	chr16	23113640	23119504	exon	GBM recurrent
chr16:23113640|23120102	chr16	23113640	23120102	intron	GBM recurrent
chr16:24104112|24135302	chr16	24104112	24135302	exon	GBM recurrent
chr16:24979672|24981901	chr16	24979672	24981901	exon	GBM recurrent
chr16:27224906|27226329	chr16	27224906	27226329	exon	GBM recurrent
chr16:27544612|27556844	chr16	27544612	27556844	exon	GBM recurrent
chr16:29576672|29580649	chr16	29576672	29580649	intron	GBM recurrent
chr16:30740287|30740893	chr16	30740287	30740893	exon	GBM recurrent
chr16:31733947|31734674	chr16	31733947	31734674	exon	GBM recurrent
chr16:47143394|47165936	chr16	47143394	47165936	exon	GBM recurrent
chr16:47531310|47549512	chr16	47531310	47549512	exon	GBM recurrent
chr16:47531310|47581459	chr16	47531310	47581459	exon	GBM recurrent
chr16:47531310|47630442	chr16	47531310	47630442	exon	GBM recurrent
chr16:48290521|48311390	chr16	48290521	48311390	exon	GBM recurrent
chr16:48292529|48330076	chr16	48292529	48330076	exon	GBM recurrent
chr16:48311249|48337216	chr16	48311249	48337216	exon	GBM recurrent
chr16:53188359|53191453	chr16	53188359	53191453	intron	GBM recurrent
chr16:53189838|53191453	chr16	53189838	53191453	exon	GBM recurrent
chr16:53269097|53283978	chr16	53269097	53283978	exon	GBM recurrent
chr16:53288350|53302038	chr16	53288350	53302038	exon	GBM recurrent
chr16:53289512|53297009	chr16	53289512	53297009	exon	GBM recurrent
chr16:53289512|53308214	chr16	53289512	53308214	exon	GBM recurrent
chr16:53878067|53922863	chr16	53878067	53922863	exon	GBM recurrent
chr16:53907698|53922863	chr16	53907698	53922863	exon	GBM recurrent
chr16:53907698|53968021	chr16	53907698	53968021	exon	GBM recurrent
chr16:56110060|56111056	chr16	56110060	56111056	intergenic_region	GBM recurrent
chr16:56385296|56388993	chr16	56385296	56388993	exon	GBM recurrent
chr16:56419831|56448256	chr16	56419831	56448256	exon	GBM recurrent
chr16:56518673|56534937	chr16	56518673	56534937	exon	GBM recurrent
chr16:57197913|57207781	chr16	57197913	57207781	exon	GBM recurrent
chr16:58608513|58617086	chr16	58608513	58617086	exon	GBM recurrent
chr16:58608513|58619410	chr16	58608513	58619410	exon	GBM recurrent
chr16:66839680|66839929	chr16	66839680	66839929	exon	GBM recurrent
chr16:67644727|67646024	chr16	67644727	67646024	exon	GBM recurrent
chr16:68155890|68157024	chr16	68155890	68157024	exon	GBM recurrent
chr16:68155890|68160513	chr16	68155890	68160513	exon	GBM recurrent
chr16:68200746|68225678	chr16	68200746	68225678	exon	GBM recurrent
chr16:69007931|69074324	chr16	69007931	69074324	exon	GBM recurrent
chr16:69189774|69201088	chr16	69189774	69201088	exon	GBM recurrent
chr16:69189774|69202901	chr16	69189774	69202901	exon	GBM recurrent
chr16:69317951|69318147	chr16	69317951	69318147	exon	GBM recurrent
chr16:69404386|69406258	chr16	69404386	69406258	exon	GBM recurrent
chr16:69729039|69729282	chr16	69729039	69729282	exon	GBM recurrent
chr16:70292883|70296427	chr16	70292883	70296427	exon	GBM recurrent
chr16:70294947|70302282	chr16	70294947	70302282	exon	GBM recurrent
chr16:71710350|71713438	chr16	71710350	71713438	exon	GBM recurrent
chr16:71825970|71826495	chr16	71825970	71826495	intron	GBM recurrent
chr16:72122886|72124685	chr16	72122886	72124685	exon	GBM recurrent
chr16:74493580|74497377	chr16	74493580	74497377	exon	GBM recurrent
chr16:74919551|74920294	chr16	74919551	74920294	exon	GBM recurrent
chr16:80718435|80719026	chr16	80718435	80719026	exon	GBM recurrent
chr16:81385188|81411307	chr16	81385188	81411307	exon	GBM recurrent
chr16:83940592|83945972	chr16	83940592	83945972	exon	GBM recurrent
chr16:84773915|84779279	chr16	84773915	84779279	exon	GBM recurrent
chr16:89291127|89292039	chr16	89291127	89292039	exon	GBM recurrent
chr17:526773|530556	chr17	526773	530556	exon	GBM recurrent
chr17:1264386|1265302	chr17	1264386	1265302	exon	GBM recurrent
chr17:1264386|1268352	chr17	1264386	1268352	exon	GBM recurrent
chr17:1782287|1787238	chr17	1782287	1787238	exon	GBM recurrent
chr17:3717616|3719564	chr17	3717616	3719564	exon	GBM recurrent
chr17:3969741|3976050	chr17	3969741	3976050	exon	GBM recurrent
chr17:4186093|4200109	chr17	4186093	4200109	exon	GBM recurrent
chr17:4186093|4210418	chr17	4186093	4210418	exon	GBM recurrent
chr17:5250085|5253924	chr17	5250085	5253924	exon	GBM recurrent
chr17:5250085|5268533	chr17	5250085	5268533	exon	GBM recurrent
chr17:5257654|5271763	chr17	5257654	5271763	exon	GBM recurrent
chr17:5266207|5271763	chr17	5266207	5271763	exon	GBM recurrent
chr17:7402358|7402810	chr17	7402358	7402810	exon	GBM recurrent
chr17:9843443|9850300	chr17	9843443	9850300	exon	GBM recurrent
chr17:11958206|12016677	chr17	11958206	12016677	exon	GBM recurrent
chr17:11958206|12032604	chr17	11958206	12032604	exon	GBM recurrent
chr17:11984673|12032604	chr17	11984673	12032604	exon	GBM recurrent
chr17:12798257|12832363	chr17	12798257	12832363	exon	GBM recurrent
chr17:16004564|16005119	chr17	16004564	16005119	exon	GBM recurrent
chr17:17787948|17797124	chr17	17787948	17797124	exon	GBM recurrent
chr17:18768782|18781183	chr17	18768782	18781183	exon	GBM recurrent
chr17:18768782|18793190	chr17	18768782	18793190	exon	GBM recurrent
chr17:18770595|18781183	chr17	18770595	18781183	exon	GBM recurrent
chr17:19554860|19575269	chr17	19554860	19575269	exon	GBM recurrent
chr17:19861327|19861884	chr17	19861327	19861884	exon	GBM recurrent
chr17:20107646|20109225	chr17	20107646	20109225	exon	GBM recurrent
chr17:20130726|20135727	chr17	20130726	20135727	exon	GBM recurrent
chr17:26418800|26499644	chr17	26418800	26499644	intron	GBM recurrent
chr17:26449629|26499644	chr17	26449629	26499644	exon	GBM recurrent
chr17:26459646|26499644	chr17	26459646	26499644	exon	GBM recurrent
chr17:26490569|26499644	chr17	26490569	26499644	exon	GBM recurrent
chr17:27613010|27614734	chr17	27613010	27614734	exon	GBM recurrent
chr17:27809215|27818883	chr17	27809215	27818883	exon	GBM recurrent
chr17:27809215|27838010	chr17	27809215	27838010	exon	GBM recurrent
chr17:27975162|27977818	chr17	27975162	27977818	exon	GBM recurrent
chr17:28593903|28613920	chr17	28593903	28613920	exon	GBM recurrent
chr17:28808161|28837927	chr17	28808161	28837927	exon	GBM recurrent
chr17:28811232|28847039	chr17	28811232	28847039	exon	GBM recurrent
chr17:28934570|28937960	chr17	28934570	28937960	exon	GBM recurrent
chr17:29061915|29086557	chr17	29061915	29086557	exon	GBM recurrent
chr17:30498062|30510291	chr17	30498062	30510291	exon	GBM recurrent
chr17:30500850|30502381	chr17	30500850	30502381	exon	GBM recurrent
chr17:30689933|30695033	chr17	30689933	30695033	exon	GBM recurrent
chr17:33255981|33267640	chr17	33255981	33267640	exon	GBM recurrent
chr17:34147028|34147441	chr17	34147028	34147441	exon	GBM recurrent
chr17:35310186|35311207	chr17	35310186	35311207	exon	GBM recurrent
chr17:35936439|35945538	chr17	35936439	35945538	exon	GBM recurrent
chr17:36351936|36353765	chr17	36351936	36353765	exon	GBM recurrent
chr17:36517594|36523933	chr17	36517594	36523933	exon	GBM recurrent
chr17:37373063|37373426	chr17	37373063	37373426	exon	GBM recurrent
chr17:37453380|37499494	chr17	37453380	37499494	exon	GBM recurrent
chr17:37455243|37457328	chr17	37455243	37457328	exon	GBM recurrent
chr17:37575970|37580991	chr17	37575970	37580991	exon	GBM recurrent
chr17:37579580|37584043	chr17	37579580	37584043	exon	GBM recurrent
chr17:38282436|38282659	chr17	38282436	38282659	exon	GBM recurrent
chr17:40650942|40653322	chr17	40650942	40653322	exon	GBM recurrent
chr17:40652725|40653322	chr17	40652725	40653322	exon	GBM recurrent
chr17:40879653|40882936	chr17	40879653	40882936	exon	GBM recurrent
chr17:41247863|41276132	chr17	41247863	41276132	exon	GBM recurrent
chr17:42541840|42552271	chr17	42541840	42552271	exon	GBM recurrent
chr17:43159012|43164020	chr17	43159012	43164020	exon	GBM recurrent
chr17:44127899|44145033	chr17	44127899	44145033	exon	GBM recurrent
chr17:44159807|44172067	chr17	44159807	44172067	exon	GBM recurrent
chr17:45206759|45249430	chr17	45206759	45249430	exon	GBM recurrent
chr17:45214518|45249430	chr17	45214518	45249430	exon	GBM recurrent
chr17:45221249|45249430	chr17	45221249	45249430	exon	GBM recurrent
chr17:45403592|45422464	chr17	45403592	45422464	exon	GBM recurrent
chr17:45695716|45696530	chr17	45695716	45696530	exon	GBM recurrent
chr17:45741525|45745776	chr17	45741525	45745776	exon	GBM recurrent
chr17:46189393|46190763	chr17	46189393	46190763	exon	GBM recurrent
chr17:47388674|47389404	chr17	47388674	47389404	exon	GBM recurrent
chr17:48814321|48817706	chr17	48814321	48817706	exon	GBM recurrent
chr17:49048068|49064598	chr17	49048068	49064598	exon	GBM recurrent
chr17:49059885|49064598	chr17	49059885	49064598	exon	GBM recurrent
chr17:49067811|49075978	chr17	49067811	49075978	exon	GBM recurrent
chr17:49118862|49133843	chr17	49118862	49133843	exon	GBM recurrent
chr17:49294695|49302570	chr17	49294695	49302570	exon	GBM recurrent
chr17:49340635|49346265	chr17	49340635	49346265	exon	GBM recurrent
chr17:49340635|49350811	chr17	49340635	49350811	exon	GBM recurrent
chr17:49340635|49365564	chr17	49340635	49365564	exon	GBM recurrent
chr17:49340635|49371406	chr17	49340635	49371406	exon	GBM recurrent
chr17:53108529|53124515	chr17	53108529	53124515	exon	GBM recurrent
chr17:54926057|54933986	chr17	54926057	54933986	exon	GBM recurrent
chr17:54926057|54939612	chr17	54926057	54939612	exon	GBM recurrent
chr17:57148184|57161450	chr17	57148184	57161450	exon	GBM recurrent
chr17:57322775|57344535	chr17	57322775	57344535	exon	GBM recurrent
chr17:57334483|57344535	chr17	57334483	57344535	exon	GBM recurrent
chr17:57808782|57816308	chr17	57808782	57816308	exon	GBM recurrent
chr17:57808782|57842499	chr17	57808782	57842499	exon	GBM recurrent
chr17:57808782|57851246	chr17	57808782	57851246	exon	GBM recurrent
chr17:57808782|57851305	chr17	57808782	57851305	intron	GBM recurrent
chr17:57808782|57895134	chr17	57808782	57895134	exon	GBM recurrent
chr17:57814814|57895134	chr17	57814814	57895134	exon	GBM recurrent
chr17:57943970|57955695	chr17	57943970	57955695	exon	GBM recurrent
chr17:58013576|58013902	chr17	58013576	58013902	exon	GBM recurrent
chr17:58342773|58372162	chr17	58342773	58372162	exon	GBM recurrent
chr17:58346811|58348842	chr17	58346811	58348842	exon	GBM recurrent
chr17:58711214|58725443	chr17	58711214	58725443	exon	GBM recurrent
chr17:60061532|60062451	chr17	60061532	60062451	exon	GBM recurrent
chr17:60106902|60112969	chr17	60106902	60112969	exon	GBM recurrent
chr17:61228631|61278318	chr17	61228631	61278318	exon	GBM recurrent
chr17:61228631|61345234	chr17	61228631	61345234	exon	GBM recurrent
chr17:62289934|62291602	chr17	62289934	62291602	exon	GBM recurrent
chr17:63739186|63746842	chr17	63739186	63746842	exon	GBM recurrent
chr17:64023619|64026141	chr17	64023619	64026141	exon	GBM recurrent
chr17:64049854|64066119	chr17	64049854	64066119	exon	GBM recurrent
chr17:64492319|64510584	chr17	64492319	64510584	intron	GBM recurrent
chr17:65110440|65120130	chr17	65110440	65120130	exon	GBM recurrent
chr17:65162594|65191586	chr17	65162594	65191586	exon	GBM recurrent
chr17:65905698|65944422	chr17	65905698	65944422	exon	GBM recurrent
chr17:65906993|65920705	chr17	65906993	65920705	exon	GBM recurrent
chr17:65924471|65928135	chr17	65924471	65928135	exon	GBM recurrent
chr17:65941525|65944422	chr17	65941525	65944422	exon	GBM recurrent
chr17:65941525|65957652	chr17	65941525	65957652	intron	GBM recurrent
chr17:65941525|65972074	chr17	65941525	65972074	exon	GBM recurrent
chr17:67124760|67130883	chr17	67124760	67130883	exon	GBM recurrent
chr17:67151160|67152066	chr17	67151160	67152066	exon	GBM recurrent
chr17:67290796|67299047	chr17	67290796	67299047	exon	GBM recurrent
chr17:67898883|67899331	chr17	67898883	67899331	intergenic_region	GBM recurrent
chr17:73238417|73239651	chr17	73238417	73239651	exon	GBM recurrent
chr17:74283273|74301022	chr17	74283273	74301022	exon	GBM recurrent
chr17:76000251|76005778	chr17	76000251	76005778	intron	GBM recurrent
chr17:76075476|76083174	chr17	76075476	76083174	exon	GBM recurrent
chr17:76082584|76083174	chr17	76082584	76083174	exon	GBM recurrent
chr17:76087521|76089844	chr17	76087521	76089844	exon	GBM recurrent
chr17:76187051|76188866	chr17	76187051	76188866	exon	GBM recurrent
chr17:77073512|77073946	chr17	77073512	77073946	exon	GBM recurrent
chr17:78034927|78037491	chr17	78034927	78037491	intron	GBM recurrent
chr17:78301616|78306431	chr17	78301616	78306431	exon	GBM recurrent
chr17:80141650|80153240	chr17	80141650	80153240	exon	GBM recurrent
chr17:80721841|80739597	chr17	80721841	80739597	exon	GBM recurrent
chr18:196637|204692	chr18	196637	204692	exon	GBM recurrent
chr18:2890559|2892484	chr18	2890559	2892484	exon	GBM recurrent
chr18:6213148|6312055	chr18	6213148	6312055	exon	GBM recurrent
chr18:6263946|6312055	chr18	6263946	6312055	exon	GBM recurrent
chr18:8076453|8088849	chr18	8076453	8088849	exon	GBM recurrent
chr18:8076453|8143777	chr18	8076453	8143777	exon	GBM recurrent
chr18:8113484|8143777	chr18	8113484	8143777	exon	GBM recurrent
chr18:8714137|8720494	chr18	8714137	8720494	intron	GBM recurrent
chr18:8718422|8720494	chr18	8718422	8720494	exon	GBM recurrent
chr18:9182380|9208801	chr18	9182380	9208801	exon	GBM recurrent
chr18:9182380|9221997	chr18	9182380	9221997	exon	GBM recurrent
chr18:9182380|9239554	chr18	9182380	9239554	exon	GBM recurrent
chr18:9195549|9221997	chr18	9195549	9221997	exon	GBM recurrent
chr18:9204474|9239554	chr18	9204474	9239554	exon	GBM recurrent
chr18:9208655|9221997	chr18	9208655	9221997	exon	GBM recurrent
chr18:9263788|9275665	chr18	9263788	9275665	exon	GBM recurrent
chr18:9524592|9525849	chr18	9524592	9525849	exon	GBM recurrent
chr18:9775275|9815219	chr18	9775275	9815219	exon	GBM recurrent
chr18:9931807|9937063	chr18	9931807	9937063	exon	GBM recurrent
chr18:9931807|9950565	chr18	9931807	9950565	exon	GBM recurrent
chr18:10534463|10550251	chr18	10534463	10550251	exon	GBM recurrent
chr18:12506476|12535600	chr18	12506476	12535600	exon	GBM recurrent
chr18:12999420|13019205	chr18	12999420	13019205	exon	GBM recurrent
chr18:12999420|13030607	chr18	12999420	13030607	exon	GBM recurrent
chr18:13048858|13059311	chr18	13048858	13059311	exon	GBM recurrent
chr18:13099475|13103587	chr18	13099475	13103587	exon	GBM recurrent
chr18:13681604|13682104	chr18	13681604	13682104	exon	GBM recurrent
chr18:18559871|18572898	chr18	18559871	18572898	exon	GBM recurrent
chr18:18619433|18629841	chr18	18619433	18629841	exon	GBM recurrent
chr18:18945988|18983955	chr18	18945988	18983955	exon	GBM recurrent
chr18:19345733|19348713	chr18	19345733	19348713	exon	GBM recurrent
chr18:19345733|19359646	chr18	19345733	19359646	exon	GBM recurrent
chr18:19345733|19383975	chr18	19345733	19383975	exon	GBM recurrent
chr18:19345733|19399607	chr18	19345733	19399607	exon	GBM recurrent
chr18:19358064|19359646	chr18	19358064	19359646	exon	GBM recurrent
chr18:19371335|19383975	chr18	19371335	19383975	exon	GBM recurrent
chr18:20555116|20581692	chr18	20555116	20581692	exon	GBM recurrent
chr18:21644104|21663045	chr18	21644104	21663045	exon	GBM recurrent
chr18:21723055|21723377	chr18	21723055	21723377	exon	GBM recurrent
chr18:21745029|21752447	chr18	21745029	21752447	exon	GBM recurrent
chr18:21776089|21819346	chr18	21776089	21819346	exon	GBM recurrent
chr18:21805006|21819346	chr18	21805006	21819346	exon	GBM recurrent
chr18:21860806|21957499	chr18	21860806	21957499	exon	GBM recurrent
chr18:29691717|29693823	chr18	29691717	29693823	exon	GBM recurrent
chr18:29691717|29704808	chr18	29691717	29704808	exon	GBM recurrent
chr18:29691717|29706763	chr18	29691717	29706763	exon	GBM recurrent
chr18:29691717|29709290	chr18	29691717	29709290	exon	GBM recurrent
chr18:31185501|31263532	chr18	31185501	31263532	exon	GBM recurrent
chr18:31187558|31251830	chr18	31187558	31251830	exon	GBM recurrent
chr18:31206826|31226317	chr18	31206826	31226317	exon	GBM recurrent
chr18:31206826|31263532	chr18	31206826	31263532	exon	GBM recurrent
chr18:32386183|32392077	chr18	32386183	32392077	exon	GBM recurrent
chr18:33606863|33613800	chr18	33606863	33613800	exon	GBM recurrent
chr18:33721100|33739978	chr18	33721100	33739978	exon	GBM recurrent
chr18:39607407|39629569	chr18	39607407	39629569	exon	GBM recurrent
chr18:43702433|43703330	chr18	43702433	43703330	exon	GBM recurrent
chr18:44470543|44483598	chr18	44470543	44483598	exon	GBM recurrent
chr18:44470543|44486278	chr18	44470543	44486278	exon	GBM recurrent
chr18:44526020|44526886	chr18	44526020	44526886	exon	GBM recurrent
chr18:46855943|46906128	chr18	46855943	46906128	exon	GBM recurrent
chr18:46858234|46906128	chr18	46858234	46906128	exon	GBM recurrent
chr18:48444480|48458730	chr18	48444480	48458730	exon	GBM recurrent
chr18:48444480|48466756	chr18	48444480	48466756	exon	GBM recurrent
chr18:51686135|51731527	chr18	51686135	51731527	exon	GBM recurrent
chr18:51797730|51804225	chr18	51797730	51804225	exon	GBM recurrent
chr18:51797730|51810383	chr18	51797730	51810383	exon	GBM recurrent
chr18:51804073|51813781	chr18	51804073	51813781	exon	GBM recurrent
chr18:51807037|51813781	chr18	51807037	51813781	exon	GBM recurrent
chr18:53017590|53018234	chr18	53017590	53018234	exon	GBM recurrent
chr18:53017590|53131368	chr18	53017590	53131368	exon	GBM recurrent
chr18:54367022|54483375	chr18	54367022	54483375	intron	GBM recurrent
chr18:54398614|54426184	chr18	54398614	54426184	exon	GBM recurrent
chr18:54423814|54426184	chr18	54423814	54426184	exon	GBM recurrent
chr18:54426096|54448887	chr18	54426096	54448887	exon	GBM recurrent
chr18:54444013|54547396	chr18	54444013	54547396	exon	GBM recurrent
chr18:54591153|54606624	chr18	54591153	54606624	exon	GBM recurrent
chr18:54591153|54629760	chr18	54591153	54629760	exon	GBM recurrent
chr18:55833020|55919286	chr18	55833020	55919286	exon	GBM recurrent
chr18:56585503|56587865	chr18	56585503	56587865	exon	GBM recurrent
chr18:56598878|56606853	chr18	56598878	56606853	exon	GBM recurrent
chr18:56601665|56621031	chr18	56601665	56621031	exon	GBM recurrent
chr18:59157635|59174793	chr18	59157635	59174793	exon	GBM recurrent
chr18:59203726|59206378	chr18	59203726	59206378	exon	GBM recurrent
chr18:59203726|59212377	chr18	59203726	59212377	exon	GBM recurrent
chr18:59739906|59763183	chr18	59739906	59763183	exon	GBM recurrent
chr18:59805476|59815571	chr18	59805476	59815571	exon	GBM recurrent
chr18:59805476|59830889	chr18	59805476	59830889	exon	GBM recurrent
chr18:60212035|60223530	chr18	60212035	60223530	exon	GBM recurrent
chr18:60223436|60232329	chr18	60223436	60232329	exon	GBM recurrent
chr18:60497268|60497464	chr18	60497268	60497464	exon	GBM recurrent
chr18:60506017|60527834	chr18	60506017	60527834	exon	GBM recurrent
chr18:74561482|74563895	chr18	74561482	74563895	exon	GBM recurrent
chr18:74561482|74583781	chr18	74561482	74583781	exon	GBM recurrent
chr18:74561482|74587620	chr18	74561482	74587620	exon	GBM recurrent
chr18:74711709|74713546	chr18	74711709	74713546	intron	GBM recurrent
chr18:74711736|74713546	chr18	74711736	74713546	intron	GBM recurrent
chr18:76856476|76886375	chr18	76856476	76886375	exon	GBM recurrent
chr18:76856476|76914555	chr18	76856476	76914555	exon	GBM recurrent
chr18:76856476|76936907	chr18	76856476	76936907	exon	GBM recurrent
chr18:76856476|76967012	chr18	76856476	76967012	exon	GBM recurrent
chr18:76886267|76914555	chr18	76886267	76914555	exon	GBM recurrent
chr18:76886267|76936907	chr18	76886267	76936907	exon	GBM recurrent
chr18:76886267|76974038	chr18	76886267	76974038	exon	GBM recurrent
chr18:76903802|76967012	chr18	76903802	76967012	exon	GBM recurrent
chr18:76914504|76974038	chr18	76914504	76974038	exon	GBM recurrent
chr18:76953183|76974038	chr18	76953183	76974038	exon	GBM recurrent
chr18:76953183|77013541	chr18	76953183	77013541	exon	GBM recurrent
chr18:76953183|77014467	chr18	76953183	77014467	exon	GBM recurrent
chr18:76953183|77037196	chr18	76953183	77037196	exon	GBM recurrent
chr18:76953183|77067234	chr18	76953183	77067234	exon	GBM recurrent
chr19:1271328|1272050	chr19	1271328	1272050	exon	GBM recurrent
chr19:5604594|5604947	chr19	5604594	5604947	exon	GBM recurrent
chr19:6702138|6702590	chr19	6702138	6702590	exon	GBM recurrent
chr19:8402679|8404051	chr19	8402679	8404051	intron	GBM recurrent
chr19:8520289|8528570	chr19	8520289	8528570	exon	GBM recurrent
chr19:9643521|9645955	chr19	9643521	9645955	exon	GBM recurrent
chr19:9724697|9728855	chr19	9724697	9728855	exon	GBM recurrent
chr19:9763629|9771550	chr19	9763629	9771550	exon	GBM recurrent
chr19:11835009|11836142	chr19	11835009	11836142	exon	GBM recurrent
chr19:11941432|12087979	chr19	11941432	12087979	intergenic_region	GBM recurrent
chr19:11978121|12014780	chr19	11978121	12014780	intergenic_region	GBM recurrent
chr19:12044044|12048184	chr19	12044044	12048184	intron	GBM recurrent
chr19:13441058|13445307	chr19	13441058	13445307	exon	GBM recurrent
chr19:13443683|13445307	chr19	13443683	13445307	exon	GBM recurrent
chr19:17387304|17387718	chr19	17387304	17387718	exon	GBM recurrent
chr19:18650181|18650530	chr19	18650181	18650530	exon	GBM recurrent
chr19:19916840|19917877	chr19	19916840	19917877	exon	GBM recurrent
chr19:20727425|20728782	chr19	20727425	20728782	exon	GBM recurrent
chr19:20975318|20976684	chr19	20975318	20976684	exon	GBM recurrent
chr19:21216262|21216990	chr19	21216262	21216990	exon	GBM recurrent
chr19:21926819|21927869	chr19	21926819	21927869	exon	GBM recurrent
chr19:22157531|22171711	chr19	22157531	22171711	exon	GBM recurrent
chr19:23316882|23318845	chr19	23316882	23318845	exon	GBM recurrent
chr19:23541232|23545527	chr19	23541232	23545527	exon	GBM recurrent
chr19:23541232|23557566	chr19	23541232	23557566	exon	GBM recurrent
chr19:23556544|23557566	chr19	23556544	23557566	exon	GBM recurrent
chr19:24014399|24016323	chr19	24014399	24016323	intron	GBM recurrent
chr19:24288742|24289445	chr19	24288742	24289445	exon	GBM recurrent
chr19:24309056|24310982	chr19	24309056	24310982	exon	GBM recurrent
chr19:30476130|30477324	chr19	30476130	30477324	exon	GBM recurrent
chr19:30476130|30509866	chr19	30476130	30509866	intergenic_region	GBM recurrent
chr19:33406243|33409245	chr19	33406243	33409245	exon	GBM recurrent
chr19:33604673|33605325	chr19	33604673	33605325	exon	GBM recurrent
chr19:34921481|34925873	chr19	34921481	34925873	exon	GBM recurrent
chr19:34941170|34957919	chr19	34941170	34957919	exon	GBM recurrent
chr19:34942886|34955036	chr19	34942886	34955036	exon	GBM recurrent
chr19:36940301|36940903	chr19	36940301	36940903	exon	GBM recurrent
chr19:37408481|37428144	chr19	37408481	37428144	exon	GBM recurrent
chr19:37482078|37482748	chr19	37482078	37482748	exon	GBM recurrent
chr19:39943996|39944161	chr19	39943996	39944161	exon	GBM recurrent
chr19:41242891|41243674	chr19	41242891	41243674	exon	GBM recurrent
chr19:41754419|41754725	chr19	41754419	41754725	exon	GBM recurrent
chr19:43498902|43641850	chr19	43498902	43641850	intron	GBM recurrent
chr19:44605286|44622467	chr19	44605286	44622467	intergenic_region	GBM recurrent
chr19:45638414|45639135	chr19	45638414	45639135	intron	GBM recurrent
chr19:45766371|45769539	chr19	45766371	45769539	exon	GBM recurrent
chr19:45781181|45781873	chr19	45781181	45781873	exon	GBM recurrent
chr19:46116799|46117958	chr19	46116799	46117958	exon	GBM recurrent
chr19:47421745|47425613	chr19	47421745	47425613	intergenic_region	GBM recurrent
chr19:48180861|48181467	chr19	48180861	48181467	intron	GBM recurrent
chr19:49136701|49136912	chr19	49136701	49136912	exon	GBM recurrent
chr19:49149008|49149174	chr19	49149008	49149174	exon	GBM recurrent
chr19:51465000|51470581	chr19	51465000	51470581	exon	GBM recurrent
chr19:52364157|52380630	chr19	52364157	52380630	exon	GBM recurrent
chr19:52380535|52384130	chr19	52380535	52384130	exon	GBM recurrent
chr19:52399725|52400231	chr19	52399725	52400231	exon	GBM recurrent
chr19:52579297|52580337	chr19	52579297	52580337	exon	GBM recurrent
chr19:52785364|52786666	chr19	52785364	52786666	exon	GBM recurrent
chr19:52876364|52909896	chr19	52876364	52909896	intergenic_region	GBM recurrent
chr19:53883975|53888280	chr19	53883975	53888280	exon	GBM recurrent
chr19:56918395|56925809	chr19	56918395	56925809	exon	GBM recurrent
chr19:56925328|56925809	chr19	56925328	56925809	exon	GBM recurrent
chr19:57088081|57089646	chr19	57088081	57089646	exon	GBM recurrent
chr19:57967021|57967550	chr19	57967021	57967550	exon	GBM recurrent
chr19:58374733|58375127	chr19	58374733	58375127	exon	GBM recurrent
chr19:58436991|58439415	chr19	58436991	58439415	exon	GBM recurrent
chr19:58772217|58775042	chr19	58772217	58775042	exon	GBM recurrent
chr2:1920977|1927035	chr2	1920977	1927035	exon	GBM recurrent
chr2:1926040|1927035	chr2	1926040	1927035	intron	GBM recurrent
chr2:1926064|1927035	chr2	1926064	1927035	exon	GBM recurrent
chr2:2840691|2842060	chr2	2840691	2842060	exon	GBM recurrent
chr2:8427468|8452979	chr2	8427468	8452979	exon	GBM recurrent
chr2:9022641|9098771	chr2	9022641	9098771	exon	GBM recurrent
chr2:9048751|9098771	chr2	9048751	9098771	exon	GBM recurrent
chr2:9079950|9098771	chr2	9079950	9098771	intron	GBM recurrent
chr2:9083316|9098771	chr2	9083316	9098771	exon	GBM recurrent
chr2:9083316|9122273	chr2	9083316	9122273	intron	GBM recurrent
chr2:9650108|9668083	chr2	9650108	9668083	exon	GBM recurrent
chr2:11426665|11428575	chr2	11426665	11428575	intron	GBM recurrent
chr2:11441685|11442176	chr2	11441685	11442176	intron	GBM recurrent
chr2:15126788|15138348	chr2	15126788	15138348	intergenic_region	GBM recurrent
chr2:15601325|15618413	chr2	15601325	15618413	exon	GBM recurrent
chr2:15629018|15674765	chr2	15629018	15674765	exon	GBM recurrent
chr2:15691617|15698758	chr2	15691617	15698758	exon	GBM recurrent
chr2:15693550|15698758	chr2	15693550	15698758	exon	GBM recurrent
chr2:20507739|20527139	chr2	20507739	20527139	exon	GBM recurrent
chr2:24046128|24046439	chr2	24046128	24046439	exon	GBM recurrent
chr2:24080285|24111269	chr2	24080285	24111269	exon	GBM recurrent
chr2:24181171|24207701	chr2	24181171	24207701	exon	GBM recurrent
chr2:24205766|24207701	chr2	24205766	24207701	exon	GBM recurrent
chr2:24357989|24369956	chr2	24357989	24369956	exon	GBM recurrent
chr2:24468998|24484611	chr2	24468998	24484611	exon	GBM recurrent
chr2:24777258|24778924	chr2	24777258	24778924	exon	GBM recurrent
chr2:24777258|24807429	chr2	24777258	24807429	exon	GBM recurrent
chr2:24778884|24807429	chr2	24778884	24807429	exon	GBM recurrent
chr2:24786773|24807429	chr2	24786773	24807429	intron	GBM recurrent
chr2:24866835|24905997	chr2	24866835	24905997	exon	GBM recurrent
chr2:26587170|26598016	chr2	26587170	26598016	exon	GBM recurrent
chr2:26652496|26654874	chr2	26652496	26654874	exon	GBM recurrent
chr2:27822450|27824309	chr2	27822450	27824309	exon	GBM recurrent
chr2:28999717|29016863	chr2	28999717	29016863	exon	GBM recurrent
chr2:29356521|29368233	chr2	29356521	29368233	exon	GBM recurrent
chr2:29356521|29390406	chr2	29356521	29390406	exon	GBM recurrent
chr2:30682418|30756180	chr2	30682418	30756180	exon	GBM recurrent
chr2:32117061|32145979	chr2	32117061	32145979	exon	GBM recurrent
chr2:32142995|32157204	chr2	32142995	32157204	exon	GBM recurrent
chr2:32142995|32168452	chr2	32142995	32168452	exon	GBM recurrent
chr2:32323865|32341281	chr2	32323865	32341281	exon	GBM recurrent
chr2:32339707|32341281	chr2	32339707	32341281	exon	GBM recurrent
chr2:32339707|32353548	chr2	32339707	32353548	exon	GBM recurrent
chr2:32399132|32409407	chr2	32399132	32409407	exon	GBM recurrent
chr2:32602656|32620661	chr2	32602656	32620661	exon	GBM recurrent
chr2:32602656|32641231	chr2	32602656	32641231	exon	GBM recurrent
chr2:32664576|32666530	chr2	32664576	32666530	exon	GBM recurrent
chr2:32673863|32718734	chr2	32673863	32718734	exon	GBM recurrent
chr2:32698180|32712868	chr2	32698180	32712868	exon	GBM recurrent
chr2:37105034|37121176	chr2	37105034	37121176	exon	GBM recurrent
chr2:38201183|38231359	chr2	38201183	38231359	exon	GBM recurrent
chr2:38349127|38358756	chr2	38349127	38358756	exon	GBM recurrent
chr2:38536521|38546161	chr2	38536521	38546161	exon	GBM recurrent
chr2:39513993|39517475	chr2	39513993	39517475	exon	GBM recurrent
chr2:40366541|40405633	chr2	40366541	40405633	exon	GBM recurrent
chr2:40387905|40405633	chr2	40387905	40405633	exon	GBM recurrent
chr2:40655613|40657441	chr2	40655613	40657441	exon	GBM recurrent
chr2:40655613|40657444	chr2	40655613	40657444	exon	GBM recurrent
chr2:42867313|42887002	chr2	42867313	42887002	exon	GBM recurrent
chr2:42946128|42950175	chr2	42946128	42950175	exon	GBM recurrent
chr2:44021596|44032385	chr2	44021596	44032385	exon	GBM recurrent
chr2:44145164|44153100	chr2	44145164	44153100	exon	GBM recurrent
chr2:44436349|44445676	chr2	44436349	44445676	exon	GBM recurrent
chr2:44565490|44573529	chr2	44565490	44573529	exon	GBM recurrent
chr2:44931422|44942492	chr2	44931422	44942492	exon	GBM recurrent
chr2:45773871|45789895	chr2	45773871	45789895	exon	GBM recurrent
chr2:45925080|45928630	chr2	45925080	45928630	intron	GBM recurrent
chr2:48018066|48023202	chr2	48018066	48023202	exon	GBM recurrent
chr2:48555656|48573890	chr2	48555656	48573890	intron	GBM recurrent
chr2:48555700|48573890	chr2	48555700	48573890	exon	GBM recurrent
chr2:48555700|48589846	chr2	48555700	48589846	exon	GBM recurrent
chr2:48688277|48692781	chr2	48688277	48692781	exon	GBM recurrent
chr2:48869541|48898819	chr2	48869541	48898819	exon	GBM recurrent
chr2:49324571|49324906	chr2	49324571	49324906	intron	GBM recurrent
chr2:50692580|50733755	chr2	50692580	50733755	exon	GBM recurrent
chr2:54278095|54284497	chr2	54278095	54284497	exon	GBM recurrent
chr2:55040369|55155888	chr2	55040369	55155888	exon	GBM recurrent
chr2:55209651|55214834	chr2	55209651	55214834	exon	GBM recurrent
chr2:55252222|55255356	chr2	55252222	55255356	exon	GBM recurrent
chr2:55559702|55562300	chr2	55559702	55562300	exon	GBM recurrent
chr2:55559702|55563954	chr2	55559702	55563954	exon	GBM recurrent
chr2:56813056|56820808	chr2	56813056	56820808	intergenic_region	GBM recurrent
chr2:58275962|58316858	chr2	58275962	58316858	exon	GBM recurrent
chr2:58386785|58393009	chr2	58386785	58393009	exon	GBM recurrent
chr2:58425714|58459247	chr2	58425714	58459247	exon	GBM recurrent
chr2:58449077|58459247	chr2	58449077	58459247	exon	GBM recurrent
chr2:59231084|59250117	chr2	59231084	59250117	exon	GBM recurrent
chr2:61118818|61128218	chr2	61118818	61128218	exon	GBM recurrent
chr2:61304055|61315603	chr2	61304055	61315603	exon	GBM recurrent
chr2:61339657|61345251	chr2	61339657	61345251	intron	GBM recurrent
chr2:61343114|61345251	chr2	61343114	61345251	exon	GBM recurrent
chr2:61468695|61512092	chr2	61468695	61512092	exon	GBM recurrent
chr2:61575005|61577828	chr2	61575005	61577828	exon	GBM recurrent
chr2:61597456|61622368	chr2	61597456	61622368	exon	GBM recurrent
chr2:61605498|61622368	chr2	61605498	61622368	exon	GBM recurrent
chr2:61717777|61726048	chr2	61717777	61726048	exon	GBM recurrent
chr2:61722590|61726048	chr2	61722590	61726048	exon	GBM recurrent
chr2:61722590|61727029	chr2	61722590	61727029	exon	GBM recurrent
chr2:61749746|61753656	chr2	61749746	61753656	exon	GBM recurrent
chr2:61749746|61761038	chr2	61749746	61761038	exon	GBM recurrent
chr2:62974530|62998527	chr2	62974530	62998527	exon	GBM recurrent
chr2:63206323|63223901	chr2	63206323	63223901	exon	GBM recurrent
chr2:63540383|63667005	chr2	63540383	63667005	exon	GBM recurrent
chr2:63660879|63798760	chr2	63660879	63798760	exon	GBM recurrent
chr2:63711738|63798760	chr2	63711738	63798760	exon	GBM recurrent
chr2:64160807|64171789	chr2	64160807	64171789	exon	GBM recurrent
chr2:64189192|64211153	chr2	64189192	64211153	exon	GBM recurrent
chr2:65228582|65237897	chr2	65228582	65237897	exon	GBM recurrent
chr2:68368826|68374699	chr2	68368826	68374699	exon	GBM recurrent
chr2:68717322|68753374	chr2	68717322	68753374	exon	GBM recurrent
chr2:68717322|68772444	chr2	68717322	68772444	exon	GBM recurrent
chr2:68717322|68805396	chr2	68717322	68805396	exon	GBM recurrent
chr2:68729863|68772444	chr2	68729863	68772444	exon	GBM recurrent
chr2:70215578|70224020	chr2	70215578	70224020	exon	GBM recurrent
chr2:70387757|70409129	chr2	70387757	70409129	exon	GBM recurrent
chr2:70486492|70488518	chr2	70486492	70488518	exon	GBM recurrent
chr2:71575883|71577401	chr2	71575883	71577401	exon	GBM recurrent
chr2:71590283|71607695	chr2	71590283	71607695	exon	GBM recurrent
chr2:71653590|71654544	chr2	71653590	71654544	exon	GBM recurrent
chr2:72692289|72707879	chr2	72692289	72707879	exon	GBM recurrent
chr2:72692289|72802797	chr2	72692289	72802797	exon	GBM recurrent
chr2:72907743|72958374	chr2	72907743	72958374	intron	GBM recurrent
chr2:72945232|72960247	chr2	72945232	72960247	exon	GBM recurrent
chr2:72945232|72968598	chr2	72945232	72968598	exon	GBM recurrent
chr2:72958136|72960247	chr2	72958136	72960247	exon	GBM recurrent
chr2:73659326|73718625	chr2	73659326	73718625	exon	GBM recurrent
chr2:73659326|73747143	chr2	73659326	73747143	exon	GBM recurrent
chr2:73675090|73682422	chr2	73675090	73682422	exon	GBM recurrent
chr2:73716761|73718625	chr2	73716761	73718625	exon	GBM recurrent
chr2:73716761|73747143	chr2	73716761	73747143	exon	GBM recurrent
chr2:73761951|73800551	chr2	73761951	73800551	exon	GBM recurrent
chr2:73777394|73786269	chr2	73777394	73786269	exon	GBM recurrent
chr2:73777394|73800551	chr2	73777394	73800551	exon	GBM recurrent
chr2:74300676|74307718	chr2	74300676	74307718	exon	GBM recurrent
chr2:74622181|74622411	chr2	74622181	74622411	exon	GBM recurrent
chr2:79878678|79971708	chr2	79878678	79971708	exon	GBM recurrent
chr2:84913608|84928463	chr2	84913608	84928463	exon	GBM recurrent
chr2:84940219|84955026	chr2	84940219	84955026	exon	GBM recurrent
chr2:85270687|85276771	chr2	85270687	85276771	exon	GBM recurrent
chr2:85595809|85596953	chr2	85595809	85596953	exon	GBM recurrent
chr2:85595809|85598685	chr2	85595809	85598685	exon	GBM recurrent
chr2:86088304|86090608	chr2	86088304	86090608	exon	GBM recurrent
chr2:98175429|98177200	chr2	98175429	98177200	exon	GBM recurrent
chr2:99721822|99734222	chr2	99721822	99734222	exon	GBM recurrent
chr2:99786013|99787892	chr2	99786013	99787892	exon	GBM recurrent
chr2:99802640|99812219	chr2	99802640	99812219	exon	GBM recurrent
chr2:99811214|99832577	chr2	99811214	99832577	exon	GBM recurrent
chr2:100046302|100052403	chr2	100046302	100052403	exon	GBM recurrent
chr2:100065798|100081447	chr2	100065798	100081447	exon	GBM recurrent
chr2:100078958|100081447	chr2	100078958	100081447	exon	GBM recurrent
chr2:106761646|106782539	chr2	106761646	106782539	exon	GBM recurrent
chr2:106774514|106782539	chr2	106774514	106782539	exon	GBM recurrent
chr2:107446522|107450602	chr2	107446522	107450602	exon	GBM recurrent
chr2:107446522|107460490	chr2	107446522	107460490	exon	GBM recurrent
chr2:109388157|109389502	chr2	109388157	109389502	exon	GBM recurrent
chr2:109429087|109473426	chr2	109429087	109473426	exon	GBM recurrent
chr2:109945680|109964405	chr2	109945680	109964405	intron	GBM recurrent
chr2:110321943|110350696	chr2	110321943	110350696	exon	GBM recurrent
chr2:110342703|110350696	chr2	110342703	110350696	exon	GBM recurrent
chr2:110901119|110919274	chr2	110901119	110919274	exon	GBM recurrent
chr2:112702537|112705144	chr2	112702537	112705144	exon	GBM recurrent
chr2:113057426|113057606	chr2	113057426	113057606	exon	GBM recurrent
chr2:113057426|113089859	chr2	113057426	113089859	exon	GBM recurrent
chr2:115108751|115126092	chr2	115108751	115126092	intergenic_region	GBM recurrent
chr2:116066815|116101488	chr2	116066815	116101488	exon	GBM recurrent
chr2:120634899|120640199	chr2	120634899	120640199	exon	GBM recurrent
chr2:120677645|120692534	chr2	120677645	120692534	exon	GBM recurrent
chr2:120720192|120725548	chr2	120720192	120725548	exon	GBM recurrent
chr2:120830754|120836157	chr2	120830754	120836157	exon	GBM recurrent
chr2:120844747|120850852	chr2	120844747	120850852	exon	GBM recurrent
chr2:120885264|120903865	chr2	120885264	120903865	exon	GBM recurrent
chr2:120885264|120932576	chr2	120885264	120932576	exon	GBM recurrent
chr2:120885264|120932580	chr2	120885264	120932580	exon	GBM recurrent
chr2:122215263|122216551	chr2	122215263	122216551	exon	GBM recurrent
chr2:122363277|122363756	chr2	122363277	122363756	exon	GBM recurrent
chr2:122514816|122519100	chr2	122514816	122519100	exon	GBM recurrent
chr2:125530376|125555897	chr2	125530376	125555897	exon	GBM recurrent
chr2:125530376|125627339	chr2	125530376	125627339	exon	GBM recurrent
chr2:128093446|128100770	chr2	128093446	128100770	exon	GBM recurrent
chr2:128520636|128528578	chr2	128520636	128528578	exon	GBM recurrent
chr2:128855003|128861588	chr2	128855003	128861588	exon	GBM recurrent
chr2:135075100|135076310	chr2	135075100	135076310	exon	GBM recurrent
chr2:135102501|135119979	chr2	135102501	135119979	exon	GBM recurrent
chr2:135624112|135626611	chr2	135624112	135626611	intron	GBM recurrent
chr2:136071059|136103205	chr2	136071059	136103205	exon	GBM recurrent
chr2:136360070|136362586	chr2	136360070	136362586	exon	GBM recurrent
chr2:136379064|136437894	chr2	136379064	136437894	exon	GBM recurrent
chr2:136389288|136418963	chr2	136389288	136418963	exon	GBM recurrent
chr2:136389288|136437894	chr2	136389288	136437894	exon	GBM recurrent
chr2:136402949|136437894	chr2	136402949	136437894	exon	GBM recurrent
chr2:136418840|136437894	chr2	136418840	136437894	exon	GBM recurrent
chr2:136467003|136467801	chr2	136467003	136467801	exon	GBM recurrent
chr2:136505837|136530117	chr2	136505837	136530117	exon	GBM recurrent
chr2:141200073|141232906	chr2	141200073	141232906	exon	GBM recurrent
chr2:141253134|141274580	chr2	141253134	141274580	exon	GBM recurrent
chr2:141806555|141806791	chr2	141806555	141806791	exon	GBM recurrent
chr2:144966170|144969146	chr2	144966170	144969146	exon	GBM recurrent
chr2:148653870|148657467	chr2	148653870	148657467	exon	GBM recurrent
chr2:148730308|148733544	chr2	148730308	148733544	exon	GBM recurrent
chr2:148730308|148739650	chr2	148730308	148739650	exon	GBM recurrent
chr2:149240679|149243519	chr2	149240679	149243519	exon	GBM recurrent
chr2:152659521|152671713	chr2	152659521	152671713	exon	GBM recurrent
chr2:152698417|152717334	chr2	152698417	152717334	exon	GBM recurrent
chr2:153431650|153437563	chr2	153431650	153437563	exon	GBM recurrent
chr2:159165945|159201830	chr2	159165945	159201830	exon	GBM recurrent
chr2:159857592|159867952	chr2	159857592	159867952	intron	GBM recurrent
chr2:159992705|160007067	chr2	159992705	160007067	exon	GBM recurrent
chr2:160193973|160252345	chr2	160193973	160252345	exon	GBM recurrent
chr2:160229556|160231264	chr2	160229556	160231264	exon	GBM recurrent
chr2:160304753|160310312	chr2	160304753	160310312	exon	GBM recurrent
chr2:160572192|160585686	chr2	160572192	160585686	exon	GBM recurrent
chr2:162036125|162061304	chr2	162036125	162061304	exon	GBM recurrent
chr2:162223989|162251714	chr2	162223989	162251714	exon	GBM recurrent
chr2:162477425|162481076	chr2	162477425	162481076	exon	GBM recurrent
chr2:162477425|162567261	chr2	162477425	162567261	exon	GBM recurrent
chr2:162477425|162627564	chr2	162477425	162627564	exon	GBM recurrent
chr2:162477425|162661105	chr2	162477425	162661105	exon	GBM recurrent
chr2:162804076|162821683	chr2	162804076	162821683	exon	GBM recurrent
chr2:163360953|163374668	chr2	163360953	163374668	exon	GBM recurrent
chr2:165548731|165561615	chr2	165548731	165561615	exon	GBM recurrent
chr2:165956812|165972085	chr2	165956812	165972085	exon	GBM recurrent
chr2:168869144|168873605	chr2	168869144	168873605	exon	GBM recurrent
chr2:168869144|168921891	chr2	168869144	168921891	exon	GBM recurrent
chr2:168869144|168986268	chr2	168869144	168986268	exon	GBM recurrent
chr2:168920010|168986268	chr2	168920010	168986268	exon	GBM recurrent
chr2:168931492|168986268	chr2	168931492	168986268	exon	GBM recurrent
chr2:168986051|168997268	chr2	168986051	168997268	exon	GBM recurrent
chr2:168986051|169038600	chr2	168986051	169038600	exon	GBM recurrent
chr2:168994598|169038600	chr2	168994598	169038600	exon	GBM recurrent
chr2:169018297|169038600	chr2	169018297	169038600	exon	GBM recurrent
chr2:170338761|170356130	chr2	170338761	170356130	exon	GBM recurrent
chr2:170411634|170413807	chr2	170411634	170413807	exon	GBM recurrent
chr2:170505692|170531550	chr2	170505692	170531550	exon	GBM recurrent
chr2:170728746|170735084	chr2	170728746	170735084	exon	GBM recurrent
chr2:170871791|170917953	chr2	170871791	170917953	exon	GBM recurrent
chr2:170911970|170917953	chr2	170911970	170917953	exon	GBM recurrent
chr2:171884849|171902872	chr2	171884849	171902872	exon	GBM recurrent
chr2:171902684|171906684	chr2	171902684	171906684	exon	GBM recurrent
chr2:172193963|172196064	chr2	172193963	172196064	exon	GBM recurrent
chr2:172305191|172333460	chr2	172305191	172333460	exon	GBM recurrent
chr2:172782047|172809519	chr2	172782047	172809519	exon	GBM recurrent
chr2:172782047|172844276	chr2	172782047	172844276	exon	GBM recurrent
chr2:173423436|173429801	chr2	173423436	173429801	exon	GBM recurrent
chr2:173433469|173460751	chr2	173433469	173460751	exon	GBM recurrent
chr2:174819601|174820960	chr2	174819601	174820960	exon	GBM recurrent
chr2:175978722|175983097	chr2	175978722	175983097	exon	GBM recurrent
chr2:176835492|176860374	chr2	176835492	176860374	exon	GBM recurrent
chr2:176844538|176860374	chr2	176844538	176860374	exon	GBM recurrent
chr2:177161588|177202305	chr2	177161588	177202305	exon	GBM recurrent
chr2:180815239|180815653	chr2	180815239	180815653	exon	GBM recurrent
chr2:187533489|187540654	chr2	187533489	187540654	exon	GBM recurrent
chr2:190559707|190609514	chr2	190559707	190609514	exon	GBM recurrent
chr2:190593386|190609514	chr2	190593386	190609514	exon	GBM recurrent
chr2:190656516|190682906	chr2	190656516	190682906	exon	GBM recurrent
chr2:190717381|190738382	chr2	190717381	190738382	exon	GBM recurrent
chr2:191523884|191537878	chr2	191523884	191537878	exon	GBM recurrent
chr2:191765290|191789319	chr2	191765290	191789319	exon	GBM recurrent
chr2:191792032|191819544	chr2	191792032	191819544	exon	GBM recurrent
chr2:196544756|196548630	chr2	196544756	196548630	exon	GBM recurrent
chr2:196544756|196583056	chr2	196544756	196583056	exon	GBM recurrent
chr2:196544756|196593073	chr2	196544756	196593073	exon	GBM recurrent
chr2:197084524|197085665	chr2	197084524	197085665	intron	GBM recurrent
chr2:197653928|197657876	chr2	197653928	197657876	exon	GBM recurrent
chr2:197777606|197784874	chr2	197777606	197784874	exon	GBM recurrent
chr2:197777606|197787849	chr2	197777606	197787849	intron	GBM recurrent
chr2:198948482|198953785	chr2	198948482	198953785	exon	GBM recurrent
chr2:198948482|198968660	chr2	198948482	198968660	exon	GBM recurrent
chr2:200188526|200246543	chr2	200188526	200246543	exon	GBM recurrent
chr2:200188526|200298237	chr2	200188526	200298237	exon	GBM recurrent
chr2:200213424|200298237	chr2	200213424	200298237	exon	GBM recurrent
chr2:200233328|200298237	chr2	200233328	200298237	exon	GBM recurrent
chr2:200245087|200298237	chr2	200245087	200298237	exon	GBM recurrent
chr2:200823991|200829959	chr2	200823991	200829959	intron	GBM recurrent
chr2:201194154|201284219	chr2	201194154	201284219	exon	GBM recurrent
chr2:201194154|201305507	chr2	201194154	201305507	exon	GBM recurrent
chr2:201283973|201284219	chr2	201283973	201284219	exon	GBM recurrent
chr2:201721405|201721708	chr2	201721405	201721708	exon	GBM recurrent
chr2:202010101|202014558	chr2	202010101	202014558	exon	GBM recurrent
chr2:202625604|202626541	chr2	202625604	202626541	exon	GBM recurrent
chr2:203003155|203030093	chr2	203003155	203030093	intron	GBM recurrent
chr2:203329532|203332412	chr2	203329532	203332412	exon	GBM recurrent
chr2:203419975|203421254	chr2	203419975	203421254	exon	GBM recurrent
chr2:203620261|203624076	chr2	203620261	203624076	exon	GBM recurrent
chr2:203644113|203693739	chr2	203644113	203693739	exon	GBM recurrent
chr2:203817282|203820481	chr2	203817282	203820481	exon	GBM recurrent
chr2:203834642|203847164	chr2	203834642	203847164	exon	GBM recurrent
chr2:204231600|204291992	chr2	204231600	204291992	exon	GBM recurrent
chr2:206023446|206058044	chr2	206023446	206058044	exon	GBM recurrent
chr2:206992521|206994966	chr2	206992521	206994966	exon	GBM recurrent
chr2:207144264|207162097	chr2	207144264	207162097	exon	GBM recurrent
chr2:207728120|207744164	chr2	207728120	207744164	intergenic_region	GBM recurrent
chr2:208841375|208842310	chr2	208841375	208842310	exon	GBM recurrent
chr2:209209835|209212747	chr2	209209835	209212747	exon	GBM recurrent
chr2:210968828|211019335	chr2	210968828	211019335	exon	GBM recurrent
chr2:214174783|214228869	chr2	214174783	214228869	exon	GBM recurrent
chr2:214174783|214239843	chr2	214174783	214239843	exon	GBM recurrent
chr2:215632206|215646233	chr2	215632206	215646233	exon	GBM recurrent
chr2:215632206|215661841	chr2	215632206	215661841	exon	GBM recurrent
chr2:215645284|215661841	chr2	215645284	215661841	exon	GBM recurrent
chr2:217005909|217026771	chr2	217005909	217026771	exon	GBM recurrent
chr2:221495100|221498849	chr2	221495100	221498849	exon	GBM recurrent
chr2:221605004|221605398	chr2	221605004	221605398	intergenic_region	GBM recurrent
chr2:221618333|221689655	chr2	221618333	221689655	intergenic_region	GBM recurrent
chr2:221618333|221720593	chr2	221618333	221720593	intergenic_region	GBM recurrent
chr2:223752548|223773868	chr2	223752548	223773868	exon	GBM recurrent
chr2:224862832|224866639	chr2	224862832	224866639	exon	GBM recurrent
chr2:225400245|225422573	chr2	225400245	225422573	exon	GBM recurrent
chr2:225709920|225710359	chr2	225709920	225710359	exon	GBM recurrent
chr2:227729320|227732034	chr2	227729320	227732034	exon	GBM recurrent
chr2:227729320|227779067	chr2	227729320	227779067	exon	GBM recurrent
chr2:227771509|227779067	chr2	227771509	227779067	exon	GBM recurrent
chr2:228195342|228212100	chr2	228195342	228212100	exon	GBM recurrent
chr2:230638813|230653656	chr2	230638813	230653656	exon	GBM recurrent
chr2:230701564|230744844	chr2	230701564	230744844	exon	GBM recurrent
chr2:230723488|230725247	chr2	230723488	230725247	exon	GBM recurrent
chr2:231307652|231314970	chr2	231307652	231314970	exon	GBM recurrent
chr2:231940225|231951895	chr2	231940225	231951895	exon	GBM recurrent
chr2:232153373|232156156	chr2	232153373	232156156	exon	GBM recurrent
chr2:233599865|233626146	chr2	233599865	233626146	exon	GBM recurrent
chr2:233612325|233626146	chr2	233612325	233626146	exon	GBM recurrent
chr2:233680347|233684695	chr2	233680347	233684695	exon	GBM recurrent
chr2:234296903|234299129	chr2	234296903	234299129	exon	GBM recurrent
chr2:236649607|236659132	chr2	236649607	236659132	exon	GBM recurrent
chr2:236649607|236715975	chr2	236649607	236715975	exon	GBM recurrent
chr2:239090706|239093928	chr2	239090706	239093928	exon	GBM recurrent
chr2:239090706|239096898	chr2	239090706	239096898	exon	GBM recurrent
chr2:240929491|240946787	chr2	240929491	240946787	exon	GBM recurrent
chr2:242346952|242352836	chr2	242346952	242352836	exon	GBM recurrent
chr20:2928628|2945848	chr20	2928628	2945848	exon	GBM recurrent
chr20:2944918|2945848	chr20	2944918	2945848	exon	GBM recurrent
chr20:2967411|2969120	chr20	2967411	2969120	exon	GBM recurrent
chr20:3277508|3278822	chr20	3277508	3278822	exon	GBM recurrent
chr20:3888573|3899443	chr20	3888573	3899443	exon	GBM recurrent
chr20:3925824|3955047	chr20	3925824	3955047	exon	GBM recurrent
chr20:5157294|5159602	chr20	5157294	5159602	exon	GBM recurrent
chr20:9538255|9547031	chr20	9538255	9547031	exon	GBM recurrent
chr20:16292980|16362775	chr20	16292980	16362775	exon	GBM recurrent
chr20:16351231|16362775	chr20	16351231	16362775	exon	GBM recurrent
chr20:18278629|18287037	chr20	18278629	18287037	exon	GBM recurrent
chr20:21319682|21324846	chr20	21319682	21324846	exon	GBM recurrent
chr20:21346059|21349228	chr20	21346059	21349228	exon	GBM recurrent
chr20:23370583|23383709	chr20	23370583	23383709	exon	GBM recurrent
chr20:24523656|24524213	chr20	24523656	24524213	exon	GBM recurrent
chr20:30954187|30956926	chr20	30954187	30956926	exon	GBM recurrent
chr20:30954187|30959677	chr20	30954187	30959677	exon	GBM recurrent
chr20:32198900|32199141	chr20	32198900	32199141	exon	GBM recurrent
chr20:32207323|32211102	chr20	32207323	32211102	exon	GBM recurrent
chr20:32207323|32217720	chr20	32207323	32217720	exon	GBM recurrent
chr20:32617575|32619410	chr20	32617575	32619410	intron	GBM recurrent
chr20:32996457|33001685	chr20	32996457	33001685	exon	GBM recurrent
chr20:33001548|33037285	chr20	33001548	33037285	exon	GBM recurrent
chr20:33057853|33069011	chr20	33057853	33069011	exon	GBM recurrent
chr20:33057853|33080402	chr20	33057853	33080402	exon	GBM recurrent
chr20:33954360|33971936	chr20	33954360	33971936	exon	GBM recurrent
chr20:34241450|34246936	chr20	34241450	34246936	exon	GBM recurrent
chr20:34300941|34313077	chr20	34300941	34313077	exon	GBM recurrent
chr20:34302107|34313077	chr20	34302107	34313077	exon	GBM recurrent
chr20:34304662|34313077	chr20	34304662	34313077	exon	GBM recurrent
chr20:34309662|34313077	chr20	34309662	34313077	exon	GBM recurrent
chr20:34317234|34320057	chr20	34317234	34320057	exon	GBM recurrent
chr20:34389413|34459751	chr20	34389413	34459751	exon	GBM recurrent
chr20:34430495|34446303	chr20	34430495	34446303	exon	GBM recurrent
chr20:34446224|34451322	chr20	34446224	34451322	exon	GBM recurrent
chr20:34446224|34457473	chr20	34446224	34457473	exon	GBM recurrent
chr20:34446224|34459751	chr20	34446224	34459751	exon	GBM recurrent
chr20:35236118|35238133	chr20	35236118	35238133	exon	GBM recurrent
chr20:35312816|35317187	chr20	35312816	35317187	exon	GBM recurrent
chr20:35539621|35540955	chr20	35539621	35540955	exon	GBM recurrent
chr20:36668837|36694658	chr20	36668837	36694658	exon	GBM recurrent
chr20:36685934|36694658	chr20	36685934	36694658	exon	GBM recurrent
chr20:36694205|36694658	chr20	36694205	36694658	intron	GBM recurrent
chr20:37159810|37161502	chr20	37159810	37161502	exon	GBM recurrent
chr20:39721112|39729993	chr20	39721112	39729993	exon	GBM recurrent
chr20:39867328|39897723	chr20	39867328	39897723	exon	GBM recurrent
chr20:39896103|39897723	chr20	39896103	39897723	exon	GBM recurrent
chr20:40141485|40143591	chr20	40141485	40143591	exon	GBM recurrent
chr20:40141485|40162209	chr20	40141485	40162209	exon	GBM recurrent
chr20:40141485|40179999	chr20	40141485	40179999	exon	GBM recurrent
chr20:40161689|40179999	chr20	40161689	40179999	exon	GBM recurrent
chr20:41385102|41420106	chr20	41385102	41420106	exon	GBM recurrent
chr20:41671682|41675650	chr20	41671682	41675650	intron	GBM recurrent
chr20:41794116|41794569	chr20	41794116	41794569	intron	GBM recurrent
chr20:42891870|42893199	chr20	42891870	42893199	exon	GBM recurrent
chr20:45874752|45891172	chr20	45874752	45891172	exon	GBM recurrent
chr20:45891032|45905539	chr20	45891032	45905539	exon	GBM recurrent
chr20:46252655|46262380	chr20	46252655	46262380	exon	GBM recurrent
chr20:47307485|47309328	chr20	47307485	47309328	exon	GBM recurrent
chr20:47569242|47580435	chr20	47569242	47580435	exon	GBM recurrent
chr20:47570093|47580435	chr20	47570093	47580435	exon	GBM recurrent
chr20:47682729|47689234	chr20	47682729	47689234	exon	GBM recurrent
chr20:47819160|47819928	chr20	47819160	47819928	intergenic_region	GBM recurrent
chr20:49558568|49565199	chr20	49558568	49565199	exon	GBM recurrent
chr20:50255882|50307358	chr20	50255882	50307358	exon	GBM recurrent
chr20:50290692|50307358	chr20	50290692	50307358	exon	GBM recurrent
chr20:51870038|51873110	chr20	51870038	51873110	exon	GBM recurrent
chr20:57014001|57016139	chr20	57014001	57016139	exon	GBM recurrent
chr20:58415424|58416590	chr20	58415424	58416590	exon	GBM recurrent
chr20:58426623|58436553	chr20	58426623	58436553	intergenic_region	GBM recurrent
chr20:60714131|60716000	chr20	60714131	60716000	exon	GBM recurrent
chr21:16386665|16415895	chr21	16386665	16415895	exon	GBM recurrent
chr21:17135210|17138460	chr21	17135210	17138460	exon	GBM recurrent
chr21:17172076|17214859	chr21	17172076	17214859	exon	GBM recurrent
chr21:22838927|22849792	chr21	22838927	22849792	exon	GBM recurrent
chr21:26825503|26838789	chr21	26825503	26838789	intergenic_region	GBM recurrent
chr21:27269885|27284274	chr21	27269885	27284274	exon	GBM recurrent
chr21:27326904|27372497	chr21	27326904	27372497	exon	GBM recurrent
chr21:27423316|27425664	chr21	27423316	27425664	exon	GBM recurrent
chr21:30693542|30702014	chr21	30693542	30702014	exon	GBM recurrent
chr21:32537279|32575328	chr21	32537279	32575328	exon	GBM recurrent
chr21:33073308|33077780	chr21	33073308	33077780	exon	GBM recurrent
chr21:34713305|34721849	chr21	34713305	34721849	exon	GBM recurrent
chr21:34804484|34805178	chr21	34804484	34805178	exon	GBM recurrent
chr21:35138179|35140132	chr21	35138179	35140132	exon	GBM recurrent
chr21:37619815|37620866	chr21	37619815	37620866	exon	GBM recurrent
chr21:37711077|37717005	chr21	37711077	37717005	exon	GBM recurrent
chr21:37734481|37744829	chr21	37734481	37744829	exon	GBM recurrent
chr21:37736391|37742174	chr21	37736391	37742174	exon	GBM recurrent
chr21:38792601|38794168	chr21	38792601	38794168	exon	GBM recurrent
chr21:38792601|38802702	chr21	38792601	38802702	exon	GBM recurrent
chr21:38792601|38845182	chr21	38792601	38845182	exon	GBM recurrent
chr21:40578034|40601362	chr21	40578034	40601362	exon	GBM recurrent
chr21:40585407|40597123	chr21	40585407	40597123	exon	GBM recurrent
chr21:40600426|40601362	chr21	40600426	40601362	exon	GBM recurrent
chr21:40627571|40670508	chr21	40627571	40670508	exon	GBM recurrent
chr21:40630413|40646398	chr21	40630413	40646398	exon	GBM recurrent
chr21:42064736|42080697	chr21	42064736	42080697	exon	GBM recurrent
chr21:46548317|46554747	chr21	46548317	46554747	exon	GBM recurrent
chr21:47768926|47769734	chr21	47768926	47769734	exon	GBM recurrent
chr22:17525763|17528316	chr22	17525763	17528316	exon	GBM recurrent
chr22:18068708|18068995	chr22	18068708	18068995	intron	GBM recurrent
chr22:18165980|18185152	chr22	18165980	18185152	exon	GBM recurrent
chr22:21288067|21288532	chr22	21288067	21288532	exon	GBM recurrent
chr22:22160139|22162135	chr22	22160139	22162135	exon	GBM recurrent
chr22:22842161|22848499	chr22	22842161	22848499	exon	GBM recurrent
chr22:24431892|24439546	chr22	24431892	24439546	exon	GBM recurrent
chr22:24698163|24734445	chr22	24698163	24734445	exon	GBM recurrent
chr22:24709281|24765288	chr22	24709281	24765288	exon	GBM recurrent
chr22:26000344|26040632	chr22	26000344	26040632	exon	GBM recurrent
chr22:26000344|26063767	chr22	26000344	26063767	exon	GBM recurrent
chr22:26059597|26070495	chr22	26059597	26070495	exon	GBM recurrent
chr22:28249525|28256229	chr22	28249525	28256229	exon	GBM recurrent
chr22:28290543|28310335	chr22	28290543	28310335	exon	GBM recurrent
chr22:28692186|28693840	chr22	28692186	28693840	exon	GBM recurrent
chr22:29240115|29242500	chr22	29240115	29242500	intron	GBM recurrent
chr22:30032740|30038274	chr22	30032740	30038274	exon	GBM recurrent
chr22:30374431|30394846	chr22	30374431	30394846	exon	GBM recurrent
chr22:32154532|32161046	chr22	32154532	32161046	exon	GBM recurrent
chr22:32874968|32875262	chr22	32874968	32875262	exon	GBM recurrent
chr22:33327375|33402809	chr22	33327375	33402809	exon	GBM recurrent
chr22:38890635|38897285	chr22	38890635	38897285	exon	GBM recurrent
chr22:40513059|40552186	chr22	40513059	40552186	exon	GBM recurrent
chr22:40825610|40827484	chr22	40825610	40827484	exon	GBM recurrent
chr22:41277774|41278181	chr22	41277774	41278181	exon	GBM recurrent
chr22:41521868|41536261	chr22	41521868	41536261	exon	GBM recurrent
chr22:42204879|42206295	chr22	42204879	42206295	exon	GBM recurrent
chr22:42912017|42973104	chr22	42912017	42973104	intergenic_region	GBM recurrent
chr22:43435786|43442579	chr22	43435786	43442579	exon	GBM recurrent
chr22:43985954|44083461	chr22	43985954	44083461	exon	GBM recurrent
chr22:44062984|44083461	chr22	44062984	44083461	exon	GBM recurrent
chr22:44107355|44178205	chr22	44107355	44178205	exon	GBM recurrent
chr22:45574119|45574781	chr22	45574119	45574781	exon	GBM recurrent
chr22:46085592|46098727	chr22	46085592	46098727	exon	GBM recurrent
chr22:46085592|46114373	chr22	46085592	46114373	exon	GBM recurrent
chr22:46085592|46136418	chr22	46085592	46136418	exon	GBM recurrent
chr22:46096162|46136418	chr22	46096162	46136418	exon	GBM recurrent
chr22:46125305|46136418	chr22	46125305	46136418	exon	GBM recurrent
chr22:46189425|46202902	chr22	46189425	46202902	intron	GBM recurrent
chr22:47022648|47033857	chr22	47022648	47033857	exon	GBM recurrent
chr22:48081949|48082955	chr22	48081949	48082955	exon	GBM recurrent
chr22:50810449|50832564	chr22	50810449	50832564	exon	GBM recurrent
chr3:3197903|3215945	chr3	3197903	3215945	exon	GBM recurrent
chr3:3209318|3216953	chr3	3209318	3216953	exon	GBM recurrent
chr3:3819409|3830758	chr3	3819409	3830758	exon	GBM recurrent
chr3:4403723|4418073	chr3	4403723	4418073	exon	GBM recurrent
chr3:4452549|4461830	chr3	4452549	4461830	exon	GBM recurrent
chr3:5215702|5216099	chr3	5215702	5216099	exon	GBM recurrent
chr3:7494294|7503409	chr3	7494294	7503409	exon	GBM recurrent
chr3:9804598|9804897	chr3	9804598	9804897	exon	GBM recurrent
chr3:13170805|13171025	chr3	13170805	13171025	intron	GBM recurrent
chr3:15137480|15138217	chr3	15137480	15138217	exon	GBM recurrent
chr3:15604865|15614749	chr3	15604865	15614749	exon	GBM recurrent
chr3:16327849|16345099	chr3	16327849	16345099	exon	GBM recurrent
chr3:17051166|17056403	chr3	17051166	17056403	exon	GBM recurrent
chr3:17413567|17425507	chr3	17413567	17425507	exon	GBM recurrent
chr3:18419662|18462483	chr3	18419662	18462483	exon	GBM recurrent
chr3:19431973|19498474	chr3	19431973	19498474	exon	GBM recurrent
chr3:24231565|24378862	chr3	24231565	24378862	exon	GBM recurrent
chr3:24270429|24378862	chr3	24270429	24378862	exon	GBM recurrent
chr3:27418207|27465643	chr3	27418207	27465643	exon	GBM recurrent
chr3:27420740|27465643	chr3	27420740	27465643	exon	GBM recurrent
chr3:27424644|27465643	chr3	27424644	27465643	exon	GBM recurrent
chr3:27453133|27493989	chr3	27453133	27493989	exon	GBM recurrent
chr3:28454547|28533664	chr3	28454547	28533664	exon	GBM recurrent
chr3:31617888|31641951	chr3	31617888	31641951	exon	GBM recurrent
chr3:32576003|32587457	chr3	32576003	32587457	exon	GBM recurrent
chr3:32582529|32587457	chr3	32582529	32587457	exon	GBM recurrent
chr3:33109722|33110462	chr3	33109722	33110462	exon	GBM recurrent
chr3:33400459|33406211	chr3	33400459	33406211	exon	GBM recurrent
chr3:33453073|33467233	chr3	33453073	33467233	exon	GBM recurrent
chr3:33557515|33580434	chr3	33557515	33580434	exon	GBM recurrent
chr3:33576725|33592887	chr3	33576725	33592887	exon	GBM recurrent
chr3:33592744|33633988	chr3	33592744	33633988	exon	GBM recurrent
chr3:33661095|33673863	chr3	33661095	33673863	exon	GBM recurrent
chr3:33725851|33738425	chr3	33725851	33738425	exon	GBM recurrent
chr3:37291189|37315092	chr3	37291189	37315092	intron	GBM recurrent
chr3:37315027|37323763	chr3	37315027	37323763	exon	GBM recurrent
chr3:43591212|43607219	chr3	43591212	43607219	exon	GBM recurrent
chr3:43591212|43621964	chr3	43591212	43621964	exon	GBM recurrent
chr3:47079156|47088111	chr3	47079156	47088111	exon	GBM recurrent
chr3:47079156|47108608	chr3	47079156	47108608	exon	GBM recurrent
chr3:47108560|47139571	chr3	47108560	47139571	exon	GBM recurrent
chr3:47139445|47144913	chr3	47139445	47144913	exon	GBM recurrent
chr3:47663697|47719801	chr3	47663697	47719801	exon	GBM recurrent
chr3:47676680|47677626	chr3	47676680	47677626	exon	GBM recurrent
chr3:47676680|47680270	chr3	47676680	47680270	exon	GBM recurrent
chr3:47752173|47779600	chr3	47752173	47779600	exon	GBM recurrent
chr3:47770515|47814426	chr3	47770515	47814426	exon	GBM recurrent
chr3:48327736|48328420	chr3	48327736	48328420	exon	GBM recurrent
chr3:48726971|48728915	chr3	48726971	48728915	exon	GBM recurrent
chr3:48793812|48845117	chr3	48793812	48845117	exon	GBM recurrent
chr3:48960181|48965246	chr3	48960181	48965246	exon	GBM recurrent
chr3:49372453|49373029	chr3	49372453	49373029	intron	GBM recurrent
chr3:50004903|50012825	chr3	50004903	50012825	exon	GBM recurrent
chr3:50145503|50145737	chr3	50145503	50145737	exon	GBM recurrent
chr3:51575514|51624575	chr3	51575514	51624575	exon	GBM recurrent
chr3:51664288|51664947	chr3	51664288	51664947	exon	GBM recurrent
chr3:52446827|52448603	chr3	52446827	52448603	exon	GBM recurrent
chr3:52771602|52775515	chr3	52771602	52775515	exon	GBM recurrent
chr3:55002477|55021780	chr3	55002477	55021780	exon	GBM recurrent
chr3:55922417|55984588	chr3	55922417	55984588	exon	GBM recurrent
chr3:56173537|56183160	chr3	56173537	56183160	exon	GBM recurrent
chr3:56600622|56601081	chr3	56600622	56601081	exon	GBM recurrent
chr3:56626998|56628056	chr3	56626998	56628056	exon	GBM recurrent
chr3:56658507|56707753	chr3	56658507	56707753	exon	GBM recurrent
chr3:56661065|56662642	chr3	56661065	56662642	exon	GBM recurrent
chr3:56694759|56707753	chr3	56694759	56707753	exon	GBM recurrent
chr3:57276884|57282379	chr3	57276884	57282379	exon	GBM recurrent
chr3:57276884|57301820	chr3	57276884	57301820	exon	GBM recurrent
chr3:57618992|57627474	chr3	57618992	57627474	exon	GBM recurrent
chr3:57832924|57850443	chr3	57832924	57850443	exon	GBM recurrent
chr3:57832924|57850584	chr3	57832924	57850584	exon	GBM recurrent
chr3:57875768|57882659	chr3	57875768	57882659	exon	GBM recurrent
chr3:59104672|59154420	chr3	59104672	59154420	intergenic_region	GBM recurrent
chr3:62423779|62464091	chr3	62423779	62464091	exon	GBM recurrent
chr3:62423779|62467544	chr3	62423779	62467544	exon	GBM recurrent
chr3:62423779|62478121	chr3	62423779	62478121	exon	GBM recurrent
chr3:62431203|62464091	chr3	62431203	62464091	intron	GBM recurrent
chr3:62431440|62467544	chr3	62431440	62467544	exon	GBM recurrent
chr3:62451042|62467544	chr3	62451042	62467544	exon	GBM recurrent
chr3:65415195|65416556	chr3	65415195	65416556	exon	GBM recurrent
chr3:66286968|66313803	chr3	66286968	66313803	exon	GBM recurrent
chr3:66293627|66313803	chr3	66293627	66313803	exon	GBM recurrent
chr3:66436405|66449465	chr3	66436405	66449465	exon	GBM recurrent
chr3:67546222|67559327	chr3	67546222	67559327	exon	GBM recurrent
chr3:71090479|71102924	chr3	71090479	71102924	exon	GBM recurrent
chr3:71733723|71759635	chr3	71733723	71759635	exon	GBM recurrent
chr3:71733723|71777774	chr3	71733723	71777774	exon	GBM recurrent
chr3:71739161|71748859	chr3	71739161	71748859	exon	GBM recurrent
chr3:71739161|71759635	chr3	71739161	71759635	exon	GBM recurrent
chr3:89456419|89480509	chr3	89456419	89480509	exon	GBM recurrent
chr3:93714718|93722752	chr3	93714718	93722752	exon	GBM recurrent
chr3:98487274|98492827	chr3	98487274	98492827	exon	GBM recurrent
chr3:101117705|101177896	chr3	101117705	101177896	exon	GBM recurrent
chr3:101117705|101219963	chr3	101117705	101219963	exon	GBM recurrent
chr3:101374948|101391057	chr3	101374948	101391057	exon	GBM recurrent
chr3:106776517|106848839	chr3	106776517	106848839	intron	GBM recurrent
chr3:107429299|107435696	chr3	107429299	107435696	exon	GBM recurrent
chr3:107429299|107451870	chr3	107429299	107451870	exon	GBM recurrent
chr3:107429299|107474525	chr3	107429299	107474525	exon	GBM recurrent
chr3:107910368|107932868	chr3	107910368	107932868	exon	GBM recurrent
chr3:108366790|108391503	chr3	108366790	108391503	exon	GBM recurrent
chr3:110830877|110866331	chr3	110830877	110866331	exon	GBM recurrent
chr3:111632166|111639266	chr3	111632166	111639266	exon	GBM recurrent
chr3:113207792|113225452	chr3	113207792	113225452	exon	GBM recurrent
chr3:114412375|114432862	chr3	114412375	114432862	exon	GBM recurrent
chr3:114412375|114436374	chr3	114412375	114436374	intron	GBM recurrent
chr3:119219542|119222868	chr3	119219542	119222868	exon	GBM recurrent
chr3:119219542|119232566	chr3	119219542	119232566	exon	GBM recurrent
chr3:119222379|119232566	chr3	119222379	119232566	exon	GBM recurrent
chr3:119222379|119236162	chr3	119222379	119236162	exon	GBM recurrent
chr3:119562102|119595355	chr3	119562102	119595355	exon	GBM recurrent
chr3:119582266|119624699	chr3	119582266	119624699	exon	GBM recurrent
chr3:122471438|122496753	chr3	122471438	122496753	exon	GBM recurrent
chr3:123649949|123667979	chr3	123649949	123667979	exon	GBM recurrent
chr3:124193510|124215260	chr3	124193510	124215260	exon	GBM recurrent
chr3:125032152|125050082	chr3	125032152	125050082	exon	GBM recurrent
chr3:125170149|125176209	chr3	125170149	125176209	exon	GBM recurrent
chr3:125279223|125301822	chr3	125279223	125301822	exon	GBM recurrent
chr3:128514203|128532314	chr3	128514203	128532314	exon	GBM recurrent
chr3:129546646|129551669	chr3	129546646	129551669	exon	GBM recurrent
chr3:129576093|129599402	chr3	129576093	129599402	exon	GBM recurrent
chr3:132202219|132203516	chr3	132202219	132203516	exon	GBM recurrent
chr3:132322073|132350323	chr3	132322073	132350323	exon	GBM recurrent
chr3:133876965|133914026	chr3	133876965	133914026	exon	GBM recurrent
chr3:133894453|133914026	chr3	133894453	133914026	exon	GBM recurrent
chr3:133907681|133914026	chr3	133907681	133914026	exon	GBM recurrent
chr3:133926316|133930451	chr3	133926316	133930451	exon	GBM recurrent
chr3:136136727|136141886	chr3	136136727	136141886	exon	GBM recurrent
chr3:136323151|136323315	chr3	136323151	136323315	exon	GBM recurrent
chr3:136561073|136565428	chr3	136561073	136565428	exon	GBM recurrent
chr3:138038320|138043772	chr3	138038320	138043772	exon	GBM recurrent
chr3:140997184|141006295	chr3	140997184	141006295	exon	GBM recurrent
chr3:141231005|141259451	chr3	141231005	141259451	exon	GBM recurrent
chr3:141712380|141820683	chr3	141712380	141820683	exon	GBM recurrent
chr3:141772957|141820683	chr3	141772957	141820683	exon	GBM recurrent
chr3:141811903|141820683	chr3	141811903	141820683	exon	GBM recurrent
chr3:142066076|142078773	chr3	142066076	142078773	exon	GBM recurrent
chr3:142116171|142123918	chr3	142116171	142123918	exon	GBM recurrent
chr3:142455221|142467302	chr3	142455221	142467302	exon	GBM recurrent
chr3:142467100|142511809	chr3	142467100	142511809	exon	GBM recurrent
chr3:143704385|143708679	chr3	143704385	143708679	exon	GBM recurrent
chr3:145820542|145842016	chr3	145820542	145842016	exon	GBM recurrent
chr3:145838899|145842016	chr3	145838899	145842016	exon	GBM recurrent
chr3:148773090|148793834	chr3	148773090	148793834	exon	GBM recurrent
chr3:148792002|148793834	chr3	148792002	148793834	exon	GBM recurrent
chr3:149563798|149589941	chr3	149563798	149589941	exon	GBM recurrent
chr3:149589816|149639014	chr3	149589816	149639014	exon	GBM recurrent
chr3:149613260|149639014	chr3	149613260	149639014	exon	GBM recurrent
chr3:149619859|149639014	chr3	149619859	149639014	exon	GBM recurrent
chr3:150834125|150845771	chr3	150834125	150845771	exon	GBM recurrent
chr3:153935658|153958368	chr3	153935658	153958368	exon	GBM recurrent
chr3:154013073|154024084	chr3	154013073	154024084	exon	GBM recurrent
chr3:155545971|155560408	chr3	155545971	155560408	exon	GBM recurrent
chr3:155547477|155560408	chr3	155547477	155560408	exon	GBM recurrent
chr3:155611307|155655670	chr3	155611307	155655670	exon	GBM recurrent
chr3:155623949|155629068	chr3	155623949	155629068	exon	GBM recurrent
chr3:157839892|157841780	chr3	157839892	157841780	exon	GBM recurrent
chr3:157839892|157921034	chr3	157839892	157921034	exon	GBM recurrent
chr3:165208984|165229439	chr3	165208984	165229439	intron	GBM recurrent
chr3:167742314|167766153	chr3	167742314	167766153	exon	GBM recurrent
chr3:167754624|167759262	chr3	167754624	167759262	exon	GBM recurrent
chr3:169694734|169703653	chr3	169694734	169703653	exon	GBM recurrent
chr3:169694734|169706147	chr3	169694734	169706147	exon	GBM recurrent
chr3:169831148|169840532	chr3	169831148	169840532	exon	GBM recurrent
chr3:169831148|169854453	chr3	169831148	169854453	exon	GBM recurrent
chr3:169831148|169867032	chr3	169831148	169867032	exon	GBM recurrent
chr3:169840379|169847340	chr3	169840379	169847340	exon	GBM recurrent
chr3:169840379|169867032	chr3	169840379	169867032	exon	GBM recurrent
chr3:169846472|169863309	chr3	169846472	169863309	exon	GBM recurrent
chr3:169846472|169896726	chr3	169846472	169896726	exon	GBM recurrent
chr3:169854207|169867032	chr3	169854207	169867032	exon	GBM recurrent
chr3:169854207|169896726	chr3	169854207	169896726	exon	GBM recurrent
chr3:169863211|169867032	chr3	169863211	169867032	exon	GBM recurrent
chr3:169863211|169896726	chr3	169863211	169896726	exon	GBM recurrent
chr3:170077487|170079217	chr3	170077487	170079217	exon	GBM recurrent
chr3:170102321|170108252	chr3	170102321	170108252	exon	GBM recurrent
chr3:170884884|170912424	chr3	170884884	170912424	exon	GBM recurrent
chr3:170906491|170912424	chr3	170906491	170912424	exon	GBM recurrent
chr3:171965323|171969331	chr3	171965323	171969331	exon	GBM recurrent
chr3:172363413|172365904	chr3	172363413	172365904	exon	GBM recurrent
chr3:172486797|172504364	chr3	172486797	172504364	exon	GBM recurrent
chr3:179096129|179104417	chr3	179096129	179104417	exon	GBM recurrent
chr3:179096129|179109892	chr3	179096129	179109892	exon	GBM recurrent
chr3:179310432|179319578	chr3	179310432	179319578	exon	GBM recurrent
chr3:179576850|179597911	chr3	179576850	179597911	exon	GBM recurrent
chr3:182735054|182775210	chr3	182735054	182775210	exon	GBM recurrent
chr3:182788787|182789145	chr3	182788787	182789145	exon	GBM recurrent
chr3:182804481|182810333	chr3	182804481	182810333	exon	GBM recurrent
chr3:183056588|183107567	chr3	183056588	183107567	exon	GBM recurrent
chr3:183097085|183107567	chr3	183097085	183107567	exon	GBM recurrent
chr3:183361268|183369064	chr3	183361268	183369064	exon	GBM recurrent
chr3:183361268|183390272	chr3	183361268	183390272	exon	GBM recurrent
chr3:183368084|183390272	chr3	183368084	183390272	exon	GBM recurrent
chr3:183435439|183480067	chr3	183435439	183480067	exon	GBM recurrent
chr3:184432819|184455559	chr3	184432819	184455559	intergenic_region	GBM recurrent
chr3:184654034|184700882	chr3	184654034	184700882	exon	GBM recurrent
chr3:185316200|185331196	chr3	185316200	185331196	exon	GBM recurrent
chr3:185337087|185341870	chr3	185337087	185341870	exon	GBM recurrent
chr3:185638892|185641772	chr3	185638892	185641772	exon	GBM recurrent
chr3:192381864|192391059	chr3	192381864	192391059	intron	GBM recurrent
chr3:195063200|195112876	chr3	195063200	195112876	exon	GBM recurrent
chr3:195415404|195416309	chr3	195415404	195416309	exon	GBM recurrent
chr3:195685883|195686957	chr3	195685883	195686957	intergenic_region	GBM recurrent
chr3:195686054|195686957	chr3	195686054	195686957	intergenic_region	GBM recurrent
chr3:195800801|195802231	chr3	195800801	195802231	exon	GBM recurrent
chr3:196118684|196120490	chr3	196118684	196120490	exon	GBM recurrent
chr3:196118684|196129890	chr3	196118684	196129890	exon	GBM recurrent
chr3:196210641|196215554	chr3	196210641	196215554	exon	GBM recurrent
chr3:196214270|196215554	chr3	196214270	196215554	exon	GBM recurrent
chr3:196449286|196460686	chr3	196449286	196460686	exon	GBM recurrent
chr3:196778448|196793625	chr3	196778448	196793625	exon	GBM recurrent
chr3:196792147|196846401	chr3	196792147	196846401	exon	GBM recurrent
chr3:196802708|196846401	chr3	196802708	196846401	exon	GBM recurrent
chr3:196802708|196876667	chr3	196802708	196876667	exon	GBM recurrent
chr3:196807922|196846401	chr3	196807922	196846401	exon	GBM recurrent
chr3:196812451|196846401	chr3	196812451	196846401	exon	GBM recurrent
chr3:196817783|196846401	chr3	196817783	196846401	exon	GBM recurrent
chr3:196831774|196846401	chr3	196831774	196846401	exon	GBM recurrent
chr3:196831774|196876667	chr3	196831774	196876667	exon	GBM recurrent
chr3:196857398|196876667	chr3	196857398	196876667	exon	GBM recurrent
chr3:196857398|196921460	chr3	196857398	196921460	exon	GBM recurrent
chr3:196863413|196869639	chr3	196863413	196869639	exon	GBM recurrent
chr3:196863413|196876667	chr3	196863413	196876667	exon	GBM recurrent
chr3:197541779|197547301	chr3	197541779	197547301	exon	GBM recurrent
chr3:197557641|197566268	chr3	197557641	197566268	exon	GBM recurrent
chr3:197592294|197602646	chr3	197592294	197602646	exon	GBM recurrent
chr4:247349|248626	chr4	247349	248626	exon	GBM recurrent
chr4:1902353|1906105	chr4	1902353	1906105	exon	GBM recurrent
chr4:2951661|2952972	chr4	2951661	2952972	exon	GBM recurrent
chr4:3088666|3109150	chr4	3088666	3109150	exon	GBM recurrent
chr4:3105551|3109150	chr4	3105551	3109150	exon	GBM recurrent
chr4:4239554|4248070	chr4	4239554	4248070	exon	GBM recurrent
chr4:4650704|4651269	chr4	4650704	4651269	exon	GBM recurrent
chr4:6995911|7002978	chr4	6995911	7002978	exon	GBM recurrent
chr4:9642695|9643055	chr4	9642695	9643055	intergenic_region	GBM recurrent
chr4:9642695|9643074	chr4	9642695	9643074	intergenic_region	GBM recurrent
chr4:9828044|9836632	chr4	9828044	9836632	exon	GBM recurrent
chr4:10099335|10105610	chr4	10099335	10105610	exon	GBM recurrent
chr4:13578462|13589395	chr4	13578462	13589395	exon	GBM recurrent
chr4:15054038|15055841	chr4	15054038	15055841	exon	GBM recurrent
chr4:15626875|15646331	chr4	15626875	15646331	exon	GBM recurrent
chr4:16240394|16324659	chr4	16240394	16324659	intergenic_region	GBM recurrent
chr4:16587545|16597498	chr4	16587545	16597498	exon	GBM recurrent
chr4:16587545|16760883	chr4	16587545	16760883	exon	GBM recurrent
chr4:17503342|17510986	chr4	17503342	17510986	exon	GBM recurrent
chr4:20706089|20715162	chr4	20706089	20715162	exon	GBM recurrent
chr4:25128886|25160729	chr4	25128886	25160729	exon	GBM recurrent
chr4:26622235|26668027	chr4	26622235	26668027	exon	GBM recurrent
chr4:26622235|26721747	chr4	26622235	26721747	exon	GBM recurrent
chr4:30921775|30924205	chr4	30921775	30924205	intron	GBM recurrent
chr4:30921775|30951837	chr4	30921775	30951837	exon	GBM recurrent
chr4:36093503|36118757	chr4	36093503	36118757	exon	GBM recurrent
chr4:36109187|36122948	chr4	36109187	36122948	exon	GBM recurrent
chr4:36189073|36231267	chr4	36189073	36231267	exon	GBM recurrent
chr4:36212012|36216102	chr4	36212012	36216102	exon	GBM recurrent
chr4:36212012|36231267	chr4	36212012	36231267	exon	GBM recurrent
chr4:37633007|37640126	chr4	37633007	37640126	exon	GBM recurrent
chr4:38037209|38055959	chr4	38037209	38055959	exon	GBM recurrent
chr4:38091553|38104778	chr4	38091553	38104778	exon	GBM recurrent
chr4:38091553|38126752	chr4	38091553	38126752	exon	GBM recurrent
chr4:38791691|38792852	chr4	38791691	38792852	intergenic_region	GBM recurrent
chr4:39328183|39329376	chr4	39328183	39329376	exon	GBM recurrent
chr4:39739040|39776553	chr4	39739040	39776553	exon	GBM recurrent
chr4:39843568|39846421	chr4	39843568	39846421	exon	GBM recurrent
chr4:39915231|39927553	chr4	39915231	39927553	exon	GBM recurrent
chr4:40936473|40947087	chr4	40936473	40947087	exon	GBM recurrent
chr4:42487513|42526864	chr4	42487513	42526864	exon	GBM recurrent
chr4:42487513|42546003	chr4	42487513	42546003	exon	GBM recurrent
chr4:42487513|42558057	chr4	42487513	42558057	exon	GBM recurrent
chr4:42505467|42546003	chr4	42505467	42546003	exon	GBM recurrent
chr4:42618050|42629126	chr4	42618050	42629126	exon	GBM recurrent
chr4:44295421|44325662	chr4	44295421	44325662	intron	GBM recurrent
chr4:46305477|46314733	chr4	46305477	46314733	exon	GBM recurrent
chr4:47886363|47898664	chr4	47886363	47898664	exon	GBM recurrent
chr4:48371866|48381865	chr4	48371866	48381865	exon	GBM recurrent
chr4:48371866|48385801	chr4	48371866	48385801	exon	GBM recurrent
chr4:48371866|48396670	chr4	48371866	48396670	exon	GBM recurrent
chr4:48379913|48396670	chr4	48379913	48396670	exon	GBM recurrent
chr4:48835418|48859382	chr4	48835418	48859382	exon	GBM recurrent
chr4:49240040|49247433	chr4	49240040	49247433	intergenic_region	GBM recurrent
chr4:52729603|52744020	chr4	52729603	52744020	exon	GBM recurrent
chr4:52729603|52752804	chr4	52729603	52752804	exon	GBM recurrent
chr4:52729603|52758017	chr4	52729603	52758017	exon	GBM recurrent
chr4:52729603|52765544	chr4	52729603	52765544	exon	GBM recurrent
chr4:54249940|54256040	chr4	54249940	54256040	exon	GBM recurrent
chr4:54249940|54294350	chr4	54249940	54294350	exon	GBM recurrent
chr4:54249940|54310270	chr4	54249940	54310270	exon	GBM recurrent
chr4:54249940|54319300	chr4	54249940	54319300	exon	GBM recurrent
chr4:54280782|54294350	chr4	54280782	54294350	exon	GBM recurrent
chr4:54280782|54310270	chr4	54280782	54310270	exon	GBM recurrent
chr4:54292039|54294350	chr4	54292039	54294350	exon	GBM recurrent
chr4:54292039|54310270	chr4	54292039	54310270	exon	GBM recurrent
chr4:54294194|54310270	chr4	54294194	54310270	exon	GBM recurrent
chr4:56277781|56284331	chr4	56277781	56284331	exon	GBM recurrent
chr4:56277781|56290810	chr4	56277781	56290810	exon	GBM recurrent
chr4:56319221|56322467	chr4	56319221	56322467	exon	GBM recurrent
chr4:56744083|56759946	chr4	56744083	56759946	exon	GBM recurrent
chr4:62800558|62863983	chr4	62800558	62863983	exon	GBM recurrent
chr4:62800558|62910267	chr4	62800558	62910267	exon	GBM recurrent
chr4:62812632|62910267	chr4	62812632	62910267	exon	GBM recurrent
chr4:68594258|68598063	chr4	68594258	68598063	exon	GBM recurrent
chr4:71628236|71634378	chr4	71628236	71634378	exon	GBM recurrent
chr4:72102293|72121116	chr4	72102293	72121116	exon	GBM recurrent
chr4:72205087|72222904	chr4	72205087	72222904	exon	GBM recurrent
chr4:73944359|73958017	chr4	73944359	73958017	exon	GBM recurrent
chr4:73950966|73958017	chr4	73950966	73958017	exon	GBM recurrent
chr4:73956384|73958017	chr4	73956384	73958017	exon	GBM recurrent
chr4:73984405|73991029	chr4	73984405	73991029	exon	GBM recurrent
chr4:75040223|75067087	chr4	75040223	75067087	exon	GBM recurrent
chr4:75040223|75091111	chr4	75040223	75091111	exon	GBM recurrent
chr4:76711303|76711950	chr4	76711303	76711950	exon	GBM recurrent
chr4:77021444|77021977	chr4	77021444	77021977	exon	GBM recurrent
chr4:77055328|77065626	chr4	77055328	77065626	exon	GBM recurrent
chr4:77917578|77952123	chr4	77917578	77952123	exon	GBM recurrent
chr4:78694235|78697546	chr4	78694235	78697546	exon	GBM recurrent
chr4:79747191|79772210	chr4	79747191	79772210	exon	GBM recurrent
chr4:85800559|85853516	chr4	85800559	85853516	exon	GBM recurrent
chr4:87614740|87622954	chr4	87614740	87622954	exon	GBM recurrent
chr4:87622394|87622954	chr4	87622394	87622954	exon	GBM recurrent
chr4:87643365|87656899	chr4	87643365	87656899	exon	GBM recurrent
chr4:87693931|87696805	chr4	87693931	87696805	exon	GBM recurrent
chr4:87869650|87968746	chr4	87869650	87968746	exon	GBM recurrent
chr4:87967318|87968746	chr4	87967318	87968746	exon	GBM recurrent
chr4:88116476|88116842	chr4	88116476	88116842	exon	GBM recurrent
chr4:88977238|88989213	chr4	88977238	88989213	exon	GBM recurrent
chr4:88983058|88987031	chr4	88983058	88987031	exon	GBM recurrent
chr4:89340454|89341580	chr4	89340454	89341580	intron	GBM recurrent
chr4:95185858|95206220	chr4	95185858	95206220	exon	GBM recurrent
chr4:95197490|95204454	chr4	95197490	95204454	exon	GBM recurrent
chr4:103446669|103459113	chr4	103446669	103459113	exon	GBM recurrent
chr4:103501692|103504114	chr4	103501692	103504114	exon	GBM recurrent
chr4:103585842|103600866	chr4	103585842	103600866	exon	GBM recurrent
chr4:103635595|103647840	chr4	103635595	103647840	exon	GBM recurrent
chr4:103635595|103655728	chr4	103635595	103655728	exon	GBM recurrent
chr4:103644028|103647840	chr4	103644028	103647840	exon	GBM recurrent
chr4:105439734|105440611	chr4	105439734	105440611	intron	GBM recurrent
chr4:106155054|106158508	chr4	106155054	106158508	exon	GBM recurrent
chr4:106345353|106374799	chr4	106345353	106374799	exon	GBM recurrent
chr4:106345353|106377902	chr4	106345353	106377902	exon	GBM recurrent
chr4:106367540|106377902	chr4	106367540	106377902	exon	GBM recurrent
chr4:106832306|106832889	chr4	106832306	106832889	intron	GBM recurrent
chr4:107092252|107133992	chr4	107092252	107133992	exon	GBM recurrent
chr4:108603171|108615162	chr4	108603171	108615162	exon	GBM recurrent
chr4:108603171|108622441	chr4	108603171	108622441	exon	GBM recurrent
chr4:108866126|108868693	chr4	108866126	108868693	exon	GBM recurrent
chr4:110412483|110416012	chr4	110412483	110416012	exon	GBM recurrent
chr4:113483527|113511030	chr4	113483527	113511030	exon	GBM recurrent
chr4:113483527|113545032	chr4	113483527	113545032	exon	GBM recurrent
chr4:113568355|113568705	chr4	113568355	113568705	exon	GBM recurrent
chr4:115540579|115544858	chr4	115540579	115544858	exon	GBM recurrent
chr4:118974911|119036115	chr4	118974911	119036115	exon	GBM recurrent
chr4:119026173|119064839	chr4	119026173	119064839	exon	GBM recurrent
chr4:121675708|121732604	chr4	121675708	121732604	exon	GBM recurrent
chr4:122754386|122756438	chr4	122754386	122756438	exon	GBM recurrent
chr4:125584440|125600060	chr4	125584440	125600060	intergenic_region	GBM recurrent
chr4:128715232|128719864	chr4	128715232	128719864	exon	GBM recurrent
chr4:128842679|128861152	chr4	128842679	128861152	exon	GBM recurrent
chr4:128995615|128999117	chr4	128995615	128999117	exon	GBM recurrent
chr4:129042981|129100667	chr4	129042981	129100667	exon	GBM recurrent
chr4:129809834|129867307	chr4	129809834	129867307	exon	GBM recurrent
chr4:129857810|129880932	chr4	129857810	129880932	exon	GBM recurrent
chr4:129857810|129891623	chr4	129857810	129891623	exon	GBM recurrent
chr4:129857810|129925031	chr4	129857810	129925031	exon	GBM recurrent
chr4:129913322|129925031	chr4	129913322	129925031	exon	GBM recurrent
chr4:129919029|129925031	chr4	129919029	129925031	exon	GBM recurrent
chr4:140037803|140046483	chr4	140037803	140046483	exon	GBM recurrent
chr4:140037803|140060651	chr4	140037803	140060651	exon	GBM recurrent
chr4:140046318|140060651	chr4	140046318	140060651	exon	GBM recurrent
chr4:140450185|140454520	chr4	140450185	140454520	exon	GBM recurrent
chr4:140810511|140812121	chr4	140810511	140812121	exon	GBM recurrent
chr4:144336630|144361535	chr4	144336630	144361535	exon	GBM recurrent
chr4:144336630|144387378	chr4	144336630	144387378	exon	GBM recurrent
chr4:144354644|144361535	chr4	144354644	144361535	exon	GBM recurrent
chr4:144354644|144387378	chr4	144354644	144387378	exon	GBM recurrent
chr4:144359152|144361535	chr4	144359152	144361535	exon	GBM recurrent
chr4:144378833|144387378	chr4	144378833	144387378	exon	GBM recurrent
chr4:144464662|144465125	chr4	144464662	144465125	exon	GBM recurrent
chr4:145003311|145006459	chr4	145003311	145006459	exon	GBM recurrent
chr4:145627683|145640108	chr4	145627683	145640108	exon	GBM recurrent
chr4:146080655|146092872	chr4	146080655	146092872	exon	GBM recurrent
chr4:146460956|146468076	chr4	146460956	146468076	exon	GBM recurrent
chr4:146744574|146770713	chr4	146744574	146770713	exon	GBM recurrent
chr4:146767108|146770713	chr4	146767108	146770713	exon	GBM recurrent
chr4:146806830|146824367	chr4	146806830	146824367	exon	GBM recurrent
chr4:147363935|147431201	chr4	147363935	147431201	exon	GBM recurrent
chr4:148575003|148575717	chr4	148575003	148575717	exon	GBM recurrent
chr4:148778704|148803083	chr4	148778704	148803083	exon	GBM recurrent
chr4:151023630|151023964	chr4	151023630	151023964	exon	GBM recurrent
chr4:151124947|151161027	chr4	151124947	151161027	exon	GBM recurrent
chr4:151509200|151604869	chr4	151509200	151604869	exon	GBM recurrent
chr4:151656410|151729550	chr4	151656410	151729550	exon	GBM recurrent
chr4:151719233|151738409	chr4	151719233	151738409	exon	GBM recurrent
chr4:152095822|152108615	chr4	152095822	152108615	exon	GBM recurrent
chr4:152274052|152274543	chr4	152274052	152274543	intergenic_region	GBM recurrent
chr4:153253748|153259088	chr4	153253748	153259088	exon	GBM recurrent
chr4:153332455|153333681	chr4	153332455	153333681	exon	GBM recurrent
chr4:156617908|156643344	chr4	156617908	156643344	exon	GBM recurrent
chr4:156696120|156698794	chr4	156696120	156698794	exon	GBM recurrent
chr4:160107794|160131735	chr4	160107794	160131735	exon	GBM recurrent
chr4:160114352|160164943	chr4	160114352	160164943	exon	GBM recurrent
chr4:160159961|160164943	chr4	160159961	160164943	exon	GBM recurrent
chr4:166141086|166184511	chr4	166141086	166184511	exon	GBM recurrent
chr4:170398275|170459062	chr4	170398275	170459062	exon	GBM recurrent
chr4:170501993|170511960	chr4	170501993	170511960	exon	GBM recurrent
chr4:170506500|170523829	chr4	170506500	170523829	exon	GBM recurrent
chr4:177070958|177073118	chr4	177070958	177073118	exon	GBM recurrent
chr4:177070958|177098805	chr4	177070958	177098805	exon	GBM recurrent
chr4:177070958|177100783	chr4	177070958	177100783	exon	GBM recurrent
chr4:183522077|183575046	chr4	183522077	183575046	exon	GBM recurrent
chr4:185580494|185599548	chr4	185580494	185599548	exon	GBM recurrent
chr4:187627717|187630999	chr4	187627717	187630999	exon	GBM recurrent
chr5:5441225|5444439	chr5	5441225	5444439	exon	GBM recurrent
chr5:6623327|6625782	chr5	6623327	6625782	exon	GBM recurrent
chr5:14741936|14758707	chr5	14741936	14758707	exon	GBM recurrent
chr5:21491430|21497305	chr5	21491430	21497305	exon	GBM recurrent
chr5:22799101|22810818	chr5	22799101	22810818	intron	GBM recurrent
chr5:31421379|31424578	chr5	31421379	31424578	exon	GBM recurrent
chr5:31995682|32010588	chr5	31995682	32010588	exon	GBM recurrent
chr5:32135678|32143986	chr5	32135678	32143986	exon	GBM recurrent
chr5:33614343|33684156	chr5	33614343	33684156	exon	GBM recurrent
chr5:36207272|36227667	chr5	36207272	36227667	exon	GBM recurrent
chr5:36211946|36227667	chr5	36211946	36227667	exon	GBM recurrent
chr5:36634330|36653981	chr5	36634330	36653981	intron	GBM recurrent
chr5:36953720|36986403	chr5	36953720	36986403	exon	GBM recurrent
chr5:36982267|36986403	chr5	36982267	36986403	intron	GBM recurrent
chr5:37125346|37164429	chr5	37125346	37164429	exon	GBM recurrent
chr5:38481401|38530768	chr5	38481401	38530768	exon	GBM recurrent
chr5:38493708|38530768	chr5	38493708	38530768	exon	GBM recurrent
chr5:38506605|38530768	chr5	38506605	38530768	exon	GBM recurrent
chr5:38510566|38530768	chr5	38510566	38530768	exon	GBM recurrent
chr5:38523521|38530768	chr5	38523521	38530768	exon	GBM recurrent
chr5:38991051|39003724	chr5	38991051	39003724	exon	GBM recurrent
chr5:38991051|39021238	chr5	38991051	39021238	exon	GBM recurrent
chr5:40746900|40777688	chr5	40746900	40777688	intergenic_region	GBM recurrent
chr5:40764616|40777688	chr5	40764616	40777688	exon	GBM recurrent
chr5:43292576|43297268	chr5	43292576	43297268	exon	GBM recurrent
chr5:43675613|43704502	chr5	43675613	43704502	exon	GBM recurrent
chr5:50045985|50059076	chr5	50045985	50059076	exon	GBM recurrent
chr5:52942063|52954454	chr5	52942063	52954454	exon	GBM recurrent
chr5:54570442|54577343	chr5	54570442	54577343	exon	GBM recurrent
chr5:54763697|54771278	chr5	54763697	54771278	exon	GBM recurrent
chr5:54763697|54786942	chr5	54763697	54786942	exon	GBM recurrent
chr5:54771127|54786942	chr5	54771127	54786942	exon	GBM recurrent
chr5:54941617|54960691	chr5	54941617	54960691	exon	GBM recurrent
chr5:56526673|56527148	chr5	56526673	56527148	exon	GBM recurrent
chr5:56542127|56543042	chr5	56542127	56543042	exon	GBM recurrent
chr5:56542127|56546968	chr5	56542127	56546968	exon	GBM recurrent
chr5:58476421|58511794	chr5	58476421	58511794	exon	GBM recurrent
chr5:60982710|61051771	chr5	60982710	61051771	intergenic_region	GBM recurrent
chr5:61642957|61645947	chr5	61642957	61645947	exon	GBM recurrent
chr5:61642957|61654126	chr5	61642957	61654126	exon	GBM recurrent
chr5:61658277|61659726	chr5	61658277	61659726	exon	GBM recurrent
chr5:61745754|61747760	chr5	61745754	61747760	exon	GBM recurrent
chr5:64084778|64100213	chr5	64084778	64100213	exon	GBM recurrent
chr5:64096075|64100213	chr5	64096075	64100213	exon	GBM recurrent
chr5:64863340|64868113	chr5	64863340	64868113	exon	GBM recurrent
chr5:65076006|65084311	chr5	65076006	65084311	exon	GBM recurrent
chr5:65284463|65310553	chr5	65284463	65310553	exon	GBM recurrent
chr5:65288538|65310553	chr5	65288538	65310553	exon	GBM recurrent
chr5:65317150|65350779	chr5	65317150	65350779	exon	GBM recurrent
chr5:65342181|65350779	chr5	65342181	65350779	exon	GBM recurrent
chr5:65349234|65350779	chr5	65349234	65350779	exon	GBM recurrent
chr5:67522118|67522837	chr5	67522118	67522837	exon	GBM recurrent
chr5:68396634|68404263	chr5	68396634	68404263	exon	GBM recurrent
chr5:68651476|68651780	chr5	68651476	68651780	exon	GBM recurrent
chr5:68651476|68662422	chr5	68651476	68662422	exon	GBM recurrent
chr5:70818116|70828254	chr5	70818116	70828254	exon	GBM recurrent
chr5:72151601|72161556	chr5	72151601	72161556	exon	GBM recurrent
chr5:72151601|72173173	chr5	72151601	72173173	exon	GBM recurrent
chr5:72157635|72161556	chr5	72157635	72161556	exon	GBM recurrent
chr5:72285254|72286691	chr5	72285254	72286691	exon	GBM recurrent
chr5:72311453|72333042	chr5	72311453	72333042	exon	GBM recurrent
chr5:72370569|72373320	chr5	72370569	72373320	exon	GBM recurrent
chr5:74109665|74137504	chr5	74109665	74137504	exon	GBM recurrent
chr5:74130251|74137504	chr5	74130251	74137504	exon	GBM recurrent
chr5:74675162|74677026	chr5	74675162	74677026	exon	GBM recurrent
chr5:74706836|74715249	chr5	74706836	74715249	exon	GBM recurrent
chr5:74842835|74882883	chr5	74842835	74882883	exon	GBM recurrent
chr5:76342172|76344097	chr5	76342172	76344097	exon	GBM recurrent
chr5:76394480|76414346	chr5	76394480	76414346	exon	GBM recurrent
chr5:76401481|76414346	chr5	76401481	76414346	exon	GBM recurrent
chr5:76745585|76760634	chr5	76745585	76760634	exon	GBM recurrent
chr5:76758920|76760634	chr5	76758920	76760634	exon	GBM recurrent
chr5:77385217|77425131	chr5	77385217	77425131	exon	GBM recurrent
chr5:78692646|78752841	chr5	78692646	78752841	exon	GBM recurrent
chr5:78734833|78752841	chr5	78734833	78752841	exon	GBM recurrent
chr5:78914470|78915906	chr5	78914470	78915906	intron	GBM recurrent
chr5:78936674|78964851	chr5	78936674	78964851	exon	GBM recurrent
chr5:79729928|79741224	chr5	79729928	79741224	exon	GBM recurrent
chr5:79745410|79770649	chr5	79745410	79770649	exon	GBM recurrent
chr5:80021272|80040434	chr5	80021272	80040434	exon	GBM recurrent
chr5:80063752|80109560	chr5	80063752	80109560	exon	GBM recurrent
chr5:80071513|80088663	chr5	80071513	80088663	exon	GBM recurrent
chr5:80404815|80409739	chr5	80404815	80409739	exon	GBM recurrent
chr5:80911292|80946158	chr5	80911292	80946158	exon	GBM recurrent
chr5:82832826|82838087	chr5	82832826	82838087	exon	GBM recurrent
chr5:83356119|83362425	chr5	83356119	83362425	exon	GBM recurrent
chr5:83786476|83834609	chr5	83786476	83834609	intergenic_region	GBM recurrent
chr5:86627165|86633908	chr5	86627165	86633908	exon	GBM recurrent
chr5:87516380|87541609	chr5	87516380	87541609	intron	GBM recurrent
chr5:87577859|87588460	chr5	87577859	87588460	exon	GBM recurrent
chr5:88201026|88261732	chr5	88201026	88261732	exon	GBM recurrent
chr5:90059122|90074914	chr5	90059122	90074914	exon	GBM recurrent
chr5:92880501|92899169	chr5	92880501	92899169	exon	GBM recurrent
chr5:92889467|92899169	chr5	92889467	92899169	exon	GBM recurrent
chr5:94114815|94248681	chr5	94114815	94248681	exon	GBM recurrent
chr5:94114815|94267696	chr5	94114815	94267696	exon	GBM recurrent
chr5:95091100|95099324	chr5	95091100	95099324	exon	GBM recurrent
chr5:95242227|95268417	chr5	95242227	95268417	exon	GBM recurrent
chr5:96063193|96066564	chr5	96063193	96066564	exon	GBM recurrent
chr5:96093148|96103703	chr5	96093148	96103703	exon	GBM recurrent
chr5:96208989|96209375	chr5	96208989	96209375	exon	GBM recurrent
chr5:98334357|98339722	chr5	98334357	98339722	intergenic_region	GBM recurrent
chr5:102432245|102433485	chr5	102432245	102433485	exon	GBM recurrent
chr5:107521818|107684231	chr5	107521818	107684231	exon	GBM recurrent
chr5:107684100|107703654	chr5	107684100	107703654	exon	GBM recurrent
chr5:108103794|108134090	chr5	108103794	108134090	exon	GBM recurrent
chr5:108203468|108219219	chr5	108203468	108219219	exon	GBM recurrent
chr5:108219097|108382899	chr5	108219097	108382899	exon	GBM recurrent
chr5:108281831|108382899	chr5	108281831	108382899	exon	GBM recurrent
chr5:108294926|108382899	chr5	108294926	108382899	exon	GBM recurrent
chr5:109049221|109051965	chr5	109049221	109051965	exon	GBM recurrent
chr5:109049221|109065214	chr5	109049221	109065214	exon	GBM recurrent
chr5:109049221|109091157	chr5	109049221	109091157	exon	GBM recurrent
chr5:109049221|109110666	chr5	109049221	109110666	exon	GBM recurrent
chr5:109049221|109125228	chr5	109049221	109125228	exon	GBM recurrent
chr5:109049221|109139978	chr5	109049221	109139978	exon	GBM recurrent
chr5:109049221|109159538	chr5	109049221	109159538	exon	GBM recurrent
chr5:109065043|109125228	chr5	109065043	109125228	exon	GBM recurrent
chr5:109103236|109125228	chr5	109103236	109125228	exon	GBM recurrent
chr5:109103236|109139978	chr5	109103236	109139978	exon	GBM recurrent
chr5:109103236|109159538	chr5	109103236	109159538	exon	GBM recurrent
chr5:109117097|109125228	chr5	109117097	109125228	exon	GBM recurrent
chr5:109152974|109159538	chr5	109152974	109159538	exon	GBM recurrent
chr5:109178029|109183491	chr5	109178029	109183491	exon	GBM recurrent
chr5:109940810|109978072	chr5	109940810	109978072	exon	GBM recurrent
chr5:109976592|109978072	chr5	109976592	109978072	exon	GBM recurrent
chr5:110679722|110730480	chr5	110679722	110730480	exon	GBM recurrent
chr5:113740135|113740553	chr5	113740135	113740553	exon	GBM recurrent
chr5:114466289|114483091	chr5	114466289	114483091	exon	GBM recurrent
chr5:118451853|118456834	chr5	118451853	118456834	exon	GBM recurrent
chr5:121354955|121358102	chr5	121354955	121358102	exon	GBM recurrent
chr5:122137564|122139308	chr5	122137564	122139308	exon	GBM recurrent
chr5:122881111|122893258	chr5	122881111	122893258	exon	GBM recurrent
chr5:122881111|122911657	chr5	122881111	122911657	exon	GBM recurrent
chr5:124036707|124036962	chr5	124036707	124036962	exon	GBM recurrent
chr5:125939262|125939875	chr5	125939262	125939875	exon	GBM recurrent
chr5:126140468|126168493	chr5	126140468	126168493	exon	GBM recurrent
chr5:127292496|127302620	chr5	127292496	127302620	exon	GBM recurrent
chr5:127449904|127477673	chr5	127449904	127477673	exon	GBM recurrent
chr5:127474289|127488497	chr5	127474289	127488497	exon	GBM recurrent
chr5:129019813|129040084	chr5	129019813	129040084	exon	GBM recurrent
chr5:130731256|130743900	chr5	130731256	130743900	intergenic_region	GBM recurrent
chr5:130782176|130782396	chr5	130782176	130782396	exon	GBM recurrent
chr5:130840319|130883883	chr5	130840319	130883883	exon	GBM recurrent
chr5:130987495|131013565	chr5	130987495	131013565	exon	GBM recurrent
chr5:131013396|131044965	chr5	131013396	131044965	exon	GBM recurrent
chr5:132034863|132046749	chr5	132034863	132046749	exon	GBM recurrent
chr5:132051449|132070170	chr5	132051449	132070170	exon	GBM recurrent
chr5:132227856|132228810	chr5	132227856	132228810	exon	GBM recurrent
chr5:132227856|132232932	chr5	132227856	132232932	exon	GBM recurrent
chr5:132262813|132270633	chr5	132262813	132270633	exon	GBM recurrent
chr5:133638281|133657594	chr5	133638281	133657594	exon	GBM recurrent
chr5:133638281|133686118	chr5	133638281	133686118	exon	GBM recurrent
chr5:134076753|134079742	chr5	134076753	134079742	exon	GBM recurrent
chr5:135483521|135489852	chr5	135483521	135489852	exon	GBM recurrent
chr5:135489281|135489852	chr5	135489281	135489852	exon	GBM recurrent
chr5:137278564|137278905	chr5	137278564	137278905	exon	GBM recurrent
chr5:137278564|137284873	chr5	137278564	137284873	exon	GBM recurrent
chr5:137320946|137328568	chr5	137320946	137328568	intron	GBM recurrent
chr5:137320946|137347634	chr5	137320946	137347634	exon	GBM recurrent
chr5:137320946|137354835	chr5	137320946	137354835	exon	GBM recurrent
chr5:137320946|137356886	chr5	137320946	137356886	exon	GBM recurrent
chr5:137342679|137356886	chr5	137342679	137356886	exon	GBM recurrent
chr5:138699448|138700432	chr5	138699448	138700432	exon	GBM recurrent
chr5:138979957|138994551	chr5	138979957	138994551	exon	GBM recurrent
chr5:138994171|138994551	chr5	138994171	138994551	exon	GBM recurrent
chr5:139819704|139828890	chr5	139819704	139828890	exon	GBM recurrent
chr5:142252965|142292858	chr5	142252965	142292858	exon	GBM recurrent
chr5:142258939|142292858	chr5	142258939	142292858	exon	GBM recurrent
chr5:142258939|142311690	chr5	142258939	142311690	exon	GBM recurrent
chr5:142264863|142292858	chr5	142264863	142292858	exon	GBM recurrent
chr5:142264863|142311690	chr5	142264863	142311690	exon	GBM recurrent
chr5:142416761|142437312	chr5	142416761	142437312	exon	GBM recurrent
chr5:142416761|142526946	chr5	142416761	142526946	exon	GBM recurrent
chr5:142434004|142437312	chr5	142434004	142437312	exon	GBM recurrent
chr5:142434004|142526946	chr5	142434004	142526946	exon	GBM recurrent
chr5:142675025|142693733	chr5	142675025	142693733	exon	GBM recurrent
chr5:145144494|145199581	chr5	145144494	145199581	exon	GBM recurrent
chr5:145144494|145205763	chr5	145144494	145205763	exon	GBM recurrent
chr5:145176005|145205763	chr5	145176005	145205763	exon	GBM recurrent
chr5:145197457|145205763	chr5	145197457	145205763	exon	GBM recurrent
chr5:146070691|146080705	chr5	146070691	146080705	exon	GBM recurrent
chr5:147785820|147790328	chr5	147785820	147790328	exon	GBM recurrent
chr5:147785820|147796767	chr5	147785820	147796767	exon	GBM recurrent
chr5:149607755|149610943	chr5	149607755	149610943	exon	GBM recurrent
chr5:151990127|151990640	chr5	151990127	151990640	intergenic_region	GBM recurrent
chr5:153413351|153414527	chr5	153413351	153414527	exon	GBM recurrent
chr5:156721792|156731374	chr5	156721792	156731374	exon	GBM recurrent
chr5:159437507|159478190	chr5	159437507	159478190	exon	GBM recurrent
chr5:159462147|159478190	chr5	159462147	159478190	exon	GBM recurrent
chr5:159516513|159521072	chr5	159516513	159521072	exon	GBM recurrent
chr5:160757890|160763776	chr5	160757890	160763776	exon	GBM recurrent
chr5:160757890|160838063	chr5	160757890	160838063	exon	GBM recurrent
chr5:162436796|162439294	chr5	162436796	162439294	exon	GBM recurrent
chr5:167302991|167420187	chr5	167302991	167420187	exon	GBM recurrent
chr5:167915607|167921655	chr5	167915607	167921655	exon	GBM recurrent
chr5:167915607|167924353	chr5	167915607	167924353	exon	GBM recurrent
chr5:167915607|167929110	chr5	167915607	167929110	exon	GBM recurrent
chr5:167995651|167996003	chr5	167995651	167996003	exon	GBM recurrent
chr5:170610199|170632616	chr5	170610199	170632616	exon	GBM recurrent
chr5:170818309|170819982	chr5	170818309	170819982	exon	GBM recurrent
chr5:172535627|172550205	chr5	172535627	172550205	exon	GBM recurrent
chr5:173371970|173380275	chr5	173371970	173380275	exon	GBM recurrent
chr5:176402397|176409624	chr5	176402397	176409624	exon	GBM recurrent
chr5:176618885|176631293	chr5	176618885	176631293	exon	GBM recurrent
chr5:176618885|176639196	chr5	176618885	176639196	exon	GBM recurrent
chr5:176665238|176666866	chr5	176665238	176666866	exon	GBM recurrent
chr5:179132680|179137066	chr5	179132680	179137066	exon	GBM recurrent
chr5:179136874|179147561	chr5	179136874	179147561	exon	GBM recurrent
chr5:179274978|179278424	chr5	179274978	179278424	exon	GBM recurrent
chr5:179393806|179467647	chr5	179393806	179467647	exon	GBM recurrent
chr5:179665332|179668155	chr5	179665332	179668155	exon	GBM recurrent
chr5:179688684|179707608	chr5	179688684	179707608	exon	GBM recurrent
chr6:592469|599225	chr6	592469	599225	exon	GBM recurrent
chr6:2397455|2399271	chr6	2397455	2399271	exon	GBM recurrent
chr6:3076998|3078169	chr6	3076998	3078169	exon	GBM recurrent
chr6:3410422|3416089	chr6	3410422	3416089	exon	GBM recurrent
chr6:4891947|4892613	chr6	4891947	4892613	exon	GBM recurrent
chr6:5404775|5431405	chr6	5404775	5431405	exon	GBM recurrent
chr6:6362416|6438965	chr6	6362416	6438965	exon	GBM recurrent
chr6:6366588|6438965	chr6	6366588	6438965	exon	GBM recurrent
chr6:7303783|7310262	chr6	7303783	7310262	exon	GBM recurrent
chr6:10702602|10702872	chr6	10702602	10702872	exon	GBM recurrent
chr6:13579683|13584457	chr6	13579683	13584457	exon	GBM recurrent
chr6:13632602|13644961	chr6	13632602	13644961	exon	GBM recurrent
chr6:13632602|13659064	chr6	13632602	13659064	exon	GBM recurrent
chr6:13639795|13644961	chr6	13639795	13644961	exon	GBM recurrent
chr6:16326625|16328701	chr6	16326625	16328701	exon	GBM recurrent
chr6:16586011|16658132	chr6	16586011	16658132	exon	GBM recurrent
chr6:17507400|17514185	chr6	17507400	17514185	exon	GBM recurrent
chr6:17665470|17676001	chr6	17665470	17676001	exon	GBM recurrent
chr6:18161558|18163155	chr6	18161558	18163155	exon	GBM recurrent
chr6:18236683|18258636	chr6	18236683	18258636	exon	GBM recurrent
chr6:18256592|18258636	chr6	18256592	18258636	exon	GBM recurrent
chr6:24416625|24418806	chr6	24416625	24418806	exon	GBM recurrent
chr6:24475349|24480187	chr6	24475349	24480187	exon	GBM recurrent
chr6:24578338|24583930	chr6	24578338	24583930	exon	GBM recurrent
chr6:25515903|25520565	chr6	25515903	25520565	exon	GBM recurrent
chr6:29627096|29627443	chr6	29627096	29627443	exon	GBM recurrent
chr6:30202135|30222241	chr6	30202135	30222241	exon	GBM recurrent
chr6:30618771|30619243	chr6	30618771	30619243	exon	GBM recurrent
chr6:31237743|31322442	chr6	31237743	31322442	intron	GBM recurrent
chr6:32487147|32548633	chr6	32487147	32548633	intergenic_region	GBM recurrent
chr6:32487941|32548633	chr6	32487941	32548633	intergenic_region	GBM recurrent
chr6:39507779|39513464	chr6	39507779	39513464	exon	GBM recurrent
chr6:41020004|41023738	chr6	41020004	41023738	intron	GBM recurrent
chr6:42559889|42562042	chr6	42559889	42562042	exon	GBM recurrent
chr6:42571326|42574389	chr6	42571326	42574389	exon	GBM recurrent
chr6:42571326|42580029	chr6	42571326	42580029	exon	GBM recurrent
chr6:42579909|42585245	chr6	42579909	42585245	exon	GBM recurrent
chr6:42790534|42797910	chr6	42790534	42797910	exon	GBM recurrent
chr6:42941741|42942776	chr6	42941741	42942776	exon	GBM recurrent
chr6:43523573|43535091	chr6	43523573	43535091	exon	GBM recurrent
chr6:47251674|47254331	chr6	47251674	47254331	exon	GBM recurrent
chr6:47471016|47472494	chr6	47471016	47472494	intron	GBM recurrent
chr6:53133885|53160505	chr6	53133885	53160505	exon	GBM recurrent
chr6:53363405|53387325	chr6	53363405	53387325	exon	GBM recurrent
chr6:54001513|54034370	chr6	54001513	54034370	exon	GBM recurrent
chr6:54001513|54054712	chr6	54001513	54054712	exon	GBM recurrent
chr6:54001513|54067031	chr6	54001513	54067031	exon	GBM recurrent
chr6:54013854|54067031	chr6	54013854	54067031	exon	GBM recurrent
chr6:54013854|54095715	chr6	54013854	54095715	exon	GBM recurrent
chr6:54025165|54067031	chr6	54025165	54067031	exon	GBM recurrent
chr6:55360217|55406938	chr6	55360217	55406938	exon	GBM recurrent
chr6:56357732|56362851	chr6	56357732	56362851	exon	GBM recurrent
chr6:56496009|56501450	chr6	56496009	56501450	exon	GBM recurrent
chr6:56846509|56857353	chr6	56846509	56857353	exon	GBM recurrent
chr6:56857176|56880151	chr6	56857176	56880151	exon	GBM recurrent
chr6:57058640|57075243	chr6	57058640	57075243	exon	GBM recurrent
chr6:62316195|62390965	chr6	62316195	62390965	intergenic_region	GBM recurrent
chr6:62316195|62407158	chr6	62316195	62407158	intergenic_region	GBM recurrent
chr6:62316195|62442669	chr6	62316195	62442669	intergenic_region	GBM recurrent
chr6:62362160|62390965	chr6	62362160	62390965	intergenic_region	GBM recurrent
chr6:62362160|62407158	chr6	62362160	62407158	intergenic_region	GBM recurrent
chr6:62362160|62410682	chr6	62362160	62410682	intergenic_region	GBM recurrent
chr6:62362160|62417308	chr6	62362160	62417308	intergenic_region	GBM recurrent
chr6:62362160|62442669	chr6	62362160	62442669	intergenic_region	GBM recurrent
chr6:64389901|64395812	chr6	64389901	64395812	exon	GBM recurrent
chr6:69640451|69666701	chr6	69640451	69666701	exon	GBM recurrent
chr6:69684655|69785930	chr6	69684655	69785930	exon	GBM recurrent
chr6:69703660|69728391	chr6	69703660	69728391	exon	GBM recurrent
chr6:69703660|69772928	chr6	69703660	69772928	exon	GBM recurrent
chr6:69703660|69785930	chr6	69703660	69785930	exon	GBM recurrent
chr6:69723930|69759238	chr6	69723930	69759238	exon	GBM recurrent
chr6:69723930|69785930	chr6	69723930	69785930	exon	GBM recurrent
chr6:69758077|69785930	chr6	69758077	69785930	exon	GBM recurrent
chr6:69943182|69949118	chr6	69943182	69949118	exon	GBM recurrent
chr6:70048808|70071404	chr6	70048808	70071404	exon	GBM recurrent
chr6:70451681|70462248	chr6	70451681	70462248	exon	GBM recurrent
chr6:71136273|71162274	chr6	71136273	71162274	exon	GBM recurrent
chr6:71185113|71212494	chr6	71185113	71212494	exon	GBM recurrent
chr6:71442081|71508440	chr6	71442081	71508440	exon	GBM recurrent
chr6:71464683|71508440	chr6	71464683	71508440	exon	GBM recurrent
chr6:73001637|73043538	chr6	73001637	73043538	exon	GBM recurrent
chr6:73005640|73043538	chr6	73005640	73043538	exon	GBM recurrent
chr6:73016961|73023375	chr6	73016961	73023375	exon	GBM recurrent
chr6:73016961|73043538	chr6	73016961	73043538	exon	GBM recurrent
chr6:74175932|74176329	chr6	74175932	74176329	exon	GBM recurrent
chr6:74190398|74191967	chr6	74190398	74191967	exon	GBM recurrent
chr6:74345105|74354326	chr6	74345105	74354326	exon	GBM recurrent
chr6:76331248|76333676	chr6	76331248	76333676	exon	GBM recurrent
chr6:76344423|76373234	chr6	76344423	76373234	exon	GBM recurrent
chr6:76344423|76388643	chr6	76344423	76388643	exon	GBM recurrent
chr6:76368978|76388643	chr6	76368978	76388643	exon	GBM recurrent
chr6:76412361|76412788	chr6	76412361	76412788	exon	GBM recurrent
chr6:76412361|76421132	chr6	76412361	76421132	exon	GBM recurrent
chr6:79770195|79770535	chr6	79770195	79770535	exon	GBM recurrent
chr6:82920531|82921289	chr6	82920531	82921289	exon	GBM recurrent
chr6:82920531|82922510	chr6	82920531	82922510	exon	GBM recurrent
chr6:82923944|82924546	chr6	82923944	82924546	exon	GBM recurrent
chr6:82923944|82941559	chr6	82923944	82941559	exon	GBM recurrent
chr6:83667031|83754378	chr6	83667031	83754378	exon	GBM recurrent
chr6:83841895|83857010	chr6	83841895	83857010	exon	GBM recurrent
chr6:84573894|84624167	chr6	84573894	84624167	exon	GBM recurrent
chr6:84894905|84913814	chr6	84894905	84913814	exon	GBM recurrent
chr6:86267694|86284096	chr6	86267694	86284096	exon	GBM recurrent
chr6:86703098|86725968	chr6	86703098	86725968	intergenic_region	GBM recurrent
chr6:87920169|87928449	chr6	87920169	87928449	intron	GBM recurrent
chr6:89554076|89614674	chr6	89554076	89614674	exon	GBM recurrent
chr6:90556281|90566918	chr6	90556281	90566918	exon	GBM recurrent
chr6:90571845|90581107	chr6	90571845	90581107	exon	GBM recurrent
chr6:97512504|97533217	chr6	97512504	97533217	exon	GBM recurrent
chr6:99347144|99375698	chr6	99347144	99375698	exon	GBM recurrent
chr6:99885122|99958106	chr6	99885122	99958106	exon	GBM recurrent
chr6:99887645|99913012	chr6	99887645	99913012	exon	GBM recurrent
chr6:99912480|99916494	chr6	99912480	99916494	exon	GBM recurrent
chr6:101163338|101173579	chr6	101163338	101173579	exon	GBM recurrent
chr6:105192035|105198347	chr6	105192035	105198347	exon	GBM recurrent
chr6:105280917|105291173	chr6	105280917	105291173	exon	GBM recurrent
chr6:105280917|105297121	chr6	105280917	105297121	exon	GBM recurrent
chr6:105609300|105610035	chr6	105609300	105610035	exon	GBM recurrent
chr6:106696025|106740981	chr6	106696025	106740981	exon	GBM recurrent
chr6:106696025|106756366	chr6	106696025	106756366	exon	GBM recurrent
chr6:107824861|107827631	chr6	107824861	107827631	exon	GBM recurrent
chr6:107824861|107854814	chr6	107824861	107854814	exon	GBM recurrent
chr6:109080621|109081606	chr6	109080621	109081606	exon	GBM recurrent
chr6:109175428|109197553	chr6	109175428	109197553	exon	GBM recurrent
chr6:109232102|109258202	chr6	109232102	109258202	exon	GBM recurrent
chr6:109740390|109757402	chr6	109740390	109757402	exon	GBM recurrent
chr6:109900753|109907275	chr6	109900753	109907275	exon	GBM recurrent
chr6:109962721|109983866	chr6	109962721	109983866	exon	GBM recurrent
chr6:109962721|109993370	chr6	109962721	109993370	exon	GBM recurrent
chr6:109977959|109993370	chr6	109977959	109993370	exon	GBM recurrent
chr6:109977959|109996959	chr6	109977959	109996959	exon	GBM recurrent
chr6:110048312|110064975	chr6	110048312	110064975	exon	GBM recurrent
chr6:110636545|110653768	chr6	110636545	110653768	intron	GBM recurrent
chr6:110988637|111067404	chr6	110988637	111067404	exon	GBM recurrent
chr6:111067329|111095140	chr6	111067329	111095140	exon	GBM recurrent
chr6:111208708|111211559	chr6	111208708	111211559	exon	GBM recurrent
chr6:111208708|111214865	chr6	111208708	111214865	exon	GBM recurrent
chr6:111493898|111498868	chr6	111493898	111498868	exon	GBM recurrent
chr6:111708968|111737675	chr6	111708968	111737675	exon	GBM recurrent
chr6:111708968|111795682	chr6	111708968	111795682	intron	GBM recurrent
chr6:117010483|117013555	chr6	117010483	117013555	exon	GBM recurrent
chr6:117013218|117047785	chr6	117013218	117047785	exon	GBM recurrent
chr6:117840979|117866760	chr6	117840979	117866760	exon	GBM recurrent
chr6:118769567|118771033	chr6	118769567	118771033	intergenic_region	GBM recurrent
chr6:118832461|118887479	chr6	118832461	118887479	exon	GBM recurrent
chr6:119134265|119177708	chr6	119134265	119177708	intergenic_region	GBM recurrent
chr6:128540067|128625973	chr6	128540067	128625973	intron	GBM recurrent
chr6:129799838|129802584	chr6	129799838	129802584	exon	GBM recurrent
chr6:131206236|131277639	chr6	131206236	131277639	exon	GBM recurrent
chr6:131247745|131277639	chr6	131247745	131277639	exon	GBM recurrent
chr6:131276245|131277639	chr6	131276245	131277639	exon	GBM recurrent
chr6:131466425|131490413	chr6	131466425	131490413	exon	GBM recurrent
chr6:132411586|132428056	chr6	132411586	132428056	intergenic_region	GBM recurrent
chr6:135621638|135716034	chr6	135621638	135716034	exon	GBM recurrent
chr6:135715914|135778851	chr6	135715914	135778851	exon	GBM recurrent
chr6:136472298|136476896	chr6	136472298	136476896	exon	GBM recurrent
chr6:136693639|136710655	chr6	136693639	136710655	exon	GBM recurrent
chr6:136698893|136710655	chr6	136698893	136710655	exon	GBM recurrent
chr6:136704809|136710655	chr6	136704809	136710655	exon	GBM recurrent
chr6:136709531|136710655	chr6	136709531	136710655	exon	GBM recurrent
chr6:136943986|136980516	chr6	136943986	136980516	exon	GBM recurrent
chr6:136990421|137019820	chr6	136990421	137019820	exon	GBM recurrent
chr6:138528179|138531178	chr6	138528179	138531178	exon	GBM recurrent
chr6:139264650|139265759	chr6	139264650	139265759	exon	GBM recurrent
chr6:144808684|144814592	chr6	144808684	144814592	exon	GBM recurrent
chr6:146125508|146127557	chr6	146125508	146127557	exon	GBM recurrent
chr6:146185524|146216113	chr6	146185524	146216113	exon	GBM recurrent
chr6:146202764|146216113	chr6	146202764	146216113	intron	GBM recurrent
chr6:146209156|146216113	chr6	146209156	146216113	exon	GBM recurrent
chr6:146240484|146254314	chr6	146240484	146254314	exon	GBM recurrent
chr6:147322577|147440613	chr6	147322577	147440613	exon	GBM recurrent
chr6:147527107|147655358	chr6	147527107	147655358	exon	GBM recurrent
chr6:149699154|149700654	chr6	149699154	149700654	exon	GBM recurrent
chr6:149833291|149838586	chr6	149833291	149838586	exon	GBM recurrent
chr6:149833291|149862722	chr6	149833291	149862722	exon	GBM recurrent
chr6:149944239|149959696	chr6	149944239	149959696	exon	GBM recurrent
chr6:150004215|150016357	chr6	150004215	150016357	exon	GBM recurrent
chr6:151116992|151125877	chr6	151116992	151125877	exon	GBM recurrent
chr6:151198770|151209117	chr6	151198770	151209117	exon	GBM recurrent
chr6:151669846|151674887	chr6	151669846	151674887	exon	GBM recurrent
chr6:151669846|151677397	chr6	151669846	151677397	exon	GBM recurrent
chr6:152650865|152653025	chr6	152650865	152653025	exon	GBM recurrent
chr6:152949400|152949689	chr6	152949400	152949689	exon	GBM recurrent
chr6:155095123|155116273	chr6	155095123	155116273	exon	GBM recurrent
chr6:155095123|155154543	chr6	155095123	155154543	exon	GBM recurrent
chr6:157150361|157256710	chr6	157150361	157256710	exon	GBM recurrent
chr6:157405796|157431695	chr6	157405796	157431695	exon	GBM recurrent
chr6:157431606|157454341	chr6	157431606	157454341	exon	GBM recurrent
chr6:158703295|158735300	chr6	158703295	158735300	exon	GBM recurrent
chr6:158733083|158735300	chr6	158733083	158735300	exon	GBM recurrent
chr6:158850768|158852695	chr6	158850768	158852695	intron	GBM recurrent
chr6:158994452|159010814	chr6	158994452	159010814	exon	GBM recurrent
chr6:159001972|159010814	chr6	159001972	159010814	exon	GBM recurrent
chr6:159004986|159010814	chr6	159004986	159010814	exon	GBM recurrent
chr6:160103506|160109274	chr6	160103506	160109274	exon	GBM recurrent
chr6:161443042|161455481	chr6	161443042	161455481	intron	GBM recurrent
chr6:161455291|161471011	chr6	161455291	161471011	exon	GBM recurrent
chr6:163876311|163899928	chr6	163876311	163899928	exon	GBM recurrent
chr6:163876311|163956157	chr6	163876311	163956157	exon	GBM recurrent
chr6:167435897|167447459	chr6	167435897	167447459	exon	GBM recurrent
chr6:168307851|168319780	chr6	168307851	168319780	intron	GBM recurrent
chr6:170626458|170632347	chr6	170626458	170632347	exon	GBM recurrent
chr6:170794018|170858201	chr6	170794018	170858201	intergenic_region	GBM recurrent
chr6:170846322|170858201	chr6	170846322	170858201	exon	GBM recurrent
chr6:170852689|170858201	chr6	170852689	170858201	exon	GBM recurrent
chr7:5941288|5949747	chr7	5941288	5949747	exon	GBM recurrent
chr7:5942292|5949747	chr7	5942292	5949747	exon	GBM recurrent
chr7:6854395|6861995	chr7	6854395	6861995	exon	GBM recurrent
chr7:7273934|7283381	chr7	7273934	7283381	exon	GBM recurrent
chr7:7826419|7841374	chr7	7826419	7841374	intron	GBM recurrent
chr7:8043538|8047896	chr7	8043538	8047896	intron	GBM recurrent
chr7:8043538|8099878	chr7	8043538	8099878	exon	GBM recurrent
chr7:8043538|8110761	chr7	8043538	8110761	exon	GBM recurrent
chr7:8257935|8275570	chr7	8257935	8275570	exon	GBM recurrent
chr7:8257935|8275635	chr7	8257935	8275635	exon	GBM recurrent
chr7:11091239|11101712	chr7	11091239	11101712	exon	GBM recurrent
chr7:14517786|14712652	chr7	14517786	14712652	exon	GBM recurrent
chr7:14613837|14669896	chr7	14613837	14669896	exon	GBM recurrent
chr7:14613837|14712652	chr7	14613837	14712652	exon	GBM recurrent
chr7:14647059|14669893	chr7	14647059	14669893	exon	GBM recurrent
chr7:14647059|14712652	chr7	14647059	14712652	exon	GBM recurrent
chr7:14647059|14758310	chr7	14647059	14758310	exon	GBM recurrent
chr7:14652965|14712652	chr7	14652965	14712652	exon	GBM recurrent
chr7:14652965|14775819	chr7	14652965	14775819	exon	GBM recurrent
chr7:14712554|14741355	chr7	14712554	14741355	exon	GBM recurrent
chr7:14712554|14775819	chr7	14712554	14775819	exon	GBM recurrent
chr7:16255691|16298637	chr7	16255691	16298637	exon	GBM recurrent
chr7:16255691|16317851	chr7	16255691	16317851	exon	GBM recurrent
chr7:16298015|16317851	chr7	16298015	16317851	exon	GBM recurrent
chr7:16298015|16348252	chr7	16298015	16348252	exon	GBM recurrent
chr7:16415717|16445962	chr7	16415717	16445962	exon	GBM recurrent
chr7:16729422|16744294	chr7	16729422	16744294	exon	GBM recurrent
chr7:17908030|17915413	chr7	17908030	17915413	exon	GBM recurrent
chr7:19338951|19344089	chr7	19338951	19344089	intergenic_region	GBM recurrent
chr7:20403260|20421508	chr7	20403260	20421508	exon	GBM recurrent
chr7:20406635|20420454	chr7	20406635	20420454	exon	GBM recurrent
chr7:22259485|22306631	chr7	22259485	22306631	exon	GBM recurrent
chr7:22306583|22357656	chr7	22306583	22357656	exon	GBM recurrent
chr7:22330794|22357656	chr7	22330794	22357656	exon	GBM recurrent
chr7:22347958|22357656	chr7	22347958	22357656	exon	GBM recurrent
chr7:22999875|23030758	chr7	22999875	23030758	exon	GBM recurrent
chr7:23015829|23023664	chr7	23015829	23023664	exon	GBM recurrent
chr7:23015829|23030758	chr7	23015829	23030758	exon	GBM recurrent
chr7:23224689|23224917	chr7	23224689	23224917	exon	GBM recurrent
chr7:23650790|23651172	chr7	23650790	23651172	exon	GBM recurrent
chr7:24659671|24708279	chr7	24659671	24708279	exon	GBM recurrent
chr7:24663282|24690331	chr7	24663282	24690331	exon	GBM recurrent
chr7:24663282|24708279	chr7	24663282	24708279	exon	GBM recurrent
chr7:24663285|24690331	chr7	24663285	24690331	exon	GBM recurrent
chr7:24663285|24708279	chr7	24663285	24708279	exon	GBM recurrent
chr7:24663285|24720139	chr7	24663285	24720139	exon	GBM recurrent
chr7:26724355|26883756	chr7	26724355	26883756	exon	GBM recurrent
chr7:26883649|26894509	chr7	26883649	26894509	exon	GBM recurrent
chr7:27824782|27825108	chr7	27824782	27825108	exon	GBM recurrent
chr7:27934839|28031600	chr7	27934839	28031600	exon	GBM recurrent
chr7:28758370|28763949	chr7	28758370	28763949	exon	GBM recurrent
chr7:30590252|30601744	chr7	30590252	30601744	exon	GBM recurrent
chr7:30590252|30614497	chr7	30590252	30614497	exon	GBM recurrent
chr7:30661009|30662078	chr7	30661009	30662078	exon	GBM recurrent
chr7:30876274|30880464	chr7	30876274	30880464	exon	GBM recurrent
chr7:31848645|31867987	chr7	31848645	31867987	exon	GBM recurrent
chr7:32582753|32599076	chr7	32582753	32599076	exon	GBM recurrent
chr7:32672155|32678977	chr7	32672155	32678977	exon	GBM recurrent
chr7:32672155|32718742	chr7	32672155	32718742	exon	GBM recurrent
chr7:32872620|32874531	chr7	32872620	32874531	intron	GBM recurrent
chr7:33185854|33217203	chr7	33185854	33217203	exon	GBM recurrent
chr7:33388680|33427756	chr7	33388680	33427756	exon	GBM recurrent
chr7:33390831|33427756	chr7	33390831	33427756	exon	GBM recurrent
chr7:33397467|33427756	chr7	33397467	33427756	exon	GBM recurrent
chr7:33407379|33427756	chr7	33407379	33427756	exon	GBM recurrent
chr7:33976901|34014396	chr7	33976901	34014396	exon	GBM recurrent
chr7:35006506|35013217	chr7	35006506	35013217	exon	GBM recurrent
chr7:35029496|35058208	chr7	35029496	35058208	exon	GBM recurrent
chr7:35050080|35058208	chr7	35050080	35058208	exon	GBM recurrent
chr7:35707044|35712888	chr7	35707044	35712888	exon	GBM recurrent
chr7:35871102|35872510	chr7	35871102	35872510	exon	GBM recurrent
chr7:35871105|35872510	chr7	35871105	35872510	exon	GBM recurrent
chr7:35919433|35925489	chr7	35919433	35925489	exon	GBM recurrent
chr7:35925438|35937993	chr7	35925438	35937993	exon	GBM recurrent
chr7:35930278|35937993	chr7	35930278	35937993	exon	GBM recurrent
chr7:36374655|36375906	chr7	36374655	36375906	exon	GBM recurrent
chr7:38050523|38053183	chr7	38050523	38053183	intron	GBM recurrent
chr7:40027198|40041630	chr7	40027198	40041630	exon	GBM recurrent
chr7:40027198|40102699	chr7	40027198	40102699	exon	GBM recurrent
chr7:42079637|42088295	chr7	42079637	42088295	exon	GBM recurrent
chr7:43490427|43532779	chr7	43490427	43532779	exon	GBM recurrent
chr7:43508519|43519343	chr7	43508519	43519343	exon	GBM recurrent
chr7:43531674|43540921	chr7	43531674	43540921	exon	GBM recurrent
chr7:56049903|56051561	chr7	56049903	56051561	exon	GBM recurrent
chr7:64004085|64004810	chr7	64004085	64004810	exon	GBM recurrent
chr7:65592691|65599361	chr7	65592691	65599361	exon	GBM recurrent
chr7:65705312|65751696	chr7	65705312	65751696	exon	GBM recurrent
chr7:66038372|66041919	chr7	66038372	66041919	exon	GBM recurrent
chr7:66236870|66248828	chr7	66236870	66248828	exon	GBM recurrent
chr7:66262361|66270383	chr7	66262361	66270383	exon	GBM recurrent
chr7:69364272|69364484	chr7	69364272	69364484	exon	GBM recurrent
chr7:70227856|70236630	chr7	70227856	70236630	exon	GBM recurrent
chr7:70227856|70242160	chr7	70227856	70242160	exon	GBM recurrent
chr7:72301272|72302378	chr7	72301272	72302378	exon	GBM recurrent
chr7:72873866|72884813	chr7	72873866	72884813	exon	GBM recurrent
chr7:73100966|73101425	chr7	73100966	73101425	exon	GBM recurrent
chr7:73770740|73771807	chr7	73770740	73771807	exon	GBM recurrent
chr7:74119496|74131270	chr7	74119496	74131270	exon	GBM recurrent
chr7:74119496|74133260	chr7	74119496	74133260	exon	GBM recurrent
chr7:76689670|76748943	chr7	76689670	76748943	intron	GBM recurrent
chr7:76713204|76728268	chr7	76713204	76728268	exon	GBM recurrent
chr7:77003387|77035422	chr7	77003387	77035422	exon	GBM recurrent
chr7:77210744|77221573	chr7	77210744	77221573	exon	GBM recurrent
chr7:77214860|77230123	chr7	77214860	77230123	exon	GBM recurrent
chr7:77407655|77408131	chr7	77407655	77408131	exon	GBM recurrent
chr7:77755011|77764523	chr7	77755011	77764523	exon	GBM recurrent
chr7:77755011|77814987	chr7	77755011	77814987	exon	GBM recurrent
chr7:77789342|77814987	chr7	77789342	77814987	exon	GBM recurrent
chr7:77973095|77975360	chr7	77973095	77975360	exon	GBM recurrent
chr7:80418622|80435074	chr7	80418622	80435074	exon	GBM recurrent
chr7:80418622|80440017	chr7	80418622	80440017	exon	GBM recurrent
chr7:81599991|81611943	chr7	81599991	81611943	exon	GBM recurrent
chr7:82508653|82546189	chr7	82508653	82546189	exon	GBM recurrent
chr7:82531967|82546189	chr7	82531967	82546189	exon	GBM recurrent
chr7:82763566|82764972	chr7	82763566	82764972	exon	GBM recurrent
chr7:86223485|86226365	chr7	86223485	86226365	intergenic_region	GBM recurrent
chr7:86223627|86226365	chr7	86223627	86226365	intergenic_region	GBM recurrent
chr7:86792811|86803985	chr7	86792811	86803985	exon	GBM recurrent
chr7:87399897|87407271	chr7	87399897	87407271	exon	GBM recurrent
chr7:87593949|87607727	chr7	87593949	87607727	exon	GBM recurrent
chr7:90376996|90419967	chr7	90376996	90419967	exon	GBM recurrent
chr7:90546916|90613556	chr7	90546916	90613556	exon	GBM recurrent
chr7:91651552|91652323	chr7	91651552	91652323	exon	GBM recurrent
chr7:91659209|91674527	chr7	91659209	91674527	exon	GBM recurrent
chr7:91842509|91855996	chr7	91842509	91855996	exon	GBM recurrent
chr7:91924203|91936970	chr7	91924203	91936970	exon	GBM recurrent
chr7:91924203|91948826	chr7	91924203	91948826	exon	GBM recurrent
chr7:91924203|91957214	chr7	91924203	91957214	exon	GBM recurrent
chr7:91924203|91963034	chr7	91924203	91963034	intron	GBM recurrent
chr7:91924203|91981956	chr7	91924203	91981956	exon	GBM recurrent
chr7:91924203|91991587	chr7	91924203	91991587	exon	GBM recurrent
chr7:91972338|91981956	chr7	91972338	91981956	exon	GBM recurrent
chr7:92086866|92121600	chr7	92086866	92121600	intergenic_region	GBM recurrent
chr7:92146590|92147569	chr7	92146590	92147569	exon	GBM recurrent
chr7:92146590|92148392	chr7	92146590	92148392	exon	GBM recurrent
chr7:92921015|92963509	chr7	92921015	92963509	exon	GBM recurrent
chr7:94218001|94259153	chr7	94218001	94259153	exon	GBM recurrent
chr7:95499195|95625385	chr7	95499195	95625385	exon	GBM recurrent
chr7:95606824|95625385	chr7	95606824	95625385	exon	GBM recurrent
chr7:97820040|97823884	chr7	97820040	97823884	exon	GBM recurrent
chr7:99090663|99092254	chr7	99090663	99092254	intron	GBM recurrent
chr7:99506205|99507283	chr7	99506205	99507283	exon	GBM recurrent
chr7:99621042|99621930	chr7	99621042	99621930	exon	GBM recurrent
chr7:102412856|102427916	chr7	102412856	102427916	exon	GBM recurrent
chr7:102743498|102769239	chr7	102743498	102769239	exon	GBM recurrent
chr7:102755507|102769239	chr7	102755507	102769239	exon	GBM recurrent
chr7:102962379|102963241	chr7	102962379	102963241	exon	GBM recurrent
chr7:103777228|103805730	chr7	103777228	103805730	exon	GBM recurrent
chr7:103801520|103844682	chr7	103801520	103844682	exon	GBM recurrent
chr7:103828699|103844682	chr7	103828699	103844682	exon	GBM recurrent
chr7:104678573|104681470	chr7	104678573	104681470	exon	GBM recurrent
chr7:104702611|104707254	chr7	104702611	104707254	exon	GBM recurrent
chr7:104702611|104722244	chr7	104702611	104722244	exon	GBM recurrent
chr7:104702611|104731761	chr7	104702611	104731761	exon	GBM recurrent
chr7:104707174|104731761	chr7	104707174	104731761	exon	GBM recurrent
chr7:104714066|104717880	chr7	104714066	104717880	exon	GBM recurrent
chr7:104714066|104719410	chr7	104714066	104719410	exon	GBM recurrent
chr7:104719293|104731761	chr7	104719293	104731761	exon	GBM recurrent
chr7:104782455|104787105	chr7	104782455	104787105	exon	GBM recurrent
chr7:104925456|104937980	chr7	104925456	104937980	intron	GBM recurrent
chr7:105182855|105206095	chr7	105182855	105206095	exon	GBM recurrent
chr7:107824685|107825058	chr7	107824685	107825058	exon	GBM recurrent
chr7:107864169|107880614	chr7	107864169	107880614	exon	GBM recurrent
chr7:111575595|111585853	chr7	111575595	111585853	exon	GBM recurrent
chr7:111617187|111644186	chr7	111617187	111644186	exon	GBM recurrent
chr7:111926928|111927129	chr7	111926928	111927129	exon	GBM recurrent
chr7:115750762|115752092	chr7	115750762	115752092	exon	GBM recurrent
chr7:121753172|121773795	chr7	121753172	121773795	exon	GBM recurrent
chr7:122047594|122114571	chr7	122047594	122114571	exon	GBM recurrent
chr7:122194604|122261771	chr7	122194604	122261771	exon	GBM recurrent
chr7:126173006|126173941	chr7	126173006	126173941	exon	GBM recurrent
chr7:127013396|127017383	chr7	127013396	127017383	exon	GBM recurrent
chr7:128218007|128278951	chr7	128218007	128278951	intergenic_region	GBM recurrent
chr7:128317618|128323309	chr7	128317618	128323309	exon	GBM recurrent
chr7:128655033|128658211	chr7	128655033	128658211	exon	GBM recurrent
chr7:129679304|129681313	chr7	129679304	129681313	intron	GBM recurrent
chr7:129679304|129688984	chr7	129679304	129688984	exon	GBM recurrent
chr7:129760589|129762042	chr7	129760589	129762042	exon	GBM recurrent
chr7:129821463|129832663	chr7	129821463	129832663	exon	GBM recurrent
chr7:131060183|131084192	chr7	131060183	131084192	exon	GBM recurrent
chr7:131113792|131130662	chr7	131113792	131130662	exon	GBM recurrent
chr7:132659929|132709387	chr7	132659929	132709387	exon	GBM recurrent
chr7:133821776|133848292	chr7	133821776	133848292	exon	GBM recurrent
chr7:134761149|134766542	chr7	134761149	134766542	exon	GBM recurrent
chr7:135078670|135082978	chr7	135078670	135082978	exon	GBM recurrent
chr7:135262544|135277940	chr7	135262544	135277940	exon	GBM recurrent
chr7:136935977|136939721	chr7	136935977	136939721	exon	GBM recurrent
chr7:137148235|137294355	chr7	137148235	137294355	exon	GBM recurrent
chr7:137148235|137304686	chr7	137148235	137304686	exon	GBM recurrent
chr7:137206612|137294355	chr7	137206612	137294355	exon	GBM recurrent
chr7:137206612|137308300	chr7	137206612	137308300	exon	GBM recurrent
chr7:137237115|137294355	chr7	137237115	137294355	exon	GBM recurrent
chr7:137586100|137600758	chr7	137586100	137600758	exon	GBM recurrent
chr7:138209986|138258387	chr7	138209986	138258387	exon	GBM recurrent
chr7:138954140|138969320	chr7	138954140	138969320	exon	GBM recurrent
chr7:138964064|138969320	chr7	138964064	138969320	exon	GBM recurrent
chr7:139083345|139094400	chr7	139083345	139094400	exon	GBM recurrent
chr7:139083345|139097326	chr7	139083345	139097326	exon	GBM recurrent
chr7:139086883|139094400	chr7	139086883	139094400	exon	GBM recurrent
chr7:139415731|139416814	chr7	139415731	139416814	exon	GBM recurrent
chr7:139813291|139820329	chr7	139813291	139820329	exon	GBM recurrent
chr7:139818913|139838990	chr7	139818913	139838990	exon	GBM recurrent
chr7:140034434|140037149	chr7	140034434	140037149	exon	GBM recurrent
chr7:140034479|140037149	chr7	140034479	140037149	exon	GBM recurrent
chr7:140055468|140058585	chr7	140055468	140058585	exon	GBM recurrent
chr7:140476712|140494267	chr7	140476712	140494267	exon	GBM recurrent
chr7:140476712|140508795	chr7	140476712	140508795	exon	GBM recurrent
chr7:140482821|140487384	chr7	140482821	140487384	exon	GBM recurrent
chr7:140494108|140508795	chr7	140494108	140508795	exon	GBM recurrent
chr7:142696784|142736578	chr7	142696784	142736578	intergenic_region	GBM recurrent
chr7:148456396|148464841	chr7	148456396	148464841	exon	GBM recurrent
chr7:148716084|148718239	chr7	148716084	148718239	exon	GBM recurrent
chr7:151181823|151195266	chr7	151181823	151195266	exon	GBM recurrent
chr7:151841798|151848666	chr7	151841798	151848666	exon	GBM recurrent
chr7:151873276|151875095	chr7	151873276	151875095	exon	GBM recurrent
chr7:151902191|151919151	chr7	151902191	151919151	exon	GBM recurrent
chr7:152007051|152012423	chr7	152007051	152012423	exon	GBM recurrent
chr7:152760682|152768089	chr7	152760682	152768089	intergenic_region	GBM recurrent
chr7:155457869|155473602	chr7	155457869	155473602	exon	GBM recurrent
chr7:155457869|155493638	chr7	155457869	155493638	exon	GBM recurrent
chr7:155465561|155473602	chr7	155465561	155473602	exon	GBM recurrent
chr7:156516806|156619438	chr7	156516806	156619438	exon	GBM recurrent
chr7:156549087|156619438	chr7	156549087	156619438	exon	GBM recurrent
chr7:156619299|156629579	chr7	156619299	156629579	exon	GBM recurrent
chr7:158552177|158557544	chr7	158552177	158557544	exon	GBM recurrent
chr7:158552177|158591763	chr7	158552177	158591763	exon	GBM recurrent
chr7:158580695|158591763	chr7	158580695	158591763	exon	GBM recurrent
chr7:158662546|158669382	chr7	158662546	158669382	exon	GBM recurrent
chr8:478895|481576	chr8	478895	481576	intron	GBM recurrent
chr8:8779799|8780260	chr8	8779799	8780260	intergenic_region	GBM recurrent
chr8:8849058|8851764	chr8	8849058	8851764	intergenic_region	GBM recurrent
chr8:9437669|9437893	chr8	9437669	9437893	exon	GBM recurrent
chr8:10065343|10177499	chr8	10065343	10177499	exon	GBM recurrent
chr8:10938403|10939926	chr8	10938403	10939926	intron	GBM recurrent
chr8:15508206|15531345	chr8	15508206	15531345	exon	GBM recurrent
chr8:15588175|15605974	chr8	15588175	15605974	exon	GBM recurrent
chr8:17123416|17143936	chr8	17123416	17143936	exon	GBM recurrent
chr8:17125767|17143936	chr8	17125767	17143936	exon	GBM recurrent
chr8:17510695|17513574	chr8	17510695	17513574	exon	GBM recurrent
chr8:17532695|17542051	chr8	17532695	17542051	exon	GBM recurrent
chr8:17847368|17851128	chr8	17847368	17851128	exon	GBM recurrent
chr8:17868746|17869336	chr8	17868746	17869336	exon	GBM recurrent
chr8:18656805|18662408	chr8	18656805	18662408	exon	GBM recurrent
chr8:19249093|19260648	chr8	19249093	19260648	intergenic_region	GBM recurrent
chr8:19562272|19572535	chr8	19562272	19572535	intron	GBM recurrent
chr8:19572396|19590077	chr8	19572396	19590077	intron	GBM recurrent
chr8:22332467|22355625	chr8	22332467	22355625	exon	GBM recurrent
chr8:23391715|23394463	chr8	23391715	23394463	intron	GBM recurrent
chr8:25126361|25132957	chr8	25126361	25132957	exon	GBM recurrent
chr8:25156460|25168048	chr8	25156460	25168048	exon	GBM recurrent
chr8:25224386|25227157	chr8	25224386	25227157	exon	GBM recurrent
chr8:25265499|25266456	chr8	25265499	25266456	exon	GBM recurrent
chr8:26248759|26265892	chr8	26248759	26265892	exon	GBM recurrent
chr8:26439485|26441499	chr8	26439485	26441499	exon	GBM recurrent
chr8:27151597|27151827	chr8	27151597	27151827	exon	GBM recurrent
chr8:28013459|28019595	chr8	28013459	28019595	exon	GBM recurrent
chr8:28570974|28575724	chr8	28570974	28575724	exon	GBM recurrent
chr8:28821328|28837673	chr8	28821328	28837673	exon	GBM recurrent
chr8:29959414|29962002	chr8	29959414	29962002	exon	GBM recurrent
chr8:30034642|30038146	chr8	30034642	30038146	exon	GBM recurrent
chr8:31873764|31887975	chr8	31873764	31887975	intron	GBM recurrent
chr8:37330596|37333530	chr8	37330596	37333530	exon	GBM recurrent
chr8:37623044|37623873	chr8	37623044	37623873	exon	GBM recurrent
chr8:37734627|37735069	chr8	37734627	37735069	exon	GBM recurrent
chr8:37971710|37976881	chr8	37971710	37976881	exon	GBM recurrent
chr8:37971710|37993284	chr8	37971710	37993284	exon	GBM recurrent
chr8:38153314|38157108	chr8	38153314	38157108	exon	GBM recurrent
chr8:38205015|38205733	chr8	38205015	38205733	exon	GBM recurrent
chr8:38677040|38678153	chr8	38677040	38678153	exon	GBM recurrent
chr8:38879162|38880844	chr8	38879162	38880844	exon	GBM recurrent
chr8:38994176|39044564	chr8	38994176	39044564	exon	GBM recurrent
chr8:41518948|41521260	chr8	41518948	41521260	exon	GBM recurrent
chr8:41832222|41845081	chr8	41832222	41845081	exon	GBM recurrent
chr8:42183488|42186732	chr8	42183488	42186732	exon	GBM recurrent
chr8:42211943|42229180	chr8	42211943	42229180	exon	GBM recurrent
chr8:42213034|42218883	chr8	42213034	42218883	exon	GBM recurrent
chr8:42761316|42798588	chr8	42761316	42798588	exon	GBM recurrent
chr8:42780700|42798588	chr8	42780700	42798588	exon	GBM recurrent
chr8:42812237|42819617	chr8	42812237	42819617	exon	GBM recurrent
chr8:42919244|42927450	chr8	42919244	42927450	exon	GBM recurrent
chr8:48308936|48320523	chr8	48308936	48320523	exon	GBM recurrent
chr8:48308936|48353104	chr8	48308936	48353104	exon	GBM recurrent
chr8:48955593|48962538	chr8	48955593	48962538	exon	GBM recurrent
chr8:51306772|51363289	chr8	51306772	51363289	exon	GBM recurrent
chr8:51351103|51363289	chr8	51351103	51363289	exon	GBM recurrent
chr8:51415338|51503477	chr8	51415338	51503477	exon	GBM recurrent
chr8:51442737|51465739	chr8	51442737	51465739	exon	GBM recurrent
chr8:52773405|52773806	chr8	52773405	52773806	exon	GBM recurrent
chr8:53028835|53085143	chr8	53028835	53085143	exon	GBM recurrent
chr8:53055490|53085143	chr8	53055490	53085143	exon	GBM recurrent
chr8:53124639|53134353	chr8	53124639	53134353	exon	GBM recurrent
chr8:53124639|53142637	chr8	53124639	53142637	exon	GBM recurrent
chr8:54708207|54714456	chr8	54708207	54714456	exon	GBM recurrent
chr8:54708207|54742093	chr8	54708207	54742093	exon	GBM recurrent
chr8:56695307|56702858	chr8	56695307	56702858	exon	GBM recurrent
chr8:61121309|61139494	chr8	61121309	61139494	exon	GBM recurrent
chr8:61484605|61504528	chr8	61484605	61504528	exon	GBM recurrent
chr8:61496767|61504528	chr8	61496767	61504528	exon	GBM recurrent
chr8:61653818|61693989	chr8	61653818	61693989	exon	GBM recurrent
chr8:61707545|61714152	chr8	61707545	61714152	exon	GBM recurrent
chr8:62531537|62566219	chr8	62531537	62566219	exon	GBM recurrent
chr8:62588699|62596747	chr8	62588699	62596747	exon	GBM recurrent
chr8:62593527|62596747	chr8	62593527	62596747	exon	GBM recurrent
chr8:68015272|68044315	chr8	68015272	68044315	exon	GBM recurrent
chr8:68015272|68066371	chr8	68015272	68066371	exon	GBM recurrent
chr8:68018140|68028357	chr8	68018140	68028357	exon	GBM recurrent
chr8:68044186|68076743	chr8	68044186	68076743	exon	GBM recurrent
chr8:68200190|68214701	chr8	68200190	68214701	exon	GBM recurrent
chr8:68211444|68214701	chr8	68211444	68214701	exon	GBM recurrent
chr8:68950394|68973014	chr8	68950394	68973014	exon	GBM recurrent
chr8:71071740|71075089	chr8	71071740	71075089	exon	GBM recurrent
chr8:71126138|71128999	chr8	71126138	71128999	exon	GBM recurrent
chr8:71550050|71556478	chr8	71550050	71556478	exon	GBM recurrent
chr8:72211282|72246409	chr8	72211282	72246409	exon	GBM recurrent
chr8:74495005|74601048	chr8	74495005	74601048	exon	GBM recurrent
chr8:74585342|74601048	chr8	74585342	74601048	exon	GBM recurrent
chr8:75156764|75157410	chr8	75156764	75157410	exon	GBM recurrent
chr8:80830213|80831383	chr8	80830213	80831383	intron	GBM recurrent
chr8:81411729|81412617	chr8	81411729	81412617	exon	GBM recurrent
chr8:87450814|87460742	chr8	87450814	87460742	exon	GBM recurrent
chr8:90734243|90737869	chr8	90734243	90737869	exon	GBM recurrent
chr8:92998352|93029591	chr8	92998352	93029591	exon	GBM recurrent
chr8:94776070|94797606	chr8	94776070	94797606	exon	GBM recurrent
chr8:95549331|95550574	chr8	95549331	95550574	exon	GBM recurrent
chr8:95879368|95888717	chr8	95879368	95888717	exon	GBM recurrent
chr8:99538970|99560389	chr8	99538970	99560389	exon	GBM recurrent
chr8:99718695|99719539	chr8	99718695	99719539	exon	GBM recurrent
chr8:99718695|99740849	chr8	99718695	99740849	intron	GBM recurrent
chr8:99718695|99761618	chr8	99718695	99761618	exon	GBM recurrent
chr8:101059691|101092583	chr8	101059691	101092583	exon	GBM recurrent
chr8:101232507|101243516	chr8	101232507	101243516	exon	GBM recurrent
chr8:101271335|101277013	chr8	101271335	101277013	exon	GBM recurrent
chr8:101271335|101300495	chr8	101271335	101300495	exon	GBM recurrent
chr8:101276262|101300495	chr8	101276262	101300495	exon	GBM recurrent
chr8:101281013|101300495	chr8	101281013	101300495	exon	GBM recurrent
chr8:103236274|103237246	chr8	103236274	103237246	exon	GBM recurrent
chr8:103274143|103282411	chr8	103274143	103282411	exon	GBM recurrent
chr8:103300383|103301804	chr8	103300383	103301804	exon	GBM recurrent
chr8:103372299|103373854	chr8	103372299	103373854	exon	GBM recurrent
chr8:104897526|104898451	chr8	104897526	104898451	exon	GBM recurrent
chr8:104922362|104973361	chr8	104922362	104973361	exon	GBM recurrent
chr8:104922362|105030505	chr8	104922362	105030505	intron	GBM recurrent
chr8:104922549|105001649	chr8	104922549	105001649	exon	GBM recurrent
chr8:104943491|104973361	chr8	104943491	104973361	exon	GBM recurrent
chr8:105053554|105161076	chr8	105053554	105161076	exon	GBM recurrent
chr8:105080740|105161076	chr8	105080740	105161076	exon	GBM recurrent
chr8:105105699|105161076	chr8	105105699	105161076	exon	GBM recurrent
chr8:106431372|106456609	chr8	106431372	106456609	exon	GBM recurrent
chr8:106431372|106573709	chr8	106431372	106573709	exon	GBM recurrent
chr8:109462052|109462721	chr8	109462052	109462721	exon	GBM recurrent
chr8:109462052|109468159	chr8	109462052	109468159	exon	GBM recurrent
chr8:113649046|113668570	chr8	113649046	113668570	exon	GBM recurrent
chr8:116599228|116635985	chr8	116599228	116635985	exon	GBM recurrent
chr8:117668095|117671219	chr8	117668095	117671219	exon	GBM recurrent
chr8:119388021|119391939	chr8	119388021	119391939	exon	GBM recurrent
chr8:119736758|119776623	chr8	119736758	119776623	intron	GBM recurrent
chr8:124035953|124042956	chr8	124035953	124042956	exon	GBM recurrent
chr8:124089351|124154696	chr8	124089351	124154696	exon	GBM recurrent
chr8:124265562|124279626	chr8	124265562	124279626	exon	GBM recurrent
chr8:124349865|124351686	chr8	124349865	124351686	exon	GBM recurrent
chr8:128902835|128903244	chr8	128902835	128903244	exon	GBM recurrent
chr8:131164982|131181313	chr8	131164982	131181313	exon	GBM recurrent
chr8:131164982|131193126	chr8	131164982	131193126	exon	GBM recurrent
chr8:131916018|131955708	chr8	131916018	131955708	exon	GBM recurrent
chr8:132956992|132982890	chr8	132956992	132982890	exon	GBM recurrent
chr8:133595941|133673873	chr8	133595941	133673873	exon	GBM recurrent
chr8:133634857|133673873	chr8	133634857	133673873	exon	GBM recurrent
chr8:135521862|135533244	chr8	135521862	135533244	exon	GBM recurrent
chr8:136533480|136561143	chr8	136533480	136561143	exon	GBM recurrent
chr8:136533480|136569830	chr8	136533480	136569830	exon	GBM recurrent
chr8:136533480|136594316	chr8	136533480	136594316	exon	GBM recurrent
chr8:136533480|136619280	chr8	136533480	136619280	exon	GBM recurrent
chr8:136554897|136594316	chr8	136554897	136594316	exon	GBM recurrent
chr8:136554897|136619280	chr8	136554897	136619280	exon	GBM recurrent
chr8:141582911|141595410	chr8	141582911	141595410	exon	GBM recurrent
chr8:141710990|141712806	chr8	141710990	141712806	exon	GBM recurrent
chr8:141745350|141762415	chr8	141745350	141762415	exon	GBM recurrent
chr8:141745350|141774389	chr8	141745350	141774389	exon	GBM recurrent
chr8:141749117|141762415	chr8	141749117	141762415	exon	GBM recurrent
chr8:141771264|141900868	chr8	141771264	141900868	exon	GBM recurrent
chr8:141799573|141813749	chr8	141799573	141813749	exon	GBM recurrent
chr8:141799573|141840625	chr8	141799573	141840625	exon	GBM recurrent
chr8:141799573|141874498	chr8	141799573	141874498	exon	GBM recurrent
chr8:141799573|141889736	chr8	141799573	141889736	exon	GBM recurrent
chr8:141799573|141900868	chr8	141799573	141900868	exon	GBM recurrent
chr8:141803453|141900868	chr8	141803453	141900868	exon	GBM recurrent
chr8:141810558|141900868	chr8	141810558	141900868	exon	GBM recurrent
chr8:141828376|141874498	chr8	141828376	141874498	exon	GBM recurrent
chr8:141828376|141900868	chr8	141828376	141900868	exon	GBM recurrent
chr8:141828376|141931231	chr8	141828376	141931231	exon	GBM recurrent
chr8:141840571|141874498	chr8	141840571	141874498	exon	GBM recurrent
chr8:141840571|141900868	chr8	141840571	141900868	exon	GBM recurrent
chr8:141856359|141874498	chr8	141856359	141874498	exon	GBM recurrent
chr8:141856359|141889736	chr8	141856359	141889736	exon	GBM recurrent
chr8:141856359|141900868	chr8	141856359	141900868	exon	GBM recurrent
chr8:141856698|141900868	chr8	141856698	141900868	exon	GBM recurrent
chr8:141874411|141900868	chr8	141874411	141900868	exon	GBM recurrent
chr8:141889570|141900868	chr8	141889570	141900868	exon	GBM recurrent
chr8:142264088|142264728	chr8	142264088	142264728	exon	GBM recurrent
chr8:146105750|146108221	chr8	146105750	146108221	exon	GBM recurrent
chr9:162432|172172	chr9	162432	172172	exon	GBM recurrent
chr9:3395472|3420870	chr9	3395472	3420870	intron	GBM recurrent
chr9:3546778|3651867	chr9	3546778	3651867	intron	GBM recurrent
chr9:3856009|3932470	chr9	3856009	3932470	exon	GBM recurrent
chr9:4117768|4118881	chr9	4117768	4118881	exon	GBM recurrent
chr9:4286038|4286523	chr9	4286038	4286523	exon	GBM recurrent
chr9:4676462|4676749	chr9	4676462	4676749	intergenic_region	GBM recurrent
chr9:5924658|5954095	chr9	5924658	5954095	exon	GBM recurrent
chr9:5944871|5988545	chr9	5944871	5988545	exon	GBM recurrent
chr9:5968019|5969436	chr9	5968019	5969436	exon	GBM recurrent
chr9:5968019|5988545	chr9	5968019	5988545	exon	GBM recurrent
chr9:6493826|6499931	chr9	6493826	6499931	exon	GBM recurrent
chr9:6849507|6893232	chr9	6849507	6893232	exon	GBM recurrent
chr9:6980925|6990524	chr9	6980925	6990524	exon	GBM recurrent
chr9:6980925|7015929	chr9	6980925	7015929	exon	GBM recurrent
chr9:8436592|8465675	chr9	8436592	8465675	exon	GBM recurrent
chr9:14112998|14179779	chr9	14112998	14179779	exon	GBM recurrent
chr9:14120439|14179779	chr9	14120439	14179779	exon	GBM recurrent
chr9:14120439|14307519	chr9	14120439	14307519	exon	GBM recurrent
chr9:14146688|14179779	chr9	14146688	14179779	exon	GBM recurrent
chr9:14639894|14680160	chr9	14639894	14680160	exon	GBM recurrent
chr9:16727795|16738483	chr9	16727795	16738483	exon	GBM recurrent
chr9:17309056|17416187	chr9	17309056	17416187	exon	GBM recurrent
chr9:19070217|19096767	chr9	19070217	19096767	exon	GBM recurrent
chr9:20353523|20365742	chr9	20353523	20365742	exon	GBM recurrent
chr9:20715321|20720533	chr9	20715321	20720533	exon	GBM recurrent
chr9:20715321|20770237	chr9	20715321	20770237	exon	GBM recurrent
chr9:20715321|20789607	chr9	20715321	20789607	exon	GBM recurrent
chr9:20819795|20874806	chr9	20819795	20874806	exon	GBM recurrent
chr9:20819795|20885229	chr9	20819795	20885229	exon	GBM recurrent
chr9:20881870|20916936	chr9	20881870	20916936	exon	GBM recurrent
chr9:20881870|20933131	chr9	20881870	20933131	intron	GBM recurrent
chr9:20923659|20933102	chr9	20923659	20933102	exon	GBM recurrent
chr9:21476898|21477291	chr9	21476898	21477291	exon	GBM recurrent
chr9:23731020|23765097	chr9	23731020	23765097	exon	GBM recurrent
chr9:33271150|33278223	chr9	33271150	33278223	exon	GBM recurrent
chr9:33293678|33295425	chr9	33293678	33295425	intron	GBM recurrent
chr9:33351558|33352717	chr9	33351558	33352717	exon	GBM recurrent
chr9:33941647|33948585	chr9	33941647	33948585	exon	GBM recurrent
chr9:33948372|33948585	chr9	33948372	33948585	exon	GBM recurrent
chr9:33948372|33953472	chr9	33948372	33953472	exon	GBM recurrent
chr9:33948372|33956144	chr9	33948372	33956144	exon	GBM recurrent
chr9:33953283|33963789	chr9	33953283	33963789	exon	GBM recurrent
chr9:33960824|33973235	chr9	33960824	33973235	exon	GBM recurrent
chr9:33960824|33989124	chr9	33960824	33989124	exon	GBM recurrent
chr9:33960824|33996331	chr9	33960824	33996331	exon	GBM recurrent
chr9:33971649|33973235	chr9	33971649	33973235	exon	GBM recurrent
chr9:33971649|33998862	chr9	33971649	33998862	exon	GBM recurrent
chr9:33986758|33998862	chr9	33986758	33998862	exon	GBM recurrent
chr9:33986758|34017187	chr9	33986758	34017187	exon	GBM recurrent
chr9:35228012|35243361	chr9	35228012	35243361	exon	GBM recurrent
chr9:35236466|35243361	chr9	35236466	35243361	exon	GBM recurrent
chr9:35546427|35548532	chr9	35546427	35548532	exon	GBM recurrent
chr9:36065574|36083559	chr9	36065574	36083559	exon	GBM recurrent
chr9:36351112|36353328	chr9	36351112	36353328	exon	GBM recurrent
chr9:36352739|36353328	chr9	36352739	36353328	exon	GBM recurrent
chr9:36369716|36390613	chr9	36369716	36390613	exon	GBM recurrent
chr9:36369716|36424680	chr9	36369716	36424680	exon	GBM recurrent
chr9:36375931|36390613	chr9	36375931	36390613	exon	GBM recurrent
chr9:37126309|37127260	chr9	37126309	37127260	intron	GBM recurrent
chr9:37126309|37165932	chr9	37126309	37165932	intron	GBM recurrent
chr9:37424842|37426651	chr9	37424842	37426651	exon	GBM recurrent
chr9:37768073|37770736	chr9	37768073	37770736	exon	GBM recurrent
chr9:77631184|77632364	chr9	77631184	77632364	exon	GBM recurrent
chr9:77692075|77695857	chr9	77692075	77695857	intron	GBM recurrent
chr9:79130444|79180731	chr9	79130444	79180731	exon	GBM recurrent
chr9:79244108|79251473	chr9	79244108	79251473	exon	GBM recurrent
chr9:79244108|79259828	chr9	79244108	79259828	exon	GBM recurrent
chr9:79318253|79328637	chr9	79318253	79328637	exon	GBM recurrent
chr9:79829245|79842401	chr9	79829245	79842401	exon	GBM recurrent
chr9:80409379|80412564	chr9	80409379	80412564	exon	GBM recurrent
chr9:80409379|80430686	chr9	80409379	80430686	exon	GBM recurrent
chr9:86276692|86284242	chr9	86276692	86284242	exon	GBM recurrent
chr9:86292642|86293514	chr9	86292642	86293514	exon	GBM recurrent
chr9:86293356|86301070	chr9	86293356	86301070	exon	GBM recurrent
chr9:87317074|87325706	chr9	87317074	87325706	exon	GBM recurrent
chr9:87317074|87342874	chr9	87317074	87342874	exon	GBM recurrent
chr9:87338488|87367000	chr9	87338488	87367000	exon	GBM recurrent
chr9:87356807|87367000	chr9	87356807	87367000	exon	GBM recurrent
chr9:88190230|88194011	chr9	88190230	88194011	exon	GBM recurrent
chr9:88190230|88211364	chr9	88190230	88211364	exon	GBM recurrent
chr9:88190230|88248289	chr9	88190230	88248289	exon	GBM recurrent
chr9:88200378|88248289	chr9	88200378	88248289	exon	GBM recurrent
chr9:88211277|88248289	chr9	88211277	88248289	exon	GBM recurrent
chr9:88220957|88248289	chr9	88220957	88248289	intron	GBM recurrent
chr9:88233898|88248289	chr9	88233898	88248289	exon	GBM recurrent
chr9:88257742|88272558	chr9	88257742	88272558	exon	GBM recurrent
chr9:88284400|88327481	chr9	88284400	88327481	exon	GBM recurrent
chr9:88655654|88667506	chr9	88655654	88667506	exon	GBM recurrent
chr9:88920107|88924932	chr9	88920107	88924932	exon	GBM recurrent
chr9:88925621|88961395	chr9	88925621	88961395	exon	GBM recurrent
chr9:91009042|91010687	chr9	91009042	91010687	intron	GBM recurrent
chr9:95018962|95032265	chr9	95018962	95032265	exon	GBM recurrent
chr9:95018962|95048121	chr9	95018962	95048121	exon	GBM recurrent
chr9:96233423|96238620	chr9	96233423	96238620	exon	GBM recurrent
chr9:96233423|96261168	chr9	96233423	96261168	exon	GBM recurrent
chr9:96827016|96857736	chr9	96827016	96857736	exon	GBM recurrent
chr9:97686268|97741709	chr9	97686268	97741709	exon	GBM recurrent
chr9:98740343|98766983	chr9	98740343	98766983	exon	GBM recurrent
chr9:99113385|99122503	chr9	99113385	99122503	exon	GBM recurrent
chr9:99126746|99130587	chr9	99126746	99130587	exon	GBM recurrent
chr9:99220661|99220823	chr9	99220661	99220823	exon	GBM recurrent
chr9:99220661|99228060	chr9	99220661	99228060	exon	GBM recurrent
chr9:99220661|99233376	chr9	99220661	99233376	exon	GBM recurrent
chr9:99271955|99327765	chr9	99271955	99327765	exon	GBM recurrent
chr9:99277931|99327765	chr9	99277931	99327765	exon	GBM recurrent
chr9:99284788|99327765	chr9	99284788	99327765	exon	GBM recurrent
chr9:100132204|100133988	chr9	100132204	100133988	exon	GBM recurrent
chr9:103261047|103271416	chr9	103261047	103271416	exon	GBM recurrent
chr9:103261047|103279053	chr9	103261047	103279053	exon	GBM recurrent
chr9:103261047|103312442	chr9	103261047	103312442	exon	GBM recurrent
chr9:104312888|104319878	chr9	104312888	104319878	exon	GBM recurrent
chr9:107610819|107612512	chr9	107610819	107612512	intron	GBM recurrent
chr9:108241635|108275217	chr9	108241635	108275217	exon	GBM recurrent
chr9:108483818|108536307	chr9	108483818	108536307	exon	GBM recurrent
chr9:109734286|109746690	chr9	109734286	109746690	exon	GBM recurrent
chr9:110062422|110087285	chr9	110062422	110087285	exon	GBM recurrent
chr9:110068660|110081160	chr9	110068660	110081160	exon	GBM recurrent
chr9:110081033|110087285	chr9	110081033	110087285	exon	GBM recurrent
chr9:111812563|111812972	chr9	111812563	111812972	exon	GBM recurrent
chr9:111812563|111826847	chr9	111812563	111826847	exon	GBM recurrent
chr9:111868788|111870850	chr9	111868788	111870850	exon	GBM recurrent
chr9:113734353|113735838	chr9	113734353	113735838	exon	GBM recurrent
chr9:113734353|113773970	chr9	113734353	113773970	intron	GBM recurrent
chr9:114148657|114154104	chr9	114148657	114154104	exon	GBM recurrent
chr9:114195513|114204704	chr9	114195513	114204704	exon	GBM recurrent
chr9:114202652|114206774	chr9	114202652	114206774	exon	GBM recurrent
chr9:114289548|114296633	chr9	114289548	114296633	exon	GBM recurrent
chr9:114296019|114296633	chr9	114296019	114296633	exon	GBM recurrent
chr9:114341076|114348445	chr9	114341076	114348445	exon	GBM recurrent
chr9:115038124|115060196	chr9	115038124	115060196	exon	GBM recurrent
chr9:117399270|117401006	chr9	117399270	117401006	exon	GBM recurrent
chr9:123280705|123301442	chr9	123280705	123301442	exon	GBM recurrent
chr9:123593609|123595734	chr9	123593609	123595734	exon	GBM recurrent
chr9:123924134|123928458	chr9	123924134	123928458	exon	GBM recurrent
chr9:123929767|123937502	chr9	123929767	123937502	exon	GBM recurrent
chr9:124736288|124752049	chr9	124736288	124752049	exon	GBM recurrent
chr9:125719290|125782738	chr9	125719290	125782738	exon	GBM recurrent
chr9:125827627|125839041	chr9	125827627	125839041	exon	GBM recurrent
chr9:125895124|125946577	chr9	125895124	125946577	exon	GBM recurrent
chr9:125932181|125946577	chr9	125932181	125946577	exon	GBM recurrent
chr9:126519982|126531842	chr9	126519982	126531842	exon	GBM recurrent
chr9:126519982|126641300	chr9	126519982	126641300	exon	GBM recurrent
chr9:127670656|127674305	chr9	127670656	127674305	exon	GBM recurrent
chr9:127733950|127765849	chr9	127733950	127765849	exon	GBM recurrent
chr9:128099297|128099870	chr9	128099297	128099870	exon	GBM recurrent
chr9:128419930|128434922	chr9	128419930	128434922	exon	GBM recurrent
chr9:129102787|129157976	chr9	129102787	129157976	exon	GBM recurrent
chr9:129102787|129184227	chr9	129102787	129184227	exon	GBM recurrent
chr9:129154345|129184227	chr9	129154345	129184227	exon	GBM recurrent
chr9:129724504|129831635	chr9	129724504	129831635	exon	GBM recurrent
chr9:129796710|129831635	chr9	129796710	129831635	exon	GBM recurrent
chr9:130101924|130104613	chr9	130101924	130104613	exon	GBM recurrent
chr9:130106514|130107756	chr9	130106514	130107756	exon	GBM recurrent
chr9:130990571|130990996	chr9	130990571	130990996	intron	GBM recurrent
chr9:131882792|131885417	chr9	131882792	131885417	exon	GBM recurrent
chr9:134305477|134308181	chr9	134305477	134308181	exon	GBM recurrent
chr9:134312007|134314448	chr9	134312007	134314448	exon	GBM recurrent
chr9:136277419|136278041	chr9	136277419	136278041	exon	GBM recurrent
chr9:138773479|138774924	chr9	138773479	138774924	exon	GBM recurrent
chr9:140646783|140657272	chr9	140646783	140657272	exon	GBM recurrent
chrX:6069036|6069812	chrX	6069036	6069812	exon	GBM recurrent
chrX:7432923|7434331	chrX	7432923	7434331	intergenic_region	GBM recurrent
chrX:9659619|9661459	chrX	9659619	9661459	exon	GBM recurrent
chrX:10031485|10066619	chrX	10031485	10066619	exon	GBM recurrent
chrX:13684436|13698717	chrX	13684436	13698717	exon	GBM recurrent
chrX:14861782|14877456	chrX	14861782	14877456	exon	GBM recurrent
chrX:17024344|17047746	chrX	17024344	17047746	exon	GBM recurrent
chrX:17121841|17157084	chrX	17121841	17157084	exon	GBM recurrent
chrX:17121841|17165626	chrX	17121841	17165626	exon	GBM recurrent
chrX:18525055|18528974	chrX	18525055	18528974	exon	GBM recurrent
chrX:19649982|19705809	chrX	19649982	19705809	exon	GBM recurrent
chrX:19701941|19713859	chrX	19701941	19713859	exon	GBM recurrent
chrX:19983162|19988416	chrX	19983162	19988416	exon	GBM recurrent
chrX:21534603|21550185	chrX	21534603	21550185	exon	GBM recurrent
chrX:21544985|21550185	chrX	21544985	21550185	exon	GBM recurrent
chrX:24190832|24197887	chrX	24190832	24197887	exon	GBM recurrent
chrX:24828015|24861794	chrX	24828015	24861794	exon	GBM recurrent
chrX:29301055|29301334	chrX	29301055	29301334	exon	GBM recurrent
chrX:32305646|32366645	chrX	32305646	32366645	exon	GBM recurrent
chrX:36116910|36122808	chrX	36116910	36122808	exon	GBM recurrent
chrX:37245852|37285253	chrX	37245852	37285253	exon	GBM recurrent
chrX:37265462|37285253	chrX	37265462	37285253	exon	GBM recurrent
chrX:44383248|44386611	chrX	44383248	44386611	exon	GBM recurrent
chrX:50338698|50351184	chrX	50338698	50351184	exon	GBM recurrent
chrX:51070573|51099879	chrX	51070573	51099879	intergenic_region	GBM recurrent
chrX:53430498|53430825	chrX	53430498	53430825	exon	GBM recurrent
chrX:53622147|53634660	chrX	53622147	53634660	exon	GBM recurrent
chrX:53641495|53642796	chrX	53641495	53642796	exon	GBM recurrent
chrX:54013511|54014377	chrX	54013511	54014377	exon	GBM recurrent
chrX:54491884|54492285	chrX	54491884	54492285	exon	GBM recurrent
chrX:57862954|57877126	chrX	57862954	57877126	intergenic_region	GBM recurrent
chrX:57868679|57877126	chrX	57868679	57877126	intergenic_region	GBM recurrent
chrX:64271342|64295792	chrX	64271342	64295792	intergenic_region	GBM recurrent
chrX:64708526|64719869	chrX	64708526	64719869	exon	GBM recurrent
chrX:67266836|67273652	chrX	67266836	67273652	exon	GBM recurrent
chrX:72797243|72804408	chrX	72797243	72804408	exon	GBM recurrent
chrX:73045950|73057338	chrX	73045950	73057338	exon	GBM recurrent
chrX:73045950|73061156	chrX	73045950	73061156	exon	GBM recurrent
chrX:75367088|75368291	chrX	75367088	75368291	intergenic_region	GBM recurrent
chrX:76907604|76912143	chrX	76907604	76912143	exon	GBM recurrent
chrX:77270159|77275895	chrX	77270159	77275895	exon	GBM recurrent
chrX:79962926|79975155	chrX	79962926	79975155	exon	GBM recurrent
chrX:79988955|79991587	chrX	79988955	79991587	exon	GBM recurrent
chrX:83576850|83616620	chrX	83576850	83616620	exon	GBM recurrent
chrX:84322133|84329397	chrX	84322133	84329397	exon	GBM recurrent
chrX:85233771|85282561	chrX	85233771	85282561	exon	GBM recurrent
chrX:90669903|90673870	chrX	90669903	90673870	exon	GBM recurrent
chrX:100881338|100886161	chrX	100881338	100886161	intergenic_region	GBM recurrent
chrX:102094729|102160665	chrX	102094729	102160665	intergenic_region	GBM recurrent
chrX:107838739|107840798	chrX	107838739	107840798	exon	GBM recurrent
chrX:110385324|110395675	chrX	110385324	110395675	exon	GBM recurrent
chrX:110385324|110416309	chrX	110385324	110416309	exon	GBM recurrent
chrX:110385324|110439868	chrX	110385324	110439868	exon	GBM recurrent
chrX:110390965|110416309	chrX	110390965	110416309	exon	GBM recurrent
chrX:117512382|117527234	chrX	117512382	117527234	exon	GBM recurrent
chrX:117526595|117532433	chrX	117526595	117532433	exon	GBM recurrent
chrX:117526595|117538407	chrX	117526595	117538407	exon	GBM recurrent
chrX:119575585|119590624	chrX	119575585	119590624	exon	GBM recurrent
chrX:120224253|120319697	chrX	120224253	120319697	intergenic_region	GBM recurrent
chrX:122747250|122748040	chrX	122747250	122748040	exon	GBM recurrent
chrX:128166327|128256170	chrX	128166327	128256170	intergenic_region	GBM recurrent
chrX:128250587|128256170	chrX	128250587	128256170	intergenic_region	GBM recurrent
chrX:130883334|130928494	chrX	130883334	130928494	exon	GBM recurrent
chrX:131415123|131417060	chrX	131415123	131417060	intron	GBM recurrent
chrX:133607389|133632466	chrX	133607389	133632466	exon	GBM recurrent
chrX:134679348|134690225	chrX	134679348	134690225	exon	GBM recurrent
chrX:139865340|139866824	chrX	139865340	139866824	exon	GBM recurrent
chrX:139865365|139866824	chrX	139865365	139866824	exon	GBM recurrent
chrX:139865918|139866437	chrX	139865918	139866437	exon	GBM recurrent
chrX:139865927|139866824	chrX	139865927	139866824	exon	GBM recurrent
chrX:140803164|140810054	chrX	140803164	140810054	intergenic_region	GBM recurrent
chrX:140803164|140818402	chrX	140803164	140818402	intergenic_region	GBM recurrent
chrX:145997908|146036693	chrX	145997908	146036693	intergenic_region	GBM recurrent
chrX:147743429|147744289	chrX	147743429	147744289	exon	GBM recurrent
chrX:149807416|149818374	chrX	149807416	149818374	exon	GBM recurrent
chrX:149807416|149832082	chrX	149807416	149832082	exon	GBM recurrent
chrX:149962164|149984551	chrX	149962164	149984551	exon	GBM recurrent
chrX:149983335|149984551	chrX	149983335	149984551	exon	GBM recurrent
chrX:154018229|154020560	chrX	154018229	154020560	exon	GBM recurrent
chr1:1735858|1737977	chr1	1735858	1737977	exon	GBM recurrent
chr1:1747195|1770677	chr1	1747195	1770677	exon	GBM recurrent
chr1:9991949|9995685	chr1	9991949	9995685	exon	GBM recurrent
chr1:10527247|10529395	chr1	10527247	10529395	exon	GBM recurrent
chr1:11133991|11137005	chr1	11133991	11137005	exon	GBM recurrent
chr1:12061458|12062160	chr1	12061458	12062160	exon	GBM recurrent
chr1:12328763|12331181	chr1	12328763	12331181	exon	GBM recurrent
chr1:14057495|14068652	chr1	14057495	14068652	exon	GBM recurrent
chr1:14057495|14075982	chr1	14057495	14075982	exon	GBM recurrent
chr1:15956820|15978390	chr1	15956820	15978390	exon	GBM recurrent
chr1:15964802|15970145	chr1	15964802	15970145	exon	GBM recurrent
chr1:16044388|16047883	chr1	16044388	16047883	exon	GBM recurrent
chr1:17907048|17914974	chr1	17907048	17914974	exon	GBM recurrent
chr1:21276496|21329301	chr1	21276496	21329301	exon	GBM recurrent
chr1:21306827|21377487	chr1	21306827	21377487	exon	GBM recurrent
chr1:21573714|21585332	chr1	21573714	21585332	exon	GBM recurrent
chr1:22074631|22078108	chr1	22074631	22078108	exon	GBM recurrent
chr1:23356962|23370979	chr1	23356962	23370979	exon	GBM recurrent
chr1:23356962|23385660	chr1	23356962	23385660	exon	GBM recurrent
chr1:23735157|23745632	chr1	23735157	23745632	exon	GBM recurrent
chr1:24077335|24079008	chr1	24077335	24079008	exon	GBM recurrent
chr1:24140680|24147083	chr1	24140680	24147083	exon	GBM recurrent
chr1:25666965|25669564	chr1	25666965	25669564	exon	GBM recurrent
chr1:27132131|27142944	chr1	27132131	27142944	intergenic_region	GBM recurrent
chr1:28785596|28793046	chr1	28785596	28793046	exon	GBM recurrent
chr1:32495899|32498935	chr1	32495899	32498935	exon	GBM recurrent
chr1:38052912|38054683	chr1	38052912	38054683	intron	GBM recurrent
chr1:38332131|38339760	chr1	38332131	38339760	exon	GBM recurrent
chr1:39704889|39706206	chr1	39704889	39706206	intron	GBM recurrent
chr1:41578955|41608784	chr1	41578955	41608784	exon	GBM recurrent
chr1:42730786|42776781	chr1	42730786	42776781	exon	GBM recurrent
chr1:42730786|42789498	chr1	42730786	42789498	exon	GBM recurrent
chr1:42946132|42964587	chr1	42946132	42964587	exon	GBM recurrent
chr1:43239234|43241150	chr1	43239234	43241150	exon	GBM recurrent
chr1:44386076|44387310	chr1	44386076	44387310	exon	GBM recurrent
chr1:44467985|44468657	chr1	44467985	44468657	exon	GBM recurrent
chr1:44750507|44804994	chr1	44750507	44804994	exon	GBM recurrent
chr1:45223228|45223812	chr1	45223228	45223812	exon	GBM recurrent
chr1:45796188|45800183	chr1	45796188	45800183	exon	GBM recurrent
chr1:46079768|46082065	chr1	46079768	46082065	exon	GBM recurrent
chr1:46543187|46546422	chr1	46543187	46546422	exon	GBM recurrent
chr1:48821342|48851021	chr1	48821342	48851021	exon	GBM recurrent
chr1:48821342|48869554	chr1	48821342	48869554	exon	GBM recurrent
chr1:48850981|48878823	chr1	48850981	48878823	exon	GBM recurrent
chr1:48860939|48878823	chr1	48860939	48878823	exon	GBM recurrent
chr1:48917224|48918803	chr1	48917224	48918803	exon	GBM recurrent
chr1:51121114|51210447	chr1	51121114	51210447	exon	GBM recurrent
chr1:51204535|51267349	chr1	51204535	51267349	exon	GBM recurrent
chr1:51860053|51887530	chr1	51860053	51887530	exon	GBM recurrent
chr1:51868107|51930998	chr1	51868107	51930998	exon	GBM recurrent
chr1:51906019|51913807	chr1	51906019	51913807	exon	GBM recurrent
chr1:52289336|52306186	chr1	52289336	52306186	exon	GBM recurrent
chr1:52682041|52705267	chr1	52682041	52705267	exon	GBM recurrent
chr1:52943380|52954707	chr1	52943380	52954707	exon	GBM recurrent
chr1:52959283|52962855	chr1	52959283	52962855	exon	GBM recurrent
chr1:52981563|52992045	chr1	52981563	52992045	exon	GBM recurrent
chr1:53699214|53701307	chr1	53699214	53701307	exon	GBM recurrent
chr1:56977648|57002784	chr1	56977648	57002784	exon	GBM recurrent
chr1:58971732|59000003	chr1	58971732	59000003	exon	GBM recurrent
chr1:59002181|59004978	chr1	59002181	59004978	intron	GBM recurrent
chr1:61291008|61292257	chr1	61291008	61292257	exon	GBM recurrent
chr1:61743192|61849037	chr1	61743192	61849037	exon	GBM recurrent
chr1:62910409|62914337	chr1	62910409	62914337	exon	GBM recurrent
chr1:63944435|63974241	chr1	63944435	63974241	exon	GBM recurrent
chr1:65095038|65107652	chr1	65095038	65107652	exon	GBM recurrent
chr1:70758071|70781249	chr1	70758071	70781249	exon	GBM recurrent
chr1:78268955|78332076	chr1	78268955	78332076	exon	GBM recurrent
chr1:78324623|78329713	chr1	78324623	78329713	exon	GBM recurrent
chr1:78324623|78340796	chr1	78324623	78340796	exon	GBM recurrent
chr1:82302570|82372915	chr1	82302570	82372915	exon	GBM recurrent
chr1:84644860|84701047	chr1	84644860	84701047	exon	GBM recurrent
chr1:87181407|87190088	chr1	87181407	87190088	exon	GBM recurrent
chr1:87181407|87200862	chr1	87181407	87200862	exon	GBM recurrent
chr1:87181407|87208918	chr1	87181407	87208918	exon	GBM recurrent
chr1:87188223|87190088	chr1	87188223	87190088	exon	GBM recurrent
chr1:89206671|89226059	chr1	89206671	89226059	exon	GBM recurrent
chr1:89236035|89237562	chr1	89236035	89237562	exon	GBM recurrent
chr1:89478868|89520898	chr1	89478868	89520898	intergenic_region	GBM recurrent
chr1:91808987|91818856	chr1	91808987	91818856	exon	GBM recurrent
chr1:93070864|93091491	chr1	93070864	93091491	exon	GBM recurrent
chr1:93128977|93170301	chr1	93128977	93170301	exon	GBM recurrent
chr1:93159359|93170301	chr1	93159359	93170301	exon	GBM recurrent
chr1:93770945|93791452	chr1	93770945	93791452	exon	GBM recurrent
chr1:94924163|94946162	chr1	94924163	94946162	exon	GBM recurrent
chr1:98144651|98165103	chr1	98144651	98165103	exon	GBM recurrent
chr1:100515465|100535241	chr1	100515465	100535241	exon	GBM recurrent
chr1:108690901|108703915	chr1	108690901	108703915	exon	GBM recurrent
chr1:108724563|108738102	chr1	108724563	108738102	intron	GBM recurrent
chr1:109336204|109342927	chr1	109336204	109342927	exon	GBM recurrent
chr1:109473685|109493169	chr1	109473685	109493169	intron	GBM recurrent
chr1:109883346|109888500	chr1	109883346	109888500	exon	GBM recurrent
chr1:109883346|109888503	chr1	109883346	109888503	exon	GBM recurrent
chr1:109884636|109888500	chr1	109884636	109888500	exon	GBM recurrent
chr1:110203787|110233186	chr1	110203787	110233186	intergenic_region	GBM recurrent
chr1:113119608|113134225	chr1	113119608	113134225	exon	GBM recurrent
chr1:113124614|113140708	chr1	113124614	113140708	exon	GBM recurrent
chr1:113140593|113159517	chr1	113140593	113159517	exon	GBM recurrent
chr1:113196220|113202401	chr1	113196220	113202401	exon	GBM recurrent
chr1:145640883|145650540	chr1	145640883	145650540	intron	GBM recurrent
chr1:146747017|146757164	chr1	146747017	146757164	exon	GBM recurrent
chr1:147805339|147808043	chr1	147805339	147808043	intron	GBM recurrent
chr1:150464887|150469384	chr1	150464887	150469384	exon	GBM recurrent
chr1:150933039|150934634	chr1	150933039	150934634	exon	GBM recurrent
chr1:150990288|150998149	chr1	150990288	150998149	exon	GBM recurrent
chr1:151060666|151079698	chr1	151060666	151079698	exon	GBM recurrent
chr1:151139410|151139890	chr1	151139410	151139890	exon	GBM recurrent
chr1:151400299|151414681	chr1	151400299	151414681	exon	GBM recurrent
chr1:152305059|152313686	chr1	152305059	152313686	exon	GBM recurrent
chr1:153569585|153569934	chr1	153569585	153569934	intron	GBM recurrent
chr1:153637696|153641033	chr1	153637696	153641033	exon	GBM recurrent
chr1:153784207|153785928	chr1	153784207	153785928	exon	GBM recurrent
chr1:153789848|153790647	chr1	153789848	153790647	exon	GBM recurrent
chr1:154145384|154145677	chr1	154145384	154145677	exon	GBM recurrent
chr1:154207067|154218851	chr1	154207067	154218851	exon	GBM recurrent
chr1:154223517|154224129	chr1	154223517	154224129	exon	GBM recurrent
chr1:155365250|155429689	chr1	155365250	155429689	exon	GBM recurrent
chr1:155385535|155408859	chr1	155385535	155408859	exon	GBM recurrent
chr1:155385535|155429689	chr1	155385535	155429689	exon	GBM recurrent
chr1:155640111|155644887	chr1	155640111	155644887	exon	GBM recurrent
chr1:155734791|155747611	chr1	155734791	155747611	exon	GBM recurrent
chr1:156286957|156304709	chr1	156286957	156304709	exon	GBM recurrent
chr1:164761731|164790863	chr1	164761731	164790863	exon	GBM recurrent
chr1:168032859|168037701	chr1	168032859	168037701	exon	GBM recurrent
chr1:171493960|171502100	chr1	171493960	171502100	exon	GBM recurrent
chr1:172520652|172548407	chr1	172520652	172548407	exon	GBM recurrent
chr1:172525009|172526934	chr1	172525009	172526934	exon	GBM recurrent
chr1:173961893|173962273	chr1	173961893	173962273	exon	GBM recurrent
chr1:176132005|176153828	chr1	176132005	176153828	exon	GBM recurrent
chr1:179100446|179102509	chr1	179100446	179102509	exon	GBM recurrent
chr1:179271812|179307031	chr1	179271812	179307031	exon	GBM recurrent
chr1:179858445|179883189	chr1	179858445	179883189	exon	GBM recurrent
chr1:179965688|179966310	chr1	179965688	179966310	exon	GBM recurrent
chr1:179972309|179975702	chr1	179972309	179975702	exon	GBM recurrent
chr1:180793889|180794480	chr1	180793889	180794480	exon	GBM recurrent
chr1:180953813|180974599	chr1	180953813	180974599	exon	GBM recurrent
chr1:183083666|183084772	chr1	183083666	183084772	exon	GBM recurrent
chr1:186295236|186300713	chr1	186295236	186300713	exon	GBM recurrent
chr1:197313411|197326143	chr1	197313411	197326143	exon	GBM recurrent
chr1:198201683|198233365	chr1	198201683	198233365	exon	GBM recurrent
chr1:201821232|201826322	chr1	201821232	201826322	exon	GBM recurrent
chr1:201821232|201828122	chr1	201821232	201828122	exon	GBM recurrent
chr1:201823723|201826322	chr1	201823723	201826322	exon	GBM recurrent
chr1:201965853|201968107	chr1	201965853	201968107	exon	GBM recurrent
chr1:203676137|203677232	chr1	203676137	203677232	exon	GBM recurrent
chr1:204082043|204083733	chr1	204082043	204083733	exon	GBM recurrent
chr1:204085635|204086835	chr1	204085635	204086835	exon	GBM recurrent
chr1:206589249|206603572	chr1	206589249	206603572	exon	GBM recurrent
chr1:207753585|207868096	chr1	207753585	207868096	intergenic_region	GBM recurrent
chr1:208315674|208391347	chr1	208315674	208391347	exon	GBM recurrent
chr1:208383625|208391347	chr1	208383625	208391347	exon	GBM recurrent
chr1:213037067|213046160	chr1	213037067	213046160	exon	GBM recurrent
chr1:220179448|220180680	chr1	220179448	220180680	exon	GBM recurrent
chr1:224918164|224922408	chr1	224918164	224922408	exon	GBM recurrent
chr1:227327277|227335260	chr1	227327277	227335260	exon	GBM recurrent
chr1:228284779|228285416	chr1	228284779	228285416	exon	GBM recurrent
chr1:232596633|232607274	chr1	232596633	232607274	exon	GBM recurrent
chr1:232649603|232669329	chr1	232649603	232669329	intron	GBM recurrent
chr1:233225807|233275601	chr1	233225807	233275601	exon	GBM recurrent
chr1:233270759|233314921	chr1	233270759	233314921	exon	GBM recurrent
chr1:233296029|233372726	chr1	233296029	233372726	exon	GBM recurrent
chr1:235377084|235403766	chr1	235377084	235403766	exon	GBM recurrent
chr1:235498557|235506198	chr1	235498557	235506198	exon	GBM recurrent
chr1:236969444|236979843	chr1	236969444	236979843	exon	GBM recurrent
chr1:236987419|236990196	chr1	236987419	236990196	exon	GBM recurrent
chr1:240286479|240351562	chr1	240286479	240351562	exon	GBM recurrent
chr1:240341221|240351562	chr1	240341221	240351562	exon	GBM recurrent
chr1:240341221|240458183	chr1	240341221	240458183	exon	GBM recurrent
chr1:240370099|240458183	chr1	240370099	240458183	exon	GBM recurrent
chr1:243433407|243589860	chr1	243433407	243589860	exon	GBM recurrent
chr1:243456393|243471479	chr1	243456393	243471479	exon	GBM recurrent
chr1:243456393|243542165	chr1	243456393	243542165	exon	GBM recurrent
chr1:243675626|243736350	chr1	243675626	243736350	exon	GBM recurrent
chr10:5751493|5756170	chr10	5751493	5756170	exon	GBM recurrent
chr10:7290510|7327916	chr10	7290510	7327916	exon	GBM recurrent
chr10:7405840|7423911	chr10	7405840	7423911	intron	GBM recurrent
chr10:11523769|11527910	chr10	11523769	11527910	exon	GBM recurrent
chr10:11978544|11994248	chr10	11978544	11994248	exon	GBM recurrent
chr10:12123471|12133683	chr10	12123471	12133683	exon	GBM recurrent
chr10:24908402|24924032	chr10	24908402	24924032	exon	GBM recurrent
chr10:25144247|25147338	chr10	25144247	25147338	exon	GBM recurrent
chr10:25684840|25701402	chr10	25684840	25701402	exon	GBM recurrent
chr10:26789748|26802589	chr10	26789748	26802589	exon	GBM recurrent
chr10:26994215|27009288	chr10	26994215	27009288	exon	GBM recurrent
chr10:27821436|27822923	chr10	27821436	27822923	exon	GBM recurrent
chr10:31644073|31676195	chr10	31644073	31676195	exon	GBM recurrent
chr10:31644073|31676727	chr10	31644073	31676727	exon	GBM recurrent
chr10:31644076|31676195	chr10	31644076	31676195	exon	GBM recurrent
chr10:31661947|31750166	chr10	31661947	31750166	exon	GBM recurrent
chr10:31749966|31750166	chr10	31749966	31750166	exon	GBM recurrent
chr10:32132389|32143134	chr10	32132389	32143134	exon	GBM recurrent
chr10:32294959|32340117	chr10	32294959	32340117	intergenic_region	GBM recurrent
chr10:33563242|33563476	chr10	33563242	33563476	intron	GBM recurrent
chr10:43650345|43654379	chr10	43650345	43654379	exon	GBM recurrent
chr10:60147950|60150620	chr10	60147950	60150620	exon	GBM recurrent
chr10:69714352|69716733	chr10	69714352	69716733	exon	GBM recurrent
chr10:70123347|70164601	chr10	70123347	70164601	exon	GBM recurrent
chr10:70218861|70229920	chr10	70218861	70229920	exon	GBM recurrent
chr10:70719562|70720005	chr10	70719562	70720005	exon	GBM recurrent
chr10:75264608|75265184	chr10	75264608	75265184	exon	GBM recurrent
chr10:86198268|86237420	chr10	86198268	86237420	exon	GBM recurrent
chr10:89653782|89655534	chr10	89653782	89655534	intron	GBM recurrent
chr10:90653628|90665417	chr10	90653628	90665417	exon	GBM recurrent
chr10:90777408|90795739	chr10	90777408	90795739	intergenic_region	GBM recurrent
chr10:91348409|91359262	chr10	91348409	91359262	exon	GBM recurrent
chr10:93185038|93221941	chr10	93185038	93221941	exon	GBM recurrent
chr10:93579027|93602148	chr10	93579027	93602148	exon	GBM recurrent
chr10:95225568|95226470	chr10	95225568	95226470	intron	GBM recurrent
chr10:96005703|96006378	chr10	96005703	96006378	exon	GBM recurrent
chr10:99236440|99238146	chr10	99236440	99238146	exon	GBM recurrent
chr10:103557737|103570071	chr10	103557737	103570071	exon	GBM recurrent
chr10:103558599|103560157	chr10	103558599	103560157	exon	GBM recurrent
chr10:104899163|104941085	chr10	104899163	104941085	intron	GBM recurrent
chr10:105106995|105108756	chr10	105106995	105108756	exon	GBM recurrent
chr10:105199503|105200607	chr10	105199503	105200607	exon	GBM recurrent
chr10:114799784|114849299	chr10	114799784	114849299	exon	GBM recurrent
chr10:119245464|119245989	chr10	119245464	119245989	exon	GBM recurrent
chr10:120832953|120833449	chr10	120832953	120833449	exon	GBM recurrent
chr10:121510588|121571467	chr10	121510588	121571467	exon	GBM recurrent
chr10:125798031|125806240	chr10	125798031	125806240	exon	GBM recurrent
chr11:3792978|3797251	chr11	3792978	3797251	exon	GBM recurrent
chr11:3794862|3797251	chr11	3794862	3797251	exon	GBM recurrent
chr11:8158925|8161740	chr11	8158925	8161740	exon	GBM recurrent
chr11:8158925|8174970	chr11	8158925	8174970	exon	GBM recurrent
chr11:8639497|8673450	chr11	8639497	8673450	exon	GBM recurrent
chr11:8832794|8860897	chr11	8832794	8860897	exon	GBM recurrent
chr11:9225207|9229179	chr11	9225207	9229179	exon	GBM recurrent
chr11:10011044|10024236	chr11	10011044	10024236	exon	GBM recurrent
chr11:12021095|12021862	chr11	12021095	12021862	intron	GBM recurrent
chr11:16117542|16133469	chr11	16117542	16133469	exon	GBM recurrent
chr11:16117542|16133472	chr11	16117542	16133472	intron	GBM recurrent
chr11:16117542|16208501	chr11	16117542	16208501	exon	GBM recurrent
chr11:16339992|16362798	chr11	16339992	16362798	exon	GBM recurrent
chr11:16339992|16497935	chr11	16339992	16497935	exon	GBM recurrent
chr11:31474265|31484852	chr11	31474265	31484852	exon	GBM recurrent
chr11:33108534|33127610	chr11	33108534	33127610	exon	GBM recurrent
chr11:33307959|33350179	chr11	33307959	33350179	exon	GBM recurrent
chr11:33358621|33363232	chr11	33358621	33363232	exon	GBM recurrent
chr11:34107611|34113603	chr11	34107611	34113603	exon	GBM recurrent
chr11:34111726|34112225	chr11	34111726	34112225	exon	GBM recurrent
chr11:34952951|35006275	chr11	34952951	35006275	exon	GBM recurrent
chr11:34978931|35013926	chr11	34978931	35013926	exon	GBM recurrent
chr11:36248635|36248980	chr11	36248635	36248980	exon	GBM recurrent
chr11:46105717|46113774	chr11	46105717	46113774	exon	GBM recurrent
chr11:46333876|46334470	chr11	46333876	46334470	exon	GBM recurrent
chr11:46455024|46456587	chr11	46455024	46456587	exon	GBM recurrent
chr11:46811626|46812133	chr11	46811626	46812133	exon	GBM recurrent
chr11:46916140|46916842	chr11	46916140	46916842	exon	GBM recurrent
chr11:47124826|47125316	chr11	47124826	47125316	intron	GBM recurrent
chr11:47187819|47189802	chr11	47187819	47189802	exon	GBM recurrent
chr11:47387029|47387186	chr11	47387029	47387186	intron	GBM recurrent
chr11:56920114|56962239	chr11	56920114	56962239	intergenic_region	GBM recurrent
chr11:57369508|57382069	chr11	57369508	57382069	exon	GBM recurrent
chr11:59554510|59562955	chr11	59554510	59562955	exon	GBM recurrent
chr11:61205097|61205585	chr11	61205097	61205585	exon	GBM recurrent
chr11:62491059|62491898	chr11	62491059	62491898	exon	GBM recurrent
chr11:65198240|65205128	chr11	65198240	65205128	exon	GBM recurrent
chr11:65268334|65268664	chr11	65268334	65268664	exon	GBM recurrent
chr11:65977833|65978730	chr11	65977833	65978730	exon	GBM recurrent
chr11:66254011|66255478	chr11	66254011	66255478	exon	GBM recurrent
chr11:66589114|66595835	chr11	66589114	66595835	exon	GBM recurrent
chr11:66982811|66995634	chr11	66982811	66995634	exon	GBM recurrent
chr11:67934449|67957619	chr11	67934449	67957619	exon	GBM recurrent
chr11:67942485|67953395	chr11	67942485	67953395	exon	GBM recurrent
chr11:68272613|68305359	chr11	68272613	68305359	exon	GBM recurrent
chr11:68318589|68331900	chr11	68318589	68331900	exon	GBM recurrent
chr11:68337216|68363686	chr11	68337216	68363686	exon	GBM recurrent
chr11:70200407|70202360	chr11	70200407	70202360	exon	GBM recurrent
chr11:73418465|73431944	chr11	73418465	73431944	exon	GBM recurrent
chr11:77336008|77340944	chr11	77336008	77340944	exon	GBM recurrent
chr11:77383087|77404656	chr11	77383087	77404656	exon	GBM recurrent
chr11:77386081|77389198	chr11	77386081	77389198	exon	GBM recurrent
chr11:77386081|77404656	chr11	77386081	77404656	exon	GBM recurrent
chr11:77436590|77475734	chr11	77436590	77475734	exon	GBM recurrent
chr11:77824932|77832220	chr11	77824932	77832220	exon	GBM recurrent
chr11:78180293|78204241	chr11	78180293	78204241	exon	GBM recurrent
chr11:82917100|82947551	chr11	82917100	82947551	exon	GBM recurrent
chr11:82951801|82959129	chr11	82951801	82959129	exon	GBM recurrent
chr11:85403294|85422275	chr11	85403294	85422275	intergenic_region	GBM recurrent
chr11:85711686|85742653	chr11	85711686	85742653	exon	GBM recurrent
chr11:85960513|85967554	chr11	85960513	85967554	intron	GBM recurrent
chr11:92166950|92168968	chr11	92166950	92168968	intron	GBM recurrent
chr11:93429486|93433352	chr11	93429486	93433352	exon	GBM recurrent
chr11:93523740|93527201	chr11	93523740	93527201	exon	GBM recurrent
chr11:94163077|94180604	chr11	94163077	94180604	exon	GBM recurrent
chr11:94908662|94911992	chr11	94908662	94911992	exon	GBM recurrent
chr11:94917584|94926686	chr11	94917584	94926686	exon	GBM recurrent
chr11:95942618|95943498	chr11	95942618	95943498	intron	GBM recurrent
chr11:102233627|102239279	chr11	102233627	102239279	exon	GBM recurrent
chr11:103173822|103229087	chr11	103173822	103229087	exon	GBM recurrent
chr11:107916997|107923528	chr11	107916997	107923528	exon	GBM recurrent
chr11:110118428|110124834	chr11	110118428	110124834	exon	GBM recurrent
chr11:110134685|110135599	chr11	110134685	110135599	exon	GBM recurrent
chr11:111715324|111735974	chr11	111715324	111735974	exon	GBM recurrent
chr11:114388278|114411482	chr11	114388278	114411482	intergenic_region	GBM recurrent
chr11:116734384|116744352	chr11	116734384	116744352	exon	GBM recurrent
chr11:117150624|117150975	chr11	117150624	117150975	exon	GBM recurrent
chr11:118451961|118455359	chr11	118451961	118455359	exon	GBM recurrent
chr11:118548191|118562223	chr11	118548191	118562223	intergenic_region	GBM recurrent
chr11:118625414|118627996	chr11	118625414	118627996	exon	GBM recurrent
chr11:118635917|118639060	chr11	118635917	118639060	exon	GBM recurrent
chr11:118656761|118657227	chr11	118656761	118657227	exon	GBM recurrent
chr11:119001435|119003929	chr11	119001435	119003929	exon	GBM recurrent
chr11:119144578|119146844	chr11	119144578	119146844	exon	GBM recurrent
chr11:120276827|120278532	chr11	120276827	120278532	exon	GBM recurrent
chr11:120276827|120302620	chr11	120276827	120302620	exon	GBM recurrent
chr11:120310838|120316173	chr11	120310838	120316173	exon	GBM recurrent
chr11:120339997|120348235	chr11	120339997	120348235	exon	GBM recurrent
chr11:121934888|121959756	chr11	121934888	121959756	intron	GBM recurrent
chr11:122646927|122647918	chr11	122646927	122647918	exon	GBM recurrent
chr11:123988204|123989796	chr11	123988204	123989796	exon	GBM recurrent
chr11:124517261|124518071	chr11	124517261	124518071	exon	GBM recurrent
chr12:1136914|1137738	chr12	1136914	1137738	exon	GBM recurrent
chr12:1225032|1299218	chr12	1225032	1299218	exon	GBM recurrent
chr12:1289706|1299218	chr12	1289706	1299218	exon	GBM recurrent
chr12:1399018|1517413	chr12	1399018	1517413	exon	GBM recurrent
chr12:2929252|2930958	chr12	2929252	2930958	exon	GBM recurrent
chr12:3029929|3031568	chr12	3029929	3031568	exon	GBM recurrent
chr12:6442235|6443410	chr12	6442235	6443410	exon	GBM recurrent
chr12:9736702|9760398	chr12	9736702	9760398	exon	GBM recurrent
chr12:10539502|10542626	chr12	10539502	10542626	exon	GBM recurrent
chr12:10977651|11001006	chr12	10977651	11001006	intron	GBM recurrent
chr12:12022358|12022903	chr12	12022358	12022903	exon	GBM recurrent
chr12:14576843|14591201	chr12	14576843	14591201	exon	GBM recurrent
chr12:14576843|14619524	chr12	14576843	14619524	exon	GBM recurrent
chr12:19615444|19626289	chr12	19615444	19626289	exon	GBM recurrent
chr12:22401940|22440227	chr12	22401940	22440227	exon	GBM recurrent
chr12:22643057|22659753	chr12	22643057	22659753	exon	GBM recurrent
chr12:23757321|23793831	chr12	23757321	23793831	exon	GBM recurrent
chr12:23908572|24048958	chr12	23908572	24048958	exon	GBM recurrent
chr12:24985657|24989530	chr12	24985657	24989530	exon	GBM recurrent
chr12:26208212|26220646	chr12	26208212	26220646	exon	GBM recurrent
chr12:26628229|26755639	chr12	26628229	26755639	exon	GBM recurrent
chr12:26703180|26755639	chr12	26703180	26755639	exon	GBM recurrent
chr12:26731646|26869175	chr12	26731646	26869175	exon	GBM recurrent
chr12:26922282|26943160	chr12	26922282	26943160	intron	GBM recurrent
chr12:27132717|27133579	chr12	27132717	27133579	exon	GBM recurrent
chr12:27132717|27143560	chr12	27132717	27143560	exon	GBM recurrent
chr12:27135706|27143560	chr12	27135706	27143560	exon	GBM recurrent
chr12:27807655|27809663	chr12	27807655	27809663	exon	GBM recurrent
chr12:29446233|29450133	chr12	29446233	29450133	exon	GBM recurrent
chr12:30818154|30819185	chr12	30818154	30819185	exon	GBM recurrent
chr12:30866719|30877385	chr12	30866719	30877385	exon	GBM recurrent
chr12:30881582|30904067	chr12	30881582	30904067	exon	GBM recurrent
chr12:31586089|31600703	chr12	31586089	31600703	exon	GBM recurrent
chr12:32458631|32459056	chr12	32458631	32459056	exon	GBM recurrent
chr12:32480395|32490640	chr12	32480395	32490640	exon	GBM recurrent
chr12:32751431|32754357	chr12	32751431	32754357	exon	GBM recurrent
chr12:32861087|32871697	chr12	32861087	32871697	exon	GBM recurrent
chr12:39698623|39701531	chr12	39698623	39701531	exon	GBM recurrent
chr12:44136260|44142412	chr12	44136260	44142412	exon	GBM recurrent
chr12:46285563|46287504	chr12	46285563	46287504	exon	GBM recurrent
chr12:46633462|46637097	chr12	46633462	46637097	exon	GBM recurrent
chr12:47497896|47501947	chr12	47497896	47501947	intron	GBM recurrent
chr12:49491349|49491888	chr12	49491349	49491888	exon	GBM recurrent
chr12:50821545|50829407	chr12	50821545	50829407	exon	GBM recurrent
chr12:50821545|50848200	chr12	50821545	50848200	exon	GBM recurrent
chr12:50821545|50855130	chr12	50821545	50855130	exon	GBM recurrent
chr12:50824278|50829407	chr12	50824278	50829407	exon	GBM recurrent
chr12:50824278|50835426	chr12	50824278	50835426	exon	GBM recurrent
chr12:51207793|51208222	chr12	51207793	51208222	exon	GBM recurrent
chr12:51467606|51470430	chr12	51467606	51470430	exon	GBM recurrent
chr12:53421566|53421972	chr12	53421566	53421972	exon	GBM recurrent
chr12:53925528|53928443	chr12	53925528	53928443	exon	GBM recurrent
chr12:56182859|56189860	chr12	56182859	56189860	exon	GBM recurrent
chr12:56997143|56999111	chr12	56997143	56999111	exon	GBM recurrent
chr12:57132218|57137907	chr12	57132218	57137907	exon	GBM recurrent
chr12:57682792|57690334	chr12	57682792	57690334	exon	GBM recurrent
chr12:57861116|57862007	chr12	57861116	57862007	exon	GBM recurrent
chr12:65702309|65762806	chr12	65702309	65762806	exon	GBM recurrent
chr12:69210592|69218431	chr12	69210592	69218431	exon	GBM recurrent
chr12:69210592|69222711	chr12	69210592	69222711	exon	GBM recurrent
chr12:69983265|69987393	chr12	69983265	69987393	exon	GBM recurrent
chr12:78388583|78415642	chr12	78388583	78415642	exon	GBM recurrent
chr12:81545623|81610775	chr12	81545623	81610775	exon	GBM recurrent
chr12:81568567|81613855	chr12	81568567	81613855	exon	GBM recurrent
chr12:81593120|81627250	chr12	81593120	81627250	exon	GBM recurrent
chr12:93206756|93246801	chr12	93206756	93246801	exon	GBM recurrent
chr12:93226288|93246801	chr12	93226288	93246801	exon	GBM recurrent
chr12:96688777|96694138	chr12	96688777	96694138	exon	GBM recurrent
chr12:96717726|96728643	chr12	96717726	96728643	exon	GBM recurrent
chr12:97264282|97303673	chr12	97264282	97303673	intergenic_region	GBM recurrent
chr12:97303530|97313903	chr12	97303530	97313903	exon	GBM recurrent
chr12:100598718|100599535	chr12	100598718	100599535	exon	GBM recurrent
chr12:104200100|104208899	chr12	104200100	104208899	exon	GBM recurrent
chr12:105255069|105303540	chr12	105255069	105303540	exon	GBM recurrent
chr12:105303433|105322472	chr12	105303433	105322472	exon	GBM recurrent
chr12:105321751|105322472	chr12	105321751	105322472	exon	GBM recurrent
chr12:105385490|105389804	chr12	105385490	105389804	exon	GBM recurrent
chr12:109539707|109541416	chr12	109539707	109541416	exon	GBM recurrent
chr12:110566755|110570441	chr12	110566755	110570441	exon	GBM recurrent
chr12:110572753|110573242	chr12	110572753	110573242	exon	GBM recurrent
chr12:110778464|110780253	chr12	110778464	110780253	exon	GBM recurrent
chr12:110922883|110925748	chr12	110922883	110925748	exon	GBM recurrent
chr12:110922883|110927976	chr12	110922883	110927976	exon	GBM recurrent
chr12:111923075|111924628	chr12	111923075	111924628	exon	GBM recurrent
chr12:111947353|111993723	chr12	111947353	111993723	exon	GBM recurrent
chr12:112370390|112381173	chr12	112370390	112381173	exon	GBM recurrent
chr12:112568315|112580099	chr12	112568315	112580099	exon	GBM recurrent
chr12:112568315|112583466	chr12	112568315	112583466	exon	GBM recurrent
chr12:112757029|112757546	chr12	112757029	112757546	exon	GBM recurrent
chr12:117187646|117217153	chr12	117187646	117217153	exon	GBM recurrent
chr12:118543337|118544789	chr12	118543337	118544789	intron	GBM recurrent
chr12:120612965|120614020	chr12	120612965	120614020	exon	GBM recurrent
chr12:121000748|121001746	chr12	121000748	121001746	exon	GBM recurrent
chr12:122701035|122702944	chr12	122701035	122702944	exon	GBM recurrent
chr12:122812494|122812973	chr12	122812494	122812973	exon	GBM recurrent
chr12:123661235|123682881	chr12	123661235	123682881	exon	GBM recurrent
chr12:123694603|123707674	chr12	123694603	123707674	exon	GBM recurrent
chr12:129293333|129299615	chr12	129293333	129299615	exon	GBM recurrent
chr12:132476718|132490847	chr12	132476718	132490847	exon	GBM recurrent
chr13:20304379|20409829	chr13	20304379	20409829	intergenic_region	GBM recurrent
chr13:20638591|20657916	chr13	20638591	20657916	exon	GBM recurrent
chr13:21215429|21217744	chr13	21215429	21217744	exon	GBM recurrent
chr13:23927924|23945304	chr13	23927924	23945304	exon	GBM recurrent
chr13:23985359|23985879	chr13	23985359	23985879	exon	GBM recurrent
chr13:24380740|24383593	chr13	24380740	24383593	intron	GBM recurrent
chr13:25049610|25052414	chr13	25049610	25052414	exon	GBM recurrent
chr13:27781432|27782187	chr13	27781432	27782187	exon	GBM recurrent
chr13:28748409|28794515	chr13	28748409	28794515	exon	GBM recurrent
chr13:30341236|30351400	chr13	30341236	30351400	exon	GBM recurrent
chr13:30801549|30854360	chr13	30801549	30854360	exon	GBM recurrent
chr13:31513834|31531166	chr13	31513834	31531166	exon	GBM recurrent
chr13:33054727|33101669	chr13	33054727	33101669	exon	GBM recurrent
chr13:33095510|33101669	chr13	33095510	33101669	exon	GBM recurrent
chr13:33306238|33309467	chr13	33306238	33309467	exon	GBM recurrent
chr13:35670133|35716514	chr13	35670133	35716514	intron	GBM recurrent
chr13:35782837|35806756	chr13	35782837	35806756	exon	GBM recurrent
chr13:35806629|35926460	chr13	35806629	35926460	exon	GBM recurrent
chr13:36822743|36830304	chr13	36822743	36830304	intron	GBM recurrent
chr13:38628212|38647113	chr13	38628212	38647113	intron	GBM recurrent
chr13:41207284|41219623	chr13	41207284	41219623	intron	GBM recurrent
chr13:42335264|42407667	chr13	42335264	42407667	exon	GBM recurrent
chr13:43528084|43544806	chr13	43528084	43544806	exon	GBM recurrent
chr13:45985497|45986073	chr13	45985497	45986073	exon	GBM recurrent
chr13:46090278|46104915	chr13	46090278	46104915	exon	GBM recurrent
chr13:47187973|47224480	chr13	47187973	47224480	intron	GBM recurrent
chr13:47297356|47303119	chr13	47297356	47303119	exon	GBM recurrent
chr13:47297356|47308133	chr13	47297356	47308133	exon	GBM recurrent
chr13:48651289|48664554	chr13	48651289	48664554	exon	GBM recurrent
chr13:49742749|49752790	chr13	49742749	49752790	exon	GBM recurrent
chr13:50601499|50619368	chr13	50601499	50619368	exon	GBM recurrent
chr13:51501543|51523641	chr13	51501543	51523641	exon	GBM recurrent
chr13:52971367|52972329	chr13	52971367	52972329	exon	GBM recurrent
chr13:61013822|61060082	chr13	61013822	61060082	exon	GBM recurrent
chr13:73409381|73505405	chr13	73409381	73505405	exon	GBM recurrent
chr13:76134889|76143643	chr13	76134889	76143643	exon	GBM recurrent
chr13:80621169|80628954	chr13	80621169	80628954	exon	GBM recurrent
chr13:96622366|96648389	chr13	96622366	96648389	exon	GBM recurrent
chr13:96637493|96648389	chr13	96637493	96648389	exon	GBM recurrent
chr13:100909849|101020828	chr13	100909849	101020828	exon	GBM recurrent
chr13:100953714|100962162	chr13	100953714	100962162	exon	GBM recurrent
chr13:100959446|101020828	chr13	100959446	101020828	exon	GBM recurrent
chr13:100982815|101020828	chr13	100982815	101020828	exon	GBM recurrent
chr13:103275227|103280274	chr13	103275227	103280274	exon	GBM recurrent
chr13:113960800|113964177	chr13	113960800	113964177	exon	GBM recurrent
chr14:20813091|20819281	chr14	20813091	20819281	exon	GBM recurrent
chr14:21870116|21871822	chr14	21870116	21871822	exon	GBM recurrent
chr14:21971316|21972024	chr14	21971316	21972024	exon	GBM recurrent
chr14:23165198|23186426	chr14	23165198	23186426	intergenic_region	GBM recurrent
chr14:23375404|23380612	chr14	23375404	23380612	exon	GBM recurrent
chr14:23395342|23396023	chr14	23395342	23396023	exon	GBM recurrent
chr14:23395342|23396869	chr14	23395342	23396869	exon	GBM recurrent
chr14:23419523|23421892	chr14	23419523	23421892	exon	GBM recurrent
chr14:31175029|31191765	chr14	31175029	31191765	exon	GBM recurrent
chr14:31185130|31204064	chr14	31185130	31204064	exon	GBM recurrent
chr14:31582310|31602881	chr14	31582310	31602881	exon	GBM recurrent
chr14:31596991|31641328	chr14	31596991	31641328	exon	GBM recurrent
chr14:32586346|32621734	chr14	32586346	32621734	exon	GBM recurrent
chr14:33684388|33684793	chr14	33684388	33684793	exon	GBM recurrent
chr14:34029327|34204538	chr14	34029327	34204538	exon	GBM recurrent
chr14:34394824|34400421	chr14	34394824	34400421	exon	GBM recurrent
chr14:35055436|35078948	chr14	35055436	35078948	exon	GBM recurrent
chr14:35438376|35441270	chr14	35438376	35441270	exon	GBM recurrent
chr14:35565764|35568590	chr14	35565764	35568590	exon	GBM recurrent
chr14:36133848|36194359	chr14	36133848	36194359	exon	GBM recurrent
chr14:39214348|39232249	chr14	39214348	39232249	intergenic_region	GBM recurrent
chr14:39620950|39628754	chr14	39620950	39628754	exon	GBM recurrent
chr14:45715946|45716580	chr14	45715946	45716580	exon	GBM recurrent
chr14:50190592|50210523	chr14	50190592	50210523	exon	GBM recurrent
chr14:50626149|50628327	chr14	50626149	50628327	exon	GBM recurrent
chr14:50796551|50799150	chr14	50796551	50799150	exon	GBM recurrent
chr14:50941795|50971575	chr14	50941795	50971575	exon	GBM recurrent
chr14:51107468|51111732	chr14	51107468	51111732	exon	GBM recurrent
chr14:51374989|51387785	chr14	51374989	51387785	exon	GBM recurrent
chr14:51382054|51383823	chr14	51382054	51383823	exon	GBM recurrent
chr14:51710574|51716483	chr14	51710574	51716483	exon	GBM recurrent
chr14:53339517|53348187	chr14	53339517	53348187	exon	GBM recurrent
chr14:55148653|55169298	chr14	55148653	55169298	intron	GBM recurrent
chr14:55168780|55169298	chr14	55168780	55169298	exon	GBM recurrent
chr14:55168780|55204005	chr14	55168780	55204005	exon	GBM recurrent
chr14:55203742|55251338	chr14	55203742	55251338	exon	GBM recurrent
chr14:56645053|56763918	chr14	56645053	56763918	exon	GBM recurrent
chr14:58965501|58975427	chr14	58965501	58975427	exon	GBM recurrent
chr14:61258333|61346553	chr14	61258333	61346553	intron	GBM recurrent
chr14:61275043|61346553	chr14	61275043	61346553	exon	GBM recurrent
chr14:62187097|62188541	chr14	62187097	62188541	exon	GBM recurrent
chr14:62187100|62188541	chr14	62187100	62188541	exon	GBM recurrent
chr14:62188227|62188541	chr14	62188227	62188541	exon	GBM recurrent
chr14:64884606|64891649	chr14	64884606	64891649	exon	GBM recurrent
chr14:64988205|64990120	chr14	64988205	64990120	exon	GBM recurrent
chr14:65898755|65922436	chr14	65898755	65922436	intron	GBM recurrent
chr14:67768106|67787976	chr14	67768106	67787976	exon	GBM recurrent
chr14:68151732|68157138	chr14	68151732	68157138	exon	GBM recurrent
chr14:68228083|68229536	chr14	68228083	68229536	exon	GBM recurrent
chr14:68290259|68292294	chr14	68290259	68292294	exon	GBM recurrent
chr14:70081073|70086193	chr14	70081073	70086193	intron	GBM recurrent
chr14:71413632|71445365	chr14	71413632	71445365	exon	GBM recurrent
chr14:71485726|71502874	chr14	71485726	71502874	exon	GBM recurrent
chr14:71880665|71933964	chr14	71880665	71933964	exon	GBM recurrent
chr14:73159784|73198642	chr14	73159784	73198642	exon	GBM recurrent
chr14:73555757|73556163	chr14	73555757	73556163	intron	GBM recurrent
chr14:73614503|73614814	chr14	73614503	73614814	exon	GBM recurrent
chr14:73627797|73629248	chr14	73627797	73629248	intron	GBM recurrent
chr14:75513079|75516421	chr14	75513079	75516421	exon	GBM recurrent
chr14:77914837|77917676	chr14	77914837	77917676	exon	GBM recurrent
chr14:79423585|79454484	chr14	79423585	79454484	exon	GBM recurrent
chr14:80963812|80997230	chr14	80963812	80997230	exon	GBM recurrent
chr14:91947920|91957146	chr14	91947920	91957146	exon	GBM recurrent
chr14:93275645|93306393	chr14	93275645	93306393	intergenic_region	GBM recurrent
chr14:93276599|93282766	chr14	93276599	93282766	exon	GBM recurrent
chr14:96986392|96994343	chr14	96986392	96994343	exon	GBM recurrent
chr14:97312432|97327072	chr14	97312432	97327072	exon	GBM recurrent
chr14:100380516|100381034	chr14	100380516	100381034	exon	GBM recurrent
chr14:101355986|101376641	chr14	101355986	101376641	exon	GBM recurrent
chr14:101379769|101406787	chr14	101379769	101406787	exon	GBM recurrent
chr14:101403740|101435882	chr14	101403740	101435882	exon	GBM recurrent
chr14:102368056|102372866	chr14	102368056	102372866	exon	GBM recurrent
chr14:102442049|102455189	chr14	102442049	102455189	exon	GBM recurrent
chr14:102486230|102489217	chr14	102486230	102489217	exon	GBM recurrent
chr14:103915256|103923549	chr14	103915256	103923549	exon	GBM recurrent
chr14:106091233|106109862	chr14	106091233	106109862	intergenic_region	GBM recurrent
chr14:106692079|106714672	chr14	106692079	106714672	intergenic_region	GBM recurrent
chr15:22318877|22347786	chr15	22318877	22347786	exon	GBM recurrent
chr15:25214521|25215466	chr15	25214521	25215466	intron	GBM recurrent
chr15:30053342|30092905	chr15	30053342	30092905	exon	GBM recurrent
chr15:31245765|31260213	chr15	31245765	31260213	exon	GBM recurrent
chr15:33876596|33893753	chr15	33876596	33893753	exon	GBM recurrent
chr15:34048507|34061373	chr15	34048507	34061373	exon	GBM recurrent
chr15:34134065|34140622	chr15	34134065	34140622	exon	GBM recurrent
chr15:34134065|34147113	chr15	34134065	34147113	exon	GBM recurrent
chr15:40289165|40309443	chr15	40289165	40309443	exon	GBM recurrent
chr15:41036245|41037457	chr15	41036245	41037457	exon	GBM recurrent
chr15:41361768|41364256	chr15	41361768	41364256	exon	GBM recurrent
chr15:41767723|41769713	chr15	41767723	41769713	exon	GBM recurrent
chr15:41961026|41962156	chr15	41961026	41962156	exon	GBM recurrent
chr15:42525411|42560230	chr15	42525411	42560230	exon	GBM recurrent
chr15:42553156|42560230	chr15	42553156	42560230	exon	GBM recurrent
chr15:42930898|42944790	chr15	42930898	42944790	exon	GBM recurrent
chr15:43075617|43109295	chr15	43075617	43109295	exon	GBM recurrent
chr15:43102812|43132631	chr15	43102812	43132631	exon	GBM recurrent
chr15:43250211|43252899	chr15	43250211	43252899	exon	GBM recurrent
chr15:43627894|43632550	chr15	43627894	43632550	exon	GBM recurrent
chr15:43727384|43728320	chr15	43727384	43728320	intron	GBM recurrent
chr15:44615163|44630515	chr15	44615163	44630515	exon	GBM recurrent
chr15:44620883|44630515	chr15	44620883	44630515	exon	GBM recurrent
chr15:44629961|44673174	chr15	44629961	44673174	exon	GBM recurrent
chr15:44776422|44788656	chr15	44776422	44788656	exon	GBM recurrent
chr15:45025448|45025602	chr15	45025448	45025602	exon	GBM recurrent
chr15:49421674|49431850	chr15	49421674	49431850	exon	GBM recurrent
chr15:49429347|49431850	chr15	49429347	49431850	exon	GBM recurrent
chr15:49528048|49620327	chr15	49528048	49620327	exon	GBM recurrent
chr15:50592986|50593565	chr15	50592986	50593565	exon	GBM recurrent
chr15:50923614|50941082	chr15	50923614	50941082	exon	GBM recurrent
chr15:50940884|50955243	chr15	50940884	50955243	exon	GBM recurrent
chr15:51204275|51223168	chr15	51204275	51223168	exon	GBM recurrent
chr15:51743842|51747425	chr15	51743842	51747425	exon	GBM recurrent
chr15:56665639|56704634	chr15	56665639	56704634	exon	GBM recurrent
chr15:56680670|56687032	chr15	56680670	56687032	exon	GBM recurrent
chr15:56680670|56720671	chr15	56680670	56720671	exon	GBM recurrent
chr15:57743698|57754090	chr15	57743698	57754090	exon	GBM recurrent
chr15:58932976|58957396	chr15	58932976	58957396	exon	GBM recurrent
chr15:59179174|59179739	chr15	59179174	59179739	exon	GBM recurrent
chr15:59963382|59972507	chr15	59963382	59972507	exon	GBM recurrent
chr15:62939474|62950097	chr15	62939474	62950097	exon	GBM recurrent
chr15:63821213|63829355	chr15	63821213	63829355	exon	GBM recurrent
chr15:63821213|63855207	chr15	63821213	63855207	exon	GBM recurrent
chr15:63824846|63852169	chr15	63824846	63852169	exon	GBM recurrent
chr15:64404772|64415745	chr15	64404772	64415745	exon	GBM recurrent
chr15:64495281|64499793	chr15	64495281	64499793	exon	GBM recurrent
chr15:65250353|65250558	chr15	65250353	65250558	exon	GBM recurrent
chr15:65773849|65804902	chr15	65773849	65804902	intron	GBM recurrent
chr15:65959787|65962526	chr15	65959787	65962526	exon	GBM recurrent
chr15:65988704|65998562	chr15	65988704	65998562	exon	GBM recurrent
chr15:66007816|66053776	chr15	66007816	66053776	exon	GBM recurrent
chr15:66727365|66729230	chr15	66727365	66729230	exon	GBM recurrent
chr15:67873092|67893087	chr15	67873092	67893087	exon	GBM recurrent
chr15:72324835|72338975	chr15	72324835	72338975	exon	GBM recurrent
chr15:72810408|72853890	chr15	72810408	72853890	exon	GBM recurrent
chr15:72837161|72864506	chr15	72837161	72864506	exon	GBM recurrent
chr15:74963796|74967483	chr15	74963796	74967483	exon	GBM recurrent
chr15:75702177|75705386	chr15	75702177	75705386	exon	GBM recurrent
chr15:75703833|75705386	chr15	75703833	75705386	exon	GBM recurrent
chr15:75782549|75819602	chr15	75782549	75819602	exon	GBM recurrent
chr15:75809600|75816639	chr15	75809600	75816639	exon	GBM recurrent
chr15:75815462|75819602	chr15	75815462	75819602	exon	GBM recurrent
chr15:76152219|76175765	chr15	76152219	76175765	exon	GBM recurrent
chr15:76161292|76175765	chr15	76161292	76175765	exon	GBM recurrent
chr15:76168528|76175765	chr15	76168528	76175765	exon	GBM recurrent
chr15:76566753|76589689	chr15	76566753	76589689	intron	GBM recurrent
chr15:77020936|77067458	chr15	77020936	77067458	exon	GBM recurrent
chr15:77046149|77059429	chr15	77046149	77059429	exon	GBM recurrent
chr15:77057302|77059429	chr15	77057302	77059429	exon	GBM recurrent
chr15:77544709|77576372	chr15	77544709	77576372	exon	GBM recurrent
chr15:77544709|77578846	chr15	77544709	77578846	exon	GBM recurrent
chr15:77577300|77605210	chr15	77577300	77605210	intron	GBM recurrent
chr15:77577300|77657567	chr15	77577300	77657567	exon	GBM recurrent
chr15:77638884|77664241	chr15	77638884	77664241	intron	GBM recurrent
chr15:80390758|80415142	chr15	80390758	80415142	exon	GBM recurrent
chr15:88669502|88690634	chr15	88669502	88690634	exon	GBM recurrent
chr15:88678332|88680792	chr15	88678332	88680792	exon	GBM recurrent
chr15:90760671|90764997	chr15	90760671	90764997	exon	GBM recurrent
chr15:91029262|91030814	chr15	91029262	91030814	exon	GBM recurrent
chr15:93428745|93435302	chr15	93428745	93435302	exon	GBM recurrent
chr15:93444397|93498742	chr15	93444397	93498742	exon	GBM recurrent
chr15:93467551|93540325	chr15	93467551	93540325	exon	GBM recurrent
chr15:93480748|93499879	chr15	93480748	93499879	exon	GBM recurrent
chr15:93496587|93499879	chr15	93496587	93499879	exon	GBM recurrent
chr15:93521464|93528903	chr15	93521464	93528903	exon	GBM recurrent
chr15:93543742|93552553	chr15	93543742	93552553	exon	GBM recurrent
chr15:93543742|93558139	chr15	93543742	93558139	exon	GBM recurrent
chr15:96826061|96834012	chr15	96826061	96834012	exon	GBM recurrent
chr15:100692817|100739628	chr15	100692817	100739628	exon	GBM recurrent
chr15:101550655|101551042	chr15	101550655	101551042	exon	GBM recurrent
chr16:1403209|1404340	chr16	1403209	1404340	intron	GBM recurrent
chr16:1675974|1691188	chr16	1675974	1691188	exon	GBM recurrent
chr16:3554720|3558468	chr16	3554720	3558468	exon	GBM recurrent
chr16:3900298|3901010	chr16	3900298	3901010	exon	GBM recurrent
chr16:9023226|9024254	chr16	9023226	9024254	exon	GBM recurrent
chr16:11063018|11076848	chr16	11063018	11076848	exon	GBM recurrent
chr16:11114050|11154879	chr16	11114050	11154879	exon	GBM recurrent
chr16:11121965|11124596	chr16	11121965	11124596	intron	GBM recurrent
chr16:11940358|11941663	chr16	11940358	11941663	exon	GBM recurrent
chr16:11958073|11958407	chr16	11958073	11958407	intron	GBM recurrent
chr16:11988811|11991892	chr16	11988811	11991892	exon	GBM recurrent
chr16:14674731|14721193	chr16	14674731	14721193	exon	GBM recurrent
chr16:14738131|14738466	chr16	14738131	14738466	exon	GBM recurrent
chr16:15494644|15503671	chr16	15494644	15503671	exon	GBM recurrent
chr16:16200595|16205439	chr16	16200595	16205439	exon	GBM recurrent
chr16:18846214|18856973	chr16	18846214	18856973	exon	GBM recurrent
chr16:18851020|18853776	chr16	18851020	18853776	exon	GBM recurrent
chr16:19627436|19663412	chr16	19627436	19663412	exon	GBM recurrent
chr16:19653718|19663412	chr16	19653718	19663412	exon	GBM recurrent
chr16:19741752|19746772	chr16	19741752	19746772	exon	GBM recurrent
chr16:22142526|22143050	chr16	22142526	22143050	exon	GBM recurrent
chr16:22360600|22361170	chr16	22360600	22361170	exon	GBM recurrent
chr16:23424769|23428442	chr16	23424769	23428442	exon	GBM recurrent
chr16:24838822|24888684	chr16	24838822	24888684	intergenic_region	GBM recurrent
chr16:28177829|28181230	chr16	28177829	28181230	exon	GBM recurrent
chr16:29917109|29917448	chr16	29917109	29917448	exon	GBM recurrent
chr16:31102096|31102663	chr16	31102096	31102663	intron	GBM recurrent
chr16:31733947|31765221	chr16	31733947	31765221	exon	GBM recurrent
chr16:47345151|47347734	chr16	47345151	47347734	exon	GBM recurrent
chr16:47531310|47644831	chr16	47531310	47644831	exon	GBM recurrent
chr16:48587450|48596355	chr16	48587450	48596355	exon	GBM recurrent
chr16:49557535|49559405	chr16	49557535	49559405	exon	GBM recurrent
chr16:49764682|49823457	chr16	49764682	49823457	exon	GBM recurrent
chr16:53175091|53191453	chr16	53175091	53191453	intron	GBM recurrent
chr16:53269097|53281415	chr16	53269097	53281415	exon	GBM recurrent
chr16:53288350|53308214	chr16	53288350	53308214	exon	GBM recurrent
chr16:53289512|53302038	chr16	53289512	53302038	exon	GBM recurrent
chr16:56660792|56667317	chr16	56660792	56667317	intergenic_region	GBM recurrent
chr16:56660792|56692652	chr16	56660792	56692652	intergenic_region	GBM recurrent
chr16:58593708|58594266	chr16	58593708	58594266	intron	GBM recurrent
chr16:66850484|66855462	chr16	66850484	66855462	exon	GBM recurrent
chr16:67070542|67116242	chr16	67070542	67116242	exon	GBM recurrent
chr16:68155890|68191971	chr16	68155890	68191971	exon	GBM recurrent
chr16:68155890|68208417	chr16	68155890	68208417	exon	GBM recurrent
chr16:68155890|68225678	chr16	68155890	68225678	exon	GBM recurrent
chr16:68587777|68588601	chr16	68587777	68588601	intron	GBM recurrent
chr16:68893787|68896964	chr16	68893787	68896964	exon	GBM recurrent
chr16:68893787|68914533	chr16	68893787	68914533	exon	GBM recurrent
chr16:70164326|70166203	chr16	70164326	70166203	exon	GBM recurrent
chr16:70294947|70296427	chr16	70294947	70296427	exon	GBM recurrent
chr16:74491772|74493687	chr16	74491772	74493687	exon	GBM recurrent
chr16:74949768|74951906	chr16	74949768	74951906	exon	GBM recurrent
chr16:81385188|81399083	chr16	81385188	81399083	exon	GBM recurrent
chr16:85810161|85814886	chr16	85810161	85814886	exon	GBM recurrent
chr16:87453389|87493737	chr16	87453389	87493737	exon	GBM recurrent
chr16:88008654|88017865	chr16	88008654	88017865	exon	GBM recurrent
chr16:88061089|88071617	chr16	88061089	88071617	exon	GBM recurrent
chr17:686323|691372	chr17	686323	691372	exon	GBM recurrent
chr17:953290|1003975	chr17	953290	1003975	exon	GBM recurrent
chr17:1746097|1747980	chr17	1746097	1747980	exon	GBM recurrent
chr17:1746097|1756483	chr17	1746097	1756483	exon	GBM recurrent
chr17:4139067|4145743	chr17	4139067	4145743	exon	GBM recurrent
chr17:5235244|5235447	chr17	5235244	5235447	exon	GBM recurrent
chr17:5314023|5320002	chr17	5314023	5320002	exon	GBM recurrent
chr17:8141349|8141947	chr17	8141349	8141947	exon	GBM recurrent
chr17:11958206|11999011	chr17	11958206	11999011	exon	GBM recurrent
chr17:17919375|17931973	chr17	17919375	17931973	exon	GBM recurrent
chr17:18607932|18608477	chr17	18607932	18608477	exon	GBM recurrent
chr17:18768782|18769265	chr17	18768782	18769265	exon	GBM recurrent
chr17:19812494|19813291	chr17	19812494	19813291	exon	GBM recurrent
chr17:20994262|21005966	chr17	20994262	21005966	intergenic_region	GBM recurrent
chr17:25630393|25636298	chr17	25630393	25636298	exon	GBM recurrent
chr17:26918716|26920084	chr17	26918716	26920084	exon	GBM recurrent
chr17:27248706|27254081	chr17	27248706	27254081	exon	GBM recurrent
chr17:28003838|28030080	chr17	28003838	28030080	exon	GBM recurrent
chr17:28011581|28030080	chr17	28011581	28030080	exon	GBM recurrent
chr17:28811232|28819771	chr17	28811232	28819771	exon	GBM recurrent
chr17:28817062|28847039	chr17	28817062	28847039	intron	GBM recurrent
chr17:29550462|29554624	chr17	29550462	29554624	exon	GBM recurrent
chr17:30207592|30214332	chr17	30207592	30214332	exon	GBM recurrent
chr17:30344991|30362658	chr17	30344991	30362658	exon	GBM recurrent
chr17:30354788|30377126	chr17	30354788	30377126	exon	GBM recurrent
chr17:30779346|30779535	chr17	30779346	30779535	intron	GBM recurrent
chr17:34912923|34916711	chr17	34912923	34916711	exon	GBM recurrent
chr17:35797839|35804870	chr17	35797839	35804870	exon	GBM recurrent
chr17:35800606|35804870	chr17	35800606	35804870	exon	GBM recurrent
chr17:37580880|37584043	chr17	37580880	37584043	exon	GBM recurrent
chr17:37864574|37866734	chr17	37864574	37866734	exon	GBM recurrent
chr17:39974341|39974779	chr17	39974341	39974779	exon	GBM recurrent
chr17:40762126|40811570	chr17	40762126	40811570	intergenic_region	GBM recurrent
chr17:40989666|40991397	chr17	40989666	40991397	exon	GBM recurrent
chr17:43552466|43553092	chr17	43552466	43553092	exon	GBM recurrent
chr17:44143903|44172067	chr17	44143903	44172067	exon	GBM recurrent
chr17:45479498|45492285	chr17	45479498	45492285	exon	GBM recurrent
chr17:45706833|45713967	chr17	45706833	45713967	intron	GBM recurrent
chr17:46925426|46928990	chr17	46925426	46928990	exon	GBM recurrent
chr17:53108529|53158544	chr17	53108529	53158544	exon	GBM recurrent
chr17:57430576|57430887	chr17	57430576	57430887	exon	GBM recurrent
chr17:57721637|57733388	chr17	57721637	57733388	exon	GBM recurrent
chr17:57987923|57992064	chr17	57987923	57992064	exon	GBM recurrent
chr17:57987923|58003943	chr17	57987923	58003943	exon	GBM recurrent
chr17:57987923|58012661	chr17	57987923	58012661	exon	GBM recurrent
chr17:57987923|58013902	chr17	57987923	58013902	exon	GBM recurrent
chr17:58012554|58013902	chr17	58012554	58013902	exon	GBM recurrent
chr17:58529241|58538148	chr17	58529241	58538148	exon	GBM recurrent
chr17:59152281|59161925	chr17	59152281	59161925	exon	GBM recurrent
chr17:59853762|59857762	chr17	59853762	59857762	exon	GBM recurrent
chr17:60111148|60112969	chr17	60111148	60112969	exon	GBM recurrent
chr17:61271352|61278318	chr17	61271352	61278318	exon	GBM recurrent
chr17:61447253|61448541	chr17	61447253	61448541	intron	GBM recurrent
chr17:61655831|61657304	chr17	61655831	61657304	exon	GBM recurrent
chr17:61838274|61842207	chr17	61838274	61842207	exon	GBM recurrent
chr17:61841376|61842207	chr17	61841376	61842207	exon	GBM recurrent
chr17:62248460|62265775	chr17	62248460	62265775	exon	GBM recurrent
chr17:62587202|62602758	chr17	62587202	62602758	exon	GBM recurrent
chr17:63898270|64066119	chr17	63898270	64066119	exon	GBM recurrent
chr17:64049854|64092750	chr17	64049854	64092750	exon	GBM recurrent
chr17:65528918|65574373	chr17	65528918	65574373	exon	GBM recurrent
chr17:65628259|65671658	chr17	65628259	65671658	exon	GBM recurrent
chr17:65887960|65890281	chr17	65887960	65890281	exon	GBM recurrent
chr17:65906993|65919106	chr17	65906993	65919106	exon	GBM recurrent
chr17:73323683|73324211	chr17	73323683	73324211	intron	GBM recurrent
chr17:74308951|74309972	chr17	74308951	74309972	exon	GBM recurrent
chr17:74763468|74772623	chr17	74763468	74772623	exon	GBM recurrent
chr17:76075476|76089844	chr17	76075476	76089844	exon	GBM recurrent
chr17:80521230|80526077	chr17	80521230	80526077	exon	GBM recurrent
chr17:80714041|80730383	chr17	80714041	80730383	exon	GBM recurrent
chr18:196637|199316	chr18	196637	199316	exon	GBM recurrent
chr18:6301902|6312055	chr18	6301902	6312055	exon	GBM recurrent
chr18:9204474|9221997	chr18	9204474	9221997	exon	GBM recurrent
chr18:9583115|9595100	chr18	9583115	9595100	exon	GBM recurrent
chr18:9583115|9595151	chr18	9583115	9595151	exon	GBM recurrent
chr18:12366964|12371690	chr18	12366964	12371690	exon	GBM recurrent
chr18:13012998|13019122	chr18	13012998	13019122	exon	GBM recurrent
chr18:18586312|18588155	chr18	18586312	18588155	exon	GBM recurrent
chr18:18619433|18650574	chr18	18619433	18650574	exon	GBM recurrent
chr18:19116003|19148055	chr18	19116003	19148055	exon	GBM recurrent
chr18:20569184|20581692	chr18	20569184	20581692	exon	GBM recurrent
chr18:21644104|21649235	chr18	21644104	21649235	exon	GBM recurrent
chr18:21644104|21710381	chr18	21644104	21710381	exon	GBM recurrent
chr18:21860806|21921622	chr18	21860806	21921622	exon	GBM recurrent
chr18:29487423|29493485	chr18	29487423	29493485	exon	GBM recurrent
chr18:29866994|29868166	chr18	29866994	29868166	exon	GBM recurrent
chr18:32386183|32409453	chr18	32386183	32409453	exon	GBM recurrent
chr18:32431795|32438362	chr18	32431795	32438362	exon	GBM recurrent
chr18:33722244|33726344	chr18	33722244	33726344	exon	GBM recurrent
chr18:33775220|33783152	chr18	33775220	33783152	exon	GBM recurrent
chr18:39617656|39629569	chr18	39617656	39629569	exon	GBM recurrent
chr18:42529846|42533305	chr18	42529846	42533305	exon	GBM recurrent
chr18:44579251|44586025	chr18	44579251	44586025	exon	GBM recurrent
chr18:45391430|45423180	chr18	45391430	45423180	exon	GBM recurrent
chr18:48444480|48447557	chr18	48444480	48447557	exon	GBM recurrent
chr18:48584495|48586286	chr18	48584495	48586286	exon	GBM recurrent
chr18:51686135|51692536	chr18	51686135	51692536	exon	GBM recurrent
chr18:51797730|51800460	chr18	51797730	51800460	exon	GBM recurrent
chr18:52921728|52946887	chr18	52921728	52946887	exon	GBM recurrent
chr18:56363598|56367823	chr18	56363598	56367823	exon	GBM recurrent
chr18:59878386|59899660	chr18	59878386	59899660	exon	GBM recurrent
chr18:60206914|60217693	chr18	60206914	60217693	exon	GBM recurrent
chr18:60437632|60438151	chr18	60437632	60438151	intron	GBM recurrent
chr18:64197082|64212140	chr18	64197082	64212140	exon	GBM recurrent
chr18:66564456|66564919	chr18	66564456	66564919	exon	GBM recurrent
chr19:2084506|2084640	chr19	2084506	2084640	intron	GBM recurrent
chr19:2137726|2138713	chr19	2137726	2138713	exon	GBM recurrent
chr19:3660964|3661999	chr19	3660964	3661999	exon	GBM recurrent
chr19:5047487|5082515	chr19	5047487	5082515	exon	GBM recurrent
chr19:5604594|5616497	chr19	5604594	5616497	exon	GBM recurrent
chr19:5610006|5616497	chr19	5610006	5616497	exon	GBM recurrent
chr19:5641605|5641957	chr19	5641605	5641957	exon	GBM recurrent
chr19:5653126|5654467	chr19	5653126	5654467	exon	GBM recurrent
chr19:5921212|5925748	chr19	5921212	5925748	exon	GBM recurrent
chr19:6697355|6697805	chr19	6697355	6697805	exon	GBM recurrent
chr19:8533658|8539128	chr19	8533658	8539128	exon	GBM recurrent
chr19:8538548|8539128	chr19	8538548	8539128	exon	GBM recurrent
chr19:10883155|10887892	chr19	10883155	10887892	exon	GBM recurrent
chr19:10906048|10909248	chr19	10906048	10909248	exon	GBM recurrent
chr19:11015627|11019883	chr19	11015627	11019883	exon	GBM recurrent
chr19:11024553|11027453	chr19	11024553	11027453	exon	GBM recurrent
chr19:11526613|11527733	chr19	11526613	11527733	exon	GBM recurrent
chr19:11941432|12058122	chr19	11941432	12058122	intergenic_region	GBM recurrent
chr19:11978121|12088246	chr19	11978121	12088246	intergenic_region	GBM recurrent
chr19:12058329|12087979	chr19	12058329	12087979	intron	GBM recurrent
chr19:12341275|12345723	chr19	12341275	12345723	exon	GBM recurrent
chr19:12635610|12639510	chr19	12635610	12639510	intron	GBM recurrent
chr19:12734514|12735524	chr19	12734514	12735524	exon	GBM recurrent
chr19:12790271|12791139	chr19	12790271	12791139	exon	GBM recurrent
chr19:13039156|13039661	chr19	13039156	13039661	exon	GBM recurrent
chr19:13135835|13136366	chr19	13135835	13136366	exon	GBM recurrent
chr19:14596887|14600901	chr19	14596887	14600901	intron	GBM recurrent
chr19:16472590|16472795	chr19	16472590	16472795	exon	GBM recurrent
chr19:16663617|16666208	chr19	16663617	16666208	exon	GBM recurrent
chr19:17273160|17273932	chr19	17273160	17273932	exon	GBM recurrent
chr19:19356122|19359691	chr19	19356122	19359691	exon	GBM recurrent
chr19:19636991|19638579	chr19	19636991	19638579	exon	GBM recurrent
chr19:19750894|19751380	chr19	19750894	19751380	exon	GBM recurrent
chr19:20228590|20232155	chr19	20228590	20232155	exon	GBM recurrent
chr19:21116830|21117853	chr19	21116830	21117853	exon	GBM recurrent
chr19:21280991|21301688	chr19	21280991	21301688	exon	GBM recurrent
chr19:22255611|22256366	chr19	22255611	22256366	exon	GBM recurrent
chr19:23507539|23521595	chr19	23507539	23521595	intron	GBM recurrent
chr19:23541232|23688783	chr19	23541232	23688783	intergenic_region	GBM recurrent
chr19:31025754|31040421	chr19	31025754	31040421	exon	GBM recurrent
chr19:33132930|33134537	chr19	33132930	33134537	exon	GBM recurrent
chr19:33406243|33417179	chr19	33406243	33417179	exon	GBM recurrent
chr19:34685383|34699956	chr19	34685383	34699956	exon	GBM recurrent
chr19:34921481|34929671	chr19	34921481	34929671	exon	GBM recurrent
chr19:34922766|34957919	chr19	34922766	34957919	exon	GBM recurrent
chr19:34934749|34936026	chr19	34934749	34936026	exon	GBM recurrent
chr19:34941170|34955036	chr19	34941170	34955036	exon	GBM recurrent
chr19:34942886|34957919	chr19	34942886	34957919	exon	GBM recurrent
chr19:36636708|36637214	chr19	36636708	36637214	exon	GBM recurrent
chr19:37690302|37698156	chr19	37690302	37698156	exon	GBM recurrent
chr19:37916770|37917280	chr19	37916770	37917280	exon	GBM recurrent
chr19:40391998|40406060	chr19	40391998	40406060	intron	GBM recurrent
chr19:40533949|40542533	chr19	40533949	40542533	intergenic_region	GBM recurrent
chr19:40540857|40542533	chr19	40540857	40542533	exon	GBM recurrent
chr19:41089304|41089623	chr19	41089304	41089623	exon	GBM recurrent
chr19:44469956|44622727	chr19	44469956	44622727	intergenic_region	GBM recurrent
chr19:44512942|44648800	chr19	44512942	44648800	intergenic_region	GBM recurrent
chr19:45766371|45766625	chr19	45766371	45766625	exon	GBM recurrent
chr19:45767942|45769539	chr19	45767942	45769539	exon	GBM recurrent
chr19:45781181|45783992	chr19	45781181	45783992	exon	GBM recurrent
chr19:47421745|47440665	chr19	47421745	47440665	intergenic_region	GBM recurrent
chr19:47646751|47658470	chr19	47646751	47658470	exon	GBM recurrent
chr19:47653459|47658470	chr19	47653459	47658470	exon	GBM recurrent
chr19:47865733|47865950	chr19	47865733	47865950	exon	GBM recurrent
chr19:48571485|48573131	chr19	48571485	48573131	intron	GBM recurrent
chr19:52876364|52877680	chr19	52876364	52877680	exon	GBM recurrent
chr19:53122189|53138406	chr19	53122189	53138406	exon	GBM recurrent
chr19:53714234|53716922	chr19	53714234	53716922	exon	GBM recurrent
chr19:53928324|54007350	chr19	53928324	54007350	intergenic_region	GBM recurrent
chr19:55105662|55142084	chr19	55105662	55142084	intergenic_region	GBM recurrent
chr19:55175637|55208843	chr19	55175637	55208843	intergenic_region	GBM recurrent
chr19:57888496|57908542	chr19	57888496	57908542	intron	GBM recurrent
chr19:58130780|58132861	chr19	58130780	58132861	exon	GBM recurrent
chr2:8427468|8452976	chr2	8427468	8452976	exon	GBM recurrent
chr2:9017160|9098771	chr2	9017160	9098771	exon	GBM recurrent
chr2:9028148|9098771	chr2	9028148	9098771	exon	GBM recurrent
chr2:9083316|9114564	chr2	9083316	9114564	exon	GBM recurrent
chr2:10742902|10747437	chr2	10742902	10747437	exon	GBM recurrent
chr2:10784446|10808849	chr2	10784446	10808849	exon	GBM recurrent
chr2:15514732|15567918	chr2	15514732	15567918	exon	GBM recurrent
chr2:15514732|15618413	chr2	15514732	15618413	exon	GBM recurrent
chr2:15555670|15618413	chr2	15555670	15618413	exon	GBM recurrent
chr2:15601325|15679480	chr2	15601325	15679480	exon	GBM recurrent
chr2:15629018|15651474	chr2	15629018	15651474	exon	GBM recurrent
chr2:20454624|20455931	chr2	20454624	20455931	exon	GBM recurrent
chr2:24103509|24108699	chr2	24103509	24108699	exon	GBM recurrent
chr2:24181171|24194284	chr2	24181171	24194284	exon	GBM recurrent
chr2:24181171|24199945	chr2	24181171	24199945	exon	GBM recurrent
chr2:24181171|24222780	chr2	24181171	24222780	exon	GBM recurrent
chr2:24357989|24384483	chr2	24357989	24384483	exon	GBM recurrent
chr2:24360779|24384483	chr2	24360779	24384483	exon	GBM recurrent
chr2:24362240|24369956	chr2	24362240	24369956	exon	GBM recurrent
chr2:24787164|24807429	chr2	24787164	24807429	exon	GBM recurrent
chr2:24787164|24816590	chr2	24787164	24816590	intron	GBM recurrent
chr2:24787164|24881635	chr2	24787164	24881635	exon	GBM recurrent
chr2:24787164|24896332	chr2	24787164	24896332	exon	GBM recurrent
chr2:24787164|24905997	chr2	24787164	24905997	exon	GBM recurrent
chr2:24807345|24896332	chr2	24807345	24896332	exon	GBM recurrent
chr2:25314194|25326656	chr2	25314194	25326656	exon	GBM recurrent
chr2:26486248|26500028	chr2	26486248	26500028	exon	GBM recurrent
chr2:26587170|26596497	chr2	26587170	26596497	exon	GBM recurrent
chr2:27154508|27163040	chr2	27154508	27163040	exon	GBM recurrent
chr2:27900162|27900791	chr2	27900162	27900791	exon	GBM recurrent
chr2:29006773|29011675	chr2	29006773	29011675	exon	GBM recurrent
chr2:30775359|30791042	chr2	30775359	30791042	exon	GBM recurrent
chr2:32108455|32157204	chr2	32108455	32157204	exon	GBM recurrent
chr2:32515552|32526564	chr2	32515552	32526564	exon	GBM recurrent
chr2:32602656|32631625	chr2	32602656	32631625	exon	GBM recurrent
chr2:32654214|32679010	chr2	32654214	32679010	exon	GBM recurrent
chr2:32664576|32668656	chr2	32664576	32668656	exon	GBM recurrent
chr2:32698180|32702651	chr2	32698180	32702651	exon	GBM recurrent
chr2:36623757|36669878	chr2	36623757	36669878	exon	GBM recurrent
chr2:36668401|36669878	chr2	36668401	36669878	exon	GBM recurrent
chr2:37259772|37268435	chr2	37259772	37268435	exon	GBM recurrent
chr2:37543380|37545042	chr2	37543380	37545042	intron	GBM recurrent
chr2:39406328|39456729	chr2	39406328	39456729	exon	GBM recurrent
chr2:39424093|39456729	chr2	39424093	39456729	intron	GBM recurrent
chr2:39564061|39564722	chr2	39564061	39564722	exon	GBM recurrent
chr2:40655615|40657444	chr2	40655615	40657444	exon	GBM recurrent
chr2:43625110|43712464	chr2	43625110	43712464	exon	GBM recurrent
chr2:43712373|43755127	chr2	43712373	43755127	exon	GBM recurrent
chr2:43725972|43755127	chr2	43725972	43755127	exon	GBM recurrent
chr2:43813540|43819555	chr2	43813540	43819555	exon	GBM recurrent
chr2:44021596|44028848	chr2	44021596	44028848	exon	GBM recurrent
chr2:45704132|45812913	chr2	45704132	45812913	exon	GBM recurrent
chr2:48049357|48050499	chr2	48049357	48050499	exon	GBM recurrent
chr2:48701822|48718309	chr2	48701822	48718309	exon	GBM recurrent
chr2:48725632|48738607	chr2	48725632	48738607	exon	GBM recurrent
chr2:48847990|48898819	chr2	48847990	48898819	exon	GBM recurrent
chr2:50847160|50850753	chr2	50847160	50850753	exon	GBM recurrent
chr2:51149007|51153093	chr2	51149007	51153093	exon	GBM recurrent
chr2:53830522|53833217	chr2	53830522	53833217	exon	GBM recurrent
chr2:53921021|53978078	chr2	53921021	53978078	exon	GBM recurrent
chr2:53941521|53943880	chr2	53941521	53943880	exon	GBM recurrent
chr2:54146288|54153160	chr2	54146288	54153160	exon	GBM recurrent
chr2:54152676|54161864	chr2	54152676	54161864	exon	GBM recurrent
chr2:55040369|55056614	chr2	55040369	55056614	exon	GBM recurrent
chr2:55589444|55602019	chr2	55589444	55602019	exon	GBM recurrent
chr2:58425729|58459247	chr2	58425729	58459247	exon	GBM recurrent
chr2:61340905|61345251	chr2	61340905	61345251	intron	GBM recurrent
chr2:61706510|61706810	chr2	61706510	61706810	intron	GBM recurrent
chr2:61709515|61717911	chr2	61709515	61717911	exon	GBM recurrent
chr2:61710092|61717911	chr2	61710092	61717911	exon	GBM recurrent
chr2:61721029|61722748	chr2	61721029	61722748	exon	GBM recurrent
chr2:61722590|61753656	chr2	61722590	61753656	exon	GBM recurrent
chr2:63170937|63176297	chr2	63170937	63176297	exon	GBM recurrent
chr2:63831830|63833162	chr2	63831830	63833162	exon	GBM recurrent
chr2:64083440|64085070	chr2	64083440	64085070	exon	GBM recurrent
chr2:64778577|64780543	chr2	64778577	64780543	exon	GBM recurrent
chr2:64800080|64812679	chr2	64800080	64812679	exon	GBM recurrent
chr2:68717322|68765359	chr2	68717322	68765359	exon	GBM recurrent
chr2:69732701|69734710	chr2	69732701	69734710	exon	GBM recurrent
chr2:69769655|69771676	chr2	69769655	69771676	exon	GBM recurrent
chr2:70406664|70409129	chr2	70406664	70409129	exon	GBM recurrent
chr2:70451686|70463307	chr2	70451686	70463307	exon	GBM recurrent
chr2:71623271|71645769	chr2	71623271	71645769	exon	GBM recurrent
chr2:73215387|73228707	chr2	73215387	73228707	exon	GBM recurrent
chr2:73659326|73681194	chr2	73659326	73681194	exon	GBM recurrent
chr2:73659326|73682422	chr2	73659326	73682422	exon	GBM recurrent
chr2:75897264|75899142	chr2	75897264	75899142	exon	GBM recurrent
chr2:86088304|86097381	chr2	86088304	86097381	exon	GBM recurrent
chr2:86701899|86707485	chr2	86701899	86707485	exon	GBM recurrent
chr2:89085987|89104922	chr2	89085987	89104922	exon	GBM recurrent
chr2:95814630|95819004	chr2	95814630	95819004	exon	GBM recurrent
chr2:96517442|96525822	chr2	96517442	96525822	exon	GBM recurrent
chr2:96577992|96581919	chr2	96577992	96581919	exon	GBM recurrent
chr2:97856715|97877478	chr2	97856715	97877478	exon	GBM recurrent
chr2:97866071|97873743	chr2	97866071	97873743	exon	GBM recurrent
chr2:97869928|97871705	chr2	97869928	97871705	exon	GBM recurrent
chr2:98430434|98449889	chr2	98430434	98449889	exon	GBM recurrent
chr2:100058779|100081447	chr2	100058779	100081447	exon	GBM recurrent
chr2:100623094|100625394	chr2	100623094	100625394	exon	GBM recurrent
chr2:101521195|101554304	chr2	101521195	101554304	exon	GBM recurrent
chr2:101521195|101565942	chr2	101521195	101565942	exon	GBM recurrent
chr2:101549372|101580638	chr2	101549372	101580638	exon	GBM recurrent
chr2:101874300|101879153	chr2	101874300	101879153	exon	GBM recurrent
chr2:101898321|101911643	chr2	101898321	101911643	exon	GBM recurrent
chr2:110321943|110323436	chr2	110321943	110323436	exon	GBM recurrent
chr2:110919180|110920712	chr2	110919180	110920712	exon	GBM recurrent
chr2:113057426|113082774	chr2	113057426	113082774	exon	GBM recurrent
chr2:114202541|114212355	chr2	114202541	114212355	exon	GBM recurrent
chr2:115108751|115163075	chr2	115108751	115163075	intergenic_region	GBM recurrent
chr2:120918457|120932580	chr2	120918457	120932580	exon	GBM recurrent
chr2:128747138|128747440	chr2	128747138	128747440	exon	GBM recurrent
chr2:128747138|128754065	chr2	128747138	128754065	exon	GBM recurrent
chr2:128922304|128928858	chr2	128922304	128928858	exon	GBM recurrent
chr2:135010666|135012215	chr2	135010666	135012215	exon	GBM recurrent
chr2:136402949|136433056	chr2	136402949	136433056	exon	GBM recurrent
chr2:136409300|136437894	chr2	136409300	136437894	exon	GBM recurrent
chr2:136432902|136437894	chr2	136432902	136437894	exon	GBM recurrent
chr2:136505837|136519481	chr2	136505837	136519481	exon	GBM recurrent
chr2:150325159|150342859	chr2	150325159	150342859	intergenic_region	GBM recurrent
chr2:153399253|153417549	chr2	153399253	153417549	exon	GBM recurrent
chr2:160005653|160007067	chr2	160005653	160007067	exon	GBM recurrent
chr2:160025761|160027316	chr2	160025761	160027316	exon	GBM recurrent
chr2:160585520|160619504	chr2	160585520	160619504	exon	GBM recurrent
chr2:160599572|160605414	chr2	160599572	160605414	exon	GBM recurrent
chr2:160602281|160605414	chr2	160602281	160605414	exon	GBM recurrent
chr2:168920010|168931741	chr2	168920010	168931741	exon	GBM recurrent
chr2:168994598|168997268	chr2	168994598	168997268	exon	GBM recurrent
chr2:170387097|170401345	chr2	170387097	170401345	exon	GBM recurrent
chr2:171853163|171939362	chr2	171853163	171939362	exon	GBM recurrent
chr2:171872511|171872761	chr2	171872511	171872761	intron	GBM recurrent
chr2:171902684|171939362	chr2	171902684	171939362	exon	GBM recurrent
chr2:171973828|171974367	chr2	171973828	171974367	intron	GBM recurrent
chr2:172180554|172196064	chr2	172180554	172196064	exon	GBM recurrent
chr2:172821859|172823470	chr2	172821859	172823470	exon	GBM recurrent
chr2:173423436|173427019	chr2	173423436	173427019	exon	GBM recurrent
chr2:173423436|173431661	chr2	173423436	173431661	exon	GBM recurrent
chr2:173426948|173429801	chr2	173426948	173429801	exon	GBM recurrent
chr2:175779786|175816930	chr2	175779786	175816930	exon	GBM recurrent
chr2:178305693|178326746	chr2	178305693	178326746	exon	GBM recurrent
chr2:179400459|179407088	chr2	179400459	179407088	exon	GBM recurrent
chr2:179455866|179465394	chr2	179455866	179465394	exon	GBM recurrent
chr2:182786675|182793005	chr2	182786675	182793005	exon	GBM recurrent
chr2:183817133|183818059	chr2	183817133	183818059	exon	GBM recurrent
chr2:186946057|186964557	chr2	186946057	186964557	intergenic_region	GBM recurrent
chr2:190584298|190603408	chr2	190584298	190603408	exon	GBM recurrent
chr2:190593386|190620046	chr2	190593386	190620046	intron	GBM recurrent
chr2:190617575|190618790	chr2	190617575	190618790	exon	GBM recurrent
chr2:196849356|196866582	chr2	196849356	196866582	exon	GBM recurrent
chr2:197755552|197763093	chr2	197755552	197763093	exon	GBM recurrent
chr2:197777606|197786910	chr2	197777606	197786910	exon	GBM recurrent
chr2:201277034|201305507	chr2	201277034	201305507	exon	GBM recurrent
chr2:201994452|202014558	chr2	201994452	202014558	exon	GBM recurrent
chr2:202410266|202440049	chr2	202410266	202440049	exon	GBM recurrent
chr2:202410266|202446940	chr2	202410266	202446940	exon	GBM recurrent
chr2:202430452|202440049	chr2	202430452	202440049	exon	GBM recurrent
chr2:203747434|203757425	chr2	203747434	203757425	exon	GBM recurrent
chr2:204244931|204267457	chr2	204244931	204267457	exon	GBM recurrent
chr2:204267299|204291992	chr2	204267299	204291992	exon	GBM recurrent
chr2:206986484|206987081	chr2	206986484	206987081	exon	GBM recurrent
chr2:206992521|207006793	chr2	206992521	207006793	exon	GBM recurrent
chr2:207013744|207018406	chr2	207013744	207018406	exon	GBM recurrent
chr2:210557349|210561074	chr2	210557349	210561074	exon	GBM recurrent
chr2:210880697|210885788	chr2	210880697	210885788	exon	GBM recurrent
chr2:211018219|211019335	chr2	211018219	211019335	exon	GBM recurrent
chr2:214174783|214215369	chr2	214174783	214215369	exon	GBM recurrent
chr2:215609791|215646233	chr2	215609791	215646233	exon	GBM recurrent
chr2:215609791|215661841	chr2	215609791	215661841	exon	GBM recurrent
chr2:215617171|215646233	chr2	215617171	215646233	exon	GBM recurrent
chr2:215617171|215661841	chr2	215617171	215661841	exon	GBM recurrent
chr2:215632206|215657169	chr2	215632206	215657169	exon	GBM recurrent
chr2:215657021|215661841	chr2	215657021	215661841	exon	GBM recurrent
chr2:216177728|216179316	chr2	216177728	216179316	intron	GBM recurrent
chr2:216238045|216256537	chr2	216238045	216256537	exon	GBM recurrent
chr2:217005909|217012999	chr2	217005909	217012999	exon	GBM recurrent
chr2:220077109|220079804	chr2	220077109	220079804	exon	GBM recurrent
chr2:220366619|220367019	chr2	220366619	220367019	intron	GBM recurrent
chr2:223084859|223097002	chr2	223084859	223097002	exon	GBM recurrent
chr2:224749365|224760347	chr2	224749365	224760347	exon	GBM recurrent
chr2:224758951|224760347	chr2	224758951	224760347	exon	GBM recurrent
chr2:224847398|224863059	chr2	224847398	224863059	exon	GBM recurrent
chr2:230684184|230685414	chr2	230684184	230685414	intron	GBM recurrent
chr2:230723488|230744844	chr2	230723488	230744844	exon	GBM recurrent
chr2:230840957|230861639	chr2	230840957	230861639	exon	GBM recurrent
chr2:231909887|231910328	chr2	231909887	231910328	intron	GBM recurrent
chr2:232879545|232894790	chr2	232879545	232894790	exon	GBM recurrent
chr2:233651860|233660931	chr2	233651860	233660931	exon	GBM recurrent
chr2:236496307|236497944	chr2	236496307	236497944	intron	GBM recurrent
chr2:236817382|236839567	chr2	236817382	236839567	exon	GBM recurrent
chr2:236839409|236877267	chr2	236839409	236877267	exon	GBM recurrent
chr2:242099747|242102816	chr2	242099747	242102816	exon	GBM recurrent
chr20:3888573|3893281	chr20	3888573	3893281	exon	GBM recurrent
chr20:4776461|4781708	chr20	4776461	4781708	exon	GBM recurrent
chr20:10536879|10541468	chr20	10536879	10541468	exon	GBM recurrent
chr20:13539655|13568017	chr20	13539655	13568017	exon	GBM recurrent
chr20:16474936|16496309	chr20	16474936	16496309	exon	GBM recurrent
chr20:19560644|19566188	chr20	19560644	19566188	exon	GBM recurrent
chr20:20003100|20007563	chr20	20003100	20007563	exon	GBM recurrent
chr20:30115287|30115853	chr20	30115287	30115853	exon	GBM recurrent
chr20:30954187|30978970	chr20	30954187	30978970	intron	GBM recurrent
chr20:32659872|32666359	chr20	32659872	32666359	exon	GBM recurrent
chr20:33045195|33057925	chr20	33045195	33057925	exon	GBM recurrent
chr20:33302394|33303169	chr20	33302394	33303169	exon	GBM recurrent
chr20:34135163|34136618	chr20	34135163	34136618	exon	GBM recurrent
chr20:35718420|35722132	chr20	35718420	35722132	intron	GBM recurrent
chr20:39830697|39897723	chr20	39830697	39897723	exon	GBM recurrent
chr20:45700824|45702974	chr20	45700824	45702974	exon	GBM recurrent
chr20:45874752|45875261	chr20	45874752	45875261	exon	GBM recurrent
chr20:45891032|45919018	chr20	45891032	45919018	exon	GBM recurrent
chr20:45923410|45927691	chr20	45923410	45927691	exon	GBM recurrent
chr20:47682729|47686834	chr20	47682729	47686834	exon	GBM recurrent
chr20:47708583|47711500	chr20	47708583	47711500	exon	GBM recurrent
chr20:47871032|47880020	chr20	47871032	47880020	exon	GBM recurrent
chr20:51870038|51872983	chr20	51870038	51872983	exon	GBM recurrent
chr20:62073759|62078190	chr20	62073759	62078190	exon	GBM recurrent
chr21:16197844|16230029	chr21	16197844	16230029	exon	GBM recurrent
chr21:17553911|17603435	chr21	17553911	17603435	exon	GBM recurrent
chr21:27394156|27394327	chr21	27394156	27394327	exon	GBM recurrent
chr21:27394156|27425664	chr21	27394156	27425664	exon	GBM recurrent
chr21:30677525|30702014	chr21	30677525	30702014	exon	GBM recurrent
chr21:30698380|30702014	chr21	30698380	30702014	exon	GBM recurrent
chr21:33825620|33840156	chr21	33825620	33840156	exon	GBM recurrent
chr21:33825620|33867480	chr21	33825620	33867480	exon	GBM recurrent
chr21:33825620|33876325	chr21	33825620	33876325	exon	GBM recurrent
chr21:34793787|34805178	chr21	34793787	34805178	exon	GBM recurrent
chr21:36206707|36231875	chr21	36206707	36231875	exon	GBM recurrent
chr21:37775056|37783902	chr21	37775056	37783902	exon	GBM recurrent
chr21:38480692|38501363	chr21	38480692	38501363	exon	GBM recurrent
chr21:38480692|38520947	chr21	38480692	38520947	exon	GBM recurrent
chr21:38792601|38828610	chr21	38792601	38828610	exon	GBM recurrent
chr21:38792601|38868560	chr21	38792601	38868560	exon	GBM recurrent
chr21:38844986|38868560	chr21	38844986	38868560	exon	GBM recurrent
chr21:40578034|40584633	chr21	40578034	40584633	exon	GBM recurrent
chr21:40581921|40587288	chr21	40581921	40587288	exon	GBM recurrent
chr21:42609440|42629253	chr21	42609440	42629253	exon	GBM recurrent
chr21:44424436|44448984	chr21	44424436	44448984	exon	GBM recurrent
chr21:45149733|45150101	chr21	45149733	45150101	intron	GBM recurrent
chr21:45165960|45168961	chr21	45165960	45168961	exon	GBM recurrent
chr21:46275125|46281186	chr21	46275125	46281186	exon	GBM recurrent
chr22:17978442|17979767	chr22	17978442	17979767	exon	GBM recurrent
chr22:17982114|17984048	chr22	17982114	17984048	exon	GBM recurrent
chr22:22055265|22065197	chr22	22055265	22065197	exon	GBM recurrent
chr22:22153301|22162135	chr22	22153301	22162135	exon	GBM recurrent
chr22:23029445|23089953	chr22	23029445	23089953	intergenic_region	GBM recurrent
chr22:23029445|23192390	chr22	23029445	23192390	intergenic_region	GBM recurrent
chr22:24698163|24765288	chr22	24698163	24765288	exon	GBM recurrent
chr22:28910745|28924716	chr22	28910745	28924716	intron	GBM recurrent
chr22:29682912|29683123	chr22	29682912	29683123	exon	GBM recurrent
chr22:30366965|30394846	chr22	30366965	30394846	exon	GBM recurrent
chr22:30374431|30387659	chr22	30374431	30387659	exon	GBM recurrent
chr22:32661418|32669494	chr22	32661418	32669494	intron	GBM recurrent
chr22:32874968|32881196	chr22	32874968	32881196	exon	GBM recurrent
chr22:34157358|34161940	chr22	34157358	34161940	intron	GBM recurrent
chr22:35738688|35738856	chr22	35738688	35738856	intron	GBM recurrent
chr22:36251548|36253014	chr22	36251548	36253014	intron	GBM recurrent
chr22:36737415|36745300	chr22	36737415	36745300	exon	GBM recurrent
chr22:36914810|36915584	chr22	36914810	36915584	exon	GBM recurrent
chr22:38019334|38019640	chr22	38019334	38019640	exon	GBM recurrent
chr22:38083917|38084999	chr22	38083917	38084999	exon	GBM recurrent
chr22:39382303|39421354	chr22	39382303	39421354	intergenic_region	GBM recurrent
chr22:40657836|40666284	chr22	40657836	40666284	exon	GBM recurrent
chr22:40666126|40669604	chr22	40666126	40669604	exon	GBM recurrent
chr22:40825610|40831558	chr22	40825610	40831558	exon	GBM recurrent
chr22:41173044|41190584	chr22	41173044	41190584	exon	GBM recurrent
chr22:41265003|41278181	chr22	41265003	41278181	exon	GBM recurrent
chr22:41274140|41274646	chr22	41274140	41274646	intron	GBM recurrent
chr22:41277774|41282519	chr22	41277774	41282519	exon	GBM recurrent
chr22:41350246|41350816	chr22	41350246	41350816	intron	GBM recurrent
chr22:41531817|41536261	chr22	41531817	41536261	exon	GBM recurrent
chr22:42204879|42209826	chr22	42204879	42209826	exon	GBM recurrent
chr22:42605657|42611347	chr22	42605657	42611347	exon	GBM recurrent
chr22:43286953|43287188	chr22	43286953	43287188	exon	GBM recurrent
chr22:45726484|45736442	chr22	45726484	45736442	exon	GBM recurrent
chr3:3819409|3824385	chr3	3819409	3824385	exon	GBM recurrent
chr3:8881880|8894632	chr3	8881880	8894632	intron	GBM recurrent
chr3:8977555|8990254	chr3	8977555	8990254	exon	GBM recurrent
chr3:9484992|9487424	chr3	9484992	9487424	exon	GBM recurrent
chr3:11399892|11468400	chr3	11399892	11468400	exon	GBM recurrent
chr3:12570387|12574272	chr3	12570387	12574272	exon	GBM recurrent
chr3:16336363|16345099	chr3	16336363	16345099	exon	GBM recurrent
chr3:20178434|20181856	chr3	20178434	20181856	exon	GBM recurrent
chr3:27478879|27490288	chr3	27478879	27490288	exon	GBM recurrent
chr3:31617888|31621588	chr3	31617888	31621588	exon	GBM recurrent
chr3:33648083|33686395	chr3	33648083	33686395	exon	GBM recurrent
chr3:37105233|37125297	chr3	37105233	37125297	exon	GBM recurrent
chr3:40502898|40503739	chr3	40502898	40503739	exon	GBM recurrent
chr3:43073759|43098024	chr3	43073759	43098024	exon	GBM recurrent
chr3:44986660|45000952	chr3	44986660	45000952	exon	GBM recurrent
chr3:45763492|45765035	chr3	45763492	45765035	exon	GBM recurrent
chr3:47079156|47103836	chr3	47079156	47103836	exon	GBM recurrent
chr3:47098311|47108608	chr3	47098311	47108608	exon	GBM recurrent
chr3:47139445|47147610	chr3	47139445	47147610	exon	GBM recurrent
chr3:47436577|47437707	chr3	47436577	47437707	intron	GBM recurrent
chr3:47466975|47470160	chr3	47466975	47470160	exon	GBM recurrent
chr3:47651556|47719801	chr3	47651556	47719801	exon	GBM recurrent
chr3:47663697|47680270	chr3	47663697	47680270	exon	GBM recurrent
chr3:47676680|47719801	chr3	47676680	47719801	exon	GBM recurrent
chr3:47700048|47719801	chr3	47700048	47719801	intron	GBM recurrent
chr3:47716965|47727660	chr3	47716965	47727660	exon	GBM recurrent
chr3:47719688|47727660	chr3	47719688	47727660	exon	GBM recurrent
chr3:47747899|47770584	chr3	47747899	47770584	exon	GBM recurrent
chr3:47762156|47777616	chr3	47762156	47777616	exon	GBM recurrent
chr3:47762156|47787483	chr3	47762156	47787483	exon	GBM recurrent
chr3:47777524|47787483	chr3	47777524	47787483	exon	GBM recurrent
chr3:47960209|47963368	chr3	47960209	47963368	exon	GBM recurrent
chr3:48572945|48573896	chr3	48572945	48573896	exon	GBM recurrent
chr3:48789018|48793877	chr3	48789018	48793877	exon	GBM recurrent
chr3:50102464|50103935	chr3	50102464	50103935	exon	GBM recurrent
chr3:50137415|50142575	chr3	50137415	50142575	exon	GBM recurrent
chr3:50144200|50145737	chr3	50144200	50145737	exon	GBM recurrent
chr3:51266943|51275021	chr3	51266943	51275021	exon	GBM recurrent
chr3:51474986|51477919	chr3	51474986	51477919	exon	GBM recurrent
chr3:51575514|51586079	chr3	51575514	51586079	intron	GBM recurrent
chr3:51715358|51718650	chr3	51715358	51718650	exon	GBM recurrent
chr3:52954553|52962357	chr3	52954553	52962357	exon	GBM recurrent
chr3:56700288|56707753	chr3	56700288	56707753	exon	GBM recurrent
chr3:56703728|56707753	chr3	56703728	56707753	exon	GBM recurrent
chr3:56771213|56779490	chr3	56771213	56779490	exon	GBM recurrent
chr3:57269594|57276170	chr3	57269594	57276170	exon	GBM recurrent
chr3:57280104|57282379	chr3	57280104	57282379	exon	GBM recurrent
chr3:57569625|57570191	chr3	57569625	57570191	exon	GBM recurrent
chr3:57827026|57850443	chr3	57827026	57850443	exon	GBM recurrent
chr3:57827026|57850584	chr3	57827026	57850584	exon	GBM recurrent
chr3:59908072|59999990	chr3	59908072	59999990	intron	GBM recurrent
chr3:59997097|59999990	chr3	59997097	59999990	intron	GBM recurrent
chr3:60164169|60166168	chr3	60164169	60166168	intron	GBM recurrent
chr3:63898264|63898901	chr3	63898264	63898901	exon	GBM recurrent
chr3:66455622|66467690	chr3	66455622	66467690	exon	GBM recurrent
chr3:67797195|67801084	chr3	67797195	67801084	exon	GBM recurrent
chr3:67797195|67818857	chr3	67797195	67818857	exon	GBM recurrent
chr3:71733723|71748859	chr3	71733723	71748859	exon	GBM recurrent
chr3:81406046|81409393	chr3	81406046	81409393	intergenic_region	GBM recurrent
chr3:81627076|81643174	chr3	81627076	81643174	exon	GBM recurrent
chr3:89390066|89391240	chr3	89390066	89391240	exon	GBM recurrent
chr3:89448468|89480509	chr3	89448468	89480509	exon	GBM recurrent
chr3:101383382|101391057	chr3	101383382	101391057	exon	GBM recurrent
chr3:101389974|101391057	chr3	101389974	101391057	exon	GBM recurrent
chr3:107284528|107284807	chr3	107284528	107284807	intron	GBM recurrent
chr3:121412588|121417776	chr3	121412588	121417776	exon	GBM recurrent
chr3:121433708|121449820	chr3	121433708	121449820	exon	GBM recurrent
chr3:124453940|124463050	chr3	124453940	124463050	exon	GBM recurrent
chr3:124456415|124463050	chr3	124456415	124463050	exon	GBM recurrent
chr3:124996570|125050082	chr3	124996570	125050082	exon	GBM recurrent
chr3:125567073|125567290	chr3	125567073	125567290	exon	GBM recurrent
chr3:126340585|126366139	chr3	126340585	126366139	exon	GBM recurrent
chr3:127980971|127983624	chr3	127980971	127983624	exon	GBM recurrent
chr3:128514203|128526514	chr3	128514203	128526514	exon	GBM recurrent
chr3:129182403|129188260	chr3	129182403	129188260	exon	GBM recurrent
chr3:129389173|129390107	chr3	129389173	129390107	exon	GBM recurrent
chr3:129599152|129599402	chr3	129599152	129599402	exon	GBM recurrent
chr3:129684544|129690951	chr3	129684544	129690951	intergenic_region	GBM recurrent
chr3:130881252|130889731	chr3	130881252	130889731	exon	GBM recurrent
chr3:130881252|130962340	chr3	130881252	130962340	exon	GBM recurrent
chr3:136050356|136050673	chr3	136050356	136050673	intron	GBM recurrent
chr3:137940768|137942575	chr3	137940768	137942575	exon	GBM recurrent
chr3:138224137|138250465	chr3	138224137	138250465	exon	GBM recurrent
chr3:141228410|141248644	chr3	141228410	141248644	intron	GBM recurrent
chr3:142455221|142503882	chr3	142455221	142503882	exon	GBM recurrent
chr3:149563798|149619949	chr3	149563798	149619949	exon	GBM recurrent
chr3:149563798|149629870	chr3	149563798	149629870	exon	GBM recurrent
chr3:149563798|149639014	chr3	149563798	149639014	exon	GBM recurrent
chr3:150834125|150883769	chr3	150834125	150883769	exon	GBM recurrent
chr3:152132730|152150709	chr3	152132730	152150709	exon	GBM recurrent
chr3:152163071|152165562	chr3	152163071	152165562	exon	GBM recurrent
chr3:153905474|153912507	chr3	153905474	153912507	exon	GBM recurrent
chr3:155547477|155551830	chr3	155547477	155551830	exon	GBM recurrent
chr3:155551257|155560408	chr3	155551257	155560408	exon	GBM recurrent
chr3:155611307|155624052	chr3	155611307	155624052	exon	GBM recurrent
chr3:155611307|155629068	chr3	155611307	155629068	exon	GBM recurrent
chr3:155628481|155643155	chr3	155628481	155643155	exon	GBM recurrent
chr3:155637022|155643155	chr3	155637022	155643155	exon	GBM recurrent
chr3:156411809|156413814	chr3	156411809	156413814	exon	GBM recurrent
chr3:158369885|158409437	chr3	158369885	158409437	exon	GBM recurrent
chr3:167217941|167254788	chr3	167217941	167254788	exon	GBM recurrent
chr3:167272438|167351320	chr3	167272438	167351320	exon	GBM recurrent
chr3:168027093|168031964	chr3	168027093	168031964	exon	GBM recurrent
chr3:169840379|169843795	chr3	169840379	169843795	intron	GBM recurrent
chr3:169889161|169896726	chr3	169889161	169896726	exon	GBM recurrent
chr3:170825854|170946010	chr3	170825854	170946010	exon	GBM recurrent
chr3:170884884|170908576	chr3	170884884	170908576	exon	GBM recurrent
chr3:171830242|171969331	chr3	171830242	171969331	exon	GBM recurrent
chr3:171965323|172028671	chr3	171965323	172028671	exon	GBM recurrent
chr3:171969050|171979873	chr3	171969050	171979873	intron	GBM recurrent
chr3:171969050|172016577	chr3	171969050	172016577	exon	GBM recurrent
chr3:171969050|172025291	chr3	171969050	172025291	exon	GBM recurrent
chr3:171969050|172028671	chr3	171969050	172028671	exon	GBM recurrent
chr3:172003716|172028671	chr3	172003716	172028671	exon	GBM recurrent
chr3:172499953|172504364	chr3	172499953	172504364	exon	GBM recurrent
chr3:173322069|173322881	chr3	173322069	173322881	exon	GBM recurrent
chr3:174241203|174271547	chr3	174241203	174271547	intron	GBM recurrent
chr3:178624190|178627494	chr3	178624190	178627494	intergenic_region	GBM recurrent
chr3:178626310|178627494	chr3	178626310	178627494	intergenic_region	GBM recurrent
chr3:178921332|178922376	chr3	178921332	178922376	exon	GBM recurrent
chr3:179131200|179137293	chr3	179131200	179137293	exon	GBM recurrent
chr3:179131200|179138715	chr3	179131200	179138715	exon	GBM recurrent
chr3:179131200|179144030	chr3	179131200	179144030	exon	GBM recurrent
chr3:180685839|180688146	chr3	180685839	180688146	exon	GBM recurrent
chr3:181417386|181417671	chr3	181417386	181417671	exon	GBM recurrent
chr3:181417386|181433080	chr3	181417386	181433080	exon	GBM recurrent
chr3:182602541|182605501	chr3	182602541	182605501	exon	GBM recurrent
chr3:184023185|184024833	chr3	184023185	184024833	intron	GBM recurrent
chr3:184642650|184684501	chr3	184642650	184684501	exon	GBM recurrent
chr3:185155235|185161424	chr3	185155235	185161424	exon	GBM recurrent
chr3:185307902|185331196	chr3	185307902	185331196	exon	GBM recurrent
chr3:185316200|185344181	chr3	185316200	185344181	exon	GBM recurrent
chr3:185782206|185783861	chr3	185782206	185783861	exon	GBM recurrent
chr3:185797606|185798964	chr3	185797606	185798964	exon	GBM recurrent
chr3:188326949|188327632	chr3	188326949	188327632	exon	GBM recurrent
chr3:193174789|193210949	chr3	193174789	193210949	exon	GBM recurrent
chr3:193177459|193179817	chr3	193177459	193179817	intron	GBM recurrent
chr3:193209118|193210949	chr3	193209118	193210949	exon	GBM recurrent
chr3:194154501|194171005	chr3	194154501	194171005	exon	GBM recurrent
chr3:195101738|195112876	chr3	195101738	195112876	exon	GBM recurrent
chr3:195415404|195426078	chr3	195415404	195426078	exon	GBM recurrent
chr3:196533450|196539722	chr3	196533450	196539722	exon	GBM recurrent
chr3:196533450|196547438	chr3	196533450	196547438	exon	GBM recurrent
chr3:196778448|196846401	chr3	196778448	196846401	exon	GBM recurrent
chr3:196846281|196869639	chr3	196846281	196869639	exon	GBM recurrent
chr3:196857398|196869639	chr3	196857398	196869639	exon	GBM recurrent
chr3:197592294|197593090	chr3	197592294	197593090	exon	GBM recurrent
chr4:1902353|1936989	chr4	1902353	1936989	exon	GBM recurrent
chr4:2492064|2502465	chr4	2492064	2502465	exon	GBM recurrent
chr4:2659530|2692697	chr4	2659530	2692697	exon	GBM recurrent
chr4:3188324|3190820	chr4	3188324	3190820	exon	GBM recurrent
chr4:5664834|5667376	chr4	5664834	5667376	exon	GBM recurrent
chr4:7870349|7873807	chr4	7870349	7873807	exon	GBM recurrent
chr4:21124760|21126949	chr4	21124760	21126949	intron	GBM recurrent
chr4:25153582|25160729	chr4	25153582	25160729	exon	GBM recurrent
chr4:25253943|25265471	chr4	25253943	25265471	exon	GBM recurrent
chr4:25315668|25317022	chr4	25315668	25317022	exon	GBM recurrent
chr4:25334805|25335610	chr4	25334805	25335610	exon	GBM recurrent
chr4:26997001|27004726	chr4	26997001	27004726	exon	GBM recurrent
chr4:38828306|38831158	chr4	38828306	38831158	exon	GBM recurrent
chr4:39301641|39304771	chr4	39301641	39304771	exon	GBM recurrent
chr4:39734979|39747430	chr4	39734979	39747430	intron	GBM recurrent
chr4:48844653|48852099	chr4	48844653	48852099	exon	GBM recurrent
chr4:56277781|56284152	chr4	56277781	56284152	exon	GBM recurrent
chr4:62800558|62813994	chr4	62800558	62813994	exon	GBM recurrent
chr4:62800558|62849321	chr4	62800558	62849321	exon	GBM recurrent
chr4:72102293|72222904	chr4	72102293	72222904	exon	GBM recurrent
chr4:72120937|72121116	chr4	72120937	72121116	exon	GBM recurrent
chr4:72215629|72263370	chr4	72215629	72263370	exon	GBM recurrent
chr4:72313363|72363409	chr4	72313363	72363409	exon	GBM recurrent
chr4:72338416|72363409	chr4	72338416	72363409	exon	GBM recurrent
chr4:72397779|72400105	chr4	72397779	72400105	exon	GBM recurrent
chr4:73985879|73991029	chr4	73985879	73991029	exon	GBM recurrent
chr4:74000834|74043250	chr4	74000834	74043250	exon	GBM recurrent
chr4:76725287|76726456	chr4	76725287	76726456	exon	GBM recurrent
chr4:77045802|77065626	chr4	77045802	77065626	exon	GBM recurrent
chr4:77065302|77065626	chr4	77065302	77065626	exon	GBM recurrent
chr4:77095297|77102254	chr4	77095297	77102254	exon	GBM recurrent
chr4:83795764|83803093	chr4	83795764	83803093	exon	GBM recurrent
chr4:83799883|83802075	chr4	83799883	83802075	exon	GBM recurrent
chr4:83799883|83803090	chr4	83799883	83803090	exon	GBM recurrent
chr4:83799883|83803093	chr4	83799883	83803093	exon	GBM recurrent
chr4:83891480|83900159	chr4	83891480	83900159	exon	GBM recurrent
chr4:85623506|85642725	chr4	85623506	85642725	exon	GBM recurrent
chr4:85660163|85661569	chr4	85660163	85661569	exon	GBM recurrent
chr4:85715672|85724620	chr4	85715672	85724620	exon	GBM recurrent
chr4:87685746|87689129	chr4	87685746	87689129	exon	GBM recurrent
chr4:88005272|88012981	chr4	88005272	88012981	exon	GBM recurrent
chr4:88091231|88116842	chr4	88091231	88116842	exon	GBM recurrent
chr4:88104355|88116842	chr4	88104355	88116842	exon	GBM recurrent
chr4:95494502|95507595	chr4	95494502	95507595	exon	GBM recurrent
chr4:95494502|95561601	chr4	95494502	95561601	exon	GBM recurrent
chr4:103225474|103236987	chr4	103225474	103236987	exon	GBM recurrent
chr4:103827693|103870584	chr4	103827693	103870584	exon	GBM recurrent
chr4:107092252|107115911	chr4	107092252	107115911	exon	GBM recurrent
chr4:107092252|107157965	chr4	107092252	107157965	exon	GBM recurrent
chr4:110384057|110384800	chr4	110384057	110384800	exon	GBM recurrent
chr4:110412483|110437796	chr4	110412483	110437796	exon	GBM recurrent
chr4:111112070|111112922	chr4	111112070	111112922	intron	GBM recurrent
chr4:113856771|113858719	chr4	113856771	113858719	intron	GBM recurrent
chr4:114095572|114120265	chr4	114095572	114120265	exon	GBM recurrent
chr4:114421619|114438813	chr4	114421619	114438813	exon	GBM recurrent
chr4:114430794|114452455	chr4	114430794	114452455	exon	GBM recurrent
chr4:114452372|114469885	chr4	114452372	114469885	exon	GBM recurrent
chr4:114582869|114600652	chr4	114582869	114600652	intron	GBM recurrent
chr4:128564676|128609022	chr4	128564676	128609022	exon	GBM recurrent
chr4:128590191|128609022	chr4	128590191	128609022	exon	GBM recurrent
chr4:129042981|129083472	chr4	129042981	129083472	exon	GBM recurrent
chr4:139981478|139994721	chr4	139981478	139994721	exon	GBM recurrent
chr4:140058784|140060651	chr4	140058784	140060651	exon	GBM recurrent
chr4:140314745|140325644	chr4	140314745	140325644	exon	GBM recurrent
chr4:140616351|140625350	chr4	140616351	140625350	exon	GBM recurrent
chr4:146744574|146813567	chr4	146744574	146813567	exon	GBM recurrent
chr4:146767108|146813567	chr4	146767108	146813567	exon	GBM recurrent
chr4:146791397|146813567	chr4	146791397	146813567	exon	GBM recurrent
chr4:148860976|148876525	chr4	148860976	148876525	exon	GBM recurrent
chr4:151682935|151729550	chr4	151682935	151729550	exon	GBM recurrent
chr4:154191487|154197282	chr4	154191487	154197282	exon	GBM recurrent
chr4:169812073|169837178	chr4	169812073	169837178	exon	GBM recurrent
chr4:170458960|170477246	chr4	170458960	170477246	exon	GBM recurrent
chr4:170501993|170523829	chr4	170501993	170523829	exon	GBM recurrent
chr4:174323869|174325101	chr4	174323869	174325101	intron	GBM recurrent
chr4:178274462|178281831	chr4	178274462	178281831	exon	GBM recurrent
chr4:184605128|184614300	chr4	184605128	184614300	exon	GBM recurrent
chr5:8783547|8783823	chr5	8783547	8783823	intergenic_region	GBM recurrent
chr5:10415600|10417516	chr5	10415600	10417516	exon	GBM recurrent
chr5:11082808|11098860	chr5	11082808	11098860	exon	GBM recurrent
chr5:13911495|13931353	chr5	13911495	13931353	exon	GBM recurrent
chr5:14293121|14336836	chr5	14293121	14336836	exon	GBM recurrent
chr5:14316622|14336836	chr5	14316622	14336836	exon	GBM recurrent
chr5:36953720|36976504	chr5	36953720	36976504	exon	GBM recurrent
chr5:37213661|37224842	chr5	37213661	37224842	exon	GBM recurrent
chr5:37348607|37358253	chr5	37348607	37358253	exon	GBM recurrent
chr5:38496484|38530768	chr5	38496484	38530768	exon	GBM recurrent
chr5:41794105|41807540	chr5	41794105	41807540	exon	GBM recurrent
chr5:43133475|43135195	chr5	43133475	43135195	intron	GBM recurrent
chr5:43161351|43162033	chr5	43161351	43162033	exon	GBM recurrent
chr5:43295854|43297268	chr5	43295854	43297268	exon	GBM recurrent
chr5:50055477|50059076	chr5	50055477	50059076	exon	GBM recurrent
chr5:54562966|54568003	chr5	54562966	54568003	exon	GBM recurrent
chr5:55455186|55469466	chr5	55455186	55469466	intron	GBM recurrent
chr5:56152427|56161804	chr5	56152427	56161804	exon	GBM recurrent
chr5:56160561|56161804	chr5	56160561	56161804	exon	GBM recurrent
chr5:56542127|56545403	chr5	56542127	56545403	exon	GBM recurrent
chr5:63496635|63513223	chr5	63496635	63513223	exon	GBM recurrent
chr5:64537931|64595958	chr5	64537931	64595958	exon	GBM recurrent
chr5:65284463|65290692	chr5	65284463	65290692	exon	GBM recurrent
chr5:68470704|68471364	chr5	68470704	68471364	exon	GBM recurrent
chr5:70797389|70808255	chr5	70797389	70808255	exon	GBM recurrent
chr5:70798426|70808255	chr5	70798426	70808255	exon	GBM recurrent
chr5:70811888|70849147	chr5	70811888	70849147	exon	GBM recurrent
chr5:70888753|70900295	chr5	70888753	70900295	exon	GBM recurrent
chr5:72157635|72179059	chr5	72157635	72179059	exon	GBM recurrent
chr5:72354260|72373320	chr5	72354260	72373320	exon	GBM recurrent
chr5:72850147|72857113	chr5	72850147	72857113	exon	GBM recurrent
chr5:74041503|74046492	chr5	74041503	74046492	exon	GBM recurrent
chr5:76745585|76759051	chr5	76745585	76759051	exon	GBM recurrent
chr5:76745585|76785397	chr5	76745585	76785397	exon	GBM recurrent
chr5:77385217|77461496	chr5	77385217	77461496	exon	GBM recurrent
chr5:77423854|77461496	chr5	77423854	77461496	exon	GBM recurrent
chr5:77684661|77755185	chr5	77684661	77755185	exon	GBM recurrent
chr5:78940946|78964851	chr5	78940946	78964851	exon	GBM recurrent
chr5:79441913|79462301	chr5	79441913	79462301	exon	GBM recurrent
chr5:79446553|79448503	chr5	79446553	79448503	intron	GBM recurrent
chr5:79470777|79473886	chr5	79470777	79473886	exon	GBM recurrent
chr5:80021272|80037367	chr5	80021272	80037367	exon	GBM recurrent
chr5:80063752|80088663	chr5	80063752	80088663	exon	GBM recurrent
chr5:80071513|80109560	chr5	80071513	80109560	exon	GBM recurrent
chr5:80911292|80948145	chr5	80911292	80948145	intron	GBM recurrent
chr5:82815168|82818128	chr5	82815168	82818128	exon	GBM recurrent
chr5:93386436|93410474	chr5	93386436	93410474	exon	GBM recurrent
chr5:95072593|95119667	chr5	95072593	95119667	exon	GBM recurrent
chr5:96058343|96066564	chr5	96058343	96066564	exon	GBM recurrent
chr5:98215256|98217079	chr5	98215256	98217079	exon	GBM recurrent
chr5:100222047|100231489	chr5	100222047	100231489	exon	GBM recurrent
chr5:108233360|108295048	chr5	108233360	108295048	exon	GBM recurrent
chr5:108698541|108719221	chr5	108698541	108719221	exon	GBM recurrent
chr5:109117097|109166681	chr5	109117097	109166681	intron	GBM recurrent
chr5:111570331|111576507	chr5	111570331	111576507	exon	GBM recurrent
chr5:112090570|112103087	chr5	112090570	112103087	exon	GBM recurrent
chr5:112102023|112137080	chr5	112102023	112137080	exon	GBM recurrent
chr5:112111326|112137080	chr5	112111326	112137080	exon	GBM recurrent
chr5:112116487|112137080	chr5	112116487	112137080	exon	GBM recurrent
chr5:112128143|112128674	chr5	112128143	112128674	intron	GBM recurrent
chr5:112151192|112164669	chr5	112151192	112164669	exon	GBM recurrent
chr5:115167019|115168361	chr5	115167019	115168361	exon	GBM recurrent
chr5:123974826|123980354	chr5	123974826	123980354	exon	GBM recurrent
chr5:123974826|124036962	chr5	123974826	124036962	exon	GBM recurrent
chr5:132219032|132220811	chr5	132219032	132220811	exon	GBM recurrent
chr5:134010305|134011815	chr5	134010305	134011815	exon	GBM recurrent
chr5:137320946|137324004	chr5	137320946	137324004	exon	GBM recurrent
chr5:137904614|137906830	chr5	137904614	137906830	exon	GBM recurrent
chr5:138614016|138614818	chr5	138614016	138614818	exon	GBM recurrent
chr5:138979957|139003046	chr5	138979957	139003046	exon	GBM recurrent
chr5:139818046|139828890	chr5	139818046	139828890	exon	GBM recurrent
chr5:141511373|141520194	chr5	141511373	141520194	exon	GBM recurrent
chr5:142500553|142526946	chr5	142500553	142526946	exon	GBM recurrent
chr5:147000229|147012341	chr5	147000229	147012341	exon	GBM recurrent
chr5:151166133|151178874	chr5	151166133	151178874	exon	GBM recurrent
chr5:151166164|151184007	chr5	151166164	151184007	exon	GBM recurrent
chr5:151169884|151170623	chr5	151169884	151170623	exon	GBM recurrent
chr5:153143994|153149975	chr5	153143994	153149975	exon	GBM recurrent
chr5:153409049|153414527	chr5	153409049	153414527	exon	GBM recurrent
chr5:153429117|153433649	chr5	153429117	153433649	exon	GBM recurrent
chr5:159437507|159437865	chr5	159437507	159437865	exon	GBM recurrent
chr5:159520108|159521072	chr5	159520108	159521072	exon	GBM recurrent
chr5:162870680|162871487	chr5	162870680	162871487	exon	GBM recurrent
chr5:171482592|171484477	chr5	171482592	171484477	exon	GBM recurrent
chr5:175749276|175751760	chr5	175749276	175751760	exon	GBM recurrent
chr5:176370336|176378578	chr5	176370336	176378578	exon	GBM recurrent
chr5:176370336|176385155	chr5	176370336	176385155	exon	GBM recurrent
chr5:176468127|176471534	chr5	176468127	176471534	exon	GBM recurrent
chr5:176468127|176477937	chr5	176468127	176477937	exon	GBM recurrent
chr5:176671196|176673797	chr5	176671196	176673797	exon	GBM recurrent
chr5:176963359|176966148	chr5	176963359	176966148	exon	GBM recurrent
chr5:178312615|178358327	chr5	178312615	178358327	intergenic_region	GBM recurrent
chr5:179130048|179131560	chr5	179130048	179131560	intron	GBM recurrent
chr5:179151763|179153760	chr5	179151763	179153760	exon	GBM recurrent
chr5:179976931|179980471	chr5	179976931	179980471	exon	GBM recurrent
chr6:5396866|5431405	chr6	5396866	5431405	intron	GBM recurrent
chr6:7176888|7189555	chr6	7176888	7189555	exon	GBM recurrent
chr6:7181357|7189555	chr6	7181357	7189555	exon	GBM recurrent
chr6:10935291|10956475	chr6	10935291	10956475	exon	GBM recurrent
chr6:18236683|18237747	chr6	18236683	18237747	exon	GBM recurrent
chr6:18255962|18258636	chr6	18255962	18258636	exon	GBM recurrent
chr6:20480077|20488479	chr6	20480077	20488479	exon	GBM recurrent
chr6:22020568|22056919	chr6	22020568	22056919	exon	GBM recurrent
chr6:25482485|25495443	chr6	25482485	25495443	exon	GBM recurrent
chr6:28215845|28217612	chr6	28215845	28217612	exon	GBM recurrent
chr6:29857484|29912174	chr6	29857484	29912174	intergenic_region	GBM recurrent
chr6:29858041|29912174	chr6	29858041	29912174	intergenic_region	GBM recurrent
chr6:29897179|29913058	chr6	29897179	29913058	intergenic_region	GBM recurrent
chr6:29913011|29976954	chr6	29913011	29976954	intergenic_region	GBM recurrent
chr6:30638187|30639051	chr6	30638187	30639051	exon	GBM recurrent
chr6:31860184|31860687	chr6	31860184	31860687	exon	GBM recurrent
chr6:32522467|32548633	chr6	32522467	32548633	intergenic_region	GBM recurrent
chr6:34574332|34614575	chr6	34574332	34614575	exon	GBM recurrent
chr6:34949467|34951202	chr6	34949467	34951202	exon	GBM recurrent
chr6:35540245|35544349	chr6	35540245	35544349	intergenic_region	GBM recurrent
chr6:35586873|35604935	chr6	35586873	35604935	exon	GBM recurrent
chr6:35586873|35610620	chr6	35586873	35610620	exon	GBM recurrent
chr6:35836787|35840505	chr6	35836787	35840505	exon	GBM recurrent
chr6:42630996|42633983	chr6	42630996	42633983	exon	GBM recurrent
chr6:43023283|43024183	chr6	43023283	43024183	exon	GBM recurrent
chr6:47249423|47249850	chr6	47249423	47249850	intron	GBM recurrent
chr6:47471016|47522502	chr6	47471016	47522502	exon	GBM recurrent
chr6:47522382|47549801	chr6	47522382	47549801	exon	GBM recurrent
chr6:52935855|52941341	chr6	52935855	52941341	exon	GBM recurrent
chr6:53133885|53141054	chr6	53133885	53141054	exon	GBM recurrent
chr6:57017019|57025950	chr6	57017019	57025950	exon	GBM recurrent
chr6:71136142|71162274	chr6	71136142	71162274	exon	GBM recurrent
chr6:76331248|76344527	chr6	76331248	76344527	exon	GBM recurrent
chr6:76357447|76380436	chr6	76357447	76380436	exon	GBM recurrent
chr6:76412361|76419346	chr6	76412361	76419346	exon	GBM recurrent
chr6:76419243|76421132	chr6	76419243	76421132	exon	GBM recurrent
chr6:82201208|82204830	chr6	82201208	82204830	exon	GBM recurrent
chr6:82201208|82224590	chr6	82201208	82224590	intron	GBM recurrent
chr6:83728692|83754378	chr6	83728692	83754378	exon	GBM recurrent
chr6:83841895|83851765	chr6	83841895	83851765	exon	GBM recurrent
chr6:86227474|86239993	chr6	86227474	86239993	exon	GBM recurrent
chr6:87925621|87943245	chr6	87925621	87943245	exon	GBM recurrent
chr6:88385211|88391481	chr6	88385211	88391481	exon	GBM recurrent
chr6:89479493|89563483	chr6	89479493	89563483	exon	GBM recurrent
chr6:89479493|89614674	chr6	89479493	89614674	exon	GBM recurrent
chr6:89554076|89563483	chr6	89554076	89563483	exon	GBM recurrent
chr6:89600214|89650899	chr6	89600214	89650899	exon	GBM recurrent
chr6:89793472|89794362	chr6	89793472	89794362	exon	GBM recurrent
chr6:90087390|90097309	chr6	90087390	90097309	exon	GBM recurrent
chr6:90461150|90463341	chr6	90461150	90463341	exon	GBM recurrent
chr6:90461150|90472249	chr6	90461150	90472249	exon	GBM recurrent
chr6:98076777|98081479	chr6	98076777	98081479	intron	GBM recurrent
chr6:99347144|99382755	chr6	99347144	99382755	exon	GBM recurrent
chr6:99866306|99866772	chr6	99866306	99866772	intron	GBM recurrent
chr6:101246589|101253756	chr6	101246589	101253756	exon	GBM recurrent
chr6:108243001|108250718	chr6	108243001	108250718	exon	GBM recurrent
chr6:111201190|111211559	chr6	111201190	111211559	intron	GBM recurrent
chr6:111583460|111585149	chr6	111583460	111585149	exon	GBM recurrent
chr6:111654326|111678328	chr6	111654326	111678328	exon	GBM recurrent
chr6:111708968|111795679	chr6	111708968	111795679	intron	GBM recurrent
chr6:111726673|111737675	chr6	111726673	111737675	exon	GBM recurrent
chr6:111726673|111793343	chr6	111726673	111793343	exon	GBM recurrent
chr6:111975227|111976759	chr6	111975227	111976759	intergenic_region	GBM recurrent
chr6:112015578|112029223	chr6	112015578	112029223	exon	GBM recurrent
chr6:112015578|112035646	chr6	112015578	112035646	exon	GBM recurrent
chr6:116966877|116982009	chr6	116966877	116982009	exon	GBM recurrent
chr6:117019867|117026323	chr6	117019867	117026323	exon	GBM recurrent
chr6:117037382|117045538	chr6	117037382	117045538	exon	GBM recurrent
chr6:118812849|118887479	chr6	118812849	118887479	exon	GBM recurrent
chr6:126434012|126437001	chr6	126434012	126437001	exon	GBM recurrent
chr6:129823750|129879311	chr6	129823750	129879311	intergenic_region	GBM recurrent
chr6:130505248|130505768	chr6	130505248	130505768	exon	GBM recurrent
chr6:131466425|131520713	chr6	131466425	131520713	exon	GBM recurrent
chr6:134301220|134305809	chr6	134301220	134305809	exon	GBM recurrent
chr6:135621638|135644462	chr6	135621638	135644462	exon	GBM recurrent
chr6:135639657|135667934	chr6	135639657	135667934	intron	GBM recurrent
chr6:138794443|138817508	chr6	138794443	138817508	exon	GBM recurrent
chr6:139228632|139235898	chr6	139228632	139235898	exon	GBM recurrent
chr6:139232413|139255463	chr6	139232413	139255463	exon	GBM recurrent
chr6:139262472|139265759	chr6	139262472	139265759	exon	GBM recurrent
chr6:144858718|144860579	chr6	144858718	144860579	exon	GBM recurrent
chr6:144858718|144864006	chr6	144858718	144864006	exon	GBM recurrent
chr6:148789681|148808851	chr6	148789681	148808851	exon	GBM recurrent
chr6:149663821|149700654	chr6	149663821	149700654	exon	GBM recurrent
chr6:149691045|149700654	chr6	149691045	149700654	exon	GBM recurrent
chr6:149893421|149903739	chr6	149893421	149903739	exon	GBM recurrent
chr6:150092298|150094305	chr6	150092298	150094305	exon	GBM recurrent
chr6:151116992|151122005	chr6	151116992	151122005	exon	GBM recurrent
chr6:151130241|151130870	chr6	151130241	151130870	exon	GBM recurrent
chr6:151197226|151293194	chr6	151197226	151293194	exon	GBM recurrent
chr6:151336016|151336829	chr6	151336016	151336829	exon	GBM recurrent
chr6:151580311|151586152	chr6	151580311	151586152	intron	GBM recurrent
chr6:152570296|152577900	chr6	152570296	152577900	exon	GBM recurrent
chr6:155129204|155145512	chr6	155129204	155145512	exon	GBM recurrent
chr6:157357969|157406039	chr6	157357969	157406039	exon	GBM recurrent
chr6:157357969|157431695	chr6	157357969	157431695	exon	GBM recurrent
chr6:160015135|160016236	chr6	160015135	160016236	intergenic_region	GBM recurrent
chr6:160205698|160209175	chr6	160205698	160209175	exon	GBM recurrent
chr6:161443042|161471011	chr6	161443042	161471011	intron	GBM recurrent
chr6:167356507|167366036	chr6	167356507	167366036	exon	GBM recurrent
chr6:167435897|167458064	chr6	167435897	167458064	exon	GBM recurrent
chr6:168271063|168290006	chr6	168271063	168290006	exon	GBM recurrent
chr6:169982932|170034621	chr6	169982932	170034621	exon	GBM recurrent
chr6:170159934|170168267	chr6	170159934	170168267	exon	GBM recurrent
chr6:170626458|170639638	chr6	170626458	170639638	exon	GBM recurrent
chr7:2269619|2270359	chr7	2269619	2270359	exon	GBM recurrent
chr7:2269619|2270362	chr7	2269619	2270362	exon	GBM recurrent
chr7:2403267|2404164	chr7	2403267	2404164	exon	GBM recurrent
chr7:5087664|5097410	chr7	5087664	5097410	exon	GBM recurrent
chr7:5778907|5781275	chr7	5778907	5781275	exon	GBM recurrent
chr7:5778907|5781446	chr7	5778907	5781446	exon	GBM recurrent
chr7:6791498|6792411	chr7	6791498	6792411	intron	GBM recurrent
chr7:6854395|6862991	chr7	6854395	6862991	exon	GBM recurrent
chr7:6854395|6864368	chr7	6854395	6864368	exon	GBM recurrent
chr7:8062113|8110761	chr7	8062113	8110761	exon	GBM recurrent
chr7:8095063|8110761	chr7	8095063	8110761	exon	GBM recurrent
chr7:11021999|11030474	chr7	11021999	11030474	exon	GBM recurrent
chr7:13971127|13978871	chr7	13971127	13978871	exon	GBM recurrent
chr7:16664608|16676080	chr7	16664608	16676080	exon	GBM recurrent
chr7:17908030|17937069	chr7	17908030	17937069	exon	GBM recurrent
chr7:17929986|17937069	chr7	17929986	17937069	exon	GBM recurrent
chr7:18624904|18633652	chr7	18624904	18633652	exon	GBM recurrent
chr7:18801780|18914219	chr7	18801780	18914219	exon	GBM recurrent
chr7:21516697|21521741	chr7	21516697	21521741	exon	GBM recurrent
chr7:23023563|23038422	chr7	23023563	23038422	intron	GBM recurrent
chr7:23370343|23371247	chr7	23370343	23371247	intron	GBM recurrent
chr7:24659671|24690331	chr7	24659671	24690331	exon	GBM recurrent
chr7:24659671|24720139	chr7	24659671	24720139	exon	GBM recurrent
chr7:24854678|24874355	chr7	24854678	24874355	exon	GBM recurrent
chr7:27668990|27689252	chr7	27668990	27689252	exon	GBM recurrent
chr7:30563983|30591011	chr7	30563983	30591011	exon	GBM recurrent
chr7:31904556|31920473	chr7	31904556	31920473	exon	GBM recurrent
chr7:31912905|31920473	chr7	31912905	31920473	exon	GBM recurrent
chr7:32588459|32594208	chr7	32588459	32594208	exon	GBM recurrent
chr7:32852369|32860353	chr7	32852369	32860353	exon	GBM recurrent
chr7:32852369|32862833	chr7	32852369	32862833	exon	GBM recurrent
chr7:32954160|32973508	chr7	32954160	32973508	intergenic_region	GBM recurrent
chr7:32973012|32973508	chr7	32973012	32973508	intron	GBM recurrent
chr7:33035775|33045078	chr7	33035775	33045078	exon	GBM recurrent
chr7:33185854|33313568	chr7	33185854	33313568	exon	GBM recurrent
chr7:33185881|33217203	chr7	33185881	33217203	exon	GBM recurrent
chr7:33384193|33427756	chr7	33384193	33427756	exon	GBM recurrent
chr7:33388680|33573788	chr7	33388680	33573788	exon	GBM recurrent
chr7:33674789|33682530	chr7	33674789	33682530	intergenic_region	GBM recurrent
chr7:35009045|35013217	chr7	35009045	35013217	exon	GBM recurrent
chr7:35171922|35218767	chr7	35171922	35218767	exon	GBM recurrent
chr7:35180645|35204571	chr7	35180645	35204571	exon	GBM recurrent
chr7:35919433|35930403	chr7	35919433	35930403	exon	GBM recurrent
chr7:35969749|35970337	chr7	35969749	35970337	intergenic_region	GBM recurrent
chr7:37988442|37989994	chr7	37988442	37989994	exon	GBM recurrent
chr7:38247048|38259261	chr7	38247048	38259261	exon	GBM recurrent
chr7:40027198|40027857	chr7	40027198	40027857	exon	GBM recurrent
chr7:40027198|40037263	chr7	40027198	40037263	exon	GBM recurrent
chr7:42063067|42088295	chr7	42063067	42088295	exon	GBM recurrent
chr7:42187825|42262894	chr7	42187825	42262894	exon	GBM recurrent
chr7:43635500|43635712	chr7	43635500	43635712	exon	GBM recurrent
chr7:43679048|43680248	chr7	43679048	43680248	exon	GBM recurrent
chr7:44452790|44453626	chr7	44452790	44453626	intron	GBM recurrent
chr7:44465499|44467302	chr7	44465499	44467302	exon	GBM recurrent
chr7:44684926|44687358	chr7	44684926	44687358	exon	GBM recurrent
chr7:44684926|44706450	chr7	44684926	44706450	exon	GBM recurrent
chr7:44714010|44714867	chr7	44714010	44714867	exon	GBM recurrent
chr7:44880498|44882953	chr7	44880498	44882953	exon	GBM recurrent
chr7:50771518|50773020	chr7	50771518	50773020	exon	GBM recurrent
chr7:54820019|54825287	chr7	54820019	54825287	exon	GBM recurrent
chr7:55231426|55233130	chr7	55231426	55233130	exon	GBM recurrent
chr7:55231426|55233224	chr7	55231426	55233224	intron	GBM recurrent
chr7:55232973|55233130	chr7	55232973	55233130	exon	GBM recurrent
chr7:55697518|55698683	chr7	55697518	55698683	intergenic_region	GBM recurrent
chr7:55697518|55698823	chr7	55697518	55698823	intergenic_region	GBM recurrent
chr7:55714180|55746181	chr7	55714180	55746181	intergenic_region	GBM recurrent
chr7:56049903|56065142	chr7	56049903	56065142	exon	GBM recurrent
chr7:65705312|65706257	chr7	65705312	65706257	exon	GBM recurrent
chr7:65915058|65950140	chr7	65915058	65950140	exon	GBM recurrent
chr7:66236870|66240380	chr7	66236870	66240380	exon	GBM recurrent
chr7:66456124|66459328	chr7	66456124	66459328	exon	GBM recurrent
chr7:72301272|72304508	chr7	72301272	72304508	exon	GBM recurrent
chr7:72883847|72884813	chr7	72883847	72884813	exon	GBM recurrent
chr7:73657476|73661093	chr7	73657476	73661093	exon	GBM recurrent
chr7:73752778|73778645	chr7	73752778	73778645	exon	GBM recurrent
chr7:74004180|74005346	chr7	74004180	74005346	exon	GBM recurrent
chr7:76866264|76871217	chr7	76866264	76871217	exon	GBM recurrent
chr7:77006165|77033932	chr7	77006165	77033932	exon	GBM recurrent
chr7:77210744|77212967	chr7	77210744	77212967	exon	GBM recurrent
chr7:77210744|77227218	chr7	77210744	77227218	exon	GBM recurrent
chr7:77214860|77236618	chr7	77214860	77236618	exon	GBM recurrent
chr7:77214860|77256992	chr7	77214860	77256992	exon	GBM recurrent
chr7:77227159|77230123	chr7	77227159	77230123	exon	GBM recurrent
chr7:77236552|77265166	chr7	77236552	77265166	exon	GBM recurrent
chr7:81598203|81611943	chr7	81598203	81611943	exon	GBM recurrent
chr7:86990706|86998800	chr7	86990706	86998800	exon	GBM recurrent
chr7:90355881|90356126	chr7	90355881	90356126	exon	GBM recurrent
chr7:90355881|90377090	chr7	90355881	90377090	exon	GBM recurrent
chr7:90355881|90419967	chr7	90355881	90419967	exon	GBM recurrent
chr7:91746358|91761186	chr7	91746358	91761186	exon	GBM recurrent
chr7:91855034|91855996	chr7	91855034	91855996	exon	GBM recurrent
chr7:94248070|94259153	chr7	94248070	94259153	exon	GBM recurrent
chr7:98564664|98565321	chr7	98564664	98565321	exon	GBM recurrent
chr7:99952766|99953427	chr7	99952766	99953427	exon	GBM recurrent
chr7:100410369|100410830	chr7	100410369	100410830	exon	GBM recurrent
chr7:100417179|100417918	chr7	100417179	100417918	exon	GBM recurrent
chr7:101870647|101870949	chr7	101870647	101870949	exon	GBM recurrent
chr7:102039995|102047945	chr7	102039995	102047945	exon	GBM recurrent
chr7:102665510|102669865	chr7	102665510	102669865	exon	GBM recurrent
chr7:104377122|104377358	chr7	104377122	104377358	exon	GBM recurrent
chr7:104645765|104649656	chr7	104645765	104649656	intron	GBM recurrent
chr7:104681286|104722244	chr7	104681286	104722244	exon	GBM recurrent
chr7:105105760|105111295	chr7	105105760	105111295	exon	GBM recurrent
chr7:105192017|105195674	chr7	105192017	105195674	exon	GBM recurrent
chr7:105738136|105739728	chr7	105738136	105739728	exon	GBM recurrent
chr7:106820324|106836596	chr7	106820324	106836596	exon	GBM recurrent
chr7:117825701|117828459	chr7	117825701	117828459	exon	GBM recurrent
chr7:128109686|128110069	chr7	128109686	128110069	intron	GBM recurrent
chr7:128214774|128220148	chr7	128214774	128220148	exon	GBM recurrent
chr7:128317618|128320203	chr7	128317618	128320203	exon	GBM recurrent
chr7:128845044|128846428	chr7	128845044	128846428	exon	GBM recurrent
chr7:129297183|129330386	chr7	129297183	129330386	exon	GBM recurrent
chr7:129756285|129767291	chr7	129756285	129767291	exon	GBM recurrent
chr7:131060183|131113904	chr7	131060183	131113904	exon	GBM recurrent
chr7:131060183|131130662	chr7	131060183	131130662	exon	GBM recurrent
chr7:131071879|131084192	chr7	131071879	131084192	exon	GBM recurrent
chr7:131113792|131128461	chr7	131113792	131128461	exon	GBM recurrent
chr7:131113792|131163436	chr7	131113792	131163436	exon	GBM recurrent
chr7:138189035|138223548	chr7	138189035	138223548	exon	GBM recurrent
chr7:138203934|138266516	chr7	138203934	138266516	exon	GBM recurrent
chr7:138209986|138239711	chr7	138209986	138239711	exon	GBM recurrent
chr7:138822593|138833123	chr7	138822593	138833123	exon	GBM recurrent
chr7:138921751|138982784	chr7	138921751	138982784	exon	GBM recurrent
chr7:140034229|140037149	chr7	140034229	140037149	exon	GBM recurrent
chr7:140285389|140305606	chr7	140285389	140305606	exon	GBM recurrent
chr7:140301203|140302342	chr7	140301203	140302342	exon	GBM recurrent
chr7:140402666|140404763	chr7	140402666	140404763	exon	GBM recurrent
chr7:140476712|140487384	chr7	140476712	140487384	exon	GBM recurrent
chr7:141336760|141349133	chr7	141336760	141349133	exon	GBM recurrent
chr7:148529726|148544397	chr7	148529726	148544397	exon	GBM recurrent
chr7:149189950|149250107	chr7	149189950	149250107	intergenic_region	GBM recurrent
chr7:149191295|149318263	chr7	149191295	149318263	intergenic_region	GBM recurrent
chr7:149246284|149255930	chr7	149246284	149255930	exon	GBM recurrent
chr7:149249892|149255930	chr7	149249892	149255930	exon	GBM recurrent
chr7:151917608|151935911	chr7	151917608	151935911	exon	GBM recurrent
chr7:151935792|151948051	chr7	151935792	151948051	exon	GBM recurrent
chr7:151946961|151948051	chr7	151946961	151948051	exon	GBM recurrent
chr7:151960101|152012423	chr7	151960101	152012423	exon	GBM recurrent
chr7:152007051|152055760	chr7	152007051	152055760	exon	GBM recurrent
chr7:152027686|152055760	chr7	152027686	152055760	exon	GBM recurrent
chr7:155499554|155511137	chr7	155499554	155511137	exon	GBM recurrent
chr7:156994415|157009665	chr7	156994415	157009665	exon	GBM recurrent
chr7:158528194|158531812	chr7	158528194	158531812	exon	GBM recurrent
chr8:6582391|6590171	chr8	6582391	6590171	exon	GBM recurrent
chr8:6582391|6605349	chr8	6582391	6605349	exon	GBM recurrent
chr8:8791363|8793300	chr8	8791363	8793300	intergenic_region	GBM recurrent
chr8:12955908|12958279	chr8	12955908	12958279	exon	GBM recurrent
chr8:17570723|17581342	chr8	17570723	17581342	exon	GBM recurrent
chr8:17601113|17613470	chr8	17601113	17613470	exon	GBM recurrent
chr8:17820610|17824679	chr8	17820610	17824679	exon	GBM recurrent
chr8:18725184|18730243	chr8	18725184	18730243	exon	GBM recurrent
chr8:22332467|22333137	chr8	22332467	22333137	exon	GBM recurrent
chr8:23291830|23297428	chr8	23291830	23297428	exon	GBM recurrent
chr8:26265516|26265892	chr8	26265516	26265892	exon	GBM recurrent
chr8:27987019|28019595	chr8	27987019	28019595	exon	GBM recurrent
chr8:28827560|28876430	chr8	28827560	28876430	exon	GBM recurrent
chr8:28902878|28906565	chr8	28902878	28906565	exon	GBM recurrent
chr8:32453346|32474403	chr8	32453346	32474403	exon	GBM recurrent
chr8:37971710|37978667	chr8	37971710	37978667	exon	GBM recurrent
chr8:38194823|38205733	chr8	38194823	38205733	exon	GBM recurrent
chr8:38282027|38283763	chr8	38282027	38283763	exon	GBM recurrent
chr8:38994176|39068843	chr8	38994176	39068843	exon	GBM recurrent
chr8:39080559|39114862	chr8	39080559	39114862	exon	GBM recurrent
chr8:42401612|42403923	chr8	42401612	42403923	exon	GBM recurrent
chr8:42812237|42814457	chr8	42812237	42814457	exon	GBM recurrent
chr8:42914235|42919358	chr8	42914235	42919358	exon	GBM recurrent
chr8:42924698|42927450	chr8	42924698	42927450	exon	GBM recurrent
chr8:48612965|48614577	chr8	48612965	48614577	exon	GBM recurrent
chr8:48642557|48643509	chr8	48642557	48643509	intron	GBM recurrent
chr8:48866180|48869991	chr8	48866180	48869991	exon	GBM recurrent
chr8:61653818|61655656	chr8	61653818	61655656	exon	GBM recurrent
chr8:61653818|61670130	chr8	61653818	61670130	intron	GBM recurrent
chr8:62460630|62479877	chr8	62460630	62479877	exon	GBM recurrent
chr8:62550506|62596747	chr8	62550506	62596747	exon	GBM recurrent
chr8:64087890|64100303	chr8	64087890	64100303	exon	GBM recurrent
chr8:64098706|64100303	chr8	64098706	64100303	exon	GBM recurrent
chr8:68930081|68942893	chr8	68930081	68942893	exon	GBM recurrent
chr8:68934271|68950527	chr8	68934271	68950527	exon	GBM recurrent
chr8:71495399|71506825	chr8	71495399	71506825	exon	GBM recurrent
chr8:71550050|71553285	chr8	71550050	71553285	exon	GBM recurrent
chr8:74717886|74742707	chr8	74717886	74742707	exon	GBM recurrent
chr8:77745574|77755007	chr8	77745574	77755007	exon	GBM recurrent
chr8:87540764|87544808	chr8	87540764	87544808	exon	GBM recurrent
chr8:93017344|93029591	chr8	93017344	93029591	exon	GBM recurrent
chr8:94798451|94803547	chr8	94798451	94803547	exon	GBM recurrent
chr8:95897295|95897786	chr8	95897295	95897786	exon	GBM recurrent
chr8:98067757|98078438	chr8	98067757	98078438	exon	GBM recurrent
chr8:98698896|98703416	chr8	98698896	98703416	exon	GBM recurrent
chr8:98817581|98837381	chr8	98817581	98837381	exon	GBM recurrent
chr8:99718695|99735197	chr8	99718695	99735197	exon	GBM recurrent
chr8:100286426|100287482	chr8	100286426	100287482	exon	GBM recurrent
chr8:101059691|101078524	chr8	101059691	101078524	exon	GBM recurrent
chr8:101237401|101245765	chr8	101237401	101245765	exon	GBM recurrent
chr8:101271335|101282241	chr8	101271335	101282241	exon	GBM recurrent
chr8:101271335|101287389	chr8	101271335	101287389	exon	GBM recurrent
chr8:101287181|101300495	chr8	101287181	101300495	exon	GBM recurrent
chr8:103846417|103852051	chr8	103846417	103852051	exon	GBM recurrent
chr8:109240496|109254142	chr8	109240496	109254142	exon	GBM recurrent
chr8:120800578|120810086	chr8	120800578	120810086	exon	GBM recurrent
chr8:120805606|120814265	chr8	120805606	120814265	exon	GBM recurrent
chr8:122640954|122641580	chr8	122640954	122641580	exon	GBM recurrent
chr8:124089351|124096580	chr8	124089351	124096580	exon	GBM recurrent
chr8:124089351|124121860	chr8	124089351	124121860	exon	GBM recurrent
chr8:124448693|124453737	chr8	124448693	124453737	exon	GBM recurrent
chr8:131088594|131104389	chr8	131088594	131104389	exon	GBM recurrent
chr8:131092148|131104389	chr8	131092148	131104389	exon	GBM recurrent
chr8:131370263|131374017	chr8	131370263	131374017	exon	GBM recurrent
chr8:135612679|135622898	chr8	135612679	135622898	exon	GBM recurrent
chr8:141840571|141889736	chr8	141840571	141889736	exon	GBM recurrent
chr9:2943565|3053412	chr9	2943565	3053412	intergenic_region	GBM recurrent
chr9:2984382|3053412	chr9	2984382	3053412	intergenic_region	GBM recurrent
chr9:3012924|3053412	chr9	3012924	3053412	intergenic_region	GBM recurrent
chr9:3330259|3395596	chr9	3330259	3395596	exon	GBM recurrent
chr9:4117768|4286523	chr9	4117768	4286523	exon	GBM recurrent
chr9:5825092|5831028	chr9	5825092	5831028	exon	GBM recurrent
chr9:5954016|5988545	chr9	5954016	5988545	exon	GBM recurrent
chr9:6420912|6434173	chr9	6420912	6434173	exon	GBM recurrent
chr9:6477622|6482099	chr9	6477622	6482099	exon	GBM recurrent
chr9:14120439|14125765	chr9	14120439	14125765	exon	GBM recurrent
chr9:17273731|17416187	chr9	17273731	17416187	exon	GBM recurrent
chr9:19286767|19305525	chr9	19286767	19305525	exon	GBM recurrent
chr9:19288594|19300329	chr9	19288594	19300329	exon	GBM recurrent
chr9:20819795|20823114	chr9	20819795	20823114	exon	GBM recurrent
chr9:33944363|33956144	chr9	33944363	33956144	exon	GBM recurrent
chr9:33953283|33996331	chr9	33953283	33996331	exon	GBM recurrent
chr9:33956077|33963789	chr9	33956077	33963789	exon	GBM recurrent
chr9:33971649|33996331	chr9	33971649	33996331	exon	GBM recurrent
chr9:33996221|34017187	chr9	33996221	34017187	exon	GBM recurrent
chr9:35295693|35313986	chr9	35295693	35313986	exon	GBM recurrent
chr9:74477467|74489999	chr9	74477467	74489999	exon	GBM recurrent
chr9:74481715|74489999	chr9	74481715	74489999	exon	GBM recurrent
chr9:78638654|78641953	chr9	78638654	78641953	exon	GBM recurrent
chr9:78682871|78686814	chr9	78682871	78686814	exon	GBM recurrent
chr9:78710806|78753800	chr9	78710806	78753800	intron	GBM recurrent
chr9:79461431|79469124	chr9	79461431	79469124	exon	GBM recurrent
chr9:79952171|79986065	chr9	79952171	79986065	exon	GBM recurrent
chr9:79996892|80022523	chr9	79996892	80022523	exon	GBM recurrent
chr9:80501114|80501831	chr9	80501114	80501831	intron	GBM recurrent
chr9:82324538|82336803	chr9	82324538	82336803	exon	GBM recurrent
chr9:86274695|86284242	chr9	86274695	86284242	intergenic_region	GBM recurrent
chr9:86274695|86301070	chr9	86274695	86301070	intergenic_region	GBM recurrent
chr9:86294690|86301070	chr9	86294690	86301070	exon	GBM recurrent
chr9:87317074|87367000	chr9	87317074	87367000	exon	GBM recurrent
chr9:88648197|88655783	chr9	88648197	88655783	exon	GBM recurrent
chr9:95018962|95022516	chr9	95018962	95022516	exon	GBM recurrent
chr9:98740343|98742148	chr9	98740343	98742148	intron	GBM recurrent
chr9:99122436|99130587	chr9	99122436	99130587	exon	GBM recurrent
chr9:99314078|99327765	chr9	99314078	99327765	exon	GBM recurrent
chr9:100092436|100093049	chr9	100092436	100093049	exon	GBM recurrent
chr9:100109596|100112837	chr9	100109596	100112837	exon	GBM recurrent
chr9:100780571|100788733	chr9	100780571	100788733	intergenic_region	GBM recurrent
chr9:107549154|107550335	chr9	107549154	107550335	exon	GBM recurrent
chr9:107571747|107575003	chr9	107571747	107575003	exon	GBM recurrent
chr9:107620803|107651476	chr9	107620803	107651476	exon	GBM recurrent
chr9:108467878|108484902	chr9	108467878	108484902	exon	GBM recurrent
chr9:110062422|110074018	chr9	110062422	110074018	exon	GBM recurrent
chr9:111795587|111826847	chr9	111795587	111826847	exon	GBM recurrent
chr9:112898407|112900819	chr9	112898407	112900819	exon	GBM recurrent
chr9:113703701|113735838	chr9	113703701	113735838	exon	GBM recurrent
chr9:113703701|113773970	chr9	113703701	113773970	intron	GBM recurrent
chr9:114332371|114348445	chr9	114332371	114348445	exon	GBM recurrent
chr9:114337014|114348445	chr9	114337014	114348445	exon	GBM recurrent
chr9:114549073|114550227	chr9	114549073	114550227	intron	GBM recurrent
chr9:114860750|114919893	chr9	114860750	114919893	exon	GBM recurrent
chr9:115013209|115015068	chr9	115013209	115015068	exon	GBM recurrent
chr9:115013209|115060196	chr9	115013209	115060196	exon	GBM recurrent
chr9:115166275|115181238	chr9	115166275	115181238	exon	GBM recurrent
chr9:115336337|115337531	chr9	115336337	115337531	exon	GBM recurrent
chr9:125617463|125621381	chr9	125617463	125621381	exon	GBM recurrent
chr9:125751576|125752492	chr9	125751576	125752492	exon	GBM recurrent
chr9:127064215|127076264	chr9	127064215	127076264	exon	GBM recurrent
chr9:130206308|130207528	chr9	130206308	130207528	exon	GBM recurrent
chr9:131669436|131671600	chr9	131669436	131671600	exon	GBM recurrent
chr9:132719639|132757237	chr9	132719639	132757237	exon	GBM recurrent
chr9:134381501|134381840	chr9	134381501	134381840	exon	GBM recurrent
chr9:138741983|138758382	chr9	138741983	138758382	exon	GBM recurrent
chr9:138741983|138774924	chr9	138741983	138774924	exon	GBM recurrent
chr9:140646783|140652463	chr9	140646783	140652463	exon	GBM recurrent
chrX:1404671|1409402	chrX	1404671	1409402	exon	GBM recurrent
chrX:2184781|2343345	chrX	2184781	2343345	exon	GBM recurrent
chrX:5947321|6069812	chrX	5947321	6069812	exon	GBM recurrent
chrX:14868627|14877456	chrX	14868627	14877456	exon	GBM recurrent
chrX:22231021|22263526	chrX	22231021	22263526	exon	GBM recurrent
chrX:41485857|41530783	chrX	41485857	41530783	exon	GBM recurrent
chrX:41519692|41530783	chrX	41519692	41530783	exon	GBM recurrent
chrX:50341266|50351184	chrX	50341266	50351184	exon	GBM recurrent
chrX:65824263|65825068	chrX	65824263	65825068	exon	GBM recurrent
chrX:74636922|74698820	chrX	74636922	74698820	exon	GBM recurrent
chrX:101968710|101975955	chrX	101968710	101975955	exon	GBM recurrent
chrX:117512382|117544922	chrX	117512382	117544922	exon	GBM recurrent
chrX:117530933|117538407	chrX	117530933	117538407	exon	GBM recurrent
chrX:117538301|117544922	chrX	117538301	117544922	exon	GBM recurrent
chrX:118544153|118560317	chrX	118544153	118560317	exon	GBM recurrent
chrX:119063979|119066179	chrX	119063979	119066179	exon	GBM recurrent
chrX:123587187|123695667	chrX	123587187	123695667	exon	GBM recurrent
chrX:124028145|124030090	chrX	124028145	124030090	exon	GBM recurrent
chrX:128206884|128256170	chrX	128206884	128256170	intergenic_region	GBM recurrent
chrX:130870155|130928494	chrX	130870155	130928494	intron	GBM recurrent
chrX:133607389|133627620	chrX	133607389	133627620	exon	GBM recurrent
chrX:154736559|154774938	chrX	154736559	154774938	exon	GBM recurrent
chrY:2821950|2829687	chrY	2821950	2829687	exon	GBM recurrent
chrY:15435435|15481229	chrY	15435435	15481229	exon	GBM recurrent
chrY:21094629|21100565	chrY	21094629	21100565	intron	GBM recurrent
chrY:21203256|21207174	chrY	21203256	21207174	exon	GBM recurrent
chrY:21203256|21210798	chrY	21203256	21210798	exon	GBM recurrent
chrY:21749096|21749393	chrY	21749096	21749393	exon	GBM recurrent
chrY:22669238|22683186	chrY	22669238	22683186	exon	GBM recurrent
chr1:1601103|1666274	chr1	1601103	1666274	intergenic_region	GBM recurrent
chr1:1735858|1747301	chr1	1735858	1747301	exon	GBM recurrent
chr1:1735858|1749314	chr1	1735858	1749314	exon	GBM recurrent
chr1:1770629|1811341	chr1	1770629	1811341	intron	GBM recurrent
chr1:6291962|6293703	chr1	6291962	6293703	exon	GBM recurrent
chr1:6867043|6948959	chr1	6867043	6948959	intron	GBM recurrent
chr1:8525985|8674745	chr1	8525985	8674745	exon	GBM recurrent
chr1:8555123|8601377	chr1	8555123	8601377	exon	GBM recurrent
chr1:10155519|10165802	chr1	10155519	10165802	exon	GBM recurrent
chr1:10177517|10197263	chr1	10177517	10197263	exon	GBM recurrent
chr1:10321963|10332364	chr1	10321963	10332364	exon	GBM recurrent
chr1:10405903|10408791	chr1	10405903	10408791	exon	GBM recurrent
chr1:10423341|10425706	chr1	10423341	10425706	exon	GBM recurrent
chr1:10500404|10502498	chr1	10500404	10502498	exon	GBM recurrent
chr1:12359259|12364785	chr1	12359259	12364785	exon	GBM recurrent
chr1:12359259|12368698	chr1	12359259	12368698	exon	GBM recurrent
chr1:16199311|16203173	chr1	16199311	16203173	exon	GBM recurrent
chr1:19510305|19514034	chr1	19510305	19514034	exon	GBM recurrent
chr1:21097423|21100103	chr1	21097423	21100103	exon	GBM recurrent
chr1:21220010|21231464	chr1	21220010	21231464	exon	GBM recurrent
chr1:21377359|21415706	chr1	21377359	21415706	exon	GBM recurrent
chr1:22041882|22048257	chr1	22041882	22048257	exon	GBM recurrent
chr1:22404922|22413359	chr1	22404922	22413359	exon	GBM recurrent
chr1:23380254|23384058	chr1	23380254	23384058	exon	GBM recurrent
chr1:23381562|23395644	chr1	23381562	23395644	exon	GBM recurrent
chr1:23435515|23436143	chr1	23435515	23436143	exon	GBM recurrent
chr1:25553933|25554726	chr1	25553933	25554726	exon	GBM recurrent
chr1:25775299|25783322	chr1	25775299	25783322	exon	GBM recurrent
chr1:26584088|26584751	chr1	26584088	26584751	exon	GBM recurrent
chr1:26774050|26786635	chr1	26774050	26786635	exon	GBM recurrent
chr1:28601336|28605752	chr1	28601336	28605752	exon	GBM recurrent
chr1:29068915|29070498	chr1	29068915	29070498	exon	GBM recurrent
chr1:29362338|29391670	chr1	29362338	29391670	exon	GBM recurrent
chr1:29542517|29543197	chr1	29542517	29543197	exon	GBM recurrent
chr1:31465237|31479946	chr1	31465237	31479946	exon	GBM recurrent
chr1:31478700|31479949	chr1	31478700	31479949	exon	GBM recurrent
chr1:31532051|31532424	chr1	31532051	31532424	exon	GBM recurrent
chr1:32381492|32385259	chr1	32381492	32385259	exon	GBM recurrent
chr1:32495899|32504220	chr1	32495899	32504220	exon	GBM recurrent
chr1:32502511|32504220	chr1	32502511	32504220	exon	GBM recurrent
chr1:32628836|32632897	chr1	32628836	32632897	exon	GBM recurrent
chr1:32792540|32793278	chr1	32792540	32793278	exon	GBM recurrent
chr1:33058532|33059355	chr1	33058532	33059355	exon	GBM recurrent
chr1:33097428|33100393	chr1	33097428	33100393	exon	GBM recurrent
chr1:33760538|33760906	chr1	33760538	33760906	exon	GBM recurrent
chr1:34112248|34118061	chr1	34112248	34118061	exon	GBM recurrent
chr1:35846860|35847359	chr1	35846860	35847359	exon	GBM recurrent
chr1:35846860|35855699	chr1	35846860	35855699	exon	GBM recurrent
chr1:35879573|35881315	chr1	35879573	35881315	exon	GBM recurrent
chr1:36208742|36212593	chr1	36208742	36212593	exon	GBM recurrent
chr1:36437625|36439112	chr1	36437625	36439112	exon	GBM recurrent
chr1:36469942|36479649	chr1	36469942	36479649	exon	GBM recurrent
chr1:37282661|37291427	chr1	37282661	37291427	exon	GBM recurrent
chr1:38433716|38446396	chr1	38433716	38446396	exon	GBM recurrent
chr1:39835702|39838268	chr1	39835702	39838268	exon	GBM recurrent
chr1:39904946|39905172	chr1	39904946	39905172	exon	GBM recurrent
chr1:40306807|40328607	chr1	40306807	40328607	intron	GBM recurrent
chr1:40319642|40323089	chr1	40319642	40323089	exon	GBM recurrent
chr1:40319642|40328607	chr1	40319642	40328607	intron	GBM recurrent
chr1:40654727|40688382	chr1	40654727	40688382	exon	GBM recurrent
chr1:40656444|40668286	chr1	40656444	40668286	exon	GBM recurrent
chr1:41578955|41627104	chr1	41578955	41627104	exon	GBM recurrent
chr1:42730786|42744455	chr1	42730786	42744455	intron	GBM recurrent
chr1:44386076|44386600	chr1	44386076	44386600	exon	GBM recurrent
chr1:44750507|44785416	chr1	44750507	44785416	exon	GBM recurrent
chr1:44773982|44785416	chr1	44773982	44785416	exon	GBM recurrent
chr1:45340350|45345680	chr1	45340350	45345680	exon	GBM recurrent
chr1:46032241|46032692	chr1	46032241	46032692	exon	GBM recurrent
chr1:46096154|46106075	chr1	46096154	46106075	exon	GBM recurrent
chr1:46527601|46546422	chr1	46527601	46546422	exon	GBM recurrent
chr1:46774773|46775988	chr1	46774773	46775988	exon	GBM recurrent
chr1:47761437|47767420	chr1	47761437	47767420	exon	GBM recurrent
chr1:48771459|48825442	chr1	48771459	48825442	exon	GBM recurrent
chr1:51253672|51267349	chr1	51253672	51267349	exon	GBM recurrent
chr1:51866590|51868193	chr1	51866590	51868193	exon	GBM recurrent
chr1:52237742|52238395	chr1	52237742	52238395	exon	GBM recurrent
chr1:52734135|52769597	chr1	52734135	52769597	exon	GBM recurrent
chr1:52911459|52927441	chr1	52911459	52927441	exon	GBM recurrent
chr1:53245525|53262456	chr1	53245525	53262456	exon	GBM recurrent
chr1:54506429|54509198	chr1	54506429	54509198	exon	GBM recurrent
chr1:58342463|58349834	chr1	58342463	58349834	intron	GBM recurrent
chr1:58719479|58729535	chr1	58719479	58729535	intron	GBM recurrent
chr1:58971732|59002413	chr1	58971732	59002413	exon	GBM recurrent
chr1:58999621|59004978	chr1	58999621	59004978	intron	GBM recurrent
chr1:60366637|60381772	chr1	60366637	60381772	exon	GBM recurrent
chr1:61020145|61061371	chr1	61020145	61061371	exon	GBM recurrent
chr1:61053709|61065922	chr1	61053709	61065922	exon	GBM recurrent
chr1:61192082|61199194	chr1	61192082	61199194	exon	GBM recurrent
chr1:61577043|61624827	chr1	61577043	61624827	intron	GBM recurrent
chr1:61743192|61824946	chr1	61743192	61824946	exon	GBM recurrent
chr1:63877597|63885111	chr1	63877597	63885111	exon	GBM recurrent
chr1:65131740|65141666	chr1	65131740	65141666	exon	GBM recurrent
chr1:65830318|65855310	chr1	65830318	65855310	exon	GBM recurrent
chr1:66713143|66731770	chr1	66713143	66731770	exon	GBM recurrent
chr1:84369762|84412965	chr1	84369762	84412965	exon	GBM recurrent
chr1:92786156|92811471	chr1	92786156	92811471	exon	GBM recurrent
chr1:93191155|93202184	chr1	93191155	93202184	intron	GBM recurrent
chr1:94360170|94363454	chr1	94360170	94363454	exon	GBM recurrent
chr1:94360170|94367225	chr1	94360170	94367225	exon	GBM recurrent
chr1:94924163|94948795	chr1	94924163	94948795	exon	GBM recurrent
chr1:94955281|94965170	chr1	94955281	94965170	exon	GBM recurrent
chr1:99156631|99167459	chr1	99156631	99167459	exon	GBM recurrent
chr1:100127875|100133322	chr1	100127875	100133322	exon	GBM recurrent
chr1:101372408|101440458	chr1	101372408	101440458	exon	GBM recurrent
chr1:103444938|103455127	chr1	103444938	103455127	exon	GBM recurrent
chr1:109482258|109486679	chr1	109482258	109486679	exon	GBM recurrent
chr1:109544846|109547337	chr1	109544846	109547337	exon	GBM recurrent
chr1:113093223|113134225	chr1	113093223	113134225	exon	GBM recurrent
chr1:113119608|113126748	chr1	113119608	113126748	exon	GBM recurrent
chr1:113655101|113662145	chr1	113655101	113662145	exon	GBM recurrent
chr1:114214356|114216087	chr1	114214356	114216087	exon	GBM recurrent
chr1:114267381|114281421	chr1	114267381	114281421	exon	GBM recurrent
chr1:114280732|114281421	chr1	114280732	114281421	exon	GBM recurrent
chr1:115262200|115263338	chr1	115262200	115263338	exon	GBM recurrent
chr1:117984853|118045592	chr1	117984853	118045592	exon	GBM recurrent
chr1:150258842|150259405	chr1	150258842	150259405	exon	GBM recurrent
chr1:150413399|150416853	chr1	150413399	150416853	exon	GBM recurrent
chr1:150416727|150418877	chr1	150416727	150418877	exon	GBM recurrent
chr1:150902443|150913904	chr1	150902443	150913904	exon	GBM recurrent
chr1:150990288|151001420	chr1	150990288	151001420	exon	GBM recurrent
chr1:151196724|151205179	chr1	151196724	151205179	exon	GBM recurrent
chr1:151204147|151205179	chr1	151204147	151205179	exon	GBM recurrent
chr1:151395873|151414681	chr1	151395873	151414681	exon	GBM recurrent
chr1:151611364|151611595	chr1	151611364	151611595	exon	GBM recurrent
chr1:151611364|151641111	chr1	151611364	151641111	exon	GBM recurrent
chr1:151630711|151641111	chr1	151630711	151641111	exon	GBM recurrent
chr1:153734046|153737539	chr1	153734046	153737539	exon	GBM recurrent
chr1:153788749|153792211	chr1	153788749	153792211	exon	GBM recurrent
chr1:154207067|154207767	chr1	154207067	154207767	exon	GBM recurrent
chr1:155340295|155340774	chr1	155340295	155340774	exon	GBM recurrent
chr1:155490891|155491409	chr1	155490891	155491409	exon	GBM recurrent
chr1:155640111|155650247	chr1	155640111	155650247	exon	GBM recurrent
chr1:155640111|155747611	chr1	155640111	155747611	intergenic_region	GBM recurrent
chr1:155646339|155650247	chr1	155646339	155650247	exon	GBM recurrent
chr1:155747413|155753880	chr1	155747413	155753880	exon	GBM recurrent
chr1:155783425|155784240	chr1	155783425	155784240	exon	GBM recurrent
chr1:155891166|155893478	chr1	155891166	155893478	exon	GBM recurrent
chr1:155891166|155895634	chr1	155891166	155895634	exon	GBM recurrent
chr1:155984752|155988159	chr1	155984752	155988159	exon	GBM recurrent
chr1:156235572|156244477	chr1	156235572	156244477	exon	GBM recurrent
chr1:156278994|156304709	chr1	156278994	156304709	exon	GBM recurrent
chr1:156921365|156925591	chr1	156921365	156925591	exon	GBM recurrent
chr1:156921365|156926356	chr1	156921365	156926356	exon	GBM recurrent
chr1:161748034|161753886	chr1	161748034	161753886	exon	GBM recurrent
chr1:161816239|161833102	chr1	161816239	161833102	exon	GBM recurrent
chr1:164776779|164790863	chr1	164776779	164790863	exon	GBM recurrent
chr1:165712404|165723511	chr1	165712404	165723511	exon	GBM recurrent
chr1:167734820|167742605	chr1	167734820	167742605	exon	GBM recurrent
chr1:168073715|168074132	chr1	168073715	168074132	exon	GBM recurrent
chr1:169199956|169256646	chr1	169199956	169256646	exon	GBM recurrent
chr1:171492360|171496983	chr1	171492360	171496983	exon	GBM recurrent
chr1:172001542|172002405	chr1	172001542	172002405	exon	GBM recurrent
chr1:172007459|172013592	chr1	172007459	172013592	exon	GBM recurrent
chr1:172007459|172038045	chr1	172007459	172038045	exon	GBM recurrent
chr1:172100315|172277979	chr1	172100315	172277979	exon	GBM recurrent
chr1:172520652|172560211	chr1	172520652	172560211	exon	GBM recurrent
chr1:175334146|175335274	chr1	175334146	175335274	exon	GBM recurrent
chr1:175956079|175958615	chr1	175956079	175958615	exon	GBM recurrent
chr1:175996708|176015460	chr1	175996708	176015460	exon	GBM recurrent
chr1:176085760|176105683	chr1	176085760	176105683	exon	GBM recurrent
chr1:177225055|177226520	chr1	177225055	177226520	exon	GBM recurrent
chr1:179033062|179033631	chr1	179033062	179033631	exon	GBM recurrent
chr1:179089325|179091002	chr1	179089325	179091002	exon	GBM recurrent
chr1:180366651|180399397	chr1	180366651	180399397	exon	GBM recurrent
chr1:180971742|180974599	chr1	180971742	180974599	exon	GBM recurrent
chr1:181546902|181549912	chr1	181546902	181549912	exon	GBM recurrent
chr1:182843989|182850782	chr1	182843989	182850782	exon	GBM recurrent
chr1:186420311|186439527	chr1	186420311	186439527	intergenic_region	GBM recurrent
chr1:190129798|190250880	chr1	190129798	190250880	exon	GBM recurrent
chr1:190233995|190250880	chr1	190233995	190250880	exon	GBM recurrent
chr1:193172925|193205486	chr1	193172925	193205486	exon	GBM recurrent
chr1:197141290|197161029	chr1	197141290	197161029	exon	GBM recurrent
chr1:198201683|198266370	chr1	198201683	198266370	exon	GBM recurrent
chr1:200583446|200584737	chr1	200583446	200584737	exon	GBM recurrent
chr1:200776504|200801973	chr1	200776504	200801973	exon	GBM recurrent
chr1:201826224|201828122	chr1	201826224	201828122	exon	GBM recurrent
chr1:201970504|201972589	chr1	201970504	201972589	exon	GBM recurrent
chr1:202418117|202465950	chr1	202418117	202465950	exon	GBM recurrent
chr1:202724399|202733273	chr1	202724399	202733273	exon	GBM recurrent
chr1:202742246|202743863	chr1	202742246	202743863	exon	GBM recurrent
chr1:202742246|202746222	chr1	202742246	202746222	exon	GBM recurrent
chr1:204494612|204501374	chr1	204494612	204501374	exon	GBM recurrent
chr1:205588085|205589966	chr1	205588085	205589966	exon	GBM recurrent
chr1:207989274|207990759	chr1	207989274	207990759	exon	GBM recurrent
chr1:208266131|208270228	chr1	208266131	208270228	exon	GBM recurrent
chr1:210186978|210194599	chr1	210186978	210194599	exon	GBM recurrent
chr1:211092982|211093411	chr1	211092982	211093411	exon	GBM recurrent
chr1:211192125|211192598	chr1	211192125	211192598	exon	GBM recurrent
chr1:211256122|211280719	chr1	211256122	211280719	exon	GBM recurrent
chr1:211952260|211961069	chr1	211952260	211961069	exon	GBM recurrent
chr1:211956571|211966532	chr1	211956571	211966532	exon	GBM recurrent
chr1:212218002|212220759	chr1	212218002	212220759	exon	GBM recurrent
chr1:212502477|212506940	chr1	212502477	212506940	exon	GBM recurrent
chr1:212502477|212519275	chr1	212502477	212519275	exon	GBM recurrent
chr1:213244348|213277911	chr1	213244348	213277911	exon	GBM recurrent
chr1:213244348|213290752	chr1	213244348	213290752	exon	GBM recurrent
chr1:213251038|213303232	chr1	213251038	213303232	exon	GBM recurrent
chr1:213290659|213303232	chr1	213290659	213303232	exon	GBM recurrent
chr1:213290659|213349835	chr1	213290659	213349835	exon	GBM recurrent
chr1:215747129|215753342	chr1	215747129	215753342	exon	GBM recurrent
chr1:215749244|215752480	chr1	215749244	215752480	exon	GBM recurrent
chr1:219366424|219392054	chr1	219366424	219392054	intergenic_region	GBM recurrent
chr1:220275471|220276119	chr1	220275471	220276119	exon	GBM recurrent
chr1:220386229|220387321	chr1	220386229	220387321	exon	GBM recurrent
chr1:220789281|220792097	chr1	220789281	220792097	exon	GBM recurrent
chr1:222767578|222776618	chr1	222767578	222776618	intergenic_region	GBM recurrent
chr1:223991876|223994649	chr1	223991876	223994649	exon	GBM recurrent
chr1:224377279|224378021	chr1	224377279	224378021	exon	GBM recurrent
chr1:224553581|224559125	chr1	224553581	224559125	exon	GBM recurrent
chr1:225600156|225603034	chr1	225600156	225603034	exon	GBM recurrent
chr1:225695653|225700718	chr1	225695653	225700718	exon	GBM recurrent
chr1:226453234|226475498	chr1	226453234	226475498	exon	GBM recurrent
chr1:227192695|227204751	chr1	227192695	227204751	exon	GBM recurrent
chr1:227381487|227400920	chr1	227381487	227400920	exon	GBM recurrent
chr1:227381487|227441856	chr1	227381487	227441856	exon	GBM recurrent
chr1:229596358|229601266	chr1	229596358	229601266	exon	GBM recurrent
chr1:229665946|229667478	chr1	229665946	229667478	exon	GBM recurrent
chr1:229675203|229678118	chr1	229675203	229678118	exon	GBM recurrent
chr1:231081135|231097049	chr1	231081135	231097049	exon	GBM recurrent
chr1:231672959|231678357	chr1	231672959	231678357	exon	GBM recurrent
chr1:231837701|231858474	chr1	231837701	231858474	exon	GBM recurrent
chr1:233353645|233372726	chr1	233353645	233372726	exon	GBM recurrent
chr1:233935680|233942868	chr1	233935680	233942868	intergenic_region	GBM recurrent
chr1:235316021|235318427	chr1	235316021	235318427	exon	GBM recurrent
chr1:235582788|235597595	chr1	235582788	235597595	exon	GBM recurrent
chr1:235600637|235605197	chr1	235600637	235605197	exon	GBM recurrent
chr1:235600637|235606226	chr1	235600637	235606226	exon	GBM recurrent
chr1:235617468|235647831	chr1	235617468	235647831	exon	GBM recurrent
chr1:235618871|235647831	chr1	235618871	235647831	exon	GBM recurrent
chr1:235956803|235964397	chr1	235956803	235964397	exon	GBM recurrent
chr1:235963620|235964397	chr1	235963620	235964397	exon	GBM recurrent
chr1:237023133|237026854	chr1	237023133	237026854	exon	GBM recurrent
chr1:237586392|237632487	chr1	237586392	237632487	exon	GBM recurrent
chr1:240370099|240555862	chr1	240370099	240555862	exon	GBM recurrent
chr1:243385026|243388623	chr1	243385026	243388623	exon	GBM recurrent
chr1:243468015|243507633	chr1	243468015	243507633	exon	GBM recurrent
chr1:243468015|243589860	chr1	243468015	243589860	exon	GBM recurrent
chr1:243708812|243727150	chr1	243708812	243727150	exon	GBM recurrent
chr1:243708812|243727689	chr1	243708812	243727689	intron	GBM recurrent
chr1:243708812|243778463	chr1	243708812	243778463	exon	GBM recurrent
chr1:243727022|243736350	chr1	243727022	243736350	exon	GBM recurrent
chr1:243800913|243859018	chr1	243800913	243859018	exon	GBM recurrent
chr1:243809195|244006584	chr1	243809195	244006584	exon	GBM recurrent
chr1:243828074|244006584	chr1	243828074	244006584	exon	GBM recurrent
chr1:245165423|245180628	chr1	245165423	245180628	exon	GBM recurrent
chr1:246021798|246093239	chr1	246021798	246093239	exon	GBM recurrent
chr1:246490503|246518396	chr1	246490503	246518396	exon	GBM recurrent
chr1:247319966|247323115	chr1	247319966	247323115	exon	GBM recurrent
chr10:355971|387269	chr10	355971	387269	exon	GBM recurrent
chr10:909683|910210	chr10	909683	910210	exon	GBM recurrent
chr10:1118056|1151207	chr10	1118056	1151207	exon	GBM recurrent
chr10:3205917|3209234	chr10	3205917	3209234	exon	GBM recurrent
chr10:5762507|5769086	chr10	5762507	5769086	exon	GBM recurrent
chr10:5762507|5773166	chr10	5762507	5773166	exon	GBM recurrent
chr10:5810176|5842668	chr10	5810176	5842668	exon	GBM recurrent
chr10:5815805|5842668	chr10	5815805	5842668	exon	GBM recurrent
chr10:11207449|11259470	chr10	11207449	11259470	exon	GBM recurrent
chr10:12021056|12056183	chr10	12021056	12056183	exon	GBM recurrent
chr10:12123471|12126750	chr10	12123471	12126750	exon	GBM recurrent
chr10:12123471|12136270	chr10	12123471	12136270	exon	GBM recurrent
chr10:12123471|12143180	chr10	12123471	12143180	exon	GBM recurrent
chr10:12136072|12162266	chr10	12136072	12162266	exon	GBM recurrent
chr10:12154899|12162266	chr10	12154899	12162266	exon	GBM recurrent
chr10:12159672|12162266	chr10	12159672	12162266	exon	GBM recurrent
chr10:12802947|12811798	chr10	12802947	12811798	exon	GBM recurrent
chr10:18787284|18795476	chr10	18787284	18795476	exon	GBM recurrent
chr10:18874878|18905222	chr10	18874878	18905222	exon	GBM recurrent
chr10:19820123|19981483	chr10	19820123	19981483	exon	GBM recurrent
chr10:21234267|21250708	chr10	21234267	21250708	intron	GBM recurrent
chr10:22171211|22209892	chr10	22171211	22209892	exon	GBM recurrent
chr10:22193451|22209892	chr10	22193451	22209892	exon	GBM recurrent
chr10:25226113|25231365	chr10	25226113	25231365	exon	GBM recurrent
chr10:25684840|25755648	chr10	25684840	25755648	exon	GBM recurrent
chr10:26994215|26998697	chr10	26994215	26998697	exon	GBM recurrent
chr10:27047991|27054247	chr10	27047991	27054247	exon	GBM recurrent
chr10:27047991|27059274	chr10	27047991	27059274	exon	GBM recurrent
chr10:27052809|27059274	chr10	27052809	27059274	exon	GBM recurrent
chr10:27301811|27303640	chr10	27301811	27303640	exon	GBM recurrent
chr10:27328894|27332496	chr10	27328894	27332496	exon	GBM recurrent
chr10:27356086|27381441	chr10	27356086	27381441	exon	GBM recurrent
chr10:27420788|27425314	chr10	27420788	27425314	exon	GBM recurrent
chr10:27431316|27434519	chr10	27431316	27434519	exon	GBM recurrent
chr10:27447478|27448687	chr10	27447478	27448687	exon	GBM recurrent
chr10:27453993|27454468	chr10	27453993	27454468	exon	GBM recurrent
chr10:31165927|31273355	chr10	31165927	31273355	exon	GBM recurrent
chr10:31644073|31750166	chr10	31644073	31750166	exon	GBM recurrent
chr10:31644076|31676727	chr10	31644076	31676727	exon	GBM recurrent
chr10:31661947|31676195	chr10	31661947	31676195	exon	GBM recurrent
chr10:31661947|31676727	chr10	31661947	31676727	exon	GBM recurrent
chr10:31749966|31791437	chr10	31749966	31791437	exon	GBM recurrent
chr10:35320228|35322201	chr10	35320228	35322201	exon	GBM recurrent
chr10:35349802|35360267	chr10	35349802	35360267	exon	GBM recurrent
chr10:35585384|35588187	chr10	35585384	35588187	intron	GBM recurrent
chr10:35818901|35842113	chr10	35818901	35842113	exon	GBM recurrent
chr10:43654163|43671480	chr10	43654163	43671480	exon	GBM recurrent
chr10:51579128|51581378	chr10	51579128	51581378	exon	GBM recurrent
chr10:51829307|51840691	chr10	51829307	51840691	exon	GBM recurrent
chr10:55575999|55587308	chr10	55575999	55587308	exon	GBM recurrent
chr10:55698575|55782957	chr10	55698575	55782957	exon	GBM recurrent
chr10:56077031|56106244	chr10	56077031	56106244	exon	GBM recurrent
chr10:56077031|56138702	chr10	56077031	56138702	exon	GBM recurrent
chr10:58867112|58868511	chr10	58867112	58868511	intergenic_region	GBM recurrent
chr10:61894029|61898845	chr10	61894029	61898845	exon	GBM recurrent
chr10:65140078|65169748	chr10	65140078	65169748	intron	GBM recurrent
chr10:65444545|65445066	chr10	65444545	65445066	intron	GBM recurrent
chr10:65444682|65445066	chr10	65444682	65445066	exon	GBM recurrent
chr10:66046226|66061412	chr10	66046226	66061412	intergenic_region	GBM recurrent
chr10:68526022|68535282	chr10	68526022	68535282	exon	GBM recurrent
chr10:69647175|69651312	chr10	69647175	69651312	exon	GBM recurrent
chr10:69726440|69752439	chr10	69726440	69752439	exon	GBM recurrent
chr10:69785303|69804320	chr10	69785303	69804320	exon	GBM recurrent
chr10:70243177|70266475	chr10	70243177	70266475	exon	GBM recurrent
chr10:70723047|70726959	chr10	70723047	70726959	exon	GBM recurrent
chr10:71912019|71920825	chr10	71912019	71920825	exon	GBM recurrent
chr10:71912019|71921687	chr10	71912019	71921687	exon	GBM recurrent
chr10:73956569|73963282	chr10	73956569	73963282	exon	GBM recurrent
chr10:74100547|74100928	chr10	74100547	74100928	exon	GBM recurrent
chr10:75227311|75239275	chr10	75227311	75239275	exon	GBM recurrent
chr10:75289438|75290593	chr10	75289438	75290593	exon	GBM recurrent
chr10:75296027|75299351	chr10	75296027	75299351	exon	GBM recurrent
chr10:75299202|75302889	chr10	75299202	75302889	exon	GBM recurrent
chr10:75302561|75302889	chr10	75302561	75302889	exon	GBM recurrent
chr10:75335270|75336119	chr10	75335270	75336119	exon	GBM recurrent
chr10:75576781|75583842	chr10	75576781	75583842	exon	GBM recurrent
chr10:76349040|76360251	chr10	76349040	76360251	exon	GBM recurrent
chr10:76910272|76910864	chr10	76910272	76910864	exon	GBM recurrent
chr10:76910272|76928416	chr10	76910272	76928416	exon	GBM recurrent
chr10:78729732|78787649	chr10	78729732	78787649	exon	GBM recurrent
chr10:79613112|79614128	chr10	79613112	79614128	exon	GBM recurrent
chr10:80878672|80921890	chr10	80878672	80921890	exon	GBM recurrent
chr10:81070681|81070941	chr10	81070681	81070941	exon	GBM recurrent
chr10:82185622|82187252	chr10	82185622	82187252	exon	GBM recurrent
chr10:86177527|86198463	chr10	86177527	86198463	exon	GBM recurrent
chr10:86177527|86237420	chr10	86177527	86237420	exon	GBM recurrent
chr10:86223689|86237420	chr10	86223689	86237420	exon	GBM recurrent
chr10:87614253|87615947	chr10	87614253	87615947	exon	GBM recurrent
chr10:87898576|87898781	chr10	87898576	87898781	exon	GBM recurrent
chr10:91465051|91473840	chr10	91465051	91473840	exon	GBM recurrent
chr10:93579027|93596755	chr10	93579027	93596755	exon	GBM recurrent
chr10:93586774|93596755	chr10	93586774	93596755	exon	GBM recurrent
chr10:93608140|93611093	chr10	93608140	93611093	exon	GBM recurrent
chr10:93702179|93716414	chr10	93702179	93716414	exon	GBM recurrent
chr10:93754292|93768032	chr10	93754292	93768032	exon	GBM recurrent
chr10:93756126|93768032	chr10	93756126	93768032	exon	GBM recurrent
chr10:93902786|93940776	chr10	93902786	93940776	exon	GBM recurrent
chr10:94269807|94297307	chr10	94269807	94297307	exon	GBM recurrent
chr10:94653106|94659401	chr10	94653106	94659401	exon	GBM recurrent
chr10:94653106|94679807	chr10	94653106	94679807	exon	GBM recurrent
chr10:95430527|95447206	chr10	95430527	95447206	exon	GBM recurrent
chr10:96109870|96117972	chr10	96109870	96117972	exon	GBM recurrent
chr10:97156977|97170534	chr10	97156977	97170534	exon	GBM recurrent
chr10:97192205|97200937	chr10	97192205	97200937	exon	GBM recurrent
chr10:98708765|98711953	chr10	98708765	98711953	exon	GBM recurrent
chr10:102019975|102021820	chr10	102019975	102021820	exon	GBM recurrent
chr10:103552596|103567658	chr10	103552596	103567658	exon	GBM recurrent
chr10:103552596|103573363	chr10	103552596	103573363	exon	GBM recurrent
chr10:103558599|103567658	chr10	103558599	103567658	exon	GBM recurrent
chr10:103558599|103570071	chr10	103558599	103570071	exon	GBM recurrent
chr10:103783234|103785005	chr10	103783234	103785005	exon	GBM recurrent
chr10:103902802|103904847	chr10	103902802	103904847	exon	GBM recurrent
chr10:104809464|104816721	chr10	104809464	104816721	exon	GBM recurrent
chr10:108447950|108469099	chr10	108447950	108469099	exon	GBM recurrent
chr10:112645011|112650428	chr10	112645011	112650428	exon	GBM recurrent
chr10:114286846|114298089	chr10	114286846	114298089	exon	GBM recurrent
chr10:114286846|114428757	chr10	114286846	114428757	exon	GBM recurrent
chr10:115657869|115668282	chr10	115657869	115668282	exon	GBM recurrent
chr10:116247717|116251637	chr10	116247717	116251637	exon	GBM recurrent
chr10:116331056|116361720	chr10	116331056	116361720	exon	GBM recurrent
chr10:116590611|116608496	chr10	116590611	116608496	exon	GBM recurrent
chr10:116975455|117045907	chr10	116975455	117045907	exon	GBM recurrent
chr10:116975455|117154262	chr10	116975455	117154262	exon	GBM recurrent
chr10:120460818|120489922	chr10	120460818	120489922	exon	GBM recurrent
chr10:121541147|121571467	chr10	121541147	121571467	exon	GBM recurrent
chr10:122273423|122280607	chr10	122273423	122280607	exon	GBM recurrent
chr10:123658356|123670666	chr10	123658356	123670666	exon	GBM recurrent
chr10:123670421|123683844	chr10	123670421	123683844	exon	GBM recurrent
chr10:123718839|123721032	chr10	123718839	123721032	exon	GBM recurrent
chr10:126097111|126097534	chr10	126097111	126097534	exon	GBM recurrent
chr10:126176991|126186697	chr10	126176991	126186697	exon	GBM recurrent
chr10:126384727|126395456	chr10	126384727	126395456	exon	GBM recurrent
chr10:126631026|126631876	chr10	126631026	126631876	exon	GBM recurrent
chr10:126727566|126799662	chr10	126727566	126799662	exon	GBM recurrent
chr10:131964771|131969900	chr10	131964771	131969900	exon	GBM recurrent
chr10:133106474|133107562	chr10	133106474	133107562	exon	GBM recurrent
chr10:135209217|135216277	chr10	135209217	135216277	exon	GBM recurrent
chr11:755879|760253	chr11	755879	760253	exon	GBM recurrent
chr11:3726430|3727857	chr11	3726430	3727857	exon	GBM recurrent
chr11:3752621|3756554	chr11	3752621	3756554	exon	GBM recurrent
chr11:4127276|4130933	chr11	4127276	4130933	exon	GBM recurrent
chr11:9215041|9229179	chr11	9215041	9229179	exon	GBM recurrent
chr11:9451221|9455393	chr11	9451221	9455393	exon	GBM recurrent
chr11:10824577|10827594	chr11	10824577	10827594	exon	GBM recurrent
chr11:14793483|14810788	chr11	14793483	14810788	exon	GBM recurrent
chr11:14839729|14840755	chr11	14839729	14840755	exon	GBM recurrent
chr11:14852244|14882912	chr11	14852244	14882912	exon	GBM recurrent
chr11:14889052|14889304	chr11	14889052	14889304	exon	GBM recurrent
chr11:16036488|16077444	chr11	16036488	16077444	exon	GBM recurrent
chr11:16036488|16077447	chr11	16036488	16077447	exon	GBM recurrent
chr11:16036488|16119234	chr11	16036488	16119234	exon	GBM recurrent
chr11:16068060|16077447	chr11	16068060	16077447	exon	GBM recurrent
chr11:16068060|16119234	chr11	16068060	16119234	exon	GBM recurrent
chr11:16117542|16119234	chr11	16117542	16119234	exon	GBM recurrent
chr11:16119155|16208501	chr11	16119155	16208501	exon	GBM recurrent
chr11:16133349|16208501	chr11	16133349	16208501	exon	GBM recurrent
chr11:16133349|16256217	chr11	16133349	16256217	exon	GBM recurrent
chr11:16203703|16208501	chr11	16203703	16208501	intron	GBM recurrent
chr11:16205432|16208501	chr11	16205432	16208501	exon	GBM recurrent
chr11:16205432|16362798	chr11	16205432	16362798	exon	GBM recurrent
chr11:16256128|16362798	chr11	16256128	16362798	exon	GBM recurrent
chr11:16362558|16497935	chr11	16362558	16497935	exon	GBM recurrent
chr11:17153463|17167489	chr11	17153463	17167489	exon	GBM recurrent
chr11:17899755|18031686	chr11	17899755	18031686	exon	GBM recurrent
chr11:18105082|18111057	chr11	18105082	18111057	exon	GBM recurrent
chr11:18536225|18541150	chr11	18536225	18541150	exon	GBM recurrent
chr11:18591761|18600355	chr11	18591761	18600355	exon	GBM recurrent
chr11:18596894|18603217	chr11	18596894	18603217	intron	GBM recurrent
chr11:19473733|19474599	chr11	19473733	19474599	intron	GBM recurrent
chr11:20083853|20104725	chr11	20083853	20104725	exon	GBM recurrent
chr11:20424465|20448411	chr11	20424465	20448411	exon	GBM recurrent
chr11:20424465|20486092	chr11	20424465	20486092	exon	GBM recurrent
chr11:20959332|20982106	chr11	20959332	20982106	exon	GBM recurrent
chr11:22696396|22777499	chr11	22696396	22777499	exon	GBM recurrent
chr11:24927537|25004839	chr11	24927537	25004839	exon	GBM recurrent
chr11:32608558|32611187	chr11	32608558	32611187	exon	GBM recurrent
chr11:32948703|32949669	chr11	32948703	32949669	exon	GBM recurrent
chr11:33127113|33127610	chr11	33127113	33127610	exon	GBM recurrent
chr11:34104372|34111003	chr11	34104372	34111003	exon	GBM recurrent
chr11:36103203|36120011	chr11	36103203	36120011	exon	GBM recurrent
chr11:44129233|44135851	chr11	44129233	44135851	exon	GBM recurrent
chr11:44146339|44151688	chr11	44146339	44151688	exon	GBM recurrent
chr11:46001311|46113774	chr11	46001311	46113774	exon	GBM recurrent
chr11:46515158|46529920	chr11	46515158	46529920	exon	GBM recurrent
chr11:46900458|46900866	chr11	46900458	46900866	exon	GBM recurrent
chr11:47508302|47522484	chr11	47508302	47522484	exon	GBM recurrent
chr11:47647226|47648679	chr11	47647226	47648679	exon	GBM recurrent
chr11:47647226|47656286	chr11	47647226	47656286	exon	GBM recurrent
chr11:47650505|47652639	chr11	47650505	47652639	exon	GBM recurrent
chr11:47819331|47823482	chr11	47819331	47823482	exon	GBM recurrent
chr11:47843276|47859175	chr11	47843276	47859175	exon	GBM recurrent
chr11:57258697|57259335	chr11	57258697	57259335	exon	GBM recurrent
chr11:60687158|60688460	chr11	60687158	60688460	exon	GBM recurrent
chr11:61094251|61097546	chr11	61094251	61097546	exon	GBM recurrent
chr11:61205097|61205814	chr11	61205097	61205814	exon	GBM recurrent
chr11:61205097|61213703	chr11	61205097	61213703	exon	GBM recurrent
chr11:62406455|62407203	chr11	62406455	62407203	exon	GBM recurrent
chr11:63426233|63426724	chr11	63426233	63426724	exon	GBM recurrent
chr11:63517463|63517670	chr11	63517463	63517670	exon	GBM recurrent
chr11:64088133|64089346	chr11	64088133	64089346	intergenic_region	GBM recurrent
chr11:64453118|64453419	chr11	64453118	64453419	exon	GBM recurrent
chr11:66407171|66407594	chr11	66407171	66407594	exon	GBM recurrent
chr11:66436086|66436762	chr11	66436086	66436762	exon	GBM recurrent
chr11:66583524|66595835	chr11	66583524	66595835	exon	GBM recurrent
chr11:67934449|67953395	chr11	67934449	67953395	exon	GBM recurrent
chr11:68183796|68193655	chr11	68183796	68193655	exon	GBM recurrent
chr11:68272613|68312492	chr11	68272613	68312492	exon	GBM recurrent
chr11:68359044|68367962	chr11	68359044	68367962	exon	GBM recurrent
chr11:68363565|68370960	chr11	68363565	68370960	exon	GBM recurrent
chr11:68527037|68529155	chr11	68527037	68529155	exon	GBM recurrent
chr11:68527693|68529155	chr11	68527693	68529155	exon	GBM recurrent
chr11:72291930|72292523	chr11	72291930	72292523	exon	GBM recurrent
chr11:73418465|73429935	chr11	73418465	73429935	exon	GBM recurrent
chr11:73554292|73556021	chr11	73554292	73556021	exon	GBM recurrent
chr11:74617284|74638533	chr11	74617284	74638533	exon	GBM recurrent
chr11:76696687|76709865	chr11	76696687	76709865	exon	GBM recurrent
chr11:77402204|77404656	chr11	77402204	77404656	exon	GBM recurrent
chr11:77451776|77475734	chr11	77451776	77475734	exon	GBM recurrent
chr11:77812139|77820627	chr11	77812139	77820627	exon	GBM recurrent
chr11:81811016|81902098	chr11	81811016	81902098	intron	GBM recurrent
chr11:82046727|82067670	chr11	82046727	82067670	intron	GBM recurrent
chr11:84991578|84996409	chr11	84991578	84996409	intron	GBM recurrent
chr11:85685751|85695016	chr11	85685751	85695016	exon	GBM recurrent
chr11:85692172|85695016	chr11	85692172	85695016	exon	GBM recurrent
chr11:85692172|85742653	chr11	85692172	85742653	exon	GBM recurrent
chr11:85692788|85701442	chr11	85692788	85701442	exon	GBM recurrent
chr11:85692788|85707972	chr11	85692788	85707972	exon	GBM recurrent
chr11:85707869|85712201	chr11	85707869	85712201	exon	GBM recurrent
chr11:85707869|85714454	chr11	85707869	85714454	exon	GBM recurrent
chr11:85707869|85718626	chr11	85707869	85718626	exon	GBM recurrent
chr11:93429486|93440063	chr11	93429486	93440063	exon	GBM recurrent
chr11:93480463|93490631	chr11	93480463	93490631	exon	GBM recurrent
chr11:93486848|93494891	chr11	93486848	93494891	exon	GBM recurrent
chr11:94219094|94224131	chr11	94219094	94224131	exon	GBM recurrent
chr11:94532556|94533477	chr11	94532556	94533477	exon	GBM recurrent
chr11:94554696|94564707	chr11	94554696	94564707	exon	GBM recurrent
chr11:100168357|100179200	chr11	100168357	100179200	exon	GBM recurrent
chr11:103090644|103093815	chr11	103090644	103093815	exon	GBM recurrent
chr11:103173822|103187349	chr11	103173822	103187349	exon	GBM recurrent
chr11:106680719|106681204	chr11	106680719	106681204	exon	GBM recurrent
chr11:107920617|107925682	chr11	107920617	107925682	exon	GBM recurrent
chr11:108042926|108047817	chr11	108042926	108047817	exon	GBM recurrent
chr11:108098322|108106561	chr11	108098322	108106561	exon	GBM recurrent
chr11:108129713|108138069	chr11	108129713	108138069	exon	GBM recurrent
chr11:108172375|108175579	chr11	108172375	108175579	exon	GBM recurrent
chr11:110007388|110008139	chr11	110007388	110008139	exon	GBM recurrent
chr11:110007388|110030215	chr11	110007388	110030215	exon	GBM recurrent
chr11:111622883|111624301	chr11	111622883	111624301	exon	GBM recurrent
chr11:111706888|111709101	chr11	111706888	111709101	exon	GBM recurrent
chr11:111706888|111724459	chr11	111706888	111724459	exon	GBM recurrent
chr11:111907997|111914257	chr11	111907997	111914257	exon	GBM recurrent
chr11:113073101|113085233	chr11	113073101	113085233	exon	GBM recurrent
chr11:117030650|117034608	chr11	117030650	117034608	exon	GBM recurrent
chr11:117647506|117651525	chr11	117647506	117651525	exon	GBM recurrent
chr11:118378244|118382740	chr11	118378244	118382740	exon	GBM recurrent
chr11:118629483|118630753	chr11	118629483	118630753	exon	GBM recurrent
chr11:118997645|118997835	chr11	118997645	118997835	exon	GBM recurrent
chr11:119103158|119103405	chr11	119103158	119103405	exon	GBM recurrent
chr11:120347370|120348235	chr11	120347370	120348235	exon	GBM recurrent
chr11:120524394|120531109	chr11	120524394	120531109	exon	GBM recurrent
chr11:120916383|120926017	chr11	120916383	120926017	exon	GBM recurrent
chr11:121348827|121367758	chr11	121348827	121367758	exon	GBM recurrent
chr11:125848199|125893432	chr11	125848199	125893432	exon	GBM recurrent
chr11:128910823|128936763	chr11	128910823	128936763	exon	GBM recurrent
chr11:128932175|128936763	chr11	128932175	128936763	exon	GBM recurrent
chr11:128932175|128994789	chr11	128932175	128994789	exon	GBM recurrent
chr11:128963516|129034322	chr11	128963516	129034322	exon	GBM recurrent
chr11:129031500|129034322	chr11	129031500	129034322	intron	GBM recurrent
chr11:134153631|134215023	chr11	134153631	134215023	intergenic_region	GBM recurrent
chr11:134177018|134184335	chr11	134177018	134184335	exon	GBM recurrent
chr12:459787|461490	chr12	459787	461490	exon	GBM recurrent
chr12:459787|475270	chr12	459787	475270	exon	GBM recurrent
chr12:1219358|1225199	chr12	1219358	1225199	exon	GBM recurrent
chr12:1399018|1399178	chr12	1399018	1399178	exon	GBM recurrent
chr12:2931960|2937050	chr12	2931960	2937050	intron	GBM recurrent
chr12:4848329|4874712	chr12	4848329	4874712	exon	GBM recurrent
chr12:6630964|6632512	chr12	6630964	6632512	exon	GBM recurrent
chr12:6703625|6705303	chr12	6703625	6705303	exon	GBM recurrent
chr12:8866407|8866637	chr12	8866407	8866637	exon	GBM recurrent
chr12:9716756|9759052	chr12	9716756	9759052	exon	GBM recurrent
chr12:10530731|10531304	chr12	10530731	10531304	exon	GBM recurrent
chr12:10587085|10601938	chr12	10587085	10601938	intergenic_region	GBM recurrent
chr12:11273609|11276786	chr12	11273609	11276786	intron	GBM recurrent
chr12:12300300|12303972	chr12	12300300	12303972	exon	GBM recurrent
chr12:12301876|12303972	chr12	12301876	12303972	exon	GBM recurrent
chr12:12332744|12356334	chr12	12332744	12356334	exon	GBM recurrent
chr12:15834160|15866259	chr12	15834160	15866259	exon	GBM recurrent
chr12:19496257|19501453	chr12	19496257	19501453	exon	GBM recurrent
chr12:19626182|19653155	chr12	19626182	19653155	exon	GBM recurrent
chr12:22796697|22826594	chr12	22796697	22826594	exon	GBM recurrent
chr12:22811948|22826594	chr12	22811948	22826594	exon	GBM recurrent
chr12:23998917|24048958	chr12	23998917	24048958	exon	GBM recurrent
chr12:26208169|26220646	chr12	26208169	26220646	exon	GBM recurrent
chr12:27521195|27543172	chr12	27521195	27543172	exon	GBM recurrent
chr12:27802943|27809663	chr12	27802943	27809663	exon	GBM recurrent
chr12:28378728|28412375	chr12	28378728	28412375	exon	GBM recurrent
chr12:28458582|28544344	chr12	28458582	28544344	exon	GBM recurrent
chr12:28544237|28637098	chr12	28544237	28637098	exon	GBM recurrent
chr12:29492784|29494749	chr12	29492784	29494749	exon	GBM recurrent
chr12:31551109|31562318	chr12	31551109	31562318	exon	GBM recurrent
chr12:31555432|31579358	chr12	31555432	31579358	exon	GBM recurrent
chr12:31586089|31595859	chr12	31586089	31595859	exon	GBM recurrent
chr12:31595709|31600703	chr12	31595709	31600703	exon	GBM recurrent
chr12:31595709|31648853	chr12	31595709	31648853	exon	GBM recurrent
chr12:31854797|31862359	chr12	31854797	31862359	exon	GBM recurrent
chr12:32772632|32786623	chr12	32772632	32786623	exon	GBM recurrent
chr12:39713708|39716684	chr12	39713708	39716684	exon	GBM recurrent
chr12:40258564|40265763	chr12	40258564	40265763	exon	GBM recurrent
chr12:40740555|40742311	chr12	40740555	40742311	exon	GBM recurrent
chr12:41302159|41337972	chr12	41302159	41337972	exon	GBM recurrent
chr12:41312441|41337972	chr12	41312441	41337972	exon	GBM recurrent
chr12:41323598|41337972	chr12	41323598	41337972	exon	GBM recurrent
chr12:42748963|42792796	chr12	42748963	42792796	exon	GBM recurrent
chr12:45059267|45108524	chr12	45059267	45108524	exon	GBM recurrent
chr12:46230372|46287504	chr12	46230372	46287504	exon	GBM recurrent
chr12:48477374|48491907	chr12	48477374	48491907	exon	GBM recurrent
chr12:48490126|48495299	chr12	48490126	48495299	exon	GBM recurrent
chr12:48849364|48853332	chr12	48849364	48853332	intergenic_region	GBM recurrent
chr12:49053688|49054402	chr12	49053688	49054402	intron	GBM recurrent
chr12:49888524|49893988	chr12	49888524	49893988	exon	GBM recurrent
chr12:50059615|50062337	chr12	50059615	50062337	exon	GBM recurrent
chr12:50385781|50386438	chr12	50385781	50386438	exon	GBM recurrent
chr12:50488220|50490755	chr12	50488220	50490755	exon	GBM recurrent
chr12:50821545|50822873	chr12	50821545	50822873	exon	GBM recurrent
chr12:51064969|51074546	chr12	51064969	51074546	exon	GBM recurrent
chr12:51079616|51118669	chr12	51079616	51118669	exon	GBM recurrent
chr12:51127918|51130893	chr12	51127918	51130893	exon	GBM recurrent
chr12:51173923|51203372	chr12	51173923	51203372	exon	GBM recurrent
chr12:51402259|51404549	chr12	51402259	51404549	exon	GBM recurrent
chr12:51500308|51511530	chr12	51500308	51511530	exon	GBM recurrent
chr12:52077958|52081003	chr12	52077958	52081003	exon	GBM recurrent
chr12:52077958|52100499	chr12	52077958	52100499	exon	GBM recurrent
chr12:52180326|52188425	chr12	52180326	52188425	exon	GBM recurrent
chr12:56215785|56217292	chr12	56215785	56217292	exon	GBM recurrent
chr12:56493432|56494029	chr12	56493432	56494029	exon	GBM recurrent
chr12:56669780|56676775	chr12	56669780	56676775	exon	GBM recurrent
chr12:56826810|56828015	chr12	56826810	56828015	exon	GBM recurrent
chr12:62877950|62895478	chr12	62877950	62895478	exon	GBM recurrent
chr12:62892699|62895478	chr12	62892699	62895478	exon	GBM recurrent
chr12:69109407|69119576	chr12	69109407	69119576	exon	GBM recurrent
chr12:69222551|69230529	chr12	69222551	69230529	exon	GBM recurrent
chr12:70065208|70071037	chr12	70065208	70071037	exon	GBM recurrent
chr12:70178500|70195501	chr12	70178500	70195501	exon	GBM recurrent
chr12:72680461|72771901	chr12	72680461	72771901	exon	GBM recurrent
chr12:78360009|78362482	chr12	78360009	78362482	exon	GBM recurrent
chr12:81688614|81693161	chr12	81688614	81693161	exon	GBM recurrent
chr12:82070570|82082269	chr12	82070570	82082269	intron	GBM recurrent
chr12:89860547|89866052	chr12	89860547	89866052	exon	GBM recurrent
chr12:96076483|96077487	chr12	96076483	96077487	exon	GBM recurrent
chr12:96704830|96728643	chr12	96704830	96728643	exon	GBM recurrent
chr12:97303530|97306595	chr12	97303530	97306595	exon	GBM recurrent
chr12:99192712|99194903	chr12	99192712	99194903	exon	GBM recurrent
chr12:100598718|100599522	chr12	100598718	100599522	exon	GBM recurrent
chr12:102147150|102153921	chr12	102147150	102153921	exon	GBM recurrent
chr12:104514178|104517201	chr12	104514178	104517201	exon	GBM recurrent
chr12:105280071|105289123	chr12	105280071	105289123	exon	GBM recurrent
chr12:105597481|105605095	chr12	105597481	105605095	exon	GBM recurrent
chr12:105610847|105623001	chr12	105610847	105623001	exon	GBM recurrent
chr12:107002575|107048129	chr12	107002575	107048129	exon	GBM recurrent
chr12:107236367|107245372	chr12	107236367	107245372	exon	GBM recurrent
chr12:107236367|107254190	chr12	107236367	107254190	exon	GBM recurrent
chr12:107245228|107254190	chr12	107245228	107254190	exon	GBM recurrent
chr12:109046048|109055934	chr12	109046048	109055934	exon	GBM recurrent
chr12:109052514|109055934	chr12	109052514	109055934	exon	GBM recurrent
chr12:109509417|109511337	chr12	109509417	109511337	exon	GBM recurrent
chr12:110376185|110377052	chr12	110376185	110377052	exon	GBM recurrent
chr12:110418757|110421499	chr12	110418757	110421499	exon	GBM recurrent
chr12:110456150|110468563	chr12	110456150	110468563	exon	GBM recurrent
chr12:110566755|110584853	chr12	110566755	110584853	exon	GBM recurrent
chr12:110826317|110834257	chr12	110826317	110834257	exon	GBM recurrent
chr12:110832906|110834257	chr12	110832906	110834257	exon	GBM recurrent
chr12:110893391|110895439	chr12	110893391	110895439	exon	GBM recurrent
chr12:110910883|110924522	chr12	110910883	110924522	exon	GBM recurrent
chr12:110974729|110983883	chr12	110974729	110983883	exon	GBM recurrent
chr12:111064167|111070364	chr12	111064167	111070364	exon	GBM recurrent
chr12:111916874|111924628	chr12	111916874	111924628	exon	GBM recurrent
chr12:111958686|111963120	chr12	111958686	111963120	exon	GBM recurrent
chr12:111962996|111990781	chr12	111962996	111990781	exon	GBM recurrent
chr12:111990084|111990781	chr12	111990084	111990781	exon	GBM recurrent
chr12:111990084|111993723	chr12	111990084	111993723	exon	GBM recurrent
chr12:112087743|112098479	chr12	112087743	112098479	exon	GBM recurrent
chr12:112096540|112097149	chr12	112096540	112097149	exon	GBM recurrent
chr12:112116955|112121111	chr12	112116955	112121111	exon	GBM recurrent
chr12:112641440|112642427	chr12	112641440	112642427	exon	GBM recurrent
chr12:112641440|112666615	chr12	112641440	112666615	exon	GBM recurrent
chr12:112676856|112677831	chr12	112676856	112677831	exon	GBM recurrent
chr12:112707508|112711599	chr12	112707508	112711599	exon	GBM recurrent
chr12:112743868|112750951	chr12	112743868	112750951	exon	GBM recurrent
chr12:112915455|112915819	chr12	112915455	112915819	exon	GBM recurrent
chr12:113705648|113707650	chr12	113705648	113707650	exon	GBM recurrent
chr12:116434281|116435035	chr12	116434281	116435035	exon	GBM recurrent
chr12:117178150|117178899	chr12	117178150	117178899	exon	GBM recurrent
chr12:117365828|117387511	chr12	117365828	117387511	exon	GBM recurrent
chr12:117365828|117402659	chr12	117365828	117402659	exon	GBM recurrent
chr12:118511504|118533619	chr12	118511504	118533619	exon	GBM recurrent
chr12:118619176|118619412	chr12	118619176	118619412	exon	GBM recurrent
chr12:120195175|120198859	chr12	120195175	120198859	exon	GBM recurrent
chr12:120947820|120954591	chr12	120947820	120954591	exon	GBM recurrent
chr12:120995085|120998689	chr12	120995085	120998689	exon	GBM recurrent
chr12:121002875|121004783	chr12	121002875	121004783	exon	GBM recurrent
chr12:121614950|121615249	chr12	121614950	121615249	exon	GBM recurrent
chr12:121706441|121708748	chr12	121706441	121708748	exon	GBM recurrent
chr12:122380440|122386967	chr12	122380440	122386967	exon	GBM recurrent
chr12:122773036|122801402	chr12	122773036	122801402	exon	GBM recurrent
chr12:122817534|122826244	chr12	122817534	122826244	exon	GBM recurrent
chr12:122837273|122865105	chr12	122837273	122865105	exon	GBM recurrent
chr12:122992765|122995735	chr12	122992765	122995735	exon	GBM recurrent
chr12:123030723|123032516	chr12	123030723	123032516	exon	GBM recurrent
chr12:123030723|123036243	chr12	123030723	123036243	exon	GBM recurrent
chr12:123052808|123061576	chr12	123052808	123061576	exon	GBM recurrent
chr12:123062219|123065217	chr12	123062219	123065217	exon	GBM recurrent
chr12:123262038|123265877	chr12	123262038	123265877	exon	GBM recurrent
chr12:123270266|123276668	chr12	123270266	123276668	exon	GBM recurrent
chr12:123488941|123490095	chr12	123488941	123490095	exon	GBM recurrent
chr12:123645683|123648637	chr12	123645683	123648637	exon	GBM recurrent
chr12:124094486|124099863	chr12	124094486	124099863	exon	GBM recurrent
chr12:124123811|124137282	chr12	124123811	124137282	exon	GBM recurrent
chr12:124203170|124209338	chr12	124203170	124209338	exon	GBM recurrent
chr12:124882665|124979914	chr12	124882665	124979914	exon	GBM recurrent
chr12:124904503|124915333	chr12	124904503	124915333	exon	GBM recurrent
chr12:124904503|124922542	chr12	124904503	124922542	exon	GBM recurrent
chr12:124904503|124979914	chr12	124904503	124979914	exon	GBM recurrent
chr12:124911168|124941708	chr12	124911168	124941708	exon	GBM recurrent
chr12:124922476|124979914	chr12	124922476	124979914	exon	GBM recurrent
chr12:124934361|124979914	chr12	124934361	124979914	exon	GBM recurrent
chr12:124950719|124979914	chr12	124950719	124979914	exon	GBM recurrent
chr12:125833998|125900223	chr12	125833998	125900223	exon	GBM recurrent
chr12:132489622|132522641	chr12	132489622	132522641	exon	GBM recurrent
chr12:133768075|133768589	chr12	133768075	133768589	exon	GBM recurrent
chr13:20235838|20244503	chr13	20235838	20244503	exon	GBM recurrent
chr13:20315705|20356931	chr13	20315705	20356931	exon	GBM recurrent
chr13:20576990|20580726	chr13	20576990	20580726	exon	GBM recurrent
chr13:20600752|20611049	chr13	20600752	20611049	exon	GBM recurrent
chr13:21732061|21746820	chr13	21732061	21746820	exon	GBM recurrent
chr13:21742127|21742538	chr13	21742127	21742538	exon	GBM recurrent
chr13:21955573|21965993	chr13	21955573	21965993	exon	GBM recurrent
chr13:21974512|21995303	chr13	21974512	21995303	exon	GBM recurrent
chr13:26343184|26349097	chr13	26343184	26349097	exon	GBM recurrent
chr13:26402256|26413762	chr13	26402256	26413762	exon	GBM recurrent
chr13:26402256|26436546	chr13	26402256	26436546	exon	GBM recurrent
chr13:28771322|28794515	chr13	28771322	28794515	exon	GBM recurrent
chr13:30854200|30857928	chr13	30854200	30857928	exon	GBM recurrent
chr13:32768280|32776664	chr13	32768280	32776664	exon	GBM recurrent
chr13:32899213|32900750	chr13	32899213	32900750	exon	GBM recurrent
chr13:33091994|33101669	chr13	33091994	33101669	exon	GBM recurrent
chr13:33222891|33226144	chr13	33222891	33226144	exon	GBM recurrent
chr13:35615070|35624532	chr13	35615070	35624532	exon	GBM recurrent
chr13:36367503|36385105	chr13	36367503	36385105	exon	GBM recurrent
chr13:37539712|37559877	chr13	37539712	37559877	exon	GBM recurrent
chr13:37614542|37625720	chr13	37614542	37625720	exon	GBM recurrent
chr13:39338441|39358945	chr13	39338441	39358945	exon	GBM recurrent
chr13:40293373|40301685	chr13	40293373	40301685	exon	GBM recurrent
chr13:41025201|41048232	chr13	41025201	41048232	exon	GBM recurrent
chr13:41515057|41518061	chr13	41515057	41518061	exon	GBM recurrent
chr13:41517088|41518061	chr13	41517088	41518061	exon	GBM recurrent
chr13:41890982|41894960	chr13	41890982	41894960	exon	GBM recurrent
chr13:41890982|41897326	chr13	41890982	41897326	exon	GBM recurrent
chr13:41890982|41910892	chr13	41890982	41910892	exon	GBM recurrent
chr13:41892942|41910892	chr13	41892942	41910892	exon	GBM recurrent
chr13:42335264|42361679	chr13	42335264	42361679	exon	GBM recurrent
chr13:42352121|42393522	chr13	42352121	42393522	exon	GBM recurrent
chr13:42352121|42407667	chr13	42352121	42407667	exon	GBM recurrent
chr13:42439872|42465723	chr13	42439872	42465723	exon	GBM recurrent
chr13:42481722|42486304	chr13	42481722	42486304	exon	GBM recurrent
chr13:42729427|42748280	chr13	42729427	42748280	exon	GBM recurrent
chr13:42733402|42734272	chr13	42733402	42734272	exon	GBM recurrent
chr13:42769021|42784901	chr13	42769021	42784901	exon	GBM recurrent
chr13:46584483|46594692	chr13	46584483	46594692	exon	GBM recurrent
chr13:48830313|48832372	chr13	48830313	48832372	exon	GBM recurrent
chr13:49712883|49741439	chr13	49712883	49741439	exon	GBM recurrent
chr13:49741380|49749677	chr13	49741380	49749677	exon	GBM recurrent
chr13:49742749|49749677	chr13	49742749	49749677	exon	GBM recurrent
chr13:51939839|51969619	chr13	51939839	51969619	exon	GBM recurrent
chr13:61013822|61034674	chr13	61013822	61034674	exon	GBM recurrent
chr13:61083897|61109367	chr13	61083897	61109367	exon	GBM recurrent
chr13:74518118|74569190	chr13	74518118	74569190	exon	GBM recurrent
chr13:76140831|76143643	chr13	76140831	76143643	exon	GBM recurrent
chr13:76195899|76301234	chr13	76195899	76301234	exon	GBM recurrent
chr13:77779391|77786295	chr13	77779391	77786295	exon	GBM recurrent
chr13:77779391|77818086	chr13	77779391	77818086	exon	GBM recurrent
chr13:77791975|77818086	chr13	77791975	77818086	exon	GBM recurrent
chr13:84294296|84385403	chr13	84294296	84385403	intergenic_region	GBM recurrent
chr13:84376512|84403072	chr13	84376512	84403072	intergenic_region	GBM recurrent
chr13:92345441|92346135	chr13	92345441	92346135	exon	GBM recurrent
chr13:95813443|95822882	chr13	95813443	95822882	exon	GBM recurrent
chr13:96485181|96489456	chr13	96485181	96489456	exon	GBM recurrent
chr13:96577934|96592345	chr13	96577934	96592345	exon	GBM recurrent
chr13:99498178|99508285	chr13	99498178	99508285	exon	GBM recurrent
chr13:100191700|100196249	chr13	100191700	100196249	exon	GBM recurrent
chr13:100909849|100962162	chr13	100909849	100962162	exon	GBM recurrent
chr13:100953714|101077985	chr13	100953714	101077985	exon	GBM recurrent
chr13:100982815|101077985	chr13	100982815	101077985	exon	GBM recurrent
chr13:101020726|101101559	chr13	101020726	101101559	exon	GBM recurrent
chr13:101936284|101944717	chr13	101936284	101944717	exon	GBM recurrent
chr13:101997617|102031004	chr13	101997617	102031004	exon	GBM recurrent
chr13:103268746|103275390	chr13	103268746	103275390	exon	GBM recurrent
chr13:103445691|103446156	chr13	103445691	103446156	exon	GBM recurrent
chr13:111857636|111885640	chr13	111857636	111885640	exon	GBM recurrent
chr14:21894287|21897494	chr14	21894287	21897494	exon	GBM recurrent
chr14:23502577|23502883	chr14	23502577	23502883	exon	GBM recurrent
chr14:24679096|24681035	chr14	24679096	24681035	exon	GBM recurrent
chr14:27106401|27132992	chr14	27106401	27132992	exon	GBM recurrent
chr14:31103153|31122794	chr14	31103153	31122794	exon	GBM recurrent
chr14:31424826|31425448	chr14	31424826	31425448	exon	GBM recurrent
chr14:31602444|31602881	chr14	31602444	31602881	exon	GBM recurrent
chr14:32809592|32903023	chr14	32809592	32903023	intron	GBM recurrent
chr14:33068616|33069998	chr14	33068616	33069998	exon	GBM recurrent
chr14:34993903|35002745	chr14	34993903	35002745	exon	GBM recurrent
chr14:35036892|35037219	chr14	35036892	35037219	exon	GBM recurrent
chr14:35269430|35272194	chr14	35269430	35272194	exon	GBM recurrent
chr14:35595941|35649983	chr14	35595941	35649983	exon	GBM recurrent
chr14:36064840|36104804	chr14	36064840	36104804	exon	GBM recurrent
chr14:36103780|36194359	chr14	36103780	36194359	exon	GBM recurrent
chr14:37754523|37777724	chr14	37754523	37777724	exon	GBM recurrent
chr14:39782544|39818181	chr14	39782544	39818181	exon	GBM recurrent
chr14:40111917|40125012	chr14	40111917	40125012	exon	GBM recurrent
chr14:45478116|45514073	chr14	45478116	45514073	exon	GBM recurrent
chr14:45481178|45501579	chr14	45481178	45501579	exon	GBM recurrent
chr14:45481178|45537846	chr14	45481178	45537846	exon	GBM recurrent
chr14:45623900|45628483	chr14	45623900	45628483	exon	GBM recurrent
chr14:45887421|46037786	chr14	45887421	46037786	intergenic_region	GBM recurrent
chr14:50131344|50141145	chr14	50131344	50141145	exon	GBM recurrent
chr14:50266193|50298079	chr14	50266193	50298079	exon	GBM recurrent
chr14:50596679|50625364	chr14	50596679	50625364	exon	GBM recurrent
chr14:50647290|50655418	chr14	50647290	50655418	exon	GBM recurrent
chr14:50647290|50671127	chr14	50647290	50671127	exon	GBM recurrent
chr14:50666409|50671127	chr14	50666409	50671127	exon	GBM recurrent
chr14:50713759|50769735	chr14	50713759	50769735	exon	GBM recurrent
chr14:50923234|50952912	chr14	50923234	50952912	exon	GBM recurrent
chr14:50933301|50943024	chr14	50933301	50943024	exon	GBM recurrent
chr14:51101932|51111732	chr14	51101932	51111732	exon	GBM recurrent
chr14:51208300|51211083	chr14	51208300	51211083	exon	GBM recurrent
chr14:51475798|51492078	chr14	51475798	51492078	exon	GBM recurrent
chr14:51710574|51713938	chr14	51710574	51713938	exon	GBM recurrent
chr14:52936755|52957723	chr14	52936755	52957723	exon	GBM recurrent
chr14:52977958|53011089	chr14	52977958	53011089	exon	GBM recurrent
chr14:53064990|53067059	chr14	53064990	53067059	exon	GBM recurrent
chr14:53138348|53149126	chr14	53138348	53149126	exon	GBM recurrent
chr14:55647931|55650471	chr14	55647931	55650471	exon	GBM recurrent
chr14:56083235|56086030	chr14	56083235	56086030	exon	GBM recurrent
chr14:57696452|57714430	chr14	57696452	57714430	exon	GBM recurrent
chr14:58740697|58740853	chr14	58740697	58740853	exon	GBM recurrent
chr14:58757417|58758425	chr14	58757417	58758425	intron	GBM recurrent
chr14:58771662|58811485	chr14	58771662	58811485	exon	GBM recurrent
chr14:60616071|60619896	chr14	60616071	60619896	exon	GBM recurrent
chr14:61262935|61285565	chr14	61262935	61285565	exon	GBM recurrent
chr14:61545548|61550418	chr14	61545548	61550418	exon	GBM recurrent
chr14:62303378|62305378	chr14	62303378	62305378	intron	GBM recurrent
chr14:67176075|67243239	chr14	67176075	67243239	exon	GBM recurrent
chr14:67431908|67539688	chr14	67431908	67539688	intron	GBM recurrent
chr14:67490350|67589094	chr14	67490350	67589094	exon	GBM recurrent
chr14:67555700|67589094	chr14	67555700	67589094	exon	GBM recurrent
chr14:69583083|69589077	chr14	69583083	69589077	exon	GBM recurrent
chr14:70442432|70461197	chr14	70442432	70461197	exon	GBM recurrent
chr14:70442432|70480208	chr14	70442432	70480208	exon	GBM recurrent
chr14:70459134|70490164	chr14	70459134	70490164	exon	GBM recurrent
chr14:70477471|70490164	chr14	70477471	70490164	exon	GBM recurrent
chr14:71970329|71996087	chr14	71970329	71996087	intron	GBM recurrent
chr14:73459851|73460065	chr14	73459851	73460065	exon	GBM recurrent
chr14:73538335|73544244	chr14	73538335	73544244	exon	GBM recurrent
chr14:73614503|73659572	chr14	73614503	73659572	exon	GBM recurrent
chr14:73614503|73664837	chr14	73614503	73664837	exon	GBM recurrent
chr14:74121550|74156218	chr14	74121550	74156218	exon	GBM recurrent
chr14:75563803|75570700	chr14	75563803	75570700	exon	GBM recurrent
chr14:75576388|75577074	chr14	75576388	75577074	exon	GBM recurrent
chr14:75576388|75585638	chr14	75576388	75585638	exon	GBM recurrent
chr14:77812692|77818094	chr14	77812692	77818094	exon	GBM recurrent
chr14:80163973|80271533	chr14	80163973	80271533	exon	GBM recurrent
chr14:81362062|81372425	chr14	81362062	81372425	exon	GBM recurrent
chr14:81837332|81864924	chr14	81837332	81864924	exon	GBM recurrent
chr14:88883055|88899556	chr14	88883055	88899556	exon	GBM recurrent
chr14:89093182|89110855	chr14	89093182	89110855	exon	GBM recurrent
chr14:89319315|89327676	chr14	89319315	89327676	exon	GBM recurrent
chr14:91409422|91444868	chr14	91409422	91444868	exon	GBM recurrent
chr14:91937181|91957146	chr14	91937181	91957146	exon	GBM recurrent
chr14:92559596|92562481	chr14	92559596	92562481	exon	GBM recurrent
chr14:92559596|92563182	chr14	92559596	92563182	exon	GBM recurrent
chr14:94008812|94009042	chr14	94008812	94009042	exon	GBM recurrent
chr14:102372739|102376027	chr14	102372739	102376027	exon	GBM recurrent
chr14:102466326|102469302	chr14	102466326	102469302	exon	GBM recurrent
chr14:102468874|102469302	chr14	102468874	102469302	exon	GBM recurrent
chr14:103434590|103436598	chr14	103434590	103436598	exon	GBM recurrent
chr14:104128453|104129264	chr14	104128453	104129264	exon	GBM recurrent
chr14:105692406|105693097	chr14	105692406	105693097	exon	GBM recurrent
chr15:22840244|22842183	chr15	22840244	22842183	exon	GBM recurrent
chr15:26825466|26828561	chr15	26825466	26828561	exon	GBM recurrent
chr15:28389019|28391490	chr15	28389019	28391490	exon	GBM recurrent
chr15:28436111|28441715	chr15	28436111	28441715	exon	GBM recurrent
chr15:28491027|28492043	chr15	28491027	28492043	exon	GBM recurrent
chr15:28505923|28508315	chr15	28505923	28508315	exon	GBM recurrent
chr15:30029468|30054641	chr15	30029468	30054641	exon	GBM recurrent
chr15:30033535|30064369	chr15	30033535	30064369	exon	GBM recurrent
chr15:34781164|34782997	chr15	34781164	34782997	intergenic_region	GBM recurrent
chr15:36936479|36950106	chr15	36936479	36950106	exon	GBM recurrent
chr15:38591574|38617010	chr15	38591574	38617010	exon	GBM recurrent
chr15:40231706|40247969	chr15	40231706	40247969	exon	GBM recurrent
chr15:40675429|40684224	chr15	40675429	40684224	exon	GBM recurrent
chr15:40678563|40682130	chr15	40678563	40682130	exon	GBM recurrent
chr15:41373218|41379880	chr15	41373218	41379880	exon	GBM recurrent
chr15:41648237|41669502	chr15	41648237	41669502	exon	GBM recurrent
chr15:41730519|41750074	chr15	41730519	41750074	exon	GBM recurrent
chr15:42470416|42470768	chr15	42470416	42470768	exon	GBM recurrent
chr15:42851537|42856055	chr15	42851537	42856055	exon	GBM recurrent
chr15:42957451|42961535	chr15	42957451	42961535	exon	GBM recurrent
chr15:43122136|43164956	chr15	43122136	43164956	exon	GBM recurrent
chr15:43242460|43258484	chr15	43242460	43258484	exon	GBM recurrent
chr15:43438691|43452992	chr15	43438691	43452992	exon	GBM recurrent
chr15:43627894|43641243	chr15	43627894	43641243	exon	GBM recurrent
chr15:43692242|43694048	chr15	43692242	43694048	exon	GBM recurrent
chr15:43724392|43730614	chr15	43724392	43730614	exon	GBM recurrent
chr15:44048847|44055404	chr15	44048847	44055404	exon	GBM recurrent
chr15:44624186|44630515	chr15	44624186	44630515	exon	GBM recurrent
chr15:44843074|44843720	chr15	44843074	44843720	exon	GBM recurrent
chr15:49528048|49575915	chr15	49528048	49575915	exon	GBM recurrent
chr15:50330965|50339661	chr15	50330965	50339661	exon	GBM recurrent
chr15:50592986|50601995	chr15	50592986	50601995	exon	GBM recurrent
chr15:50911942|50925189	chr15	50911942	50925189	exon	GBM recurrent
chr15:51028298|51041943	chr15	51028298	51041943	exon	GBM recurrent
chr15:52628660|52646211	chr15	52628660	52646211	exon	GBM recurrent
chr15:63821213|63866602	chr15	63821213	63866602	exon	GBM recurrent
chr15:63824846|63866602	chr15	63824846	63866602	exon	GBM recurrent
chr15:63845914|63855207	chr15	63845914	63855207	exon	GBM recurrent
chr15:63862632|63866602	chr15	63862632	63866602	exon	GBM recurrent
chr15:63982740|63987093	chr15	63982740	63987093	exon	GBM recurrent
chr15:64008501|64041990	chr15	64008501	64041990	exon	GBM recurrent
chr15:64410316|64411053	chr15	64410316	64411053	exon	GBM recurrent
chr15:64496640|64497148	chr15	64496640	64497148	exon	GBM recurrent
chr15:65266940|65273363	chr15	65266940	65273363	exon	GBM recurrent
chr15:65702516|65703708	chr15	65702516	65703708	exon	GBM recurrent
chr15:65756099|65772737	chr15	65756099	65772737	exon	GBM recurrent
chr15:65759016|65772737	chr15	65759016	65772737	exon	GBM recurrent
chr15:65959787|65989721	chr15	65959787	65989721	exon	GBM recurrent
chr15:66007816|66048810	chr15	66007816	66048810	exon	GBM recurrent
chr15:66021410|66031213	chr15	66021410	66031213	exon	GBM recurrent
chr15:66030045|66031213	chr15	66030045	66031213	exon	GBM recurrent
chr15:68434284|68439038	chr15	68434284	68439038	exon	GBM recurrent
chr15:68466070|68468992	chr15	68466070	68468992	exon	GBM recurrent
chr15:72283444|72302788	chr15	72283444	72302788	exon	GBM recurrent
chr15:72300167|72338975	chr15	72300167	72338975	exon	GBM recurrent
chr15:72320072|72338975	chr15	72320072	72338975	exon	GBM recurrent
chr15:72810408|72837305	chr15	72810408	72837305	exon	GBM recurrent
chr15:73052748|73072663	chr15	73052748	73072663	intron	GBM recurrent
chr15:74963796|74964115	chr15	74963796	74964115	exon	GBM recurrent
chr15:75215989|75219228	chr15	75215989	75219228	exon	GBM recurrent
chr15:75693071|75694311	chr15	75693071	75694311	exon	GBM recurrent
chr15:76146727|76165909	chr15	76146727	76165909	exon	GBM recurrent
chr15:76577978|76585041	chr15	76577978	76585041	exon	GBM recurrent
chr15:76580187|76585041	chr15	76580187	76585041	exon	GBM recurrent
chr15:77020936|77057979	chr15	77020936	77057979	exon	GBM recurrent
chr15:77544709|77657567	chr15	77544709	77657567	exon	GBM recurrent
chr15:77577300|77578846	chr15	77577300	77578846	exon	GBM recurrent
chr15:77657505|77681144	chr15	77657505	77681144	intron	GBM recurrent
chr15:78768530|78775776	chr15	78768530	78775776	exon	GBM recurrent
chr15:79080573|79083565	chr15	79080573	79083565	exon	GBM recurrent
chr15:79183331|79186572	chr15	79183331	79186572	exon	GBM recurrent
chr15:82521375|82533744	chr15	82521375	82533744	exon	GBM recurrent
chr15:83481855|83488240	chr15	83481855	83488240	exon	GBM recurrent
chr15:83819967|83826793	chr15	83819967	83826793	exon	GBM recurrent
chr15:85081763|85089508	chr15	85081763	85089508	exon	GBM recurrent
chr15:85607601|85652361	chr15	85607601	85652361	exon	GBM recurrent
chr15:85619093|85626875	chr15	85619093	85626875	exon	GBM recurrent
chr15:85641179|85661070	chr15	85641179	85661070	exon	GBM recurrent
chr15:85657104|85661070	chr15	85657104	85661070	exon	GBM recurrent
chr15:88472422|88483984	chr15	88472422	88483984	exon	GBM recurrent
chr15:88669502|88680792	chr15	88669502	88680792	exon	GBM recurrent
chr15:88678332|88690634	chr15	88678332	88690634	exon	GBM recurrent
chr15:89931048|89932713	chr15	89931048	89932713	exon	GBM recurrent
chr15:90414707|90432372	chr15	90414707	90432372	exon	GBM recurrent
chr15:90633711|90634876	chr15	90633711	90634876	exon	GBM recurrent
chr15:91181678|91184431	chr15	91181678	91184431	exon	GBM recurrent
chr15:91795049|91795750	chr15	91795049	91795750	exon	GBM recurrent
chr15:93480748|93482948	chr15	93480748	93482948	exon	GBM recurrent
chr15:93771956|93802466	chr15	93771956	93802466	intergenic_region	GBM recurrent
chr15:99250791|99251336	chr15	99250791	99251336	exon	GBM recurrent
chr15:99758793|99781764	chr15	99758793	99781764	exon	GBM recurrent
chr15:100695385|100871259	chr15	100695385	100871259	exon	GBM recurrent
chr15:100871094|100874385	chr15	100871094	100874385	intron	GBM recurrent
chr15:101906401|101910728	chr15	101906401	101910728	exon	GBM recurrent
chr15:102244062|102255166	chr15	102244062	102255166	exon	GBM recurrent
chr16:4029117|4033441	chr16	4029117	4033441	exon	GBM recurrent
chr16:4516154|4519466	chr16	4516154	4519466	exon	GBM recurrent
chr16:4861171|4862249	chr16	4861171	4862249	exon	GBM recurrent
chr16:5517217|5520694	chr16	5517217	5520694	intron	GBM recurrent
chr16:8952207|8953192	chr16	8952207	8953192	exon	GBM recurrent
chr16:11114050|11220003	chr16	11114050	11220003	exon	GBM recurrent
chr16:11214472|11220003	chr16	11214472	11220003	exon	GBM recurrent
chr16:11873022|11876244	chr16	11873022	11876244	exon	GBM recurrent
chr16:11990415|11991892	chr16	11990415	11991892	exon	GBM recurrent
chr16:15577794|15609285	chr16	15577794	15609285	intron	GBM recurrent
chr16:15675074|15677095	chr16	15675074	15677095	exon	GBM recurrent
chr16:17352845|17353355	chr16	17352845	17353355	exon	GBM recurrent
chr16:19627436|19653798	chr16	19627436	19653798	exon	GBM recurrent
chr16:19775170|19775434	chr16	19775170	19775434	exon	GBM recurrent
chr16:20742762|20750393	chr16	20742762	20750393	intron	GBM recurrent
chr16:24043457|24046868	chr16	24043457	24046868	exon	GBM recurrent
chr16:24886948|24888684	chr16	24886948	24888684	exon	GBM recurrent
chr16:28112779|28113266	chr16	28112779	28113266	exon	GBM recurrent
chr16:28498777|28500707	chr16	28498777	28500707	exon	GBM recurrent
chr16:30715385|30715636	chr16	30715385	30715636	exon	GBM recurrent
chr16:31131507|31139460	chr16	31131507	31139460	exon	GBM recurrent
chr16:31503330|31505257	chr16	31503330	31505257	exon	GBM recurrent
chr16:46708226|46711310	chr16	46708226	46711310	exon	GBM recurrent
chr16:47292543|47347734	chr16	47292543	47347734	exon	GBM recurrent
chr16:47497810|47549512	chr16	47497810	47549512	exon	GBM recurrent
chr16:47521371|47549512	chr16	47521371	47549512	intron	GBM recurrent
chr16:47531310|47596406	chr16	47531310	47596406	exon	GBM recurrent
chr16:48381418|48382201	chr16	48381418	48382201	exon	GBM recurrent
chr16:53913756|53968021	chr16	53913756	53968021	exon	GBM recurrent
chr16:53967897|53971206	chr16	53967897	53971206	exon	GBM recurrent
chr16:58633140|58633415	chr16	58633140	58633415	exon	GBM recurrent
chr16:66632081|66632743	chr16	66632081	66632743	intergenic_region	GBM recurrent
chr16:66759731|66763002	chr16	66759731	66763002	exon	GBM recurrent
chr16:66761591|66763002	chr16	66761591	66763002	exon	GBM recurrent
chr16:66764015|66766408	chr16	66764015	66766408	exon	GBM recurrent
chr16:67662273|67663436	chr16	67662273	67663436	exon	GBM recurrent
chr16:67778191|67805989	chr16	67778191	67805989	exon	GBM recurrent
chr16:67973789|67974381	chr16	67973789	67974381	exon	GBM recurrent
chr16:68059318|68088520	chr16	68059318	68088520	exon	GBM recurrent
chr16:68087467|68088520	chr16	68087467	68088520	exon	GBM recurrent
chr16:68155890|68217269	chr16	68155890	68217269	exon	GBM recurrent
chr16:68300496|68309152	chr16	68300496	68309152	exon	GBM recurrent
chr16:68912021|68914533	chr16	68912021	68914533	exon	GBM recurrent
chr16:69279505|69304188	chr16	69279505	69304188	exon	GBM recurrent
chr16:69687139|69693802	chr16	69687139	69693802	exon	GBM recurrent
chr16:69703880|69711238	chr16	69703880	69711238	exon	GBM recurrent
chr16:70044654|70052000	chr16	70044654	70052000	exon	GBM recurrent
chr16:70247564|70256383	chr16	70247564	70256383	intergenic_region	GBM recurrent
chr16:70298861|70299565	chr16	70298861	70299565	exon	GBM recurrent
chr16:70566382|70578436	chr16	70566382	70578436	exon	GBM recurrent
chr16:70598968|70601439	chr16	70598968	70601439	exon	GBM recurrent
chr16:70796443|70796928	chr16	70796443	70796928	exon	GBM recurrent
chr16:71712658|71715808	chr16	71712658	71715808	exon	GBM recurrent
chr16:74685818|74695349	chr16	74685818	74695349	exon	GBM recurrent
chr16:74972048|74976724	chr16	74972048	74976724	exon	GBM recurrent
chr16:75425278|75448593	chr16	75425278	75448593	exon	GBM recurrent
chr16:76569442|76669520	chr16	76569442	76669520	intergenic_region	GBM recurrent
chr16:85012795|85015600	chr16	85012795	85015600	exon	GBM recurrent
chr16:87376483|87393972	chr16	87376483	87393972	exon	GBM recurrent
chr16:87453389|87454322	chr16	87453389	87454322	exon	GBM recurrent
chr16:87782279|87795646	chr16	87782279	87795646	exon	GBM recurrent
chr16:89289565|89291210	chr16	89289565	89291210	exon	GBM recurrent
chr16:89484692|89488713	chr16	89484692	89488713	intron	GBM recurrent
chr17:600658|613853	chr17	600658	613853	exon	GBM recurrent
chr17:2089957|2091809	chr17	2089957	2091809	exon	GBM recurrent
chr17:3608375|3608939	chr17	3608375	3608939	intergenic_region	GBM recurrent
chr17:3984670|3989949	chr17	3984670	3989949	exon	GBM recurrent
chr17:4053185|4058154	chr17	4053185	4058154	exon	GBM recurrent
chr17:4186093|4200104	chr17	4186093	4200104	exon	GBM recurrent
chr17:5211989|5250220	chr17	5211989	5250220	exon	GBM recurrent
chr17:5257654|5268533	chr17	5257654	5268533	exon	GBM recurrent
chr17:5268417|5276749	chr17	5268417	5276749	exon	GBM recurrent
chr17:5364259|5365866	chr17	5364259	5365866	exon	GBM recurrent
chr17:5364259|5367009	chr17	5364259	5367009	exon	GBM recurrent
chr17:7849046|7849304	chr17	7849046	7849304	exon	GBM recurrent
chr17:8273105|8275399	chr17	8273105	8275399	exon	GBM recurrent
chr17:8347245|8363478	chr17	8347245	8363478	exon	GBM recurrent
chr17:8455364|8480656	chr17	8455364	8480656	exon	GBM recurrent
chr17:8473038|8480656	chr17	8473038	8480656	exon	GBM recurrent
chr17:9395146|9408479	chr17	9395146	9408479	exon	GBM recurrent
chr17:9578208|9583683	chr17	9578208	9583683	exon	GBM recurrent
chr17:9828793|9830086	chr17	9828793	9830086	exon	GBM recurrent
chr17:10618683|10629581	chr17	10618683	10629581	exon	GBM recurrent
chr17:11984673|12016677	chr17	11984673	12016677	exon	GBM recurrent
chr17:11998892|12016677	chr17	11998892	12016677	exon	GBM recurrent
chr17:16042322|16047010	chr17	16042322	16047010	exon	GBM recurrent
chr17:17769610|17772787	chr17	17769610	17772787	exon	GBM recurrent
chr17:17924437|17929730	chr17	17924437	17929730	exon	GBM recurrent
chr17:18195959|18198099	chr17	18195959	18198099	exon	GBM recurrent
chr17:19213198|19232960	chr17	19213198	19232960	exon	GBM recurrent
chr17:19720062|19741896	chr17	19720062	19741896	exon	GBM recurrent
chr17:19728407|19750223	chr17	19728407	19750223	exon	GBM recurrent
chr17:20135071|20135718	chr17	20135071	20135718	exon	GBM recurrent
chr17:20149239|20156899	chr17	20149239	20156899	exon	GBM recurrent
chr17:20149239|20163607	chr17	20149239	20163607	exon	GBM recurrent
chr17:20149239|20209395	chr17	20149239	20209395	exon	GBM recurrent
chr17:20156818|20163607	chr17	20156818	20163607	exon	GBM recurrent
chr17:20156818|20209395	chr17	20156818	20209395	exon	GBM recurrent
chr17:20910209|20911309	chr17	20910209	20911309	exon	GBM recurrent
chr17:25631806|25636298	chr17	25631806	25636298	exon	GBM recurrent
chr17:26495474|26518245	chr17	26495474	26518245	exon	GBM recurrent
chr17:27248706|27251320	chr17	27248706	27251320	exon	GBM recurrent
chr17:27778473|27807499	chr17	27778473	27807499	exon	GBM recurrent
chr17:27809215|27825539	chr17	27809215	27825539	exon	GBM recurrent
chr17:27993885|27999147	chr17	27993885	27999147	exon	GBM recurrent
chr17:27993885|28011702	chr17	27993885	28011702	exon	GBM recurrent
chr17:27993885|28022541	chr17	27993885	28022541	exon	GBM recurrent
chr17:28011581|28022541	chr17	28011581	28022541	exon	GBM recurrent
chr17:28011581|28085411	chr17	28011581	28085411	intron	GBM recurrent
chr17:28808161|28819771	chr17	28808161	28819771	exon	GBM recurrent
chr17:29086509|29096983	chr17	29086509	29096983	exon	GBM recurrent
chr17:29119458|29120690	chr17	29119458	29120690	exon	GBM recurrent
chr17:29130919|29131126	chr17	29130919	29131126	exon	GBM recurrent
chr17:29483001|29490394	chr17	29483001	29490394	exon	GBM recurrent
chr17:29483001|29509683	chr17	29483001	29509683	exon	GBM recurrent
chr17:29533258|29546136	chr17	29533258	29546136	exon	GBM recurrent
chr17:30267305|30293215	chr17	30267305	30293215	exon	GBM recurrent
chr17:30310018|30315516	chr17	30310018	30315516	exon	GBM recurrent
chr17:30320884|30321740	chr17	30320884	30321740	exon	GBM recurrent
chr17:30320884|30322781	chr17	30320884	30322781	exon	GBM recurrent
chr17:30354788|30362658	chr17	30354788	30362658	exon	GBM recurrent
chr17:30498062|30521126	chr17	30498062	30521126	exon	GBM recurrent
chr17:33310021|33310571	chr17	33310021	33310571	exon	GBM recurrent
chr17:33310021|33313150	chr17	33310021	33313150	exon	GBM recurrent
chr17:33951416|33954745	chr17	33951416	33954745	exon	GBM recurrent
chr17:33977549|34050833	chr17	33977549	34050833	exon	GBM recurrent
chr17:34864901|34867294	chr17	34864901	34867294	exon	GBM recurrent
chr17:35343916|35348156	chr17	35343916	35348156	exon	GBM recurrent
chr17:35343916|35388982	chr17	35343916	35388982	exon	GBM recurrent
chr17:35345818|35348156	chr17	35345818	35348156	exon	GBM recurrent
chr17:35603742|35609962	chr17	35603742	35609962	exon	GBM recurrent
chr17:35604935|35609962	chr17	35604935	35609962	exon	GBM recurrent
chr17:35640168|35646430	chr17	35640168	35646430	exon	GBM recurrent
chr17:35687113|35687365	chr17	35687113	35687365	exon	GBM recurrent
chr17:35687113|35696810	chr17	35687113	35696810	intron	GBM recurrent
chr17:35797839|35802753	chr17	35797839	35802753	exon	GBM recurrent
chr17:35800606|35800763	chr17	35800606	35800763	exon	GBM recurrent
chr17:35800606|35825645	chr17	35800606	35825645	exon	GBM recurrent
chr17:35827558|35831241	chr17	35827558	35831241	exon	GBM recurrent
chr17:35913217|35914161	chr17	35913217	35914161	exon	GBM recurrent
chr17:35936439|35946657	chr17	35936439	35946657	exon	GBM recurrent
chr17:36517594|36533668	chr17	36517594	36533668	exon	GBM recurrent
chr17:36933940|36943173	chr17	36933940	36943173	exon	GBM recurrent
chr17:37420428|37421706	chr17	37420428	37421706	exon	GBM recurrent
chr17:37880979|37882106	chr17	37880979	37882106	exon	GBM recurrent
chr17:38065211|38066177	chr17	38065211	38066177	exon	GBM recurrent
chr17:38562636|38564882	chr17	38562636	38564882	exon	GBM recurrent
chr17:40379547|40384155	chr17	40379547	40384155	exon	GBM recurrent
chr17:40639173|40647734	chr17	40639173	40647734	exon	GBM recurrent
chr17:40855758|40858203	chr17	40855758	40858203	exon	GBM recurrent
chr17:40855758|40861955	chr17	40855758	40861955	exon	GBM recurrent
chr17:40879653|40880970	chr17	40879653	40880970	exon	GBM recurrent
chr17:40956243|40957902	chr17	40956243	40957902	exon	GBM recurrent
chr17:41209069|41215968	chr17	41209069	41215968	exon	GBM recurrent
chr17:41598737|41599594	chr17	41598737	41599594	exon	GBM recurrent
chr17:42161923|42165064	chr17	42161923	42165064	exon	GBM recurrent
chr17:44039687|44074030	chr17	44039687	44074030	exon	GBM recurrent
chr17:44127899|44172067	chr17	44127899	44172067	exon	GBM recurrent
chr17:44159807|44197415	chr17	44159807	44197415	exon	GBM recurrent
chr17:45214518|45216257	chr17	45214518	45216257	exon	GBM recurrent
chr17:45691035|45696530	chr17	45691035	45696530	exon	GBM recurrent
chr17:45695716|45697150	chr17	45695716	45697150	exon	GBM recurrent
chr17:45740455|45745776	chr17	45740455	45745776	exon	GBM recurrent
chr17:45741525|45752148	chr17	45741525	45752148	exon	GBM recurrent
chr17:47388674|47390207	chr17	47388674	47390207	exon	GBM recurrent
chr17:47882725|47888936	chr17	47882725	47888936	exon	GBM recurrent
chr17:48814321|48819092	chr17	48814321	48819092	exon	GBM recurrent
chr17:49057107|49064598	chr17	49057107	49064598	exon	GBM recurrent
chr17:49059885|49063139	chr17	49059885	49063139	exon	GBM recurrent
chr17:49059885|49068029	chr17	49059885	49068029	exon	GBM recurrent
chr17:49067811|49071296	chr17	49067811	49071296	exon	GBM recurrent
chr17:49824993|50008492	chr17	49824993	50008492	exon	GBM recurrent
chr17:57033010|57050286	chr17	57033010	57050286	exon	GBM recurrent
chr17:57125044|57134415	chr17	57125044	57134415	exon	GBM recurrent
chr17:57274905|57275150	chr17	57274905	57275150	exon	GBM recurrent
chr17:57334483|57350197	chr17	57334483	57350197	exon	GBM recurrent
chr17:57465688|57474849	chr17	57465688	57474849	exon	GBM recurrent
chr17:57647879|57650596	chr17	57647879	57650596	exon	GBM recurrent
chr17:57663514|57665414	chr17	57663514	57665414	exon	GBM recurrent
chr17:57842332|57851246	chr17	57842332	57851246	exon	GBM recurrent
chr17:57955464|57968402	chr17	57955464	57968402	exon	GBM recurrent
chr17:58012554|58018304	chr17	58012554	58018304	exon	GBM recurrent
chr17:58538024|58539422	chr17	58538024	58539422	exon	GBM recurrent
chr17:58700882|58725443	chr17	58700882	58725443	exon	GBM recurrent
chr17:58756814|58786686	chr17	58756814	58786686	exon	GBM recurrent
chr17:58761343|58786686	chr17	58761343	58786686	exon	GBM recurrent
chr17:59996761|60002460	chr17	59996761	60002460	exon	GBM recurrent
chr17:61228631|61230233	chr17	61228631	61230233	exon	GBM recurrent
chr17:61838274|61843554	chr17	61838274	61843554	exon	GBM recurrent
chr17:61869772|61877977	chr17	61869772	61877977	exon	GBM recurrent
chr17:61869772|61884014	chr17	61869772	61884014	exon	GBM recurrent
chr17:62515439|62519013	chr17	62515439	62519013	exon	GBM recurrent
chr17:62515439|62522318	chr17	62515439	62522318	exon	GBM recurrent
chr17:62567916|62582288	chr17	62567916	62582288	exon	GBM recurrent
chr17:62747925|62760666	chr17	62747925	62760666	exon	GBM recurrent
chr17:62817885|62818511	chr17	62817885	62818511	exon	GBM recurrent
chr17:63049620|63049846	chr17	63049620	63049846	exon	GBM recurrent
chr17:64683229|64685165	chr17	64683229	64685165	exon	GBM recurrent
chr17:64728806|64738878	chr17	64728806	64738878	exon	GBM recurrent
chr17:64728806|64785097	chr17	64728806	64785097	exon	GBM recurrent
chr17:65141859|65147340	chr17	65141859	65147340	exon	GBM recurrent
chr17:65850056|65850878	chr17	65850056	65850878	exon	GBM recurrent
chr17:65906993|65936772	chr17	65906993	65936772	exon	GBM recurrent
chr17:65906993|65940488	chr17	65906993	65940488	exon	GBM recurrent
chr17:65916131|65919106	chr17	65916131	65919106	exon	GBM recurrent
chr17:65924471|65925603	chr17	65924471	65925603	exon	GBM recurrent
chr17:65924471|65936772	chr17	65924471	65936772	exon	GBM recurrent
chr17:66110563|66111319	chr17	66110563	66111319	exon	GBM recurrent
chr17:66110563|66121621	chr17	66110563	66121621	intergenic_region	GBM recurrent
chr17:66303084|66303852	chr17	66303084	66303852	exon	GBM recurrent
chr17:73038276|73038754	chr17	73038276	73038754	exon	GBM recurrent
chr17:73142761|73144766	chr17	73142761	73144766	exon	GBM recurrent
chr17:73317740|73322101	chr17	73317740	73322101	exon	GBM recurrent
chr17:73808193|73809959	chr17	73808193	73809959	exon	GBM recurrent
chr17:74750129|74772623	chr17	74750129	74772623	exon	GBM recurrent
chr17:75398141|75398785	chr17	75398141	75398785	exon	GBM recurrent
chr17:76000251|76027923	chr17	76000251	76027923	exon	GBM recurrent
chr17:76075476|76079247	chr17	76075476	76079247	exon	GBM recurrent
chr17:79563142|79575848	chr17	79563142	79575848	exon	GBM recurrent
chr17:80210310|80223672	chr17	80210310	80223672	exon	GBM recurrent
chr17:80714041|80726442	chr17	80714041	80726442	exon	GBM recurrent
chr17:80714041|80739597	chr17	80714041	80739597	exon	GBM recurrent
chr17:80721841|80726442	chr17	80721841	80726442	exon	GBM recurrent
chr17:80842021|80858607	chr17	80842021	80858607	exon	GBM recurrent
chr17:80842021|80861354	chr17	80842021	80861354	exon	GBM recurrent
chr17:80842021|80869665	chr17	80842021	80869665	exon	GBM recurrent
chr17:80847544|80869665	chr17	80847544	80869665	exon	GBM recurrent
chr17:80858527|80869665	chr17	80858527	80869665	exon	GBM recurrent
chr18:196637|203190	chr18	196637	203190	exon	GBM recurrent
chr18:2775732|2784619	chr18	2775732	2784619	exon	GBM recurrent
chr18:8076453|8114825	chr18	8076453	8114825	exon	GBM recurrent
chr18:9588087|9595100	chr18	9588087	9595100	exon	GBM recurrent
chr18:12356693|12371690	chr18	12356693	12371690	exon	GBM recurrent
chr18:12463350|12464957	chr18	12463350	12464957	exon	GBM recurrent
chr18:12463350|12479870	chr18	12463350	12479870	exon	GBM recurrent
chr18:12493071|12512530	chr18	12493071	12512530	exon	GBM recurrent
chr18:12634629|12635095	chr18	12634629	12635095	intron	GBM recurrent
chr18:12680661|12680827	chr18	12680661	12680827	exon	GBM recurrent
chr18:12814202|12859253	chr18	12814202	12859253	exon	GBM recurrent
chr18:12999420|13117642	chr18	12999420	13117642	exon	GBM recurrent
chr18:13012972|13019205	chr18	13012972	13019205	exon	GBM recurrent
chr18:13048858|13073184	chr18	13048858	13073184	exon	GBM recurrent
chr18:13666478|13671972	chr18	13666478	13671972	exon	GBM recurrent
chr18:13666478|13682104	chr18	13666478	13682104	exon	GBM recurrent
chr18:14077333|14085075	chr18	14077333	14085075	exon	GBM recurrent
chr18:18619433|18624147	chr18	18619433	18624147	exon	GBM recurrent
chr18:19353585|19359646	chr18	19353585	19359646	exon	GBM recurrent
chr18:20570900|20581692	chr18	20570900	20581692	exon	GBM recurrent
chr18:20577583|20586395	chr18	20577583	20586395	exon	GBM recurrent
chr18:21757977|21759799	chr18	21757977	21759799	exon	GBM recurrent
chr18:23632588|23658124	chr18	23632588	23658124	exon	GBM recurrent
chr18:23895193|23937758	chr18	23895193	23937758	exon	GBM recurrent
chr18:29218607|29238052	chr18	29218607	29238052	exon	GBM recurrent
chr18:29412047|29419420	chr18	29412047	29419420	exon	GBM recurrent
chr18:29426679|29429702	chr18	29426679	29429702	exon	GBM recurrent
chr18:29426679|29432626	chr18	29426679	29432626	exon	GBM recurrent
chr18:29432409|29432626	chr18	29432409	29432626	exon	GBM recurrent
chr18:29433812|29447439	chr18	29433812	29447439	exon	GBM recurrent
chr18:29470698|29488976	chr18	29470698	29488976	intron	GBM recurrent
chr18:29477749|29487573	chr18	29477749	29487573	exon	GBM recurrent
chr18:29477749|29489723	chr18	29477749	29489723	exon	GBM recurrent
chr18:29477749|29497630	chr18	29477749	29497630	exon	GBM recurrent
chr18:31185399|31187640	chr18	31185399	31187640	exon	GBM recurrent
chr18:31463208|31603615	chr18	31463208	31603615	intron	GBM recurrent
chr18:31666358|31685124	chr18	31666358	31685124	intron	GBM recurrent
chr18:31673429|31685124	chr18	31673429	31685124	exon	GBM recurrent
chr18:31673429|31709984	chr18	31673429	31709984	exon	GBM recurrent
chr18:32259432|32346005	chr18	32259432	32346005	exon	GBM recurrent
chr18:32335940|32374214	chr18	32335940	32374214	exon	GBM recurrent
chr18:32650159|32682123	chr18	32650159	32682123	exon	GBM recurrent
chr18:32902352|32907027	chr18	32902352	32907027	exon	GBM recurrent
chr18:33234524|33257721	chr18	33234524	33257721	exon	GBM recurrent
chr18:33702015|33706979	chr18	33702015	33706979	exon	GBM recurrent
chr18:33722244|33739978	chr18	33722244	33739978	exon	GBM recurrent
chr18:33740895|33744630	chr18	33740895	33744630	exon	GBM recurrent
chr18:34081895|34092506	chr18	34081895	34092506	exon	GBM recurrent
chr18:34261399|34273386	chr18	34261399	34273386	exon	GBM recurrent
chr18:34465520|34647508	chr18	34465520	34647508	exon	GBM recurrent
chr18:34539279|34557186	chr18	34539279	34557186	intron	GBM recurrent
chr18:34646853|34647508	chr18	34646853	34647508	exon	GBM recurrent
chr18:39595440|39609405	chr18	39595440	39609405	exon	GBM recurrent
chr18:39618745|39629569	chr18	39618745	39629569	exon	GBM recurrent
chr18:39623697|39629569	chr18	39623697	39629569	exon	GBM recurrent
chr18:43702433|43705757	chr18	43702433	43705757	exon	GBM recurrent
chr18:43705710|43708803	chr18	43705710	43708803	intergenic_region	GBM recurrent
chr18:44027526|44030762	chr18	44027526	44030762	exon	GBM recurrent
chr18:44617545|44623775	chr18	44617545	44623775	intron	GBM recurrent
chr18:45391430|45396935	chr18	45391430	45396935	exon	GBM recurrent
chr18:46783380|46808545	chr18	46783380	46808545	exon	GBM recurrent
chr18:46783380|46906128	chr18	46783380	46906128	exon	GBM recurrent
chr18:46808367|46906128	chr18	46808367	46906128	exon	GBM recurrent
chr18:46889531|46906128	chr18	46889531	46906128	exon	GBM recurrent
chr18:48444480|48450582	chr18	48444480	48450582	exon	GBM recurrent
chr18:48450468|48458730	chr18	48450468	48458730	exon	GBM recurrent
chr18:48450468|48466756	chr18	48450468	48466756	exon	GBM recurrent
chr18:48581151|48593557	chr18	48581151	48593557	exon	GBM recurrent
chr18:52901779|52927258	chr18	52901779	52927258	exon	GBM recurrent
chr18:52937062|52946887	chr18	52937062	52946887	exon	GBM recurrent
chr18:53017590|53070749	chr18	53017590	53070749	exon	GBM recurrent
chr18:54483262|54547396	chr18	54483262	54547396	exon	GBM recurrent
chr18:55398646|55399255	chr18	55398646	55399255	exon	GBM recurrent
chr18:56606677|56621031	chr18	56606677	56621031	exon	GBM recurrent
chr18:59166419|59174793	chr18	59166419	59174793	exon	GBM recurrent
chr18:59167616|59174793	chr18	59167616	59174793	exon	GBM recurrent
chr18:59203726|59217462	chr18	59203726	59217462	exon	GBM recurrent
chr18:60497268|60506142	chr18	60497268	60506142	exon	GBM recurrent
chr18:60497268|60527834	chr18	60497268	60527834	exon	GBM recurrent
chr18:60562244|60587347	chr18	60562244	60587347	exon	GBM recurrent
chr18:60570197|60587347	chr18	60570197	60587347	exon	GBM recurrent
chr18:74561482|74567157	chr18	74561482	74567157	intron	GBM recurrent
chr18:76856476|76974038	chr18	76856476	76974038	exon	GBM recurrent
chr18:76870355|76886375	chr18	76870355	76886375	exon	GBM recurrent
chr18:76886267|76936948	chr18	76886267	76936948	intron	GBM recurrent
chr18:76886267|76953263	chr18	76886267	76953263	exon	GBM recurrent
chr18:76886267|76967012	chr18	76886267	76967012	exon	GBM recurrent
chr18:76886267|77037196	chr18	76886267	77037196	exon	GBM recurrent
chr18:76966937|76974038	chr18	76966937	76974038	exon	GBM recurrent
chr18:77013381|77067234	chr18	77013381	77067234	exon	GBM recurrent
chr18:77037054|77067234	chr18	77037054	77067234	exon	GBM recurrent
chr19:1090907|1091906	chr19	1090907	1091906	exon	GBM recurrent
chr19:1516483|1517518	chr19	1516483	1517518	intergenic_region	GBM recurrent
chr19:3902485|3905653	chr19	3902485	3905653	exon	GBM recurrent
chr19:5039847|5047680	chr19	5039847	5047680	exon	GBM recurrent
chr19:9677012|9679758	chr19	9677012	9679758	exon	GBM recurrent
chr19:9763629|9764557	chr19	9763629	9764557	exon	GBM recurrent
chr19:9763629|9770143	chr19	9763629	9770143	exon	GBM recurrent
chr19:9767223|9770143	chr19	9767223	9770143	exon	GBM recurrent
chr19:9767223|9771550	chr19	9767223	9771550	exon	GBM recurrent
chr19:10279006|10288043	chr19	10279006	10288043	exon	GBM recurrent
chr19:10283766|10288043	chr19	10283766	10288043	exon	GBM recurrent
chr19:10286216|10288043	chr19	10286216	10288043	exon	GBM recurrent
chr19:10741733|10742832	chr19	10741733	10742832	exon	GBM recurrent
chr19:10916592|10930765	chr19	10916592	10930765	exon	GBM recurrent
chr19:11833769|11834157	chr19	11833769	11834157	exon	GBM recurrent
chr19:11833769|11836142	chr19	11833769	11836142	exon	GBM recurrent
chr19:12360793|12361183	chr19	12360793	12361183	exon	GBM recurrent
chr19:12628559|12639510	chr19	12628559	12639510	intron	GBM recurrent
chr19:12783661|12784130	chr19	12783661	12784130	exon	GBM recurrent
chr19:12825635|12826553	chr19	12825635	12826553	exon	GBM recurrent
chr19:12962748|12963209	chr19	12962748	12963209	exon	GBM recurrent
chr19:13183861|13186485	chr19	13183861	13186485	exon	GBM recurrent
chr19:14568843|14569187	chr19	14568843	14569187	exon	GBM recurrent
chr19:15507961|15514853	chr19	15507961	15514853	exon	GBM recurrent
chr19:16192723|16212219	chr19	16192723	16212219	exon	GBM recurrent
chr19:18258253|18258434	chr19	18258253	18258434	exon	GBM recurrent
chr19:18648411|18649246	chr19	18648411	18649246	exon	GBM recurrent
chr19:18684103|18684558	chr19	18684103	18684558	exon	GBM recurrent
chr19:19603115|19603521	chr19	19603115	19603521	exon	GBM recurrent
chr19:19989290|20044111	chr19	19989290	20044111	intergenic_region	GBM recurrent
chr19:20026089|20044111	chr19	20026089	20044111	exon	GBM recurrent
chr19:20828490|20829211	chr19	20828490	20829211	exon	GBM recurrent
chr19:21587931|21588658	chr19	21587931	21588658	exon	GBM recurrent
chr19:23316882|23321357	chr19	23316882	23321357	intron	GBM recurrent
chr19:29882328|29883982	chr19	29882328	29883982	exon	GBM recurrent
chr19:30476130|30503438	chr19	30476130	30503438	exon	GBM recurrent
chr19:33134029|33134537	chr19	33134029	33134537	exon	GBM recurrent
chr19:34685383|34687668	chr19	34685383	34687668	exon	GBM recurrent
chr19:34706029|34706566	chr19	34706029	34706566	exon	GBM recurrent
chr19:34818326|34821252	chr19	34818326	34821252	exon	GBM recurrent
chr19:34922766|34925873	chr19	34922766	34925873	exon	GBM recurrent
chr19:34922766|34929671	chr19	34922766	34929671	exon	GBM recurrent
chr19:34929550|34936026	chr19	34929550	34936026	exon	GBM recurrent
chr19:35420788|35424627	chr19	35420788	35424627	exon	GBM recurrent
chr19:37098454|37101644	chr19	37098454	37101644	exon	GBM recurrent
chr19:37168947|37180399	chr19	37168947	37180399	intergenic_region	GBM recurrent
chr19:37203288|37203769	chr19	37203288	37203769	exon	GBM recurrent
chr19:37492233|37492585	chr19	37492233	37492585	intergenic_region	GBM recurrent
chr19:37571247|37587017	chr19	37571247	37587017	exon	GBM recurrent
chr19:37579941|37587017	chr19	37579941	37587017	exon	GBM recurrent
chr19:37689841|37698156	chr19	37689841	37698156	exon	GBM recurrent
chr19:38198815|38202593	chr19	38198815	38202593	exon	GBM recurrent
chr19:38229804|38231095	chr19	38229804	38231095	exon	GBM recurrent
chr19:38609946|38610522	chr19	38609946	38610522	exon	GBM recurrent
chr19:38631824|38633350	chr19	38631824	38633350	exon	GBM recurrent
chr19:39408364|39409453	chr19	39408364	39409453	exon	GBM recurrent
chr19:39883104|39884277	chr19	39883104	39884277	exon	GBM recurrent
chr19:39948315|39950600	chr19	39948315	39950600	exon	GBM recurrent
chr19:41239065|41243674	chr19	41239065	41243674	exon	GBM recurrent
chr19:44570217|44586258	chr19	44570217	44586258	exon	GBM recurrent
chr19:44580475|44589956	chr19	44580475	44589956	exon	GBM recurrent
chr19:45871888|45872405	chr19	45871888	45872405	exon	GBM recurrent
chr19:46357433|46357765	chr19	46357433	46357765	exon	GBM recurrent
chr19:46878861|46879831	chr19	46878861	46879831	exon	GBM recurrent
chr19:48664629|48665608	chr19	48664629	48665608	exon	GBM recurrent
chr19:50902108|50902741	chr19	50902108	50902741	exon	GBM recurrent
chr19:52364157|52384130	chr19	52364157	52384130	exon	GBM recurrent
chr19:52579297|52592255	chr19	52579297	52592255	exon	GBM recurrent
chr19:52817406|52819215	chr19	52817406	52819215	exon	GBM recurrent
chr19:52876364|52896041	chr19	52876364	52896041	intergenic_region	GBM recurrent
chr19:52909160|52909896	chr19	52909160	52909896	exon	GBM recurrent
chr19:53577393|53578436	chr19	53577393	53578436	exon	GBM recurrent
chr19:53957904|53961696	chr19	53957904	53961696	intron	GBM recurrent
chr19:54025110|54042536	chr19	54025110	54042536	exon	GBM recurrent
chr19:54417754|54418759	chr19	54417754	54418759	exon	GBM recurrent
chr19:58287911|58291514	chr19	58287911	58291514	exon	GBM recurrent
chr19:58290119|58291514	chr19	58290119	58291514	exon	GBM recurrent
chr19:58436991|58441925	chr19	58436991	58441925	exon	GBM recurrent
chr19:58441796|58445270	chr19	58441796	58445270	exon	GBM recurrent
chr19:58904343|58904854	chr19	58904343	58904854	exon	GBM recurrent
chr2:2897818|2901076	chr2	2897818	2901076	intergenic_region	GBM recurrent
chr2:7154585|7170346	chr2	7154585	7170346	exon	GBM recurrent
chr2:8342077|8385270	chr2	8342077	8385270	intron	GBM recurrent
chr2:8910800|8917022	chr2	8910800	8917022	exon	GBM recurrent
chr2:9028148|9114564	chr2	9028148	9114564	exon	GBM recurrent
chr2:9437429|9468040	chr2	9437429	9468040	exon	GBM recurrent
chr2:9490937|9499018	chr2	9490937	9499018	exon	GBM recurrent
chr2:9675963|9676957	chr2	9675963	9676957	exon	GBM recurrent
chr2:9675963|9683414	chr2	9675963	9683414	exon	GBM recurrent
chr2:10740979|10747437	chr2	10740979	10747437	exon	GBM recurrent
chr2:11905659|11907984	chr2	11905659	11907984	exon	GBM recurrent
chr2:15492116|15618413	chr2	15492116	15618413	exon	GBM recurrent
chr2:15542292|15567918	chr2	15542292	15567918	exon	GBM recurrent
chr2:15644269|15679480	chr2	15644269	15679480	exon	GBM recurrent
chr2:20478344|20527139	chr2	20478344	20527139	exon	GBM recurrent
chr2:20482708|20527139	chr2	20482708	20527139	exon	GBM recurrent
chr2:20526022|20527139	chr2	20526022	20527139	exon	GBM recurrent
chr2:20974570|20990158	chr2	20974570	20990158	exon	GBM recurrent
chr2:24021008|24046439	chr2	24021008	24046439	exon	GBM recurrent
chr2:24039507|24046439	chr2	24039507	24046439	intron	GBM recurrent
chr2:24042617|24046439	chr2	24042617	24046439	exon	GBM recurrent
chr2:24357989|24362320	chr2	24357989	24362320	exon	GBM recurrent
chr2:24493540|24498718	chr2	24493540	24498718	exon	GBM recurrent
chr2:24733838|24807429	chr2	24733838	24807429	intron	GBM recurrent
chr2:24759584|24807429	chr2	24759584	24807429	intron	GBM recurrent
chr2:24777258|24816590	chr2	24777258	24816590	intron	GBM recurrent
chr2:25799707|25830190	chr2	25799707	25830190	exon	GBM recurrent
chr2:25830105|25851253	chr2	25830105	25851253	exon	GBM recurrent
chr2:26009764|26022404	chr2	26009764	26022404	intron	GBM recurrent
chr2:26502862|26508439	chr2	26502862	26508439	exon	GBM recurrent
chr2:26587170|26606215	chr2	26587170	26606215	exon	GBM recurrent
chr2:27573181|27573499	chr2	27573181	27573499	exon	GBM recurrent
chr2:28999717|29004708	chr2	28999717	29004708	exon	GBM recurrent
chr2:29073194|29084174	chr2	29073194	29084174	exon	GBM recurrent
chr2:29124853|29137074	chr2	29124853	29137074	exon	GBM recurrent
chr2:29129326|29137074	chr2	29129326	29137074	exon	GBM recurrent
chr2:29149334|29158473	chr2	29149334	29158473	exon	GBM recurrent
chr2:30748453|30756180	chr2	30748453	30756180	exon	GBM recurrent
chr2:32117061|32157204	chr2	32117061	32157204	exon	GBM recurrent
chr2:32323865|32353548	chr2	32323865	32353548	exon	GBM recurrent
chr2:32339707|32362257	chr2	32339707	32362257	exon	GBM recurrent
chr2:32396356|32409407	chr2	32396356	32409407	exon	GBM recurrent
chr2:32422413|32434630	chr2	32422413	32434630	exon	GBM recurrent
chr2:32602656|32617218	chr2	32602656	32617218	exon	GBM recurrent
chr2:32602656|32626691	chr2	32602656	32626691	exon	GBM recurrent
chr2:32664576|32679010	chr2	32664576	32679010	exon	GBM recurrent
chr2:32703703|32704685	chr2	32703703	32704685	exon	GBM recurrent
chr2:32703703|32707650	chr2	32703703	32707650	exon	GBM recurrent
chr2:32703703|32718734	chr2	32703703	32718734	exon	GBM recurrent
chr2:32703703|32725176	chr2	32703703	32725176	exon	GBM recurrent
chr2:32713655|32718734	chr2	32713655	32718734	exon	GBM recurrent
chr2:32735593|32738221	chr2	32735593	32738221	exon	GBM recurrent
chr2:32749955|32774548	chr2	32749955	32774548	exon	GBM recurrent
chr2:32855590|32891835	chr2	32855590	32891835	exon	GBM recurrent
chr2:32855590|32903989	chr2	32855590	32903989	exon	GBM recurrent
chr2:36808433|36818154	chr2	36808433	36818154	exon	GBM recurrent
chr2:37227729|37229715	chr2	37227729	37229715	exon	GBM recurrent
chr2:38156405|38231359	chr2	38156405	38231359	exon	GBM recurrent
chr2:39029857|39033835	chr2	39029857	39033835	exon	GBM recurrent
chr2:39042663|39053831	chr2	39042663	39053831	exon	GBM recurrent
chr2:39107320|39108719	chr2	39107320	39108719	exon	GBM recurrent
chr2:39233553|39237844	chr2	39233553	39237844	exon	GBM recurrent
chr2:39440541|39456729	chr2	39440541	39456729	exon	GBM recurrent
chr2:39499424|39542529	chr2	39499424	39542529	exon	GBM recurrent
chr2:39519914|39536660	chr2	39519914	39536660	exon	GBM recurrent
chr2:39559058|39564722	chr2	39559058	39564722	exon	GBM recurrent
chr2:43506904|43520352	chr2	43506904	43520352	exon	GBM recurrent
chr2:43625110|43657441	chr2	43625110	43657441	exon	GBM recurrent
chr2:43655239|43657441	chr2	43655239	43657441	exon	GBM recurrent
chr2:43805652|43818093	chr2	43805652	43818093	exon	GBM recurrent
chr2:43939364|43965659	chr2	43939364	43965659	exon	GBM recurrent
chr2:43973005|43992865	chr2	43973005	43992865	exon	GBM recurrent
chr2:44132831|44153100	chr2	44132831	44153100	exon	GBM recurrent
chr2:44139571|44145537	chr2	44139571	44145537	exon	GBM recurrent
chr2:45773871|45780869	chr2	45773871	45780869	exon	GBM recurrent
chr2:46067519|46087337	chr2	46067519	46087337	intron	GBM recurrent
chr2:46803226|46803795	chr2	46803226	46803795	exon	GBM recurrent
chr2:48061718|48062010	chr2	48061718	48062010	exon	GBM recurrent
chr2:48065998|48066908	chr2	48065998	48066908	exon	GBM recurrent
chr2:48573340|48573890	chr2	48573340	48573890	exon	GBM recurrent
chr2:48573340|48586286	chr2	48573340	48586286	exon	GBM recurrent
chr2:48573340|48589846	chr2	48573340	48589846	exon	GBM recurrent
chr2:51149019|51149795	chr2	51149019	51149795	intron	GBM recurrent
chr2:54114396|54120936	chr2	54114396	54120936	exon	GBM recurrent
chr2:55785911|55800913	chr2	55785911	55800913	exon	GBM recurrent
chr2:55871772|55873621	chr2	55871772	55873621	exon	GBM recurrent
chr2:58449077|58457009	chr2	58449077	58457009	exon	GBM recurrent
chr2:61330988|61333797	chr2	61330988	61333797	exon	GBM recurrent
chr2:61406116|61408540	chr2	61406116	61408540	exon	GBM recurrent
chr2:61447445|61450431	chr2	61447445	61450431	exon	GBM recurrent
chr2:61512010|61522425	chr2	61512010	61522425	exon	GBM recurrent
chr2:61544789|61561106	chr2	61544789	61561106	exon	GBM recurrent
chr2:61710092|61720188	chr2	61710092	61720188	exon	GBM recurrent
chr2:61712903|61717911	chr2	61712903	61717911	exon	GBM recurrent
chr2:61719170|61722748	chr2	61719170	61722748	exon	GBM recurrent
chr2:61725808|61753656	chr2	61725808	61753656	exon	GBM recurrent
chr2:61725808|61761038	chr2	61725808	61761038	exon	GBM recurrent
chr2:62100137|62107529	chr2	62100137	62107529	exon	GBM recurrent
chr2:62227836|62228117	chr2	62227836	62228117	exon	GBM recurrent
chr2:63660879|63667005	chr2	63660879	63667005	exon	GBM recurrent
chr2:68740212|68772444	chr2	68740212	68772444	exon	GBM recurrent
chr2:69565030|69565697	chr2	69565030	69565697	exon	GBM recurrent
chr2:69565030|69573131	chr2	69565030	69573131	exon	GBM recurrent
chr2:69569284|69590802	chr2	69569284	69590802	exon	GBM recurrent
chr2:69627496|69659137	chr2	69627496	69659137	exon	GBM recurrent
chr2:69633154|69659137	chr2	69633154	69659137	exon	GBM recurrent
chr2:69642317|69659137	chr2	69642317	69659137	exon	GBM recurrent
chr2:70396689|70409129	chr2	70396689	70409129	exon	GBM recurrent
chr2:71590283|71597135	chr2	71590283	71597135	exon	GBM recurrent
chr2:73659257|73682422	chr2	73659257	73682422	intron	GBM recurrent
chr2:73784347|73786269	chr2	73784347	73786269	exon	GBM recurrent
chr2:75891688|75893179	chr2	75891688	75893179	exon	GBM recurrent
chr2:86479080|86491164	chr2	86479080	86491164	exon	GBM recurrent
chr2:86968050|86980681	chr2	86968050	86980681	exon	GBM recurrent
chr2:96579856|96581919	chr2	96579856	96581919	exon	GBM recurrent
chr2:96860696|96861287	chr2	96860696	96861287	exon	GBM recurrent
chr2:100029193|100052403	chr2	100029193	100052403	exon	GBM recurrent
chr2:100035290|100052403	chr2	100035290	100052403	exon	GBM recurrent
chr2:100055063|100081447	chr2	100055063	100081447	exon	GBM recurrent
chr2:101549372|101565942	chr2	101549372	101565942	exon	GBM recurrent
chr2:102440390|102446056	chr2	102440390	102446056	exon	GBM recurrent
chr2:105912813|105915162	chr2	105912813	105915162	exon	GBM recurrent
chr2:106739426|106782539	chr2	106739426	106782539	exon	GBM recurrent
chr2:109463194|109473426	chr2	109463194	109473426	exon	GBM recurrent
chr2:110325392|110343415	chr2	110325392	110343415	exon	GBM recurrent
chr2:110332158|110350696	chr2	110332158	110350696	exon	GBM recurrent
chr2:113260489|113260758	chr2	113260489	113260758	exon	GBM recurrent
chr2:120038815|120040103	chr2	120038815	120040103	intergenic_region	GBM recurrent
chr2:120634899|120643458	chr2	120634899	120643458	exon	GBM recurrent
chr2:120684174|120692534	chr2	120684174	120692534	exon	GBM recurrent
chr2:120684174|120702816	chr2	120684174	120702816	exon	GBM recurrent
chr2:122144698|122159248	chr2	122144698	122159248	exon	GBM recurrent
chr2:122260743|122287901	chr2	122260743	122287901	exon	GBM recurrent
chr2:125739803|125775589	chr2	125739803	125775589	intergenic_region	GBM recurrent
chr2:128627028|128628933	chr2	128627028	128628933	exon	GBM recurrent
chr2:135525287|135626611	chr2	135525287	135626611	intron	GBM recurrent
chr2:135694411|135705469	chr2	135694411	135705469	exon	GBM recurrent
chr2:135848568|135851263	chr2	135848568	135851263	exon	GBM recurrent
chr2:136690353|136719068	chr2	136690353	136719068	exon	GBM recurrent
chr2:141143462|141232906	chr2	141143462	141232906	exon	GBM recurrent
chr2:144899449|144993304	chr2	144899449	144993304	exon	GBM recurrent
chr2:152295198|152300223	chr2	152295198	152300223	exon	GBM recurrent
chr2:152709962|152717334	chr2	152709962	152717334	exon	GBM recurrent
chr2:154757449|154801152	chr2	154757449	154801152	exon	GBM recurrent
chr2:154757449|154836383	chr2	154757449	154836383	intron	GBM recurrent
chr2:160104883|160116354	chr2	160104883	160116354	exon	GBM recurrent
chr2:160112707|160136456	chr2	160112707	160136456	exon	GBM recurrent
chr2:169547544|169574488	chr2	169547544	169574488	exon	GBM recurrent
chr2:170393737|170401345	chr2	170393737	170401345	exon	GBM recurrent
chr2:170411634|170419860	chr2	170411634	170419860	exon	GBM recurrent
chr2:170460152|170471234	chr2	170460152	170471234	exon	GBM recurrent
chr2:171709224|171710532	chr2	171709224	171710532	exon	GBM recurrent
chr2:172182351|172188377	chr2	172182351	172188377	exon	GBM recurrent
chr2:172305191|172314987	chr2	172305191	172314987	exon	GBM recurrent
chr2:172782047|172823470	chr2	172782047	172823470	exon	GBM recurrent
chr2:173825488|173832172	chr2	173825488	173832172	exon	GBM recurrent
chr2:173825488|173853567	chr2	173825488	173853567	exon	GBM recurrent
chr2:173900853|173901805	chr2	173900853	173901805	intron	GBM recurrent
chr2:174223440|174224219	chr2	174223440	174224219	exon	GBM recurrent
chr2:174987908|175006728	chr2	174987908	175006728	exon	GBM recurrent
chr2:175976296|175986268	chr2	175976296	175986268	exon	GBM recurrent
chr2:180036847|180056593	chr2	180036847	180056593	exon	GBM recurrent
chr2:183799480|183818059	chr2	183799480	183818059	exon	GBM recurrent
chr2:183831944|183853914	chr2	183831944	183853914	exon	GBM recurrent
chr2:183866681|183868053	chr2	183866681	183868053	exon	GBM recurrent
chr2:183993015|183995273	chr2	183993015	183995273	exon	GBM recurrent
chr2:184043535|184047408	chr2	184043535	184047408	intergenic_region	GBM recurrent
chr2:186664807|186817629	chr2	186664807	186817629	intergenic_region	GBM recurrent
chr2:187604955|187618776	chr2	187604955	187618776	exon	GBM recurrent
chr2:188243667|188250358	chr2	188243667	188250358	exon	GBM recurrent
chr2:190560876|190609514	chr2	190560876	190609514	exon	GBM recurrent
chr2:190656516|190670480	chr2	190656516	190670480	exon	GBM recurrent
chr2:191765290|191796363	chr2	191765290	191796363	exon	GBM recurrent
chr2:197653928|197656184	chr2	197653928	197656184	exon	GBM recurrent
chr2:197755552|197757969	chr2	197755552	197757969	exon	GBM recurrent
chr2:198388348|198400354	chr2	198388348	198400354	exon	GBM recurrent
chr2:201719339|201726585	chr2	201719339	201726585	exon	GBM recurrent
chr2:201721405|201722812	chr2	201721405	201722812	exon	GBM recurrent
chr2:201741642|201752408	chr2	201741642	201752408	exon	GBM recurrent
chr2:201805971|201822856	chr2	201805971	201822856	exon	GBM recurrent
chr2:201807408|201822856	chr2	201807408	201822856	exon	GBM recurrent
chr2:201857004|201862263	chr2	201857004	201862263	exon	GBM recurrent
chr2:202603393|202609152	chr2	202603393	202609152	exon	GBM recurrent
chr2:203155046|203160560	chr2	203155046	203160560	exon	GBM recurrent
chr2:203817282|203826149	chr2	203817282	203826149	exon	GBM recurrent
chr2:203839057|203847164	chr2	203839057	203847164	exon	GBM recurrent
chr2:204058518|204062114	chr2	204058518	204062114	exon	GBM recurrent
chr2:204137393|204144836	chr2	204137393	204144836	exon	GBM recurrent
chr2:204231600|204267457	chr2	204231600	204267457	exon	GBM recurrent
chr2:206023446|206050587	chr2	206023446	206050587	exon	GBM recurrent
chr2:206305094|206305396	chr2	206305094	206305396	exon	GBM recurrent
chr2:206959646|206960515	chr2	206959646	206960515	intergenic_region	GBM recurrent
chr2:207003209|207007555	chr2	207003209	207007555	exon	GBM recurrent
chr2:207705831|207744164	chr2	207705831	207744164	intergenic_region	GBM recurrent
chr2:207728120|207746615	chr2	207728120	207746615	intergenic_region	GBM recurrent
chr2:209150450|209153542	chr2	209150450	209153542	exon	GBM recurrent
chr2:210742678|210761137	chr2	210742678	210761137	exon	GBM recurrent
chr2:210962810|211019335	chr2	210962810	211019335	exon	GBM recurrent
chr2:215609791|215634036	chr2	215609791	215634036	exon	GBM recurrent
chr2:216189964|216238260	chr2	216189964	216238260	intergenic_region	GBM recurrent
chr2:219328029|219330899	chr2	219328029	219330899	exon	GBM recurrent
chr2:219414532|219425606	chr2	219414532	219425606	exon	GBM recurrent
chr2:219498828|219499353	chr2	219498828	219499353	exon	GBM recurrent
chr2:221605004|221605371	chr2	221605004	221605371	intergenic_region	GBM recurrent
chr2:222491484|222548300	chr2	222491484	222548300	intergenic_region	GBM recurrent
chr2:223781037|223783920	chr2	223781037	223783920	exon	GBM recurrent
chr2:224849469|224863059	chr2	224849469	224863059	exon	GBM recurrent
chr2:224856520|224866639	chr2	224856520	224866639	exon	GBM recurrent
chr2:227729320|227773594	chr2	227729320	227773594	exon	GBM recurrent
chr2:230271948|230341969	chr2	230271948	230341969	exon	GBM recurrent
chr2:230633332|230636348	chr2	230633332	230636348	exon	GBM recurrent
chr2:230705538|230725247	chr2	230705538	230725247	exon	GBM recurrent
chr2:232653265|232656518	chr2	232653265	232656518	exon	GBM recurrent
chr2:232879545|232880381	chr2	232879545	232880381	exon	GBM recurrent
chr2:233587264|233589401	chr2	233587264	233589401	exon	GBM recurrent
chr2:236706403|236715975	chr2	236706403	236715975	exon	GBM recurrent
chr2:239090706|239092754	chr2	239090706	239092754	exon	GBM recurrent
chr2:239090706|239103511	chr2	239090706	239103511	exon	GBM recurrent
chr2:240929491|240961757	chr2	240929491	240961757	exon	GBM recurrent
chr2:242079936|242080168	chr2	242079936	242080168	exon	GBM recurrent
chr2:242282407|242283312	chr2	242282407	242283312	exon	GBM recurrent
chr2:242343243|242352836	chr2	242343243	242352836	exon	GBM recurrent
chr2:242343243|242357524	chr2	242343243	242357524	exon	GBM recurrent
chr2:242541311|242542494	chr2	242541311	242542494	exon	GBM recurrent
chr20:2473345|2474690	chr20	2473345	2474690	exon	GBM recurrent
chr20:2944918|2955887	chr20	2944918	2955887	exon	GBM recurrent
chr20:3259558|3270863	chr20	3259558	3270863	exon	GBM recurrent
chr20:3274785|3275275	chr20	3274785	3275275	exon	GBM recurrent
chr20:6065713|6075635	chr20	6065713	6075635	exon	GBM recurrent
chr20:9317773|9319684	chr20	9317773	9319684	exon	GBM recurrent
chr20:9538255|9706990	chr20	9538255	9706990	intron	GBM recurrent
chr20:13509080|13550233	chr20	13509080	13550233	exon	GBM recurrent
chr20:13532534|13568017	chr20	13532534	13568017	intron	GBM recurrent
chr20:17338972|17341285	chr20	17338972	17341285	exon	GBM recurrent
chr20:17928130|17937681	chr20	17928130	17937681	exon	GBM recurrent
chr20:18513308|18523046	chr20	18513308	18523046	exon	GBM recurrent
chr20:18574375|18576885	chr20	18574375	18576885	exon	GBM recurrent
chr20:19970650|19977486	chr20	19970650	19977486	exon	GBM recurrent
chr20:30732894|30734658	chr20	30732894	30734658	exon	GBM recurrent
chr20:30954187|30959679	chr20	30954187	30959679	intron	GBM recurrent
chr20:30954187|31016225	chr20	30954187	31016225	exon	GBM recurrent
chr20:31954665|31960503	chr20	31954665	31960503	exon	GBM recurrent
chr20:32216156|32217720	chr20	32216156	32217720	exon	GBM recurrent
chr20:33315063|33324562	chr20	33315063	33324562	exon	GBM recurrent
chr20:33839708|33842557	chr20	33839708	33842557	exon	GBM recurrent
chr20:34302107|34326939	chr20	34302107	34326939	exon	GBM recurrent
chr20:34309662|34320057	chr20	34309662	34320057	exon	GBM recurrent
chr20:34487292|34505584	chr20	34487292	34505584	exon	GBM recurrent
chr20:35288740|35299800	chr20	35288740	35299800	exon	GBM recurrent
chr20:35315895|35317187	chr20	35315895	35317187	exon	GBM recurrent
chr20:35457457|35467844	chr20	35457457	35467844	exon	GBM recurrent
chr20:35684549|35693876	chr20	35684549	35693876	exon	GBM recurrent
chr20:35695127|35696589	chr20	35695127	35696589	exon	GBM recurrent
chr20:35812583|35812776	chr20	35812583	35812776	exon	GBM recurrent
chr20:35832288|35838568	chr20	35832288	35838568	exon	GBM recurrent
chr20:35835676|35838568	chr20	35835676	35838568	exon	GBM recurrent
chr20:36405747|36407737	chr20	36405747	36407737	exon	GBM recurrent
chr20:37612342|37623523	chr20	37612342	37623523	exon	GBM recurrent
chr20:40979268|40980925	chr20	40979268	40980925	exon	GBM recurrent
chr20:45121321|45125591	chr20	45121321	45125591	intergenic_region	GBM recurrent
chr20:45121321|45129952	chr20	45121321	45129952	intergenic_region	GBM recurrent
chr20:45848909|45976670	chr20	45848909	45976670	exon	GBM recurrent
chr20:45874752|45878183	chr20	45874752	45878183	exon	GBM recurrent
chr20:45891032|45912392	chr20	45891032	45912392	exon	GBM recurrent
chr20:45905058|45916028	chr20	45905058	45916028	exon	GBM recurrent
chr20:45923410|45927616	chr20	45923410	45927616	exon	GBM recurrent
chr20:47567860|47570327	chr20	47567860	47570327	exon	GBM recurrent
chr20:47691322|47706283	chr20	47691322	47706283	exon	GBM recurrent
chr20:47752370|47782822	chr20	47752370	47782822	exon	GBM recurrent
chr20:48256215|48257202	chr20	48256215	48257202	exon	GBM recurrent
chr20:50273477|50307358	chr20	50273477	50307358	exon	GBM recurrent
chr20:50305603|50314021	chr20	50305603	50314021	exon	GBM recurrent
chr20:50329505|50346517	chr20	50329505	50346517	exon	GBM recurrent
chr20:52601826|52612589	chr20	52601826	52612589	exon	GBM recurrent
chr20:56993267|57016139	chr20	56993267	57016139	exon	GBM recurrent
chr20:58342241|58349545	chr20	58342241	58349545	exon	GBM recurrent
chr20:58426623|58517567	chr20	58426623	58517567	intergenic_region	GBM recurrent
chr20:60831113|60838747	chr20	60831113	60838747	exon	GBM recurrent
chr20:62407031|62422143	chr20	62407031	62422143	exon	GBM recurrent
chr21:22652898|22664561	chr21	22652898	22664561	exon	GBM recurrent
chr21:26793020|26818652	chr21	26793020	26818652	intergenic_region	GBM recurrent
chr21:26865755|26870192	chr21	26865755	26870192	intergenic_region	GBM recurrent
chr21:27326904|27354790	chr21	27326904	27354790	exon	GBM recurrent
chr21:27394156|27394358	chr21	27394156	27394358	exon	GBM recurrent
chr21:30324482|30329798	chr21	30324482	30329798	exon	GBM recurrent
chr21:33073308|33078670	chr21	33073308	33078670	exon	GBM recurrent
chr21:34066538|34067592	chr21	34066538	34067592	exon	GBM recurrent
chr21:34066538|34074357	chr21	34066538	34074357	exon	GBM recurrent
chr21:34713305|34715982	chr21	34713305	34715982	exon	GBM recurrent
chr21:34717552|34721849	chr21	34717552	34721849	exon	GBM recurrent
chr21:34974540|34975843	chr21	34974540	34975843	exon	GBM recurrent
chr21:37619815|37633030	chr21	37619815	37633030	exon	GBM recurrent
chr21:37653781|37664531	chr21	37653781	37664531	exon	GBM recurrent
chr21:37728918|37736557	chr21	37728918	37736557	exon	GBM recurrent
chr21:37734481|37736557	chr21	37734481	37736557	exon	GBM recurrent
chr21:38126481|38139586	chr21	38126481	38139586	exon	GBM recurrent
chr21:38480692|38505066	chr21	38480692	38505066	exon	GBM recurrent
chr21:38480692|38536517	chr21	38480692	38536517	exon	GBM recurrent
chr21:38792601|38798083	chr21	38792601	38798083	exon	GBM recurrent
chr21:38792601|38853128	chr21	38792601	38853128	exon	GBM recurrent
chr21:40587163|40590586	chr21	40587163	40590586	exon	GBM recurrent
chr21:40590078|40597123	chr21	40590078	40597123	exon	GBM recurrent
chr21:40596334|40601362	chr21	40596334	40601362	exon	GBM recurrent
chr21:40596334|40646398	chr21	40596334	40646398	exon	GBM recurrent
chr21:40619627|40630598	chr21	40619627	40630598	exon	GBM recurrent
chr21:40619627|40646398	chr21	40619627	40646398	exon	GBM recurrent
chr21:40641825|40649277	chr21	40641825	40649277	exon	GBM recurrent
chr21:40665737|40670508	chr21	40665737	40670508	exon	GBM recurrent
chr21:41648024|41741172	chr21	41648024	41741172	exon	GBM recurrent
chr21:41684008|41711342	chr21	41684008	41711342	exon	GBM recurrent
chr21:45153950|45163688	chr21	45153950	45163688	exon	GBM recurrent
chr21:48063447|48064400	chr21	48063447	48064400	exon	GBM recurrent
chr22:17976435|17984048	chr22	17976435	17984048	exon	GBM recurrent
chr22:19044499|19050791	chr22	19044499	19050791	exon	GBM recurrent
chr22:19178816|19187352	chr22	19178816	19187352	exon	GBM recurrent
chr22:20754922|20755662	chr22	20754922	20755662	exon	GBM recurrent
chr22:21178614|21193019	chr22	21178614	21193019	exon	GBM recurrent
chr22:22123484|22143097	chr22	22123484	22143097	exon	GBM recurrent
chr22:23615268|23615961	chr22	23615268	23615961	exon	GBM recurrent
chr22:24133943|24135875	chr22	24133943	24135875	exon	GBM recurrent
chr22:24698163|24709434	chr22	24698163	24709434	exon	GBM recurrent
chr22:25851679|25855482	chr22	25851679	25855482	exon	GBM recurrent
chr22:26853825|26854543	chr22	26853825	26854543	exon	GBM recurrent
chr22:28306952|28310335	chr22	28306952	28310335	exon	GBM recurrent
chr22:28910745|28915308	chr22	28910745	28915308	intron	GBM recurrent
chr22:29013886|29025818	chr22	29013886	29025818	intron	GBM recurrent
chr22:29025540|29025818	chr22	29025540	29025818	exon	GBM recurrent
chr22:29090020|29091861	chr22	29090020	29091861	exon	GBM recurrent
chr22:30221076|30228331	chr22	30221076	30228331	exon	GBM recurrent
chr22:30366965|30375041	chr22	30366965	30375041	exon	GBM recurrent
chr22:30384469|30387659	chr22	30384469	30387659	exon	GBM recurrent
chr22:30802331|30803592	chr22	30802331	30803592	exon	GBM recurrent
chr22:31843412|31846346	chr22	31843412	31846346	exon	GBM recurrent
chr22:31979861|31998279	chr22	31979861	31998279	exon	GBM recurrent
chr22:32154532|32174154	chr22	32154532	32174154	exon	GBM recurrent
chr22:32664275|32669494	chr22	32664275	32669494	exon	GBM recurrent
chr22:33260902|33265109	chr22	33260902	33265109	exon	GBM recurrent
chr22:33376630|33402809	chr22	33376630	33402809	exon	GBM recurrent
chr22:33960834|33973950	chr22	33960834	33973950	intron	GBM recurrent
chr22:36919256|36920779	chr22	36919256	36920779	exon	GBM recurrent
chr22:37868481|37870715	chr22	37868481	37870715	exon	GBM recurrent
chr22:38208894|38209616	chr22	38208894	38209616	exon	GBM recurrent
chr22:38641941|38644025	chr22	38641941	38644025	exon	GBM recurrent
chr22:38894090|38897285	chr22	38894090	38897285	exon	GBM recurrent
chr22:40513059|40521866	chr22	40513059	40521866	exon	GBM recurrent
chr22:40669429|40676147	chr22	40669429	40676147	exon	GBM recurrent
chr22:40669429|40681774	chr22	40669429	40681774	exon	GBM recurrent
chr22:40673081|40681774	chr22	40673081	40681774	exon	GBM recurrent
chr22:40948110|40990739	chr22	40948110	40990739	exon	GBM recurrent
chr22:41349559|41363888	chr22	41349559	41363888	exon	GBM recurrent
chr22:41521868|41526007	chr22	41521868	41526007	exon	GBM recurrent
chr22:41521868|41531910	chr22	41521868	41531910	exon	GBM recurrent
chr22:41521868|41542820	chr22	41521868	41542820	exon	GBM recurrent
chr22:41536144|41537226	chr22	41536144	41537226	exon	GBM recurrent
chr22:41560057|41562670	chr22	41560057	41562670	exon	GBM recurrent
chr22:41568503|41569788	chr22	41568503	41569788	exon	GBM recurrent
chr22:41664101|41677086	chr22	41664101	41677086	exon	GBM recurrent
chr22:41670604|41677086	chr22	41670604	41677086	exon	GBM recurrent
chr22:46085600|46098727	chr22	46085600	46098727	exon	GBM recurrent
chr22:46096162|46125470	chr22	46096162	46125470	exon	GBM recurrent
chr22:46493806|46505788	chr22	46493806	46505788	exon	GBM recurrent
chr22:47370186|47393605	chr22	47370186	47393605	exon	GBM recurrent
chr3:361366|370037	chr3	361366	370037	exon	GBM recurrent
chr3:3178944|3182332	chr3	3178944	3182332	exon	GBM recurrent
chr3:3178944|3186394	chr3	3178944	3186394	exon	GBM recurrent
chr3:9495423|9506356	chr3	9495423	9506356	exon	GBM recurrent
chr3:9711116|9712854	chr3	9711116	9712854	exon	GBM recurrent
chr3:9792629|9793633	chr3	9792629	9793633	exon	GBM recurrent
chr3:11372814|11389509	chr3	11372814	11389509	exon	GBM recurrent
chr3:11399892|11421526	chr3	11399892	11421526	exon	GBM recurrent
chr3:11849307|11851156	chr3	11849307	11851156	exon	GBM recurrent
chr3:11850991|11871338	chr3	11850991	11871338	exon	GBM recurrent
chr3:12558110|12560696	chr3	12558110	12560696	exon	GBM recurrent
chr3:13542213|13544480	chr3	13542213	13544480	exon	GBM recurrent
chr3:15452752|15457449	chr3	15452752	15457449	exon	GBM recurrent
chr3:18419662|18428103	chr3	18419662	18428103	exon	GBM recurrent
chr3:18504972|18568818	chr3	18504972	18568818	exon	GBM recurrent
chr3:18504972|18571677	chr3	18504972	18571677	exon	GBM recurrent
chr3:19384079|19389457	chr3	19384079	19389457	exon	GBM recurrent
chr3:19992298|19992553	chr3	19992298	19992553	exon	GBM recurrent
chr3:20012040|20019895	chr3	20012040	20019895	exon	GBM recurrent
chr3:20153088|20169041	chr3	20153088	20169041	exon	GBM recurrent
chr3:20167397|20181856	chr3	20167397	20181856	exon	GBM recurrent
chr3:23942299|23952941	chr3	23942299	23952941	exon	GBM recurrent
chr3:23952302|23952941	chr3	23952302	23952941	exon	GBM recurrent
chr3:23997528|24001306	chr3	23997528	24001306	exon	GBM recurrent
chr3:24338717|24378862	chr3	24338717	24378862	exon	GBM recurrent
chr3:27424644|27493989	chr3	27424644	27493989	exon	GBM recurrent
chr3:27490142|27493989	chr3	27490142	27493989	exon	GBM recurrent
chr3:28476601|28533664	chr3	28476601	28533664	exon	GBM recurrent
chr3:29910349|29941246	chr3	29910349	29941246	exon	GBM recurrent
chr3:32750162|32769362	chr3	32750162	32769362	exon	GBM recurrent
chr3:33093250|33110462	chr3	33093250	33110462	exon	GBM recurrent
chr3:33623313|33626412	chr3	33623313	33626412	exon	GBM recurrent
chr3:33636443|33650118	chr3	33636443	33650118	exon	GBM recurrent
chr3:33648876|33673863	chr3	33648876	33673863	exon	GBM recurrent
chr3:33661095|33673866	chr3	33661095	33673866	exon	GBM recurrent
chr3:33661095|33686395	chr3	33661095	33686395	exon	GBM recurrent
chr3:35721279|35732497	chr3	35721279	35732497	exon	GBM recurrent
chr3:42661508|42662058	chr3	42661508	42662058	exon	GBM recurrent
chr3:43591212|43616356	chr3	43591212	43616356	exon	GBM recurrent
chr3:45707142|45714997	chr3	45707142	45714997	exon	GBM recurrent
chr3:47084051|47139571	chr3	47084051	47139571	exon	GBM recurrent
chr3:47210659|47210886	chr3	47210659	47210886	exon	GBM recurrent
chr3:47465423|47470160	chr3	47465423	47470160	exon	GBM recurrent
chr3:47610642|47614364	chr3	47610642	47614364	exon	GBM recurrent
chr3:47651556|47663831	chr3	47651556	47663831	exon	GBM recurrent
chr3:47651556|47680270	chr3	47651556	47680270	exon	GBM recurrent
chr3:47680215|47719801	chr3	47680215	47719801	exon	GBM recurrent
chr3:47703824|47712207	chr3	47703824	47712207	exon	GBM recurrent
chr3:47712148|47718272	chr3	47712148	47718272	exon	GBM recurrent
chr3:47716965|47719801	chr3	47716965	47719801	exon	GBM recurrent
chr3:47721927|47734790	chr3	47721927	47734790	exon	GBM recurrent
chr3:47747899|47755980	chr3	47747899	47755980	exon	GBM recurrent
chr3:47770515|47787483	chr3	47770515	47787483	exon	GBM recurrent
chr3:48585965|48587667	chr3	48585965	48587667	exon	GBM recurrent
chr3:49016915|49017929	chr3	49016915	49017929	exon	GBM recurrent
chr3:50131153|50142575	chr3	50131153	50142575	exon	GBM recurrent
chr3:50137415|50143142	chr3	50137415	50143142	exon	GBM recurrent
chr3:50142510|50143142	chr3	50142510	50143142	exon	GBM recurrent
chr3:50150816|50151684	chr3	50150816	50151684	exon	GBM recurrent
chr3:51497130|51517852	chr3	51497130	51517852	exon	GBM recurrent
chr3:52238709|52240767	chr3	52238709	52240767	exon	GBM recurrent
chr3:52651278|52668831	chr3	52651278	52668831	exon	GBM recurrent
chr3:52952500|52962357	chr3	52952500	52962357	exon	GBM recurrent
chr3:52960047|52962357	chr3	52960047	52962357	exon	GBM recurrent
chr3:54537519|54615904	chr3	54537519	54615904	exon	GBM recurrent
chr3:56779233|56779490	chr3	56779233	56779490	exon	GBM recurrent
chr3:57293056|57301820	chr3	57293056	57301820	exon	GBM recurrent
chr3:57832924|57843886	chr3	57832924	57843886	exon	GBM recurrent
chr3:57893611|57899002	chr3	57893611	57899002	exon	GBM recurrent
chr3:58351601|58368427	chr3	58351601	58368427	exon	GBM recurrent
chr3:60311598|60314588	chr3	60311598	60314588	intron	GBM recurrent
chr3:63884075|63898901	chr3	63884075	63898901	exon	GBM recurrent
chr3:65376817|65439015	chr3	65376817	65439015	exon	GBM recurrent
chr3:65415195|65428524	chr3	65415195	65428524	exon	GBM recurrent
chr3:66444464|66467690	chr3	66444464	66467690	exon	GBM recurrent
chr3:66501983|66512933	chr3	66501983	66512933	exon	GBM recurrent
chr3:67546222|67548719	chr3	67546222	67548719	exon	GBM recurrent
chr3:71348971|71542706	chr3	71348971	71542706	exon	GBM recurrent
chr3:71739161|71777774	chr3	71739161	71777774	exon	GBM recurrent
chr3:72890196|72893574	chr3	72890196	72893574	exon	GBM recurrent
chr3:74411041|74420550	chr3	74411041	74420550	exon	GBM recurrent
chr3:78763547|78767033	chr3	78763547	78767033	exon	GBM recurrent
chr3:78987751|78988077	chr3	78987751	78988077	exon	GBM recurrent
chr3:88373781|88376980	chr3	88373781	88376980	intergenic_region	GBM recurrent
chr3:100013689|100015119	chr3	100013689	100015119	intron	GBM recurrent
chr3:100057931|100067725	chr3	100057931	100067725	exon	GBM recurrent
chr3:100986355|101023156	chr3	100986355	101023156	exon	GBM recurrent
chr3:112968569|112969680	chr3	112968569	112969680	exon	GBM recurrent
chr3:113588354|113601679	chr3	113588354	113601679	exon	GBM recurrent
chr3:115560692|115571464	chr3	115560692	115571464	exon	GBM recurrent
chr3:119219542|119236162	chr3	119219542	119236162	exon	GBM recurrent
chr3:119222379|119222868	chr3	119222379	119222868	exon	GBM recurrent
chr3:119582266|119595355	chr3	119582266	119595355	exon	GBM recurrent
chr3:119666115|119812440	chr3	119666115	119812440	exon	GBM recurrent
chr3:120998652|121037387	chr3	120998652	121037387	exon	GBM recurrent
chr3:122459105|122459960	chr3	122459105	122459960	exon	GBM recurrent
chr3:122459105|122496753	chr3	122459105	122496753	exon	GBM recurrent
chr3:122942406|122978436	chr3	122942406	122978436	exon	GBM recurrent
chr3:124996570|125032500	chr3	124996570	125032500	exon	GBM recurrent
chr3:126326494|126366139	chr3	126326494	126366139	exon	GBM recurrent
chr3:126360875|126366139	chr3	126360875	126366139	exon	GBM recurrent
chr3:128525215|128526514	chr3	128525215	128526514	exon	GBM recurrent
chr3:129546646|129547351	chr3	129546646	129547351	exon	GBM recurrent
chr3:129579783|129599402	chr3	129579783	129599402	exon	GBM recurrent
chr3:129599152|129599405	chr3	129599152	129599405	exon	GBM recurrent
chr3:130649260|130660543	chr3	130649260	130660543	exon	GBM recurrent
chr3:131181593|131190123	chr3	131181593	131190123	exon	GBM recurrent
chr3:132337478|132350323	chr3	132337478	132350323	exon	GBM recurrent
chr3:134250687|134256110	chr3	134250687	134256110	exon	GBM recurrent
chr3:135979321|135980907	chr3	135979321	135980907	exon	GBM recurrent
chr3:136012598|136019953	chr3	136012598	136019953	exon	GBM recurrent
chr3:136035783|136048826	chr3	136035783	136048826	exon	GBM recurrent
chr3:136096502|136141886	chr3	136096502	136141886	exon	GBM recurrent
chr3:136117591|136141886	chr3	136117591	136141886	exon	GBM recurrent
chr3:137940768|137947852	chr3	137940768	137947852	exon	GBM recurrent
chr3:138289160|138290198	chr3	138289160	138290198	exon	GBM recurrent
chr3:138289160|138291774	chr3	138289160	138291774	exon	GBM recurrent
chr3:138289160|138291826	chr3	138289160	138291826	exon	GBM recurrent
chr3:138340249|138341258	chr3	138340249	138341258	exon	GBM recurrent
chr3:138407717|138413749	chr3	138407717	138413749	exon	GBM recurrent
chr3:138413628|138417937	chr3	138413628	138417937	exon	GBM recurrent
chr3:141620978|141626116	chr3	141620978	141626116	exon	GBM recurrent
chr3:141712380|141724386	chr3	141712380	141724386	exon	GBM recurrent
chr3:142274719|142279296	chr3	142274719	142279296	exon	GBM recurrent
chr3:142455221|142481155	chr3	142455221	142481155	intron	GBM recurrent
chr3:142455221|142512802	chr3	142455221	142512802	intron	GBM recurrent
chr3:143704385|143767654	chr3	143704385	143767654	intergenic_region	GBM recurrent
chr3:155615716|155624052	chr3	155615716	155624052	exon	GBM recurrent
chr3:160942718|160953000	chr3	160942718	160953000	exon	GBM recurrent
chr3:170077487|170109048	chr3	170077487	170109048	exon	GBM recurrent
chr3:170841385|170846667	chr3	170841385	170846667	exon	GBM recurrent
chr3:170893041|170912424	chr3	170893041	170912424	exon	GBM recurrent
chr3:171830242|171851336	chr3	171830242	171851336	exon	GBM recurrent
chr3:173518083|173525622	chr3	173518083	173525622	exon	GBM recurrent
chr3:179481790|179483636	chr3	179481790	179483636	exon	GBM recurrent
chr3:180665653|180667131	chr3	180665653	180667131	exon	GBM recurrent
chr3:182775099|182789145	chr3	182775099	182789145	exon	GBM recurrent
chr3:182913010|182925611	chr3	182913010	182925611	exon	GBM recurrent
chr3:182913010|182933882	chr3	182913010	182933882	exon	GBM recurrent
chr3:182923664|182925611	chr3	182923664	182925611	exon	GBM recurrent
chr3:182994660|183013265	chr3	182994660	183013265	exon	GBM recurrent
chr3:183368084|183369064	chr3	183368084	183369064	exon	GBM recurrent
chr3:183368084|183382827	chr3	183368084	183382827	exon	GBM recurrent
chr3:183442207|183446639	chr3	183442207	183446639	exon	GBM recurrent
chr3:183454506|183472153	chr3	183454506	183472153	exon	GBM recurrent
chr3:183454506|183480067	chr3	183454506	183480067	exon	GBM recurrent
chr3:183558358|183562114	chr3	183558358	183562114	exon	GBM recurrent
chr3:184023556|184024622	chr3	184023556	184024622	exon	GBM recurrent
chr3:184543951|184552530	chr3	184543951	184552530	exon	GBM recurrent
chr3:185335268|185341870	chr3	185335268	185341870	exon	GBM recurrent
chr3:185638892|185639914	chr3	185638892	185639914	exon	GBM recurrent
chr3:186509514|186510736	chr3	186509514	186510736	exon	GBM recurrent
chr3:188202380|188242575	chr3	188202380	188242575	exon	GBM recurrent
chr3:188609963|188631126	chr3	188609963	188631126	intergenic_region	GBM recurrent
chr3:191074877|191078948	chr3	191074877	191078948	exon	GBM recurrent
chr3:193201725|193210949	chr3	193201725	193210949	exon	GBM recurrent
chr3:193201725|193220428	chr3	193201725	193220428	exon	GBM recurrent
chr3:194180200|194182965	chr3	194180200	194182965	exon	GBM recurrent
chr3:195063200|195066046	chr3	195063200	195066046	exon	GBM recurrent
chr3:195415404|195435712	chr3	195415404	195435712	exon	GBM recurrent
chr3:195685883|195689498	chr3	195685883	195689498	intergenic_region	GBM recurrent
chr3:196443729|196460686	chr3	196443729	196460686	exon	GBM recurrent
chr3:196533450|196534785	chr3	196533450	196534785	exon	GBM recurrent
chr3:196802708|196812627	chr3	196802708	196812627	exon	GBM recurrent
chr3:197559068|197566268	chr3	197559068	197566268	exon	GBM recurrent
chr3:197707197|197726213	chr3	197707197	197726213	exon	GBM recurrent
chr4:337571|338219	chr4	337571	338219	exon	GBM recurrent
chr4:1219148|1235307	chr4	1219148	1235307	exon	GBM recurrent
chr4:2172406|2230970	chr4	2172406	2230970	exon	GBM recurrent
chr4:2492064|2498848	chr4	2492064	2498848	exon	GBM recurrent
chr4:2626989|2628304	chr4	2626989	2628304	exon	GBM recurrent
chr4:2656755|2717831	chr4	2656755	2717831	exon	GBM recurrent
chr4:2701407|2702271	chr4	2701407	2702271	exon	GBM recurrent
chr4:2956151|2958538	chr4	2956151	2958538	exon	GBM recurrent
chr4:2986240|3015555	chr4	2986240	3015555	exon	GBM recurrent
chr4:2993942|3006061	chr4	2993942	3006061	exon	GBM recurrent
chr4:2993942|3015555	chr4	2993942	3015555	exon	GBM recurrent
chr4:3005958|3024178	chr4	3005958	3024178	exon	GBM recurrent
chr4:3124616|3127356	chr4	3124616	3127356	exon	GBM recurrent
chr4:4307865|4317697	chr4	4307865	4317697	exon	GBM recurrent
chr4:6925100|6925838	chr4	6925100	6925838	exon	GBM recurrent
chr4:6995911|7016284	chr4	6995911	7016284	exon	GBM recurrent
chr4:17816476|17816981	chr4	17816476	17816981	exon	GBM recurrent
chr4:17963526|17974508	chr4	17963526	17974508	exon	GBM recurrent
chr4:21757100|21764655	chr4	21757100	21764655	intron	GBM recurrent
chr4:21764352|21764655	chr4	21764352	21764655	intron	GBM recurrent
chr4:22403054|22404422	chr4	22403054	22404422	exon	GBM recurrent
chr4:25393960|25416322	chr4	25393960	25416322	exon	GBM recurrent
chr4:26997001|27010624	chr4	26997001	27010624	exon	GBM recurrent
chr4:39077585|39088347	chr4	39077585	39088347	exon	GBM recurrent
chr4:39734979|39776553	chr4	39734979	39776553	intron	GBM recurrent
chr4:39739040|39757359	chr4	39739040	39757359	exon	GBM recurrent
chr4:39739040|39779430	chr4	39739040	39779430	exon	GBM recurrent
chr4:39843568|39847500	chr4	39843568	39847500	exon	GBM recurrent
chr4:39871014|39891984	chr4	39871014	39891984	exon	GBM recurrent
chr4:39900009|39904080	chr4	39900009	39904080	exon	GBM recurrent
chr4:39911864|39927553	chr4	39911864	39927553	exon	GBM recurrent
chr4:40936473|40947090	chr4	40936473	40947090	exon	GBM recurrent
chr4:42003633|42025401	chr4	42003633	42025401	exon	GBM recurrent
chr4:42020128|42025401	chr4	42020128	42025401	exon	GBM recurrent
chr4:48686690|48712715	chr4	48686690	48712715	exon	GBM recurrent
chr4:52729603|52753410	chr4	52729603	52753410	exon	GBM recurrent
chr4:54011500|54011749	chr4	54011500	54011749	exon	GBM recurrent
chr4:54265897|54294350	chr4	54265897	54294350	exon	GBM recurrent
chr4:55133456|55136915	chr4	55133456	55136915	exon	GBM recurrent
chr4:56269403|56284152	chr4	56269403	56284152	exon	GBM recurrent
chr4:56336884|56376232	chr4	56336884	56376232	exon	GBM recurrent
chr4:56883814|56885721	chr4	56883814	56885721	exon	GBM recurrent
chr4:57344545|57349436	chr4	57344545	57349436	exon	GBM recurrent
chr4:57344545|57351030	chr4	57344545	57351030	exon	GBM recurrent
chr4:62119069|62121419	chr4	62119069	62121419	intron	GBM recurrent
chr4:62119069|62248907	chr4	62119069	62248907	intron	GBM recurrent
chr4:62362839|62363066	chr4	62362839	62363066	exon	GBM recurrent
chr4:62362839|62383236	chr4	62362839	62383236	exon	GBM recurrent
chr4:62362839|62542653	chr4	62362839	62542653	exon	GBM recurrent
chr4:62775278|62801763	chr4	62775278	62801763	exon	GBM recurrent
chr4:62775278|62813994	chr4	62775278	62813994	exon	GBM recurrent
chr4:62800558|62903574	chr4	62800558	62903574	exon	GBM recurrent
chr4:62812632|62863983	chr4	62812632	62863983	exon	GBM recurrent
chr4:62862009|62910267	chr4	62862009	62910267	exon	GBM recurrent
chr4:62897160|62903574	chr4	62897160	62903574	exon	GBM recurrent
chr4:62897160|62910267	chr4	62897160	62910267	exon	GBM recurrent
chr4:72332161|72363409	chr4	72332161	72363409	exon	GBM recurrent
chr4:72352665|72400105	chr4	72352665	72400105	exon	GBM recurrent
chr4:77916934|77955730	chr4	77916934	77955730	exon	GBM recurrent
chr4:83369073|83372398	chr4	83369073	83372398	exon	GBM recurrent
chr4:83791478|83803093	chr4	83791478	83803093	exon	GBM recurrent
chr4:83793097|83796975	chr4	83793097	83796975	exon	GBM recurrent
chr4:83867411|83900159	chr4	83867411	83900159	exon	GBM recurrent
chr4:85617123|85630500	chr4	85617123	85630500	exon	GBM recurrent
chr4:85623506|85630500	chr4	85623506	85630500	exon	GBM recurrent
chr4:85630062|85642725	chr4	85630062	85642725	exon	GBM recurrent
chr4:85634312|85642725	chr4	85634312	85642725	exon	GBM recurrent
chr4:85818064|85853516	chr4	85818064	85853516	exon	GBM recurrent
chr4:87022205|87028505	chr4	87022205	87028505	exon	GBM recurrent
chr4:87073144|87080620	chr4	87073144	87080620	exon	GBM recurrent
chr4:87607863|87622954	chr4	87607863	87622954	exon	GBM recurrent
chr4:88084710|88116842	chr4	88084710	88116842	exon	GBM recurrent
chr4:88940610|88983156	chr4	88940610	88983156	exon	GBM recurrent
chr4:88959403|88973310	chr4	88959403	88973310	exon	GBM recurrent
chr4:88959403|88989213	chr4	88959403	88989213	exon	GBM recurrent
chr4:88964385|88964609	chr4	88964385	88964609	exon	GBM recurrent
chr4:89912124|89950800	chr4	89912124	89950800	exon	GBM recurrent
chr4:91229395|91234198	chr4	91229395	91234198	exon	GBM recurrent
chr4:95506716|95585186	chr4	95506716	95585186	exon	GBM recurrent
chr4:95796982|95917285	chr4	95796982	95917285	exon	GBM recurrent
chr4:96104048|96141327	chr4	96104048	96141327	exon	GBM recurrent
chr4:99030344|99055610	chr4	99030344	99055610	exon	GBM recurrent
chr4:99325628|99342545	chr4	99325628	99342545	exon	GBM recurrent
chr4:105559055|105605756	chr4	105559055	105605756	intron	GBM recurrent
chr4:107114766|107133992	chr4	107114766	107133992	exon	GBM recurrent
chr4:108614927|108622441	chr4	108614927	108622441	exon	GBM recurrent
chr4:109667555|109670619	chr4	109667555	109670619	exon	GBM recurrent
chr4:109669161|109677648	chr4	109669161	109677648	exon	GBM recurrent
chr4:110412483|110427668	chr4	110412483	110427668	exon	GBM recurrent
chr4:113483527|113506881	chr4	113483527	113506881	exon	GBM recurrent
chr4:119026173|119036115	chr4	119026173	119036115	exon	GBM recurrent
chr4:121675708|121706246	chr4	121675708	121706246	exon	GBM recurrent
chr4:123113384|123120605	chr4	123113384	123120605	exon	GBM recurrent
chr4:123848789|123900541	chr4	123848789	123900541	exon	GBM recurrent
chr4:125422051|125477665	chr4	125422051	125477665	exon	GBM recurrent
chr4:128941235|128942393	chr4	128941235	128942393	exon	GBM recurrent
chr4:129752888|129773423	chr4	129752888	129773423	exon	GBM recurrent
chr4:133996499|134018038	chr4	133996499	134018038	exon	GBM recurrent
chr4:139260166|139282556	chr4	139260166	139282556	exon	GBM recurrent
chr4:139993020|139994721	chr4	139993020	139994721	exon	GBM recurrent
chr4:140258002|140262223	chr4	140258002	140262223	exon	GBM recurrent
chr4:144729467|144787229	chr4	144729467	144787229	exon	GBM recurrent
chr4:144753713|144787229	chr4	144753713	144787229	exon	GBM recurrent
chr4:144780169|144890532	chr4	144780169	144890532	exon	GBM recurrent
chr4:146083792|146092872	chr4	146083792	146092872	exon	GBM recurrent
chr4:146823318|146824367	chr4	146823318	146824367	exon	GBM recurrent
chr4:148775827|148803083	chr4	148775827	148803083	intron	GBM recurrent
chr4:148860976|148887990	chr4	148860976	148887990	exon	GBM recurrent
chr4:148867768|148887990	chr4	148867768	148887990	exon	GBM recurrent
chr4:149073620|149076052	chr4	149073620	149076052	exon	GBM recurrent
chr4:151656410|151738409	chr4	151656410	151738409	exon	GBM recurrent
chr4:151656410|151753128	chr4	151656410	151753128	exon	GBM recurrent
chr4:151771876|151789457	chr4	151771876	151789457	exon	GBM recurrent
chr4:152053483|152056284	chr4	152053483	152056284	exon	GBM recurrent
chr4:152056226|152059014	chr4	152056226	152059014	exon	GBM recurrent
chr4:154214134|154217188	chr4	154214134	154217188	exon	GBM recurrent
chr4:154236637|154237151	chr4	154236637	154237151	exon	GBM recurrent
chr4:154315414|154318485	chr4	154315414	154318485	exon	GBM recurrent
chr4:154547299|154553990	chr4	154547299	154553990	exon	GBM recurrent
chr4:155122900|155193438	chr4	155122900	155193438	exon	GBM recurrent
chr4:160107794|160164943	chr4	160107794	160164943	exon	GBM recurrent
chr4:160159961|160162520	chr4	160159961	160162520	exon	GBM recurrent
chr4:164775173|164782402	chr4	164775173	164782402	intron	GBM recurrent
chr4:169923222|169928907	chr4	169923222	169928907	exon	GBM recurrent
chr4:170384394|170429482	chr4	170384394	170429482	exon	GBM recurrent
chr4:174305802|174325101	chr4	174305802	174325101	intergenic_region	GBM recurrent
chr4:178274462|178274882	chr4	178274462	178274882	exon	GBM recurrent
chr4:184392667|184396034	chr4	184392667	184396034	intergenic_region	GBM recurrent
chr4:185580494|185603490	chr4	185580494	185603490	exon	GBM recurrent
chr4:185580494|185606838	chr4	185580494	185606838	exon	GBM recurrent
chr4:186168448|186188309	chr4	186168448	186188309	exon	GBM recurrent
chr4:186339595|186339924	chr4	186339595	186339924	exon	GBM recurrent
chr4:186444516|186446325	chr4	186444516	186446325	exon	GBM recurrent
chr5:751248|840765	chr5	751248	840765	intergenic_region	GBM recurrent
chr5:9379935|9437964	chr5	9379935	9437964	exon	GBM recurrent
chr5:9421789|9437964	chr5	9421789	9437964	exon	GBM recurrent
chr5:14293121|14304701	chr5	14293121	14304701	exon	GBM recurrent
chr5:19838868|19839351	chr5	19838868	19839351	exon	GBM recurrent
chr5:32379221|32390543	chr5	32379221	32390543	exon	GBM recurrent
chr5:32390381|32397444	chr5	32390381	32397444	exon	GBM recurrent
chr5:34020692|34052215	chr5	34020692	34052215	intron	GBM recurrent
chr5:34124523|34169258	chr5	34124523	34169258	intergenic_region	GBM recurrent
chr5:37153842|37165773	chr5	37153842	37165773	exon	GBM recurrent
chr5:37165641|37167315	chr5	37165641	37167315	exon	GBM recurrent
chr5:37179463|37181107	chr5	37179463	37181107	exon	GBM recurrent
chr5:37201693|37239971	chr5	37201693	37239971	exon	GBM recurrent
chr5:37292981|37305312	chr5	37292981	37305312	exon	GBM recurrent
chr5:37326003|37328522	chr5	37326003	37328522	exon	GBM recurrent
chr5:37349274|37358253	chr5	37349274	37358253	exon	GBM recurrent
chr5:37721217|37727147	chr5	37721217	37727147	exon	GBM recurrent
chr5:38527257|38530768	chr5	38527257	38530768	exon	GBM recurrent
chr5:38967263|38968132	chr5	38967263	38968132	exon	GBM recurrent
chr5:40728447|40747121	chr5	40728447	40747121	exon	GBM recurrent
chr5:41762213|41807540	chr5	41762213	41807540	exon	GBM recurrent
chr5:43675613|43677908	chr5	43675613	43677908	exon	GBM recurrent
chr5:56152427|56155742	chr5	56152427	56155742	exon	GBM recurrent
chr5:56152427|56184184	chr5	56152427	56184184	exon	GBM recurrent
chr5:58284320|58289292	chr5	58284320	58289292	exon	GBM recurrent
chr5:60768508|60768864	chr5	60768508	60768864	exon	GBM recurrent
chr5:60768508|60790237	chr5	60768508	60790237	exon	GBM recurrent
chr5:61659005|61662308	chr5	61659005	61662308	exon	GBM recurrent
chr5:65076006|65081737	chr5	65076006	65081737	exon	GBM recurrent
chr5:68400458|68410323	chr5	68400458	68410323	exon	GBM recurrent
chr5:68411064|68423959	chr5	68411064	68423959	exon	GBM recurrent
chr5:72182897|72185784	chr5	72182897	72185784	exon	GBM recurrent
chr5:72374007|72378652	chr5	72374007	72378652	exon	GBM recurrent
chr5:73136305|73136585	chr5	73136305	73136585	exon	GBM recurrent
chr5:73930509|73932323	chr5	73930509	73932323	exon	GBM recurrent
chr5:74639678|74641483	chr5	74639678	74641483	exon	GBM recurrent
chr5:74981032|74988325	chr5	74981032	74988325	exon	GBM recurrent
chr5:76330243|76332545	chr5	76330243	76332545	exon	GBM recurrent
chr5:76394480|76396216	chr5	76394480	76396216	exon	GBM recurrent
chr5:78692646|78697878	chr5	78692646	78697878	exon	GBM recurrent
chr5:78964715|78977884	chr5	78964715	78977884	exon	GBM recurrent
chr5:79441913|79443107	chr5	79441913	79443107	exon	GBM recurrent
chr5:79454659|79465369	chr5	79454659	79465369	exon	GBM recurrent
chr5:79454659|79473886	chr5	79454659	79473886	exon	GBM recurrent
chr5:79755233|79770649	chr5	79755233	79770649	exon	GBM recurrent
chr5:80733249|80744644	chr5	80733249	80744644	exon	GBM recurrent
chr5:80908381|80946158	chr5	80908381	80946158	intron	GBM recurrent
chr5:81605976|81608670	chr5	81605976	81608670	exon	GBM recurrent
chr5:82491589|82500740	chr5	82491589	82500740	exon	GBM recurrent
chr5:82832826|82850857	chr5	82832826	82850857	exon	GBM recurrent
chr5:86627165|86649052	chr5	86627165	86649052	exon	GBM recurrent
chr5:86628324|86642541	chr5	86628324	86642541	exon	GBM recurrent
chr5:88044887|88057145	chr5	88044887	88057145	exon	GBM recurrent
chr5:88100415|88119744	chr5	88100415	88119744	exon	GBM recurrent
chr5:89992754|90001396	chr5	89992754	90001396	exon	GBM recurrent
chr5:90101101|90119413	chr5	90101101	90119413	exon	GBM recurrent
chr5:90101101|90144638	chr5	90101101	90144638	exon	GBM recurrent
chr5:90136395|90136802	chr5	90136395	90136802	exon	GBM recurrent
chr5:90261232|90281339	chr5	90261232	90281339	exon	GBM recurrent
chr5:93964516|93979140	chr5	93964516	93979140	exon	GBM recurrent
chr5:94224584|94248681	chr5	94224584	94248681	exon	GBM recurrent
chr5:95072593|95099324	chr5	95072593	95099324	exon	GBM recurrent
chr5:95084037|95119667	chr5	95084037	95119667	exon	GBM recurrent
chr5:95099212|95119667	chr5	95099212	95119667	exon	GBM recurrent
chr5:95099212|95124562	chr5	95099212	95124562	exon	GBM recurrent
chr5:96314842|96322374	chr5	96314842	96322374	exon	GBM recurrent
chr5:96320784|96364316	chr5	96320784	96364316	exon	GBM recurrent
chr5:98209297|98215432	chr5	98209297	98215432	exon	GBM recurrent
chr5:102325976|102345570	chr5	102325976	102345570	exon	GBM recurrent
chr5:108281831|108295048	chr5	108281831	108295048	exon	GBM recurrent
chr5:111598191|111616020	chr5	111598191	111616020	exon	GBM recurrent
chr5:112090570|112116600	chr5	112090570	112116600	exon	GBM recurrent
chr5:112102023|112116600	chr5	112102023	112116600	exon	GBM recurrent
chr5:112102023|112128226	chr5	112102023	112128226	exon	GBM recurrent
chr5:112874771|112878200	chr5	112874771	112878200	exon	GBM recurrent
chr5:115627214|115639380	chr5	115627214	115639380	exon	GBM recurrent
chr5:115653214|115735319	chr5	115653214	115735319	intron	GBM recurrent
chr5:118264232|118280344	chr5	118264232	118280344	exon	GBM recurrent
chr5:118440875|118456834	chr5	118440875	118456834	exon	GBM recurrent
chr5:118576114|118580271	chr5	118576114	118580271	exon	GBM recurrent
chr5:125903951|125906551	chr5	125903951	125906551	exon	GBM recurrent
chr5:130825239|130883883	chr5	130825239	130883883	exon	GBM recurrent
chr5:130982783|131013565	chr5	130982783	131013565	exon	GBM recurrent
chr5:132224771|132228810	chr5	132224771	132228810	exon	GBM recurrent
chr5:132426885|132428481	chr5	132426885	132428481	exon	GBM recurrent
chr5:133534777|133541822	chr5	133534777	133541822	exon	GBM recurrent
chr5:133638281|133644418	chr5	133638281	133644418	exon	GBM recurrent
chr5:134002513|134007576	chr5	134002513	134007576	exon	GBM recurrent
chr5:136969726|136975666	chr5	136969726	136975666	exon	GBM recurrent
chr5:137288317|137290065	chr5	137288317	137290065	exon	GBM recurrent
chr5:137342679|137354835	chr5	137342679	137354835	exon	GBM recurrent
chr5:137625190|137655063	chr5	137625190	137655063	exon	GBM recurrent
chr5:137761100|137763775	chr5	137761100	137763775	exon	GBM recurrent
chr5:138145727|138163407	chr5	138145727	138163407	exon	GBM recurrent
chr5:139819704|139825560	chr5	139819704	139825560	exon	GBM recurrent
chr5:139884406|139886562	chr5	139884406	139886562	exon	GBM recurrent
chr5:139889222|139889766	chr5	139889222	139889766	exon	GBM recurrent
chr5:140146461|140148173	chr5	140146461	140148173	intergenic_region	GBM recurrent
chr5:140305481|140308910	chr5	140305481	140308910	intron	GBM recurrent
chr5:140788835|140790187	chr5	140788835	140790187	exon	GBM recurrent
chr5:140961879|140963182	chr5	140961879	140963182	exon	GBM recurrent
chr5:141515295|141520194	chr5	141515295	141520194	exon	GBM recurrent
chr5:142281500|142311690	chr5	142281500	142311690	exon	GBM recurrent
chr5:142434004|142513670	chr5	142434004	142513670	exon	GBM recurrent
chr5:145634506|145638156	chr5	145634506	145638156	exon	GBM recurrent
chr5:147928231|147929825	chr5	147928231	147929825	exon	GBM recurrent
chr5:147928231|148016624	chr5	147928231	148016624	exon	GBM recurrent
chr5:151176788|151178874	chr5	151176788	151178874	exon	GBM recurrent
chr5:153085257|153085627	chr5	153085257	153085627	exon	GBM recurrent
chr5:154330381|154346797	chr5	154330381	154346797	exon	GBM recurrent
chr5:155281559|155297434	chr5	155281559	155297434	intergenic_region	GBM recurrent
chr5:155771499|155776869	chr5	155771499	155776869	intron	GBM recurrent
chr5:156786013|156788606	chr5	156786013	156788606	exon	GBM recurrent
chr5:156945831|156964999	chr5	156945831	156964999	exon	GBM recurrent
chr5:160097470|160097674	chr5	160097470	160097674	exon	GBM recurrent
chr5:162939008|162944680	chr5	162939008	162944680	exon	GBM recurrent
chr5:167302991|167308471	chr5	167302991	167308471	intron	GBM recurrent
chr5:167984428|167996003	chr5	167984428	167996003	exon	GBM recurrent
chr5:167986037|167991070	chr5	167986037	167991070	exon	GBM recurrent
chr5:167986037|167993271	chr5	167986037	167993271	exon	GBM recurrent
chr5:167986037|167996003	chr5	167986037	167996003	exon	GBM recurrent
chr5:167988398|167993271	chr5	167988398	167993271	exon	GBM recurrent
chr5:167993018|167996003	chr5	167993018	167996003	exon	GBM recurrent
chr5:170305101|170323119	chr5	170305101	170323119	exon	GBM recurrent
chr5:170305101|170351554	chr5	170305101	170351554	exon	GBM recurrent
chr5:170610203|170632616	chr5	170610203	170632616	exon	GBM recurrent
chr5:176477752|176491602	chr5	176477752	176491602	exon	GBM recurrent
chr5:179132680|179134191	chr5	179132680	179134191	exon	GBM recurrent
chr5:179136874|179143295	chr5	179136874	179143295	exon	GBM recurrent
chr5:179268907|179271227	chr5	179268907	179271227	exon	GBM recurrent
chr5:179393806|179407200	chr5	179393806	179407200	exon	GBM recurrent
chr5:179956275|179980471	chr5	179956275	179980471	exon	GBM recurrent
chr5:180668492|180669345	chr5	180668492	180669345	exon	GBM recurrent
chr6:6362416|6493371	chr6	6362416	6493371	intron	GBM recurrent
chr6:10703638|10705077	chr6	10703638	10705077	exon	GBM recurrent
chr6:10902910|10913160	chr6	10902910	10913160	exon	GBM recurrent
chr6:13228048|13230425	chr6	13228048	13230425	exon	GBM recurrent
chr6:15452237|15468949	chr6	15452237	15468949	exon	GBM recurrent
chr6:16658007|16754322	chr6	16658007	16754322	exon	GBM recurrent
chr6:17539500|17541379	chr6	17539500	17541379	exon	GBM recurrent
chr6:17539500|17543374	chr6	17539500	17543374	exon	GBM recurrent
chr6:17665470|17669777	chr6	17665470	17669777	exon	GBM recurrent
chr6:17669206|17669777	chr6	17669206	17669777	exon	GBM recurrent
chr6:17772139|17779330	chr6	17772139	17779330	exon	GBM recurrent
chr6:17775246|17779330	chr6	17775246	17779330	exon	GBM recurrent
chr6:17825999|17834302	chr6	17825999	17834302	exon	GBM recurrent
chr6:18160114|18166609	chr6	18160114	18166609	exon	GBM recurrent
chr6:20546577|20548936	chr6	20546577	20548936	exon	GBM recurrent
chr6:24405396|24418806	chr6	24405396	24418806	exon	GBM recurrent
chr6:25466101|25472749	chr6	25466101	25472749	exon	GBM recurrent
chr6:25605040|25606501	chr6	25605040	25606501	exon	GBM recurrent
chr6:30002685|30003760	chr6	30002685	30003760	exon	GBM recurrent
chr6:41901288|41901619	chr6	41901288	41901619	intergenic_region	GBM recurrent
chr6:42571326|42573597	chr6	42571326	42573597	exon	GBM recurrent
chr6:42582809|42600642	chr6	42582809	42600642	exon	GBM recurrent
chr6:42789756|42797910	chr6	42789756	42797910	exon	GBM recurrent
chr6:42902213|42903408	chr6	42902213	42903408	exon	GBM recurrent
chr6:44900390|44922344	chr6	44900390	44922344	exon	GBM recurrent
chr6:52132663|52134024	chr6	52132663	52134024	exon	GBM recurrent
chr6:54013854|54054712	chr6	54013854	54054712	exon	GBM recurrent
chr6:55378846|55406938	chr6	55378846	55406938	exon	GBM recurrent
chr6:55966270|56006781	chr6	55966270	56006781	exon	GBM recurrent
chr6:57393112|57472441	chr6	57393112	57472441	exon	GBM recurrent
chr6:69640451|69653886	chr6	69640451	69653886	exon	GBM recurrent
chr6:69640451|69685232	chr6	69640451	69685232	exon	GBM recurrent
chr6:69640451|69728391	chr6	69640451	69728391	exon	GBM recurrent
chr6:69684655|69703854	chr6	69684655	69703854	exon	GBM recurrent
chr6:69684655|69728391	chr6	69684655	69728391	exon	GBM recurrent
chr6:69703660|69759238	chr6	69703660	69759238	exon	GBM recurrent
chr6:69723930|69804097	chr6	69723930	69804097	intron	GBM recurrent
chr6:69785887|69949118	chr6	69785887	69949118	exon	GBM recurrent
chr6:70034764|70049396	chr6	70034764	70049396	exon	GBM recurrent
chr6:71442081|71483128	chr6	71442081	71483128	exon	GBM recurrent
chr6:72952017|72961071	chr6	72952017	72961071	exon	GBM recurrent
chr6:72960033|72961071	chr6	72960033	72961071	exon	GBM recurrent
chr6:73001637|73023375	chr6	73001637	73023375	exon	GBM recurrent
chr6:73590600|73751785	chr6	73590600	73751785	intron	GBM recurrent
chr6:76344423|76380436	chr6	76344423	76380436	exon	GBM recurrent
chr6:76357447|76369123	chr6	76357447	76369123	exon	GBM recurrent
chr6:79752560|79770535	chr6	79752560	79770535	exon	GBM recurrent
chr6:80837264|80912929	chr6	80837264	80912929	exon	GBM recurrent
chr6:82922424|82924546	chr6	82922424	82924546	exon	GBM recurrent
chr6:83806450|83820033	chr6	83806450	83820033	exon	GBM recurrent
chr6:86328536|86329135	chr6	86328536	86329135	exon	GBM recurrent
chr6:86328536|86333830	chr6	86328536	86333830	exon	GBM recurrent
chr6:87925621|87928449	chr6	87925621	87928449	exon	GBM recurrent
chr6:89638704|89650899	chr6	89638704	89650899	exon	GBM recurrent
chr6:90082156|90097309	chr6	90082156	90097309	exon	GBM recurrent
chr6:90088943|90097309	chr6	90088943	90097309	exon	GBM recurrent
chr6:90798680|90981660	chr6	90798680	90981660	exon	GBM recurrent
chr6:99323291|99353546	chr6	99323291	99353546	exon	GBM recurrent
chr6:99860427|99864304	chr6	99860427	99864304	exon	GBM recurrent
chr6:99912480|99958106	chr6	99912480	99958106	exon	GBM recurrent
chr6:99924019|99958106	chr6	99924019	99958106	exon	GBM recurrent
chr6:102247523|102266358	chr6	102247523	102266358	exon	GBM recurrent
chr6:102247523|102307368	chr6	102247523	102307368	exon	GBM recurrent
chr6:105291098|105297121	chr6	105291098	105297121	exon	GBM recurrent
chr6:106727536|106756366	chr6	106727536	106756366	exon	GBM recurrent
chr6:107031203|107050797	chr6	107031203	107050797	exon	GBM recurrent
chr6:107419755|107420500	chr6	107419755	107420500	exon	GBM recurrent
chr6:109740390|109752548	chr6	109740390	109752548	exon	GBM recurrent
chr6:110947979|110991744	chr6	110947979	110991744	exon	GBM recurrent
chr6:111067329|111106812	chr6	111067329	111106812	intron	GBM recurrent
chr6:111208708|111210186	chr6	111208708	111210186	exon	GBM recurrent
chr6:111281617|111283708	chr6	111281617	111283708	exon	GBM recurrent
chr6:111650735|111654570	chr6	111650735	111654570	exon	GBM recurrent
chr6:111708968|111793343	chr6	111708968	111793343	exon	GBM recurrent
chr6:117010483|117026323	chr6	117010483	117026323	exon	GBM recurrent
chr6:117019867|117037481	chr6	117019867	117037481	exon	GBM recurrent
chr6:118791700|118805021	chr6	118791700	118805021	exon	GBM recurrent
chr6:126434012|126496057	chr6	126434012	126496057	exon	GBM recurrent
chr6:131466425|131540948	chr6	131466425	131540948	exon	GBM recurrent
chr6:131919427|131929211	chr6	131919427	131929211	exon	GBM recurrent
chr6:132427784|132448803	chr6	132427784	132448803	intergenic_region	GBM recurrent
chr6:135360711|135363264	chr6	135360711	135363264	exon	GBM recurrent
chr6:136599003|136603825	chr6	136599003	136603825	exon	GBM recurrent
chr6:137015278|137019820	chr6	137015278	137019820	exon	GBM recurrent
chr6:138528179|138566728	chr6	138528179	138566728	exon	GBM recurrent
chr6:138655107|138656325	chr6	138655107	138656325	exon	GBM recurrent
chr6:138768138|138817508	chr6	138768138	138817508	exon	GBM recurrent
chr6:143141170|143158184	chr6	143141170	143158184	intron	GBM recurrent
chr6:143792098|143795993	chr6	143792098	143795993	exon	GBM recurrent
chr6:144167188|144179144	chr6	144167188	144179144	exon	GBM recurrent
chr6:145956381|146007432	chr6	145956381	146007432	exon	GBM recurrent
chr6:147560306|147588303	chr6	147560306	147588303	exon	GBM recurrent
chr6:149924404|149925918	chr6	149924404	149925918	exon	GBM recurrent
chr6:149953895|149959696	chr6	149953895	149959696	exon	GBM recurrent
chr6:150092298|150117636	chr6	150092298	150117636	exon	GBM recurrent
chr6:150157221|150174296	chr6	150157221	150174296	exon	GBM recurrent
chr6:152554916|152565791	chr6	152554916	152565791	exon	GBM recurrent
chr6:154727527|154754641	chr6	154727527	154754641	exon	GBM recurrent
chr6:154762426|154771392	chr6	154762426	154771392	exon	GBM recurrent
chr6:155108995|155116273	chr6	155108995	155116273	exon	GBM recurrent
chr6:157150361|157222659	chr6	157150361	157222659	exon	GBM recurrent
chr6:157357969|157454341	chr6	157357969	157454341	exon	GBM recurrent
chr6:157405796|157454341	chr6	157405796	157454341	exon	GBM recurrent
chr6:160467530|160469575	chr6	160467530	160469575	exon	GBM recurrent
chr6:163876311|163876453	chr6	163876311	163876453	exon	GBM recurrent
chr6:163899812|163956157	chr6	163899812	163956157	exon	GBM recurrent
chr6:167435897|167438382	chr6	167435897	167438382	exon	GBM recurrent
chr6:168271066|168281197	chr6	168271066	168281197	exon	GBM recurrent
chr6:169982932|170062520	chr6	169982932	170062520	exon	GBM recurrent
chr6:170162525|170169809	chr6	170162525	170169809	exon	GBM recurrent
chr7:2269619|2270399	chr7	2269619	2270399	exon	GBM recurrent
chr7:2404007|2406083	chr7	2404007	2406083	exon	GBM recurrent
chr7:2477439|2483381	chr7	2477439	2483381	exon	GBM recurrent
chr7:6085702|6089676	chr7	6085702	6089676	exon	GBM recurrent
chr7:6465619|6472590	chr7	6465619	6472590	exon	GBM recurrent
chr7:6472468|6476164	chr7	6472468	6476164	exon	GBM recurrent
chr7:6624647|6624891	chr7	6624647	6624891	exon	GBM recurrent
chr7:6736970|6744854	chr7	6736970	6744854	exon	GBM recurrent
chr7:7277886|7283381	chr7	7277886	7283381	exon	GBM recurrent
chr7:8043538|8064444	chr7	8043538	8064444	exon	GBM recurrent
chr7:11101418|11101712	chr7	11101418	11101712	exon	GBM recurrent
chr7:11101418|11151094	chr7	11101418	11151094	exon	GBM recurrent
chr7:12263852|12269445	chr7	12263852	12269445	exon	GBM recurrent
chr7:13946055|13950932	chr7	13946055	13950932	exon	GBM recurrent
chr7:14613837|14622762	chr7	14613837	14622762	exon	GBM recurrent
chr7:14630049|14712652	chr7	14630049	14712652	intron	GBM recurrent
chr7:16722405|16736686	chr7	16722405	16736686	exon	GBM recurrent
chr7:22306583|22349709	chr7	22306583	22349709	exon	GBM recurrent
chr7:23387219|23401360	chr7	23387219	23401360	exon	GBM recurrent
chr7:27668990|27672064	chr7	27668990	27672064	exon	GBM recurrent
chr7:27788137|27809453	chr7	27788137	27809453	exon	GBM recurrent
chr7:32528861|32530378	chr7	32528861	32530378	exon	GBM recurrent
chr7:33028119|33028264	chr7	33028119	33028264	exon	GBM recurrent
chr7:33055282|33066527	chr7	33055282	33066527	exon	GBM recurrent
chr7:34006091|34014396	chr7	34006091	34014396	exon	GBM recurrent
chr7:34085918|34101659	chr7	34085918	34101659	exon	GBM recurrent
chr7:36909998|36934622	chr7	36909998	36934622	exon	GBM recurrent
chr7:38471789|38501011	chr7	38471789	38501011	exon	GBM recurrent
chr7:39243834|39247219	chr7	39243834	39247219	exon	GBM recurrent
chr7:42116351|42262894	chr7	42116351	42262894	exon	GBM recurrent
chr7:43436413|43447330	chr7	43436413	43447330	exon	GBM recurrent
chr7:44714010|44721447	chr7	44714010	44721447	exon	GBM recurrent
chr7:45688269|45701813	chr7	45688269	45701813	exon	GBM recurrent
chr7:56150971|56151408	chr7	56150971	56151408	exon	GBM recurrent
chr7:63796637|63797360	chr7	63796637	63797360	exon	GBM recurrent
chr7:64377408|64378670	chr7	64377408	64378670	exon	GBM recurrent
chr7:65429310|65432894	chr7	65429310	65432894	exon	GBM recurrent
chr7:65595731|65599361	chr7	65595731	65599361	exon	GBM recurrent
chr7:65751498|65821858	chr7	65751498	65821858	exon	GBM recurrent
chr7:65892936|65904291	chr7	65892936	65904291	exon	GBM recurrent
chr7:65946528|65955094	chr7	65946528	65955094	exon	GBM recurrent
chr7:66240214|66270383	chr7	66240214	66270383	exon	GBM recurrent
chr7:66347880|66351442	chr7	66347880	66351442	intergenic_region	GBM recurrent
chr7:66458204|66459328	chr7	66458204	66459328	exon	GBM recurrent
chr7:66532272|66563705	chr7	66532272	66563705	exon	GBM recurrent
chr7:72277659|72277949	chr7	72277659	72277949	exon	GBM recurrent
chr7:73114708|73115261	chr7	73114708	73115261	exon	GBM recurrent
chr7:73510952|73511519	chr7	73510952	73511519	exon	GBM recurrent
chr7:73770740|73774608	chr7	73770740	73774608	exon	GBM recurrent
chr7:75136689|75140436	chr7	75136689	75140436	intergenic_region	GBM recurrent
chr7:75178189|75183825	chr7	75178189	75183825	exon	GBM recurrent
chr7:75182752|75183825	chr7	75182752	75183825	exon	GBM recurrent
chr7:75192239|75197560	chr7	75192239	75197560	exon	GBM recurrent
chr7:75197503|75203206	chr7	75197503	75203206	exon	GBM recurrent
chr7:75197503|75216151	chr7	75197503	75216151	exon	GBM recurrent
chr7:77210744|77230123	chr7	77210744	77230123	exon	GBM recurrent
chr7:77236552|77261742	chr7	77236552	77261742	exon	GBM recurrent
chr7:77378741|77394949	chr7	77378741	77394949	exon	GBM recurrent
chr7:77394812|77402631	chr7	77394812	77402631	exon	GBM recurrent
chr7:77549596|77581029	chr7	77549596	77581029	exon	GBM recurrent
chr7:77885260|77885898	chr7	77885260	77885898	exon	GBM recurrent
chr7:83758439|83823984	chr7	83758439	83823984	exon	GBM recurrent
chr7:84685033|84697600	chr7	84685033	84697600	exon	GBM recurrent
chr7:86792555|86815296	chr7	86792555	86815296	exon	GBM recurrent
chr7:86792811|86820343	chr7	86792811	86820343	exon	GBM recurrent
chr7:91659209|91668086	chr7	91659209	91668086	exon	GBM recurrent
chr7:91752434|91761186	chr7	91752434	91761186	exon	GBM recurrent
chr7:91842509|91871451	chr7	91842509	91871451	exon	GBM recurrent
chr7:91851216|91855996	chr7	91851216	91855996	exon	GBM recurrent
chr7:91936673|91957214	chr7	91936673	91957214	exon	GBM recurrent
chr7:91948644|91981956	chr7	91948644	91981956	exon	GBM recurrent
chr7:91957097|92000921	chr7	91957097	92000921	exon	GBM recurrent
chr7:91974292|91981956	chr7	91974292	91981956	exon	GBM recurrent
chr7:92118607|92119225	chr7	92118607	92119225	exon	GBM recurrent
chr7:98558884|98560050	chr7	98558884	98560050	exon	GBM recurrent
chr7:98563319|98569568	chr7	98563319	98569568	exon	GBM recurrent
chr7:99701032|99701315	chr7	99701032	99701315	exon	GBM recurrent
chr7:99952766|99954506	chr7	99952766	99954506	exon	GBM recurrent
chr7:102038067|102040095	chr7	102038067	102040095	exon	GBM recurrent
chr7:102038067|102047945	chr7	102038067	102047945	exon	GBM recurrent
chr7:102106264|102106717	chr7	102106264	102106717	exon	GBM recurrent
chr7:102412856|102448798	chr7	102412856	102448798	exon	GBM recurrent
chr7:102994368|102996240	chr7	102994368	102996240	exon	GBM recurrent
chr7:104714066|104722244	chr7	104714066	104722244	exon	GBM recurrent
chr7:105099615|105105861	chr7	105099615	105105861	exon	GBM recurrent
chr7:105103068|105108910	chr7	105103068	105108910	exon	GBM recurrent
chr7:105305513|105305735	chr7	105305513	105305735	exon	GBM recurrent
chr7:106921745|106924177	chr7	106921745	106924177	exon	GBM recurrent
chr7:107836205|107850049	chr7	107836205	107850049	exon	GBM recurrent
chr7:108039880|108041977	chr7	108039880	108041977	intron	GBM recurrent
chr7:111448877|111474742	chr7	111448877	111474742	exon	GBM recurrent
chr7:111629070|111644186	chr7	111629070	111644186	exon	GBM recurrent
chr7:117361121|117365311	chr7	117361121	117365311	exon	GBM recurrent
chr7:117874485|117899943	chr7	117874485	117899943	exon	GBM recurrent
chr7:118114993|118153881	chr7	118114993	118153881	intergenic_region	GBM recurrent
chr7:121612595|121624171	chr7	121612595	121624171	exon	GBM recurrent
chr7:121659178|121679642	chr7	121659178	121679642	exon	GBM recurrent
chr7:121678809|121684622	chr7	121678809	121684622	exon	GBM recurrent
chr7:124491926|124503694	chr7	124491926	124503694	exon	GBM recurrent
chr7:127344893|127361454	chr7	127344893	127361454	exon	GBM recurrent
chr7:127752203|127758786	chr7	127752203	127758786	intergenic_region	GBM recurrent
chr7:128220053|128232071	chr7	128220053	128232071	exon	GBM recurrent
chr7:128220053|128278951	chr7	128220053	128278951	intergenic_region	GBM recurrent
chr7:128282271|128289036	chr7	128282271	128289036	intergenic_region	GBM recurrent
chr7:128622302|128633968	chr7	128622302	128633968	exon	GBM recurrent
chr7:128637443|128641288	chr7	128637443	128641288	exon	GBM recurrent
chr7:128645070|128658211	chr7	128645070	128658211	exon	GBM recurrent
chr7:129311269|129330386	chr7	129311269	129330386	exon	GBM recurrent
chr7:129662159|129688984	chr7	129662159	129688984	exon	GBM recurrent
chr7:129665998|129688984	chr7	129665998	129688984	exon	GBM recurrent
chr7:129824024|129832663	chr7	129824024	129832663	exon	GBM recurrent
chr7:129825032|129832663	chr7	129825032	129832663	exon	GBM recurrent
chr7:131058469|131084192	chr7	131058469	131084192	intron	GBM recurrent
chr7:131113792|131151174	chr7	131113792	131151174	exon	GBM recurrent
chr7:131122544|131163436	chr7	131122544	131163436	exon	GBM recurrent
chr7:133859308|133868605	chr7	133859308	133868605	exon	GBM recurrent
chr7:134632259|134635265	chr7	134632259	134635265	exon	GBM recurrent
chr7:135321079|135329766	chr7	135321079	135329766	intron	GBM recurrent
chr7:137206612|137304686	chr7	137206612	137304686	exon	GBM recurrent
chr7:137255921|137271956	chr7	137255921	137271956	exon	GBM recurrent
chr7:137363303|137374748	chr7	137363303	137374748	exon	GBM recurrent
chr7:138203934|138235925	chr7	138203934	138235925	exon	GBM recurrent
chr7:138261118|138264277	chr7	138261118	138264277	exon	GBM recurrent
chr7:138261118|138266516	chr7	138261118	138266516	exon	GBM recurrent
chr7:138579088|138597206	chr7	138579088	138597206	exon	GBM recurrent
chr7:138921751|138960893	chr7	138921751	138960893	exon	GBM recurrent
chr7:138921751|138982710	chr7	138921751	138982710	exon	GBM recurrent
chr7:138951079|138957186	chr7	138951079	138957186	exon	GBM recurrent
chr7:139734035|139757834	chr7	139734035	139757834	exon	GBM recurrent
chr7:139746684|139757834	chr7	139746684	139757834	exon	GBM recurrent
chr7:139801751|139810984	chr7	139801751	139810984	exon	GBM recurrent
chr7:140055468|140080190	chr7	140055468	140080190	exon	GBM recurrent
chr7:140481376|140494267	chr7	140481376	140494267	exon	GBM recurrent
chr7:142988633|142989791	chr7	142988633	142989791	exon	GBM recurrent
chr7:146471363|146536996	chr7	146471363	146536996	exon	GBM recurrent
chr7:148543562|148544397	chr7	148543562	148544397	exon	GBM recurrent
chr7:148771478|148777809	chr7	148771478	148777809	exon	GBM recurrent
chr7:148809229|148815440	chr7	148809229	148815440	exon	GBM recurrent
chr7:151174419|151195266	chr7	151174419	151195266	exon	GBM recurrent
chr7:151960101|151962294	chr7	151960101	151962294	exon	GBM recurrent
chr7:151960101|151970952	chr7	151960101	151970952	exon	GBM recurrent
chr7:151970790|152012423	chr7	151970790	152012423	exon	GBM recurrent
chr7:156549087|156556489	chr7	156549087	156556489	exon	GBM recurrent
chr7:156758964|156759786	chr7	156758964	156759786	exon	GBM recurrent
chr7:156994415|157024021	chr7	156994415	157024021	exon	GBM recurrent
chr7:157000092|157009665	chr7	157000092	157009665	exon	GBM recurrent
chr7:157015948|157018233	chr7	157015948	157018233	exon	GBM recurrent
chr7:158566032|158591763	chr7	158566032	158591763	exon	GBM recurrent
chr7:158694430|158698782	chr7	158694430	158698782	exon	GBM recurrent
chr7:158704241|158711560	chr7	158704241	158711560	exon	GBM recurrent
chr7:158813176|158814488	chr7	158813176	158814488	exon	GBM recurrent
chr8:6590082|6605349	chr8	6590082	6605349	exon	GBM recurrent
chr8:10065343|10102733	chr8	10065343	10102733	exon	GBM recurrent
chr8:11666303|11696082	chr8	11666303	11696082	exon	GBM recurrent
chr8:17092225|17094882	chr8	17092225	17094882	exon	GBM recurrent
chr8:17198872|17230749	chr8	17198872	17230749	exon	GBM recurrent
chr8:18430038|18432795	chr8	18430038	18432795	exon	GBM recurrent
chr8:18622959|18662408	chr8	18622959	18662408	exon	GBM recurrent
chr8:18622959|18712892	chr8	18622959	18712892	intron	GBM recurrent
chr8:19683937|19694671	chr8	19683937	19694671	exon	GBM recurrent
chr8:21826994|21832285	chr8	21826994	21832285	exon	GBM recurrent
chr8:27605594|27619975	chr8	27605594	27619975	exon	GBM recurrent
chr8:28837588|28876430	chr8	28837588	28876430	exon	GBM recurrent
chr8:28866589|28876430	chr8	28866589	28876430	exon	GBM recurrent
chr8:30643727|30657271	chr8	30643727	30657271	exon	GBM recurrent
chr8:30938383|30958471	chr8	30938383	30958471	exon	GBM recurrent
chr8:31873764|31887001	chr8	31873764	31887001	intron	GBM recurrent
chr8:33991107|34042423	chr8	33991107	34042423	intergenic_region	GBM recurrent
chr8:38105231|38111236	chr8	38105231	38111236	exon	GBM recurrent
chr8:38994176|39027516	chr8	38994176	39027516	exon	GBM recurrent
chr8:42202471|42214910	chr8	42202471	42214910	exon	GBM recurrent
chr8:42259306|42260979	chr8	42259306	42260979	exon	GBM recurrent
chr8:42317414|42323435	chr8	42317414	42323435	exon	GBM recurrent
chr8:42317414|42330172	chr8	42317414	42330172	exon	GBM recurrent
chr8:42716888|42720632	chr8	42716888	42720632	exon	GBM recurrent
chr8:42716888|42729149	chr8	42716888	42729149	exon	GBM recurrent
chr8:42716888|42743014	chr8	42716888	42743014	exon	GBM recurrent
chr8:42862990|42868543	chr8	42862990	42868543	exon	GBM recurrent
chr8:48320423|48353104	chr8	48320423	48353104	exon	GBM recurrent
chr8:48765234|48767934	chr8	48765234	48767934	exon	GBM recurrent
chr8:51314770|51363289	chr8	51314770	51363289	exon	GBM recurrent
chr8:51351103|51415440	chr8	51351103	51415440	exon	GBM recurrent
chr8:51415338|51449368	chr8	51415338	51449368	exon	GBM recurrent
chr8:51415338|51465739	chr8	51415338	51465739	exon	GBM recurrent
chr8:51442737|51449368	chr8	51442737	51449368	exon	GBM recurrent
chr8:51449238|51503477	chr8	51449238	51503477	exon	GBM recurrent
chr8:51617160|51664671	chr8	51617160	51664671	exon	GBM recurrent
chr8:52758221|52773806	chr8	52758221	52773806	exon	GBM recurrent
chr8:56698278|56708711	chr8	56698278	56708711	exon	GBM recurrent
chr8:59535779|59555632	chr8	59535779	59555632	exon	GBM recurrent
chr8:61797557|61813052	chr8	61797557	61813052	intergenic_region	GBM recurrent
chr8:62438536|62468581	chr8	62438536	62468581	exon	GBM recurrent
chr8:62489331|62546286	chr8	62489331	62546286	exon	GBM recurrent
chr8:62531537|62559437	chr8	62531537	62559437	exon	GBM recurrent
chr8:63831012|63878129	chr8	63831012	63878129	exon	GBM recurrent
chr8:66534498|66539668	chr8	66534498	66539668	exon	GBM recurrent
chr8:66657642|66695078	chr8	66657642	66695078	exon	GBM recurrent
chr8:67383665|67386173	chr8	67383665	67386173	exon	GBM recurrent
chr8:68007528|68024300	chr8	68007528	68024300	exon	GBM recurrent
chr8:68044186|68049838	chr8	68044186	68049838	exon	GBM recurrent
chr8:68178241|68189692	chr8	68178241	68189692	exon	GBM recurrent
chr8:69046294|69058587	chr8	69046294	69058587	exon	GBM recurrent
chr8:70650275|70674110	chr8	70650275	70674110	exon	GBM recurrent
chr8:70667659|70674110	chr8	70667659	70674110	exon	GBM recurrent
chr8:71495399|71496028	chr8	71495399	71496028	exon	GBM recurrent
chr8:71495399|71510490	chr8	71495399	71510490	exon	GBM recurrent
chr8:71506741|71510490	chr8	71506741	71510490	exon	GBM recurrent
chr8:71587053|71619388	chr8	71587053	71619388	exon	GBM recurrent
chr8:72156838|72184132	chr8	72156838	72184132	exon	GBM recurrent
chr8:72156838|72229924	chr8	72156838	72229924	exon	GBM recurrent
chr8:72181975|72211955	chr8	72181975	72211955	exon	GBM recurrent
chr8:72181975|72246409	chr8	72181975	72246409	exon	GBM recurrent
chr8:72211282|72211955	chr8	72211282	72211955	exon	GBM recurrent
chr8:72229787|72246409	chr8	72229787	72246409	exon	GBM recurrent
chr8:76393641|76402443	chr8	76393641	76402443	intron	GBM recurrent
chr8:82626153|82630459	chr8	82626153	82630459	exon	GBM recurrent
chr8:86193459|86193868	chr8	86193459	86193868	exon	GBM recurrent
chr8:87497101|87519341	chr8	87497101	87519341	exon	GBM recurrent
chr8:89036866|89039641	chr8	89036866	89039641	intergenic_region	GBM recurrent
chr8:89068356|89086971	chr8	89068356	89086971	exon	GBM recurrent
chr8:89068356|89131090	chr8	89068356	89131090	exon	GBM recurrent
chr8:89179898|89198827	chr8	89179898	89198827	exon	GBM recurrent
chr8:89837893|89863729	chr8	89837893	89863729	exon	GBM recurrent
chr8:92030618|92036594	chr8	92030618	92036594	exon	GBM recurrent
chr8:95390408|95423543	chr8	95390408	95423543	exon	GBM recurrent
chr8:95839491|95844402	chr8	95839491	95844402	exon	GBM recurrent
chr8:95970223|95993201	chr8	95970223	95993201	exon	GBM recurrent
chr8:97256147|97270928	chr8	97256147	97270928	exon	GBM recurrent
chr8:97318672|97343323	chr8	97318672	97343323	exon	GBM recurrent
chr8:99538970|99608397	chr8	99538970	99608397	exon	GBM recurrent
chr8:100443765|100479862	chr8	100443765	100479862	exon	GBM recurrent
chr8:100515064|100523740	chr8	100515064	100523740	exon	GBM recurrent
chr8:100533127|100568881	chr8	100533127	100568881	exon	GBM recurrent
chr8:104442840|104449535	chr8	104442840	104449535	intron	GBM recurrent
chr8:104664433|104709524	chr8	104664433	104709524	intron	GBM recurrent
chr8:104709314|104709524	chr8	104709314	104709524	exon	GBM recurrent
chr8:104922362|105001649	chr8	104922362	105001649	exon	GBM recurrent
chr8:113277640|113331179	chr8	113277640	113331179	exon	GBM recurrent
chr8:113960019|113988377	chr8	113960019	113988377	exon	GBM recurrent
chr8:119708266|119738306	chr8	119708266	119738306	intron	GBM recurrent
chr8:120768246|120803699	chr8	120768246	120803699	exon	GBM recurrent
chr8:120795621|120803699	chr8	120795621	120803699	exon	GBM recurrent
chr8:120818523|120843961	chr8	120818523	120843961	exon	GBM recurrent
chr8:121426230|121444363	chr8	121426230	121444363	exon	GBM recurrent
chr8:124089351|124117704	chr8	124089351	124117704	exon	GBM recurrent
chr8:124089351|124125357	chr8	124089351	124125357	intron	GBM recurrent
chr8:124243540|124251384	chr8	124243540	124251384	exon	GBM recurrent
chr8:124346118|124348772	chr8	124346118	124348772	exon	GBM recurrent
chr8:125575023|125597402	chr8	125575023	125597402	exon	GBM recurrent
chr8:125597328|125603476	chr8	125597328	125603476	exon	GBM recurrent
chr8:125987848|125990332	chr8	125987848	125990332	exon	GBM recurrent
chr8:126021213|126021585	chr8	126021213	126021585	exon	GBM recurrent
chr8:126369461|126370060	chr8	126369461	126370060	exon	GBM recurrent
chr8:128867409|128903244	chr8	128867409	128903244	exon	GBM recurrent
chr8:128994606|129022690	chr8	128994606	129022690	intron	GBM recurrent
chr8:129001408|129022690	chr8	129001408	129022690	exon	GBM recurrent
chr8:130915558|130924761	chr8	130915558	130924761	exon	GBM recurrent
chr8:131070200|131073315	chr8	131070200	131073315	exon	GBM recurrent
chr8:131104219|131193126	chr8	131104219	131193126	exon	GBM recurrent
chr8:131164982|131200429	chr8	131164982	131200429	exon	GBM recurrent
chr8:131172110|131181313	chr8	131172110	131181313	exon	GBM recurrent
chr8:131172110|131193126	chr8	131172110	131193126	exon	GBM recurrent
chr8:131226802|131249240	chr8	131226802	131249240	exon	GBM recurrent
chr8:131226802|131374017	chr8	131226802	131374017	exon	GBM recurrent
chr8:131863210|131871410	chr8	131863210	131871410	intron	GBM recurrent
chr8:131863210|131919866	chr8	131863210	131919866	intron	GBM recurrent
chr8:131919161|131955674	chr8	131919161	131955674	intron	GBM recurrent
chr8:133622412|133673873	chr8	133622412	133673873	exon	GBM recurrent
chr8:136539193|136569830	chr8	136539193	136569830	intron	GBM recurrent
chr8:136554897|136561143	chr8	136554897	136561143	exon	GBM recurrent
chr8:136554897|136569830	chr8	136554897	136569830	exon	GBM recurrent
chr8:136569691|136619280	chr8	136569691	136619280	exon	GBM recurrent
chr8:136619198|136660841	chr8	136619198	136660841	exon	GBM recurrent
chr8:141285757|141301177	chr8	141285757	141301177	exon	GBM recurrent
chr8:141710990|141716304	chr8	141710990	141716304	exon	GBM recurrent
chr8:141712669|141716304	chr8	141712669	141716304	exon	GBM recurrent
chr8:141799573|141829119	chr8	141799573	141829119	exon	GBM recurrent
chr8:141799573|141856777	chr8	141799573	141856777	exon	GBM recurrent
chr8:141828376|141889736	chr8	141828376	141889736	exon	GBM recurrent
chr8:141871323|141900868	chr8	141871323	141900868	intron	GBM recurrent
chr9:507263|507484	chr9	507263	507484	exon	GBM recurrent
chr9:1217114|1217676	chr9	1217114	1217676	intergenic_region	GBM recurrent
chr9:2777873|2782846	chr9	2777873	2782846	intron	GBM recurrent
chr9:2943565|2948282	chr9	2943565	2948282	exon	GBM recurrent
chr9:3484974|3490345	chr9	3484974	3490345	intron	GBM recurrent
chr9:4117768|4125941	chr9	4117768	4125941	exon	GBM recurrent
chr9:4823548|4827033	chr9	4823548	4827033	exon	GBM recurrent
chr9:4823548|4833228	chr9	4823548	4833228	exon	GBM recurrent
chr9:4823548|4860901	chr9	4823548	4860901	exon	GBM recurrent
chr9:5787061|5914062	chr9	5787061	5914062	intergenic_region	GBM recurrent
chr9:6460573|6465846	chr9	6460573	6465846	intron	GBM recurrent
chr9:8517848|8528779	chr9	8517848	8528779	exon	GBM recurrent
chr9:13205035|13250371	chr9	13205035	13250371	exon	GBM recurrent
chr9:14146688|14155892	chr9	14146688	14155892	exon	GBM recurrent
chr9:15210086|15226010	chr9	15210086	15226010	exon	GBM recurrent
chr9:17330630|17342442	chr9	17330630	17342442	exon	GBM recurrent
chr9:18336330|18362180	chr9	18336330	18362180	intron	GBM recurrent
chr9:18336330|18382644	chr9	18336330	18382644	intron	GBM recurrent
chr9:19288594|19316837	chr9	19288594	19316837	exon	GBM recurrent
chr9:19356970|19358158	chr9	19356970	19358158	exon	GBM recurrent
chr9:19423860|19424839	chr9	19423860	19424839	exon	GBM recurrent
chr9:19423860|19435082	chr9	19423860	19435082	exon	GBM recurrent
chr9:20715321|20740339	chr9	20715321	20740339	exon	GBM recurrent
chr9:20923659|20933131	chr9	20923659	20933131	intron	GBM recurrent
chr9:22046750|22097363	chr9	22046750	22097363	exon	GBM recurrent
chr9:22046750|22127401	chr9	22046750	22127401	exon	GBM recurrent
chr9:23762004|23765097	chr9	23762004	23765097	exon	GBM recurrent
chr9:26424107|26569673	chr9	26424107	26569673	intergenic_region	GBM recurrent
chr9:27008993|27060649	chr9	27008993	27060649	intron	GBM recurrent
chr9:27009018|27029102	chr9	27009018	27029102	exon	GBM recurrent
chr9:27009018|27048272	chr9	27009018	27048272	exon	GBM recurrent
chr9:33036572|33037113	chr9	33036572	33037113	exon	GBM recurrent
chr9:33886879|33900269	chr9	33886879	33900269	exon	GBM recurrent
chr9:33886879|33912096	chr9	33886879	33912096	exon	GBM recurrent
chr9:33935837|33941860	chr9	33935837	33941860	exon	GBM recurrent
chr9:33944363|33948585	chr9	33944363	33948585	exon	GBM recurrent
chr9:33948372|33963789	chr9	33948372	33963789	exon	GBM recurrent
chr9:33953283|33973235	chr9	33953283	33973235	exon	GBM recurrent
chr9:33956077|33973235	chr9	33956077	33973235	exon	GBM recurrent
chr9:33956856|33963789	chr9	33956856	33963789	intron	GBM recurrent
chr9:33971649|34017187	chr9	33971649	34017187	exon	GBM recurrent
chr9:34096714|34098515	chr9	34096714	34098515	exon	GBM recurrent
chr9:34269255|34271928	chr9	34269255	34271928	exon	GBM recurrent
chr9:34286615|34290387	chr9	34286615	34290387	exon	GBM recurrent
chr9:34338711|34339164	chr9	34338711	34339164	exon	GBM recurrent
chr9:34416835|34424793	chr9	34416835	34424793	intron	GBM recurrent
chr9:36597219|36643080	chr9	36597219	36643080	exon	GBM recurrent
chr9:37126309|37126939	chr9	37126309	37126939	exon	GBM recurrent
chr9:37126309|37305711	chr9	37126309	37305711	exon	GBM recurrent
chr9:71661301|71668176	chr9	71661301	71668176	exon	GBM recurrent
chr9:72347055|72365866	chr9	72347055	72365866	exon	GBM recurrent
chr9:74489530|74489999	chr9	74489530	74489999	exon	GBM recurrent
chr9:77611363|77632364	chr9	77611363	77632364	exon	GBM recurrent
chr9:80409379|80537261	chr9	80409379	80537261	exon	GBM recurrent
chr9:80708567|80709341	chr9	80708567	80709341	intergenic_region	GBM recurrent
chr9:82227571|82268990	chr9	82227571	82268990	exon	GBM recurrent
chr9:86279945|86292876	chr9	86279945	86292876	exon	GBM recurrent
chr9:86292642|86301070	chr9	86292642	86301070	exon	GBM recurrent
chr9:86293356|86297981	chr9	86293356	86297981	exon	GBM recurrent
chr9:86297866|86301070	chr9	86297866	86301070	exon	GBM recurrent
chr9:87549077|87570432	chr9	87549077	87570432	exon	GBM recurrent
chr9:88211277|88261333	chr9	88211277	88261333	exon	GBM recurrent
chr9:88574708|88611492	chr9	88574708	88611492	exon	GBM recurrent
chr9:88648197|88661487	chr9	88648197	88661487	exon	GBM recurrent
chr9:95030456|95032265	chr9	95030456	95032265	exon	GBM recurrent
chr9:96197783|96203655	chr9	96197783	96203655	exon	GBM recurrent
chr9:97041040|97055351	chr9	97041040	97055351	exon	GBM recurrent
chr9:97686268|97690813	chr9	97686268	97690813	exon	GBM recurrent
chr9:97686268|97718297	chr9	97686268	97718297	exon	GBM recurrent
chr9:97717459|97730083	chr9	97717459	97730083	exon	GBM recurrent
chr9:99220661|99246915	chr9	99220661	99246915	exon	GBM recurrent
chr9:100756913|100760960	chr9	100756913	100760960	exon	GBM recurrent
chr9:101147922|101168423	chr9	101147922	101168423	exon	GBM recurrent
chr9:101235428|101258796	chr9	101235428	101258796	exon	GBM recurrent
chr9:102814699|102822454	chr9	102814699	102822454	exon	GBM recurrent
chr9:103261047|103323802	chr9	103261047	103323802	exon	GBM recurrent
chr9:107513237|107521452	chr9	107513237	107521452	exon	GBM recurrent
chr9:108467878|108510471	chr9	108467878	108510471	exon	GBM recurrent
chr9:109734286|109765707	chr9	109734286	109765707	exon	GBM recurrent
chr9:111819471|111826847	chr9	111819471	111826847	exon	GBM recurrent
chr9:111819471|111835718	chr9	111819471	111835718	exon	GBM recurrent
chr9:111843119|111870850	chr9	111843119	111870850	exon	GBM recurrent
chr9:114842354|114860942	chr9	114842354	114860942	exon	GBM recurrent
chr9:114886537|114905903	chr9	114886537	114905903	exon	GBM recurrent
chr9:114904600|114919893	chr9	114904600	114919893	exon	GBM recurrent
chr9:114905751|114905903	chr9	114905751	114905903	exon	GBM recurrent
chr9:115024715|115060196	chr9	115024715	115060196	exon	GBM recurrent
chr9:115030329|115060196	chr9	115030329	115060196	exon	GBM recurrent
chr9:115407930|115423293	chr9	115407930	115423293	exon	GBM recurrent
chr9:116018394|116019465	chr9	116018394	116019465	exon	GBM recurrent
chr9:117396048|117401006	chr9	117396048	117401006	exon	GBM recurrent
chr9:119380603|119382722	chr9	119380603	119382722	exon	GBM recurrent
chr9:122000933|122011428	chr9	122000933	122011428	exon	GBM recurrent
chr9:122075416|122075683	chr9	122075416	122075683	exon	GBM recurrent
chr9:124622616|124737258	chr9	124622616	124737258	exon	GBM recurrent
chr9:125042722|125054119	chr9	125042722	125054119	exon	GBM recurrent
chr9:125047448|125048445	chr9	125047448	125048445	exon	GBM recurrent
chr9:125616231|125618157	chr9	125616231	125618157	exon	GBM recurrent
chr9:125639750|125645658	chr9	125639750	125645658	exon	GBM recurrent
chr9:125832629|125839041	chr9	125832629	125839041	exon	GBM recurrent
chr9:126519982|126554909	chr9	126519982	126554909	exon	GBM recurrent
chr9:127660828|127674305	chr9	127660828	127674305	exon	GBM recurrent
chr9:128677965|128697886	chr9	128677965	128697886	exon	GBM recurrent
chr9:128691934|128697886	chr9	128691934	128697886	exon	GBM recurrent
chr9:129102787|129148937	chr9	129102787	129148937	exon	GBM recurrent
chr9:129143343|129157976	chr9	129143343	129157976	exon	GBM recurrent
chr9:131285559|131286125	chr9	131285559	131286125	exon	GBM recurrent
chr9:131565529|131566398	chr9	131565529	131566398	exon	GBM recurrent
chr9:132662244|132671278	chr9	132662244	132671278	exon	GBM recurrent
chr9:132719639|132720832	chr9	132719639	132720832	exon	GBM recurrent
chr9:132841909|132854660	chr9	132841909	132854660	exon	GBM recurrent
chr9:132848699|132854660	chr9	132848699	132854660	exon	GBM recurrent
chr9:135150643|135187243	chr9	135150643	135187243	exon	GBM recurrent
chr9:135218077|135224822	chr9	135218077	135224822	exon	GBM recurrent
chr9:138741983|138742307	chr9	138741983	138742307	exon	GBM recurrent
chr9:138754313|138774924	chr9	138754313	138774924	exon	GBM recurrent
chr9:139310743|139318129	chr9	139310743	139318129	exon	GBM recurrent
chr9:140685300|140712590	chr9	140685300	140712590	exon	GBM recurrent
chr9:140846726|140852139	chr9	140846726	140852139	exon	GBM recurrent
chrX:3735586|3747433	chrX	3735586	3747433	exon	GBM recurrent
chrX:16870169|16871965	chrX	16870169	16871965	exon	GBM recurrent
chrX:17151947|17157084	chrX	17151947	17157084	exon	GBM recurrent
chrX:19475031|19482524	chrX	19475031	19482524	exon	GBM recurrent
chrX:19947903|19954016	chrX	19947903	19954016	exon	GBM recurrent
chrX:21869627|21871621	chrX	21869627	21871621	exon	GBM recurrent
chrX:26895069|26905956	chrX	26895069	26905956	intergenic_region	GBM recurrent
chrX:41495831|41530783	chrX	41495831	41530783	exon	GBM recurrent
chrX:44870206|44896934	chrX	44870206	44896934	exon	GBM recurrent
chrX:47102795|47104881	chrX	47102795	47104881	exon	GBM recurrent
chrX:47269675|47273090	chrX	47269675	47273090	exon	GBM recurrent
chrX:47705504|47755339	chrX	47705504	47755339	exon	GBM recurrent
chrX:51895353|51897908	chrX	51895353	51897908	intergenic_region	GBM recurrent
chrX:53641495|53644407	chrX	53641495	53644407	exon	GBM recurrent
chrX:53672263|53707139	chrX	53672263	53707139	exon	GBM recurrent
chrX:54662668|54662860	chrX	54662668	54662860	intergenic_region	GBM recurrent
chrX:62857930|62926329	chrX	62857930	62926329	exon	GBM recurrent
chrX:62885766|62917184	chrX	62885766	62917184	exon	GBM recurrent
chrX:64295354|64295792	chrX	64295354	64295792	intergenic_region	GBM recurrent
chrX:64295354|64333693	chrX	64295354	64333693	intergenic_region	GBM recurrent
chrX:64572753|64588878	chrX	64572753	64588878	intergenic_region	GBM recurrent
chrX:67292994|67339174	chrX	67292994	67339174	exon	GBM recurrent
chrX:67301543|67414340	chrX	67301543	67414340	intron	GBM recurrent
chrX:67301543|67426515	chrX	67301543	67426515	intron	GBM recurrent
chrX:67316712|67333081	chrX	67316712	67333081	exon	GBM recurrent
chrX:67316712|67339174	chrX	67316712	67339174	exon	GBM recurrent
chrX:67412761|67421552	chrX	67412761	67421552	exon	GBM recurrent
chrX:70641159|70644088	chrX	70641159	70644088	exon	GBM recurrent
chrX:71681854|71684581	chrX	71681854	71684581	exon	GBM recurrent
chrX:71681854|71793574	chrX	71681854	71793574	intergenic_region	GBM recurrent
chrX:74670637|74725682	chrX	74670637	74725682	exon	GBM recurrent
chrX:74965453|74965904	chrX	74965453	74965904	exon	GBM recurrent
chrX:76918871|76920267	chrX	76918871	76920267	exon	GBM recurrent
chrX:77126305|77131094	chrX	77126305	77131094	exon	GBM recurrent
chrX:77243738|77258733	chrX	77243738	77258733	exon	GBM recurrent
chrX:77264599|77275895	chrX	77264599	77275895	exon	GBM recurrent
chrX:80064512|80064803	chrX	80064512	80064803	exon	GBM recurrent
chrX:90669903|90673866	chrX	90669903	90673866	exon	GBM recurrent
chrX:91131780|91134272	chrX	91131780	91134272	exon	GBM recurrent
chrX:102071920|102120080	chrX	102071920	102120080	exon	GBM recurrent
chrX:102100785|102160665	chrX	102100785	102160665	intergenic_region	GBM recurrent
chrX:102119970|102160665	chrX	102119970	102160665	intergenic_region	GBM recurrent
chrX:106331666|106332069	chrX	106331666	106332069	exon	GBM recurrent
chrX:110385324|110406955	chrX	110385324	110406955	exon	GBM recurrent
chrX:110406143|110416309	chrX	110406143	110416309	exon	GBM recurrent
chrX:114357090|114384633	chrX	114357090	114384633	exon	GBM recurrent
chrX:117788565|117788924	chrX	117788565	117788924	exon	GBM recurrent
chrX:120224253|120298011	chrX	120224253	120298011	intergenic_region	GBM recurrent
chrX:123022469|123034543	chrX	123022469	123034543	exon	GBM recurrent
chrX:130845679|130919286	chrX	130845679	130919286	exon	GBM recurrent
chrX:130877124|130928494	chrX	130877124	130928494	exon	GBM recurrent
chrX:130883334|130919286	chrX	130883334	130919286	exon	GBM recurrent
chrX:130889626|130919286	chrX	130889626	130919286	exon	GBM recurrent
chrX:130902577|130919286	chrX	130902577	130919286	exon	GBM recurrent
chrX:133607389|133632714	chrX	133607389	133632714	exon	GBM recurrent
chrX:134679348|134683730	chrX	134679348	134683730	exon	GBM recurrent
chrX:140803164|140933868	chrX	140803164	140933868	intergenic_region	GBM recurrent
chrX:149761067|149787612	chrX	149761067	149787612	exon	GBM recurrent
chrX:154645236|154649223	chrX	154645236	154649223	intergenic_region	GBM recurrent
chrY:4924930|4968748	chrY	4924930	4968748	exon	GBM recurrent
chrY:15021271|15024974	chrY	15021271	15024974	exon	GBM recurrent
chrY:16733889|16835149	chrY	16733889	16835149	exon	GBM recurrent
chrY:16831339|16835149	chrY	16831339	16835149	exon	GBM recurrent
chrY:21074254|21095361	chrY	21074254	21095361	intron	GBM recurrent
chrY:21094629|21095361	chrY	21094629	21095361	intron	GBM recurrent
